design	model	fold	sample_id	gsm	true_label	predicted_label	prob_positive
SRR-level repeated CV	Logistic regression (L2)	1	SRR14762238	GSM5364333	0	0.0	0.27020869917919654
SRR-level repeated CV	Logistic regression (L2)	1	SRR14762240	GSM5364334	0	0.0	0.0005329969435971768
SRR-level repeated CV	Logistic regression (L2)	1	SRR14762247	GSM5364337	1	1.0	0.9985106195206646
SRR-level repeated CV	Logistic regression (L2)	2	SRR14762242	GSM5364335	0	0.0	0.003323612773659354
SRR-level repeated CV	Logistic regression (L2)	2	SRR14762244	GSM5364336	0	0.0	0.0019217409148375466
SRR-level repeated CV	Logistic regression (L2)	2	SRR14762252	GSM5364339	1	1.0	0.9989486012614999
SRR-level repeated CV	Logistic regression (L2)	3	SRR14762239	GSM5364333	0	0.0	0.3871712091163386
SRR-level repeated CV	Logistic regression (L2)	3	SRR14762243	GSM5364335	0	0.0	0.0032995166464259195
SRR-level repeated CV	Logistic regression (L2)	3	SRR14762251	GSM5364339	1	1.0	0.9990822535703975
SRR-level repeated CV	Logistic regression (L2)	4	SRR14762245	GSM5364336	0	0.0	0.005323521938737995
SRR-level repeated CV	Logistic regression (L2)	4	SRR14762248	GSM5364338	1	0.0	0.20062949213149722
SRR-level repeated CV	Logistic regression (L2)	4	SRR14762250	GSM5364338	1	0.0	0.17610461161015936
SRR-level repeated CV	Logistic regression (L2)	5	SRR14762241	GSM5364334	0	0.0	0.0008948942068146298
SRR-level repeated CV	Logistic regression (L2)	5	SRR14762246	GSM5364337	1	1.0	0.9993461212241678
SRR-level repeated CV	Logistic regression (L2)	6	SRR14762240	GSM5364334	0	0.0	0.0019424354634924436
SRR-level repeated CV	Logistic regression (L2)	6	SRR14762241	GSM5364334	0	0.0	0.001938213939399422
SRR-level repeated CV	Logistic regression (L2)	6	SRR14762248	GSM5364338	1	1.0	0.9708466602888315
SRR-level repeated CV	Logistic regression (L2)	7	SRR14762242	GSM5364335	0	0.0	0.13872357263302632
SRR-level repeated CV	Logistic regression (L2)	7	SRR14762243	GSM5364335	0	0.0	0.13031719126041388
SRR-level repeated CV	Logistic regression (L2)	7	SRR14762251	GSM5364339	1	1.0	0.999345366814084
SRR-level repeated CV	Logistic regression (L2)	8	SRR14762239	GSM5364333	0	0.0	0.3481920819112171
SRR-level repeated CV	Logistic regression (L2)	8	SRR14762244	GSM5364336	0	0.0	0.0016862088649830707
SRR-level repeated CV	Logistic regression (L2)	8	SRR14762247	GSM5364337	1	1.0	0.9984419841892906
SRR-level repeated CV	Logistic regression (L2)	9	SRR14762238	GSM5364333	0	1.0	0.6875091364625541
SRR-level repeated CV	Logistic regression (L2)	9	SRR14762246	GSM5364337	1	1.0	0.9999147686716346
SRR-level repeated CV	Logistic regression (L2)	9	SRR14762252	GSM5364339	1	1.0	0.9999467019660817
SRR-level repeated CV	Logistic regression (L2)	10	SRR14762245	GSM5364336	0	0.0	0.0040643324953526135
SRR-level repeated CV	Logistic regression (L2)	10	SRR14762250	GSM5364338	1	1.0	0.9772716753620526
SRR-level repeated CV	Logistic regression (L2)	11	SRR14762240	GSM5364334	0	0.0	0.0005732752612852507
SRR-level repeated CV	Logistic regression (L2)	11	SRR14762244	GSM5364336	0	0.0	0.0017540369061278581
SRR-level repeated CV	Logistic regression (L2)	11	SRR14762246	GSM5364337	1	1.0	0.9982123924535743
SRR-level repeated CV	Logistic regression (L2)	12	SRR14762239	GSM5364333	0	0.0	0.18875631820304242
SRR-level repeated CV	Logistic regression (L2)	12	SRR14762245	GSM5364336	0	0.0	0.0023984614481258565
SRR-level repeated CV	Logistic regression (L2)	12	SRR14762248	GSM5364338	1	1.0	0.9894796408497809
SRR-level repeated CV	Logistic regression (L2)	13	SRR14762242	GSM5364335	0	0.0	0.13718554591028276
SRR-level repeated CV	Logistic regression (L2)	13	SRR14762243	GSM5364335	0	0.0	0.13230296641958852
SRR-level repeated CV	Logistic regression (L2)	13	SRR14762252	GSM5364339	1	1.0	0.9992082467817531
SRR-level repeated CV	Logistic regression (L2)	14	SRR14762238	GSM5364333	0	0.0	0.3344262180161425
SRR-level repeated CV	Logistic regression (L2)	14	SRR14762247	GSM5364337	1	1.0	0.9999132170320212
SRR-level repeated CV	Logistic regression (L2)	14	SRR14762250	GSM5364338	1	1.0	0.9972236751507757
SRR-level repeated CV	Logistic regression (L2)	15	SRR14762241	GSM5364334	0	0.0	0.000906271542007112
SRR-level repeated CV	Logistic regression (L2)	15	SRR14762251	GSM5364339	1	1.0	0.9996952515370637
SRR-level repeated CV	Logistic regression (L2)	16	SRR14762238	GSM5364333	0	1.0	0.9997751672937448
SRR-level repeated CV	Logistic regression (L2)	16	SRR14762239	GSM5364333	0	1.0	0.999757122107768
SRR-level repeated CV	Logistic regression (L2)	16	SRR14762252	GSM5364339	1	1.0	0.9992281682328995
SRR-level repeated CV	Logistic regression (L2)	17	SRR14762242	GSM5364335	0	0.0	0.003775711127059769
SRR-level repeated CV	Logistic regression (L2)	17	SRR14762245	GSM5364336	0	0.0	0.00301295406742403
SRR-level repeated CV	Logistic regression (L2)	17	SRR14762246	GSM5364337	1	1.0	0.9981640730136909
SRR-level repeated CV	Logistic regression (L2)	18	SRR14762240	GSM5364334	0	0.0	0.0005987815974003602
SRR-level repeated CV	Logistic regression (L2)	18	SRR14762243	GSM5364335	0	0.0	0.003093837584542333
SRR-level repeated CV	Logistic regression (L2)	18	SRR14762251	GSM5364339	1	1.0	0.9990678150461432
SRR-level repeated CV	Logistic regression (L2)	19	SRR14762241	GSM5364334	0	0.0	0.001309907546154259
SRR-level repeated CV	Logistic regression (L2)	19	SRR14762247	GSM5364337	1	1.0	0.9998825635610584
SRR-level repeated CV	Logistic regression (L2)	19	SRR14762248	GSM5364338	1	1.0	0.9934345889917525
SRR-level repeated CV	Logistic regression (L2)	20	SRR14762244	GSM5364336	0	0.0	0.0025532748161924607
SRR-level repeated CV	Logistic regression (L2)	20	SRR14762250	GSM5364338	1	1.0	0.9768195126634325
SRR-level repeated CV	Logistic regression (L2)	21	SRR14762243	GSM5364335	0	0.0	0.0033044243986468437
SRR-level repeated CV	Logistic regression (L2)	21	SRR14762244	GSM5364336	0	0.0	0.0020225035083931047
SRR-level repeated CV	Logistic regression (L2)	21	SRR14762251	GSM5364339	1	1.0	0.9990703477205133
SRR-level repeated CV	Logistic regression (L2)	22	SRR14762239	GSM5364333	0	0.0	0.40219609028218745
SRR-level repeated CV	Logistic regression (L2)	22	SRR14762242	GSM5364335	0	0.0	0.004005107900637457
SRR-level repeated CV	Logistic regression (L2)	22	SRR14762252	GSM5364339	1	1.0	0.9989359315741696
SRR-level repeated CV	Logistic regression (L2)	23	SRR14762240	GSM5364334	0	0.0	0.0006677034685593853
SRR-level repeated CV	Logistic regression (L2)	23	SRR14762245	GSM5364336	0	0.0	0.002806228397101409
SRR-level repeated CV	Logistic regression (L2)	23	SRR14762246	GSM5364337	1	1.0	0.9981921288106519
SRR-level repeated CV	Logistic regression (L2)	24	SRR14762241	GSM5364334	0	0.0	0.001309907546154259
SRR-level repeated CV	Logistic regression (L2)	24	SRR14762247	GSM5364337	1	1.0	0.9998825635610584
SRR-level repeated CV	Logistic regression (L2)	24	SRR14762248	GSM5364338	1	1.0	0.9934345889917525
SRR-level repeated CV	Logistic regression (L2)	25	SRR14762238	GSM5364333	0	0.0	0.22780571886631912
SRR-level repeated CV	Logistic regression (L2)	25	SRR14762250	GSM5364338	1	1.0	0.9913210557926476
SRR-level repeated CV	Logistic regression (L2)	26	SRR14762238	GSM5364333	0	0.0	0.3068237689545877
SRR-level repeated CV	Logistic regression (L2)	26	SRR14762241	GSM5364334	0	0.0	0.0006738797150310534
SRR-level repeated CV	Logistic regression (L2)	26	SRR14762251	GSM5364339	1	1.0	0.9990014305573107
SRR-level repeated CV	Logistic regression (L2)	27	SRR14762240	GSM5364334	0	0.0	0.0007349697022495106
SRR-level repeated CV	Logistic regression (L2)	27	SRR14762245	GSM5364336	0	0.0	0.0029073014203594614
SRR-level repeated CV	Logistic regression (L2)	27	SRR14762248	GSM5364338	1	1.0	0.9696987253713825
SRR-level repeated CV	Logistic regression (L2)	28	SRR14762239	GSM5364333	0	0.0	0.3791740153026885
SRR-level repeated CV	Logistic regression (L2)	28	SRR14762242	GSM5364335	0	0.0	0.004001428766188421
SRR-level repeated CV	Logistic regression (L2)	28	SRR14762247	GSM5364337	1	1.0	0.9985381210905814
SRR-level repeated CV	Logistic regression (L2)	29	SRR14762243	GSM5364335	0	0.0	0.006579086711028671
SRR-level repeated CV	Logistic regression (L2)	29	SRR14762246	GSM5364337	1	1.0	0.9998847362264036
SRR-level repeated CV	Logistic regression (L2)	29	SRR14762250	GSM5364338	1	1.0	0.9913866830654549
SRR-level repeated CV	Logistic regression (L2)	30	SRR14762244	GSM5364336	0	0.0	0.002575188419393139
SRR-level repeated CV	Logistic regression (L2)	30	SRR14762252	GSM5364339	1	1.0	0.9996573702983506
SRR-level repeated CV	Logistic regression (L2)	31	SRR14762239	GSM5364333	0	0.0	0.3418878229142251
SRR-level repeated CV	Logistic regression (L2)	31	SRR14762244	GSM5364336	0	0.0	0.0016199590484194026
SRR-level repeated CV	Logistic regression (L2)	31	SRR14762246	GSM5364337	1	1.0	0.9986362942838526
SRR-level repeated CV	Logistic regression (L2)	32	SRR14762238	GSM5364333	0	0.0	0.295698670269436
SRR-level repeated CV	Logistic regression (L2)	32	SRR14762245	GSM5364336	0	0.0	0.002324410954473829
SRR-level repeated CV	Logistic regression (L2)	32	SRR14762252	GSM5364339	1	1.0	0.9989912740083201
SRR-level repeated CV	Logistic regression (L2)	33	SRR14762240	GSM5364334	0	0.0	0.0006081876147914419
SRR-level repeated CV	Logistic regression (L2)	33	SRR14762243	GSM5364335	0	0.0	0.0032561723073600258
SRR-level repeated CV	Logistic regression (L2)	33	SRR14762247	GSM5364337	1	1.0	0.9980463601273956
SRR-level repeated CV	Logistic regression (L2)	34	SRR14762242	GSM5364335	0	0.0	0.004323866115315099
SRR-level repeated CV	Logistic regression (L2)	34	SRR14762248	GSM5364338	1	0.0	0.21522595621995902
SRR-level repeated CV	Logistic regression (L2)	34	SRR14762250	GSM5364338	1	0.0	0.19500114731514967
SRR-level repeated CV	Logistic regression (L2)	35	SRR14762241	GSM5364334	0	0.0	0.000906271542007112
SRR-level repeated CV	Logistic regression (L2)	35	SRR14762251	GSM5364339	1	1.0	0.9996952515370637
SRR-level repeated CV	Logistic regression (L2)	36	SRR14762240	GSM5364334	0	0.0	0.0015909955226684888
SRR-level repeated CV	Logistic regression (L2)	36	SRR14762241	GSM5364334	0	0.0	0.001596624039976596
SRR-level repeated CV	Logistic regression (L2)	36	SRR14762247	GSM5364337	1	1.0	0.9981521637515807
SRR-level repeated CV	Logistic regression (L2)	37	SRR14762239	GSM5364333	0	0.0	0.19206209203313696
SRR-level repeated CV	Logistic regression (L2)	37	SRR14762244	GSM5364336	0	0.0	0.0016677645124543348
SRR-level repeated CV	Logistic regression (L2)	37	SRR14762250	GSM5364338	1	1.0	0.9863812109024092
SRR-level repeated CV	Logistic regression (L2)	38	SRR14762238	GSM5364333	0	0.0	0.14530919122436467
SRR-level repeated CV	Logistic regression (L2)	38	SRR14762245	GSM5364336	0	0.0	0.002416919373855005
SRR-level repeated CV	Logistic regression (L2)	38	SRR14762248	GSM5364338	1	1.0	0.9886471122375976
SRR-level repeated CV	Logistic regression (L2)	39	SRR14762242	GSM5364335	0	0.0	0.00857245438031327
SRR-level repeated CV	Logistic regression (L2)	39	SRR14762246	GSM5364337	1	1.0	0.9999099429076512
SRR-level repeated CV	Logistic regression (L2)	39	SRR14762252	GSM5364339	1	1.0	0.9999594528254013
SRR-level repeated CV	Logistic regression (L2)	40	SRR14762243	GSM5364335	0	0.0	0.004520142429029994
SRR-level repeated CV	Logistic regression (L2)	40	SRR14762251	GSM5364339	1	1.0	0.9997034617765922
SRR-level repeated CV	Logistic regression (L2)	41	SRR14762243	GSM5364335	0	0.0	0.0030707047096406133
SRR-level repeated CV	Logistic regression (L2)	41	SRR14762244	GSM5364336	0	0.0	0.001965890737824921
SRR-level repeated CV	Logistic regression (L2)	41	SRR14762250	GSM5364338	1	1.0	0.963977217769566
SRR-level repeated CV	Logistic regression (L2)	42	SRR14762239	GSM5364333	0	0.0	0.37021920930880736
SRR-level repeated CV	Logistic regression (L2)	42	SRR14762242	GSM5364335	0	0.0	0.004239353946208935
SRR-level repeated CV	Logistic regression (L2)	42	SRR14762246	GSM5364337	1	1.0	0.9986096782367955
SRR-level repeated CV	Logistic regression (L2)	43	SRR14762240	GSM5364334	0	0.0	0.0015909955226684888
SRR-level repeated CV	Logistic regression (L2)	43	SRR14762241	GSM5364334	0	0.0	0.001596624039976596
SRR-level repeated CV	Logistic regression (L2)	43	SRR14762247	GSM5364337	1	1.0	0.9981521637515807
SRR-level repeated CV	Logistic regression (L2)	44	SRR14762238	GSM5364333	0	0.0	0.3731714960217913
SRR-level repeated CV	Logistic regression (L2)	44	SRR14762248	GSM5364338	1	1.0	0.9977106258220301
SRR-level repeated CV	Logistic regression (L2)	44	SRR14762252	GSM5364339	1	1.0	0.9999362191319014
SRR-level repeated CV	Logistic regression (L2)	45	SRR14762245	GSM5364336	0	0.0	0.0038158826819812623
SRR-level repeated CV	Logistic regression (L2)	45	SRR14762251	GSM5364339	1	1.0	0.9997229081509554
SRR-level repeated CV	Logistic regression (L2)	46	SRR14762239	GSM5364333	0	0.0	0.19181954102891566
SRR-level repeated CV	Logistic regression (L2)	46	SRR14762245	GSM5364336	0	0.0	0.002454705715506209
SRR-level repeated CV	Logistic regression (L2)	46	SRR14762250	GSM5364338	1	1.0	0.9866782888757206
SRR-level repeated CV	Logistic regression (L2)	47	SRR14762242	GSM5364335	0	0.0	0.13638388123696554
SRR-level repeated CV	Logistic regression (L2)	47	SRR14762243	GSM5364335	0	0.0	0.12584848071413418
SRR-level repeated CV	Logistic regression (L2)	47	SRR14762246	GSM5364337	1	1.0	0.9985865509280499
SRR-level repeated CV	Logistic regression (L2)	48	SRR14762238	GSM5364333	0	0.0	0.29422016474332213
SRR-level repeated CV	Logistic regression (L2)	48	SRR14762241	GSM5364334	0	0.0	0.000668867630869437
SRR-level repeated CV	Logistic regression (L2)	48	SRR14762252	GSM5364339	1	1.0	0.998914238187776
SRR-level repeated CV	Logistic regression (L2)	49	SRR14762240	GSM5364334	0	0.0	0.0012521184019692537
SRR-level repeated CV	Logistic regression (L2)	49	SRR14762247	GSM5364337	1	1.0	0.9998821446687424
SRR-level repeated CV	Logistic regression (L2)	49	SRR14762248	GSM5364338	1	1.0	0.993231257458765
SRR-level repeated CV	Logistic regression (L2)	50	SRR14762244	GSM5364336	0	0.0	0.00263963490535373
SRR-level repeated CV	Logistic regression (L2)	50	SRR14762251	GSM5364339	1	1.0	0.9996923953858569
SRR-level repeated CV	Logistic regression (L2)	51	SRR14762242	GSM5364335	0	0.0	0.0032803404482637604
SRR-level repeated CV	Logistic regression (L2)	51	SRR14762245	GSM5364336	0	0.0	0.0031241771706023457
SRR-level repeated CV	Logistic regression (L2)	51	SRR14762250	GSM5364338	1	1.0	0.9661557836126665
SRR-level repeated CV	Logistic regression (L2)	52	SRR14762240	GSM5364334	0	0.0	0.0015859280141498496
SRR-level repeated CV	Logistic regression (L2)	52	SRR14762241	GSM5364334	0	0.0	0.0016539212075584397
SRR-level repeated CV	Logistic regression (L2)	52	SRR14762251	GSM5364339	1	1.0	0.9991401622030948
SRR-level repeated CV	Logistic regression (L2)	53	SRR14762238	GSM5364333	0	1.0	0.9996465437419133
SRR-level repeated CV	Logistic regression (L2)	53	SRR14762239	GSM5364333	0	1.0	0.9996148320670574
SRR-level repeated CV	Logistic regression (L2)	53	SRR14762248	GSM5364338	1	1.0	0.9998638397343131
SRR-level repeated CV	Logistic regression (L2)	54	SRR14762244	GSM5364336	0	0.0	0.00385812051712254
SRR-level repeated CV	Logistic regression (L2)	54	SRR14762246	GSM5364337	1	1.0	0.9999158766634026
SRR-level repeated CV	Logistic regression (L2)	54	SRR14762252	GSM5364339	1	1.0	0.9999608492708656
SRR-level repeated CV	Logistic regression (L2)	55	SRR14762243	GSM5364335	0	0.0	0.0047379298805558375
SRR-level repeated CV	Logistic regression (L2)	55	SRR14762247	GSM5364337	1	1.0	0.9993026487919395
SRR-level repeated CV	Logistic regression (L2)	56	SRR14762239	GSM5364333	0	0.0	0.37279140265097227
SRR-level repeated CV	Logistic regression (L2)	56	SRR14762240	GSM5364334	0	0.0	0.0005668922911283747
SRR-level repeated CV	Logistic regression (L2)	56	SRR14762251	GSM5364339	1	1.0	0.9990608275362989
SRR-level repeated CV	Logistic regression (L2)	57	SRR14762242	GSM5364335	0	0.0	0.13638388123696554
SRR-level repeated CV	Logistic regression (L2)	57	SRR14762243	GSM5364335	0	0.0	0.12584848071413418
SRR-level repeated CV	Logistic regression (L2)	57	SRR14762246	GSM5364337	1	1.0	0.9985865509280499
SRR-level repeated CV	Logistic regression (L2)	58	SRR14762244	GSM5364336	0	0.0	0.036424491901197995
SRR-level repeated CV	Logistic regression (L2)	58	SRR14762245	GSM5364336	0	0.0	0.05351790111200346
SRR-level repeated CV	Logistic regression (L2)	58	SRR14762252	GSM5364339	1	1.0	0.9992187502656483
SRR-level repeated CV	Logistic regression (L2)	59	SRR14762241	GSM5364334	0	0.0	0.001309907546154259
SRR-level repeated CV	Logistic regression (L2)	59	SRR14762247	GSM5364337	1	1.0	0.9998825635610584
SRR-level repeated CV	Logistic regression (L2)	59	SRR14762248	GSM5364338	1	1.0	0.9934345889917525
SRR-level repeated CV	Logistic regression (L2)	60	SRR14762238	GSM5364333	0	0.0	0.22780571886631912
SRR-level repeated CV	Logistic regression (L2)	60	SRR14762250	GSM5364338	1	1.0	0.9913210557926476
SRR-level repeated CV	Logistic regression (L2)	61	SRR14762241	GSM5364334	0	0.0	0.0007376060588684078
SRR-level repeated CV	Logistic regression (L2)	61	SRR14762243	GSM5364335	0	0.0	0.002869970861166372
SRR-level repeated CV	Logistic regression (L2)	61	SRR14762250	GSM5364338	1	1.0	0.9643896078547459
SRR-level repeated CV	Logistic regression (L2)	62	SRR14762238	GSM5364333	0	0.0	0.27523194240033855
SRR-level repeated CV	Logistic regression (L2)	62	SRR14762244	GSM5364336	0	0.0	0.0015637317299304154
SRR-level repeated CV	Logistic regression (L2)	62	SRR14762246	GSM5364337	1	1.0	0.998540328313292
SRR-level repeated CV	Logistic regression (L2)	63	SRR14762242	GSM5364335	0	0.0	0.003717768194439517
SRR-level repeated CV	Logistic regression (L2)	63	SRR14762245	GSM5364336	0	0.0	0.002936641012532003
SRR-level repeated CV	Logistic regression (L2)	63	SRR14762251	GSM5364339	1	1.0	0.9991772351652906
SRR-level repeated CV	Logistic regression (L2)	64	SRR14762240	GSM5364334	0	0.0	0.0012521184019692537
SRR-level repeated CV	Logistic regression (L2)	64	SRR14762247	GSM5364337	1	1.0	0.9998821446687424
SRR-level repeated CV	Logistic regression (L2)	64	SRR14762248	GSM5364338	1	1.0	0.993231257458765
SRR-level repeated CV	Logistic regression (L2)	65	SRR14762239	GSM5364333	0	1.0	0.5380526923766177
SRR-level repeated CV	Logistic regression (L2)	65	SRR14762252	GSM5364339	1	1.0	0.9996289556338164
SRR-level repeated CV	Logistic regression (L2)	66	SRR14762238	GSM5364333	0	0.0	0.295698670269436
SRR-level repeated CV	Logistic regression (L2)	66	SRR14762245	GSM5364336	0	0.0	0.002324410954473829
SRR-level repeated CV	Logistic regression (L2)	66	SRR14762252	GSM5364339	1	1.0	0.9989912740083201
SRR-level repeated CV	Logistic regression (L2)	67	SRR14762241	GSM5364334	0	0.0	0.0007655768694247226
SRR-level repeated CV	Logistic regression (L2)	67	SRR14762243	GSM5364335	0	0.0	0.002756842660854533
SRR-level repeated CV	Logistic regression (L2)	67	SRR14762248	GSM5364338	1	1.0	0.9715881213544492
SRR-level repeated CV	Logistic regression (L2)	68	SRR14762240	GSM5364334	0	0.0	0.0005846305006296673
SRR-level repeated CV	Logistic regression (L2)	68	SRR14762242	GSM5364335	0	0.0	0.0033766177393291207
SRR-level repeated CV	Logistic regression (L2)	68	SRR14762246	GSM5364337	1	1.0	0.9981344512507553
SRR-level repeated CV	Logistic regression (L2)	69	SRR14762239	GSM5364333	0	1.0	0.7602674765649792
SRR-level repeated CV	Logistic regression (L2)	69	SRR14762247	GSM5364337	1	1.0	0.9999154709010571
SRR-level repeated CV	Logistic regression (L2)	69	SRR14762251	GSM5364339	1	1.0	0.9999540246765279
SRR-level repeated CV	Logistic regression (L2)	70	SRR14762244	GSM5364336	0	0.0	0.0025532748161924607
SRR-level repeated CV	Logistic regression (L2)	70	SRR14762250	GSM5364338	1	1.0	0.9768195126634325
SRR-level repeated CV	Logistic regression (L2)	71	SRR14762239	GSM5364333	0	0.0	0.3307703496021679
SRR-level repeated CV	Logistic regression (L2)	71	SRR14762241	GSM5364334	0	0.0	0.0006371404174988145
SRR-level repeated CV	Logistic regression (L2)	71	SRR14762246	GSM5364337	1	1.0	0.9986446542631227
SRR-level repeated CV	Logistic regression (L2)	72	SRR14762240	GSM5364334	0	0.0	0.0005738930446521884
SRR-level repeated CV	Logistic regression (L2)	72	SRR14762242	GSM5364335	0	0.0	0.0029049805037088447
SRR-level repeated CV	Logistic regression (L2)	72	SRR14762250	GSM5364338	1	1.0	0.9653946628375284
SRR-level repeated CV	Logistic regression (L2)	73	SRR14762238	GSM5364333	0	0.0	0.3278212287676768
SRR-level repeated CV	Logistic regression (L2)	73	SRR14762243	GSM5364335	0	0.0	0.003964920594479045
SRR-level repeated CV	Logistic regression (L2)	73	SRR14762252	GSM5364339	1	1.0	0.9989700159507239
SRR-level repeated CV	Logistic regression (L2)	74	SRR14762245	GSM5364336	0	0.0	0.006463056133706986
SRR-level repeated CV	Logistic regression (L2)	74	SRR14762247	GSM5364337	1	1.0	0.9998858967415682
SRR-level repeated CV	Logistic regression (L2)	74	SRR14762248	GSM5364338	1	1.0	0.9932439733199657
SRR-level repeated CV	Logistic regression (L2)	75	SRR14762244	GSM5364336	0	0.0	0.00263963490535373
SRR-level repeated CV	Logistic regression (L2)	75	SRR14762251	GSM5364339	1	1.0	0.9996923953858569
SRR-level repeated CV	Logistic regression (L2)	76	SRR14762241	GSM5364334	0	0.0	0.0007655768694247226
SRR-level repeated CV	Logistic regression (L2)	76	SRR14762243	GSM5364335	0	0.0	0.002756842660854533
SRR-level repeated CV	Logistic regression (L2)	76	SRR14762248	GSM5364338	1	1.0	0.9715881213544492
SRR-level repeated CV	Logistic regression (L2)	77	SRR14762239	GSM5364333	0	0.0	0.37279140265097227
SRR-level repeated CV	Logistic regression (L2)	77	SRR14762240	GSM5364334	0	0.0	0.0005668922911283747
SRR-level repeated CV	Logistic regression (L2)	77	SRR14762251	GSM5364339	1	1.0	0.9990608275362989
SRR-level repeated CV	Logistic regression (L2)	78	SRR14762244	GSM5364336	0	0.0	0.036424491901197995
SRR-level repeated CV	Logistic regression (L2)	78	SRR14762245	GSM5364336	0	0.0	0.05351790111200346
SRR-level repeated CV	Logistic regression (L2)	78	SRR14762252	GSM5364339	1	1.0	0.9992187502656483
SRR-level repeated CV	Logistic regression (L2)	79	SRR14762238	GSM5364333	0	0.0	0.44604386429872334
SRR-level repeated CV	Logistic regression (L2)	79	SRR14762246	GSM5364337	1	1.0	0.9450213362889568
SRR-level repeated CV	Logistic regression (L2)	79	SRR14762247	GSM5364337	1	1.0	0.946596965677288
SRR-level repeated CV	Logistic regression (L2)	80	SRR14762242	GSM5364335	0	0.0	0.004177037629500737
SRR-level repeated CV	Logistic regression (L2)	80	SRR14762250	GSM5364338	1	1.0	0.9790409933065178
SRR-level repeated CV	Logistic regression (L2)	81	SRR14762240	GSM5364334	0	0.0	0.00057357106394235
SRR-level repeated CV	Logistic regression (L2)	81	SRR14762244	GSM5364336	0	0.0	0.0018185762356515546
SRR-level repeated CV	Logistic regression (L2)	81	SRR14762250	GSM5364338	1	1.0	0.9624885505859421
SRR-level repeated CV	Logistic regression (L2)	82	SRR14762238	GSM5364333	0	0.0	0.2775226192348232
SRR-level repeated CV	Logistic regression (L2)	82	SRR14762241	GSM5364334	0	0.0	0.0006617508147130751
SRR-level repeated CV	Logistic regression (L2)	82	SRR14762246	GSM5364337	1	1.0	0.998514388739382
SRR-level repeated CV	Logistic regression (L2)	83	SRR14762239	GSM5364333	0	0.0	0.18875631820304242
SRR-level repeated CV	Logistic regression (L2)	83	SRR14762245	GSM5364336	0	0.0	0.0023984614481258565
SRR-level repeated CV	Logistic regression (L2)	83	SRR14762248	GSM5364338	1	1.0	0.9894796408497809
SRR-level repeated CV	Logistic regression (L2)	84	SRR14762243	GSM5364335	0	0.0	0.005416078220520821
SRR-level repeated CV	Logistic regression (L2)	84	SRR14762251	GSM5364339	1	1.0	0.9849761122060078
SRR-level repeated CV	Logistic regression (L2)	84	SRR14762252	GSM5364339	1	1.0	0.9827988525812184
SRR-level repeated CV	Logistic regression (L2)	85	SRR14762242	GSM5364335	0	0.0	0.0046641722745365466
SRR-level repeated CV	Logistic regression (L2)	85	SRR14762247	GSM5364337	1	1.0	0.9993031751794564
SRR-level repeated CV	Logistic regression (L2)	86	SRR14762239	GSM5364333	0	0.0	0.20359805670599906
SRR-level repeated CV	Logistic regression (L2)	86	SRR14762243	GSM5364335	0	0.0	0.0029958194237127067
SRR-level repeated CV	Logistic regression (L2)	86	SRR14762248	GSM5364338	1	1.0	0.9902080606070993
SRR-level repeated CV	Logistic regression (L2)	87	SRR14762238	GSM5364333	0	0.0	0.14848605968442383
SRR-level repeated CV	Logistic regression (L2)	87	SRR14762244	GSM5364336	0	0.0	0.0016054795692704003
SRR-level repeated CV	Logistic regression (L2)	87	SRR14762250	GSM5364338	1	1.0	0.984231132521151
SRR-level repeated CV	Logistic regression (L2)	88	SRR14762242	GSM5364335	0	0.0	0.003717768194439517
SRR-level repeated CV	Logistic regression (L2)	88	SRR14762245	GSM5364336	0	0.0	0.002936641012532003
SRR-level repeated CV	Logistic regression (L2)	88	SRR14762251	GSM5364339	1	1.0	0.9991772351652906
SRR-level repeated CV	Logistic regression (L2)	89	SRR14762240	GSM5364334	0	0.0	0.0010441691876093974
SRR-level repeated CV	Logistic regression (L2)	89	SRR14762246	GSM5364337	1	1.0	0.9999112557132739
SRR-level repeated CV	Logistic regression (L2)	89	SRR14762252	GSM5364339	1	1.0	0.9999583432206235
SRR-level repeated CV	Logistic regression (L2)	90	SRR14762241	GSM5364334	0	0.0	0.0008726443090419166
SRR-level repeated CV	Logistic regression (L2)	90	SRR14762247	GSM5364337	1	1.0	0.9992778752285005
SRR-level repeated CV	Logistic regression (L2)	91	SRR14762242	GSM5364335	0	0.0	0.0032803404482637604
SRR-level repeated CV	Logistic regression (L2)	91	SRR14762245	GSM5364336	0	0.0	0.0031241771706023457
SRR-level repeated CV	Logistic regression (L2)	91	SRR14762250	GSM5364338	1	1.0	0.9661557836126665
SRR-level repeated CV	Logistic regression (L2)	92	SRR14762238	GSM5364333	0	0.0	0.29422016474332213
SRR-level repeated CV	Logistic regression (L2)	92	SRR14762241	GSM5364334	0	0.0	0.000668867630869437
SRR-level repeated CV	Logistic regression (L2)	92	SRR14762252	GSM5364339	1	1.0	0.998914238187776
SRR-level repeated CV	Logistic regression (L2)	93	SRR14762240	GSM5364334	0	0.0	0.0005739886782030029
SRR-level repeated CV	Logistic regression (L2)	93	SRR14762244	GSM5364336	0	0.0	0.0018365306918626254
SRR-level repeated CV	Logistic regression (L2)	93	SRR14762251	GSM5364339	1	1.0	0.9990466691246717
SRR-level repeated CV	Logistic regression (L2)	94	SRR14762239	GSM5364333	0	0.0	0.4240285270418454
SRR-level repeated CV	Logistic regression (L2)	94	SRR14762247	GSM5364337	1	1.0	0.9999151313669534
SRR-level repeated CV	Logistic regression (L2)	94	SRR14762248	GSM5364338	1	1.0	0.9982974127744736
SRR-level repeated CV	Logistic regression (L2)	95	SRR14762243	GSM5364335	0	0.0	0.004464115705915561
SRR-level repeated CV	Logistic regression (L2)	95	SRR14762246	GSM5364337	1	1.0	0.9993572886689006
SRR-level repeated CV	Logistic regression (L2)	96	SRR14762241	GSM5364334	0	0.0	0.0011268158856747215
SRR-level repeated CV	Logistic regression (L2)	96	SRR14762244	GSM5364336	0	0.0	0.00253832538680731
SRR-level repeated CV	Logistic regression (L2)	96	SRR14762248	GSM5364338	1	1.0	0.9696529034922403
SRR-level repeated CV	Logistic regression (L2)	97	SRR14762240	GSM5364334	0	0.0	0.0006019079786923324
SRR-level repeated CV	Logistic regression (L2)	97	SRR14762243	GSM5364335	0	0.0	0.0030719855751664992
SRR-level repeated CV	Logistic regression (L2)	97	SRR14762246	GSM5364337	1	1.0	0.9982157912154388
SRR-level repeated CV	Logistic regression (L2)	98	SRR14762238	GSM5364333	0	1.0	0.999755303077154
SRR-level repeated CV	Logistic regression (L2)	98	SRR14762239	GSM5364333	0	1.0	0.9997428273286326
SRR-level repeated CV	Logistic regression (L2)	98	SRR14762247	GSM5364337	1	1.0	0.999525954681679
SRR-level repeated CV	Logistic regression (L2)	99	SRR14762242	GSM5364335	0	0.0	0.006810885576046544
SRR-level repeated CV	Logistic regression (L2)	99	SRR14762250	GSM5364338	1	1.0	0.9900955696517816
SRR-level repeated CV	Logistic regression (L2)	99	SRR14762251	GSM5364339	1	1.0	0.9999423951415328
SRR-level repeated CV	Logistic regression (L2)	100	SRR14762245	GSM5364336	0	0.0	0.003927918890892989
SRR-level repeated CV	Logistic regression (L2)	100	SRR14762252	GSM5364339	1	1.0	0.9996691585722174
SRR-level repeated CV	Logistic regression (L2)	101	SRR14762238	GSM5364333	0	0.0	0.3105424351511638
SRR-level repeated CV	Logistic regression (L2)	101	SRR14762243	GSM5364335	0	0.0	0.0038238980435776394
SRR-level repeated CV	Logistic regression (L2)	101	SRR14762246	GSM5364337	1	1.0	0.9985833158022664
SRR-level repeated CV	Logistic regression (L2)	102	SRR14762241	GSM5364334	0	0.0	0.0006997418075130056
SRR-level repeated CV	Logistic regression (L2)	102	SRR14762245	GSM5364336	0	0.0	0.002518441144449459
SRR-level repeated CV	Logistic regression (L2)	102	SRR14762247	GSM5364337	1	1.0	0.9980646270511678
SRR-level repeated CV	Logistic regression (L2)	103	SRR14762242	GSM5364335	0	0.0	0.0030114853533336912
SRR-level repeated CV	Logistic regression (L2)	103	SRR14762244	GSM5364336	0	0.0	0.001920454066386591
SRR-level repeated CV	Logistic regression (L2)	103	SRR14762250	GSM5364338	1	1.0	0.9658190338532812
SRR-level repeated CV	Logistic regression (L2)	104	SRR14762240	GSM5364334	0	0.0	0.0011973001559511824
SRR-level repeated CV	Logistic regression (L2)	104	SRR14762248	GSM5364338	1	1.0	0.9921059871304782
SRR-level repeated CV	Logistic regression (L2)	104	SRR14762251	GSM5364339	1	1.0	0.9999432284338743
SRR-level repeated CV	Logistic regression (L2)	105	SRR14762239	GSM5364333	0	1.0	0.5380526923766177
SRR-level repeated CV	Logistic regression (L2)	105	SRR14762252	GSM5364339	1	1.0	0.9996289556338164
SRR-level repeated CV	Logistic regression (L2)	106	SRR14762240	GSM5364334	0	0.0	0.0006230916272614344
SRR-level repeated CV	Logistic regression (L2)	106	SRR14762244	GSM5364336	0	0.0	0.0018548749627615873
SRR-level repeated CV	Logistic regression (L2)	106	SRR14762248	GSM5364338	1	1.0	0.9688821288884251
SRR-level repeated CV	Logistic regression (L2)	107	SRR14762241	GSM5364334	0	0.0	0.0007423191945834068
SRR-level repeated CV	Logistic regression (L2)	107	SRR14762245	GSM5364336	0	0.0	0.002642941312516189
SRR-level repeated CV	Logistic regression (L2)	107	SRR14762246	GSM5364337	1	1.0	0.9982414679566
SRR-level repeated CV	Logistic regression (L2)	108	SRR14762242	GSM5364335	0	0.0	0.13872357263302632
SRR-level repeated CV	Logistic regression (L2)	108	SRR14762243	GSM5364335	0	0.0	0.13031719126041388
SRR-level repeated CV	Logistic regression (L2)	108	SRR14762251	GSM5364339	1	1.0	0.999345366814084
SRR-level repeated CV	Logistic regression (L2)	109	SRR14762238	GSM5364333	0	0.0	0.3344262180161425
SRR-level repeated CV	Logistic regression (L2)	109	SRR14762247	GSM5364337	1	1.0	0.9999132170320212
SRR-level repeated CV	Logistic regression (L2)	109	SRR14762250	GSM5364338	1	1.0	0.9972236751507757
SRR-level repeated CV	Logistic regression (L2)	110	SRR14762239	GSM5364333	0	1.0	0.5380526923766177
SRR-level repeated CV	Logistic regression (L2)	110	SRR14762252	GSM5364339	1	1.0	0.9996289556338164
SRR-level repeated CV	Logistic regression (L2)	111	SRR14762238	GSM5364333	0	1.0	0.999755303077154
SRR-level repeated CV	Logistic regression (L2)	111	SRR14762239	GSM5364333	0	1.0	0.9997428273286326
SRR-level repeated CV	Logistic regression (L2)	111	SRR14762247	GSM5364337	1	1.0	0.999525954681679
SRR-level repeated CV	Logistic regression (L2)	112	SRR14762244	GSM5364336	0	0.0	0.036762404379778096
SRR-level repeated CV	Logistic regression (L2)	112	SRR14762245	GSM5364336	0	0.0	0.052357070314736874
SRR-level repeated CV	Logistic regression (L2)	112	SRR14762251	GSM5364339	1	1.0	0.9993079597848861
SRR-level repeated CV	Logistic regression (L2)	113	SRR14762242	GSM5364335	0	0.0	0.13718554591028276
SRR-level repeated CV	Logistic regression (L2)	113	SRR14762243	GSM5364335	0	0.0	0.13230296641958852
SRR-level repeated CV	Logistic regression (L2)	113	SRR14762252	GSM5364339	1	1.0	0.9992082467817531
SRR-level repeated CV	Logistic regression (L2)	114	SRR14762241	GSM5364334	0	0.0	0.0013264534035630183
SRR-level repeated CV	Logistic regression (L2)	114	SRR14762246	GSM5364337	1	1.0	0.9998835363708263
SRR-level repeated CV	Logistic regression (L2)	114	SRR14762248	GSM5364338	1	1.0	0.9929795696550532
SRR-level repeated CV	Logistic regression (L2)	115	SRR14762240	GSM5364334	0	0.0	0.0007063995802812752
SRR-level repeated CV	Logistic regression (L2)	115	SRR14762250	GSM5364338	1	1.0	0.9773518195055595
SRR-level repeated CV	Logistic regression (L2)	116	SRR14762239	GSM5364333	0	0.0	0.40219609028218745
SRR-level repeated CV	Logistic regression (L2)	116	SRR14762242	GSM5364335	0	0.0	0.004005107900637457
SRR-level repeated CV	Logistic regression (L2)	116	SRR14762252	GSM5364339	1	1.0	0.9989359315741696
SRR-level repeated CV	Logistic regression (L2)	117	SRR14762240	GSM5364334	0	0.0	0.0006677034685593853
SRR-level repeated CV	Logistic regression (L2)	117	SRR14762245	GSM5364336	0	0.0	0.002806228397101409
SRR-level repeated CV	Logistic regression (L2)	117	SRR14762246	GSM5364337	1	1.0	0.9981921288106519
SRR-level repeated CV	Logistic regression (L2)	118	SRR14762238	GSM5364333	0	0.0	0.3068237689545877
SRR-level repeated CV	Logistic regression (L2)	118	SRR14762241	GSM5364334	0	0.0	0.0006738797150310534
SRR-level repeated CV	Logistic regression (L2)	118	SRR14762251	GSM5364339	1	1.0	0.9990014305573107
SRR-level repeated CV	Logistic regression (L2)	119	SRR14762244	GSM5364336	0	0.0	0.004098133605208185
SRR-level repeated CV	Logistic regression (L2)	119	SRR14762247	GSM5364337	1	1.0	0.999874457218857
SRR-level repeated CV	Logistic regression (L2)	119	SRR14762250	GSM5364338	1	1.0	0.9908297803137625
SRR-level repeated CV	Logistic regression (L2)	120	SRR14762243	GSM5364335	0	0.0	0.003965411598988722
SRR-level repeated CV	Logistic regression (L2)	120	SRR14762248	GSM5364338	1	1.0	0.983264840293356
SRR-level repeated CV	Logistic regression (L2)	121	SRR14762238	GSM5364333	0	0.0	0.3067950604389748
SRR-level repeated CV	Logistic regression (L2)	121	SRR14762245	GSM5364336	0	0.0	0.00226478408879151
SRR-level repeated CV	Logistic regression (L2)	121	SRR14762251	GSM5364339	1	1.0	0.9990670814430678
SRR-level repeated CV	Logistic regression (L2)	122	SRR14762240	GSM5364334	0	0.0	0.001591710360908475
SRR-level repeated CV	Logistic regression (L2)	122	SRR14762241	GSM5364334	0	0.0	0.0017058122941668054
SRR-level repeated CV	Logistic regression (L2)	122	SRR14762252	GSM5364339	1	1.0	0.9989677575200709
SRR-level repeated CV	Logistic regression (L2)	123	SRR14762239	GSM5364333	0	0.0	0.355886618861335
SRR-level repeated CV	Logistic regression (L2)	123	SRR14762243	GSM5364335	0	0.0	0.003248857147466083
SRR-level repeated CV	Logistic regression (L2)	123	SRR14762246	GSM5364337	1	1.0	0.9986635364954054
SRR-level repeated CV	Logistic regression (L2)	124	SRR14762244	GSM5364336	0	0.0	0.0034243744871813673
SRR-level repeated CV	Logistic regression (L2)	124	SRR14762248	GSM5364338	1	0.0	0.19184347129395934
SRR-level repeated CV	Logistic regression (L2)	124	SRR14762250	GSM5364338	1	0.0	0.1692110665412228
SRR-level repeated CV	Logistic regression (L2)	125	SRR14762242	GSM5364335	0	0.0	0.0046641722745365466
SRR-level repeated CV	Logistic regression (L2)	125	SRR14762247	GSM5364337	1	1.0	0.9993031751794564
SRR-level repeated CV	Logistic regression (L2)	126	SRR14762238	GSM5364333	0	0.0	0.295698670269436
SRR-level repeated CV	Logistic regression (L2)	126	SRR14762245	GSM5364336	0	0.0	0.002324410954473829
SRR-level repeated CV	Logistic regression (L2)	126	SRR14762252	GSM5364339	1	1.0	0.9989912740083201
SRR-level repeated CV	Logistic regression (L2)	127	SRR14762240	GSM5364334	0	0.0	0.0006081876147914419
SRR-level repeated CV	Logistic regression (L2)	127	SRR14762243	GSM5364335	0	0.0	0.0032561723073600258
SRR-level repeated CV	Logistic regression (L2)	127	SRR14762247	GSM5364337	1	1.0	0.9980463601273956
SRR-level repeated CV	Logistic regression (L2)	128	SRR14762242	GSM5364335	0	0.0	0.0030114853533336912
SRR-level repeated CV	Logistic regression (L2)	128	SRR14762244	GSM5364336	0	0.0	0.001920454066386591
SRR-level repeated CV	Logistic regression (L2)	128	SRR14762250	GSM5364338	1	1.0	0.9658190338532812
SRR-level repeated CV	Logistic regression (L2)	129	SRR14762239	GSM5364333	0	0.0	0.4115882647046179
SRR-level repeated CV	Logistic regression (L2)	129	SRR14762246	GSM5364337	1	1.0	0.9999147958243279
SRR-level repeated CV	Logistic regression (L2)	129	SRR14762248	GSM5364338	1	1.0	0.998139385190974
SRR-level repeated CV	Logistic regression (L2)	130	SRR14762241	GSM5364334	0	0.0	0.000906271542007112
SRR-level repeated CV	Logistic regression (L2)	130	SRR14762251	GSM5364339	1	1.0	0.9996952515370637
SRR-level repeated CV	Logistic regression (L2)	131	SRR14762238	GSM5364333	0	0.0	0.2982192841806542
SRR-level repeated CV	Logistic regression (L2)	131	SRR14762242	GSM5364335	0	0.0	0.0036546931413268344
SRR-level repeated CV	Logistic regression (L2)	131	SRR14762246	GSM5364337	1	1.0	0.9984791023704754
SRR-level repeated CV	Logistic regression (L2)	132	SRR14762243	GSM5364335	0	0.0	0.0030707047096406133
SRR-level repeated CV	Logistic regression (L2)	132	SRR14762244	GSM5364336	0	0.0	0.001965890737824921
SRR-level repeated CV	Logistic regression (L2)	132	SRR14762250	GSM5364338	1	1.0	0.963977217769566
SRR-level repeated CV	Logistic regression (L2)	133	SRR14762239	GSM5364333	0	0.0	0.183101651820721
SRR-level repeated CV	Logistic regression (L2)	133	SRR14762241	GSM5364334	0	0.0	0.0006325121682212098
SRR-level repeated CV	Logistic regression (L2)	133	SRR14762248	GSM5364338	1	1.0	0.9894589946908259
SRR-level repeated CV	Logistic regression (L2)	134	SRR14762240	GSM5364334	0	0.0	0.001069744155299529
SRR-level repeated CV	Logistic regression (L2)	134	SRR14762247	GSM5364337	1	1.0	0.9999072264229278
SRR-level repeated CV	Logistic regression (L2)	134	SRR14762252	GSM5364339	1	1.0	0.9999585374726182
SRR-level repeated CV	Logistic regression (L2)	135	SRR14762245	GSM5364336	0	0.0	0.0038158826819812623
SRR-level repeated CV	Logistic regression (L2)	135	SRR14762251	GSM5364339	1	1.0	0.9997229081509554
SRR-level repeated CV	Logistic regression (L2)	136	SRR14762240	GSM5364334	0	0.0	0.0005804143085193325
SRR-level repeated CV	Logistic regression (L2)	136	SRR14762244	GSM5364336	0	0.0	0.0018354932637308747
SRR-level repeated CV	Logistic regression (L2)	136	SRR14762247	GSM5364337	1	1.0	0.9979750398934962
SRR-level repeated CV	Logistic regression (L2)	137	SRR14762238	GSM5364333	0	0.0	0.3402171657865147
SRR-level repeated CV	Logistic regression (L2)	137	SRR14762243	GSM5364335	0	0.0	0.0038273399995410874
SRR-level repeated CV	Logistic regression (L2)	137	SRR14762251	GSM5364339	1	1.0	0.9990374229378501
SRR-level repeated CV	Logistic regression (L2)	138	SRR14762241	GSM5364334	0	0.0	0.0007423191945834068
SRR-level repeated CV	Logistic regression (L2)	138	SRR14762245	GSM5364336	0	0.0	0.002642941312516189
SRR-level repeated CV	Logistic regression (L2)	138	SRR14762246	GSM5364337	1	1.0	0.9982414679566
SRR-level repeated CV	Logistic regression (L2)	139	SRR14762242	GSM5364335	0	0.0	0.004323866115315099
SRR-level repeated CV	Logistic regression (L2)	139	SRR14762248	GSM5364338	1	0.0	0.21522595621995902
SRR-level repeated CV	Logistic regression (L2)	139	SRR14762250	GSM5364338	1	0.0	0.19500114731514967
SRR-level repeated CV	Logistic regression (L2)	140	SRR14762239	GSM5364333	0	1.0	0.5380526923766177
SRR-level repeated CV	Logistic regression (L2)	140	SRR14762252	GSM5364339	1	1.0	0.9996289556338164
SRR-level repeated CV	Logistic regression (L2)	141	SRR14762239	GSM5364333	0	0.0	0.3652551967210782
SRR-level repeated CV	Logistic regression (L2)	141	SRR14762243	GSM5364335	0	0.0	0.003443692120029741
SRR-level repeated CV	Logistic regression (L2)	141	SRR14762247	GSM5364337	1	1.0	0.9984971021412827
SRR-level repeated CV	Logistic regression (L2)	142	SRR14762238	GSM5364333	0	0.0	0.2982192841806542
SRR-level repeated CV	Logistic regression (L2)	142	SRR14762242	GSM5364335	0	0.0	0.0036546931413268344
SRR-level repeated CV	Logistic regression (L2)	142	SRR14762246	GSM5364337	1	1.0	0.9984791023704754
SRR-level repeated CV	Logistic regression (L2)	143	SRR14762241	GSM5364334	0	0.0	0.0011268158856747215
SRR-level repeated CV	Logistic regression (L2)	143	SRR14762244	GSM5364336	0	0.0	0.00253832538680731
SRR-level repeated CV	Logistic regression (L2)	143	SRR14762248	GSM5364338	1	1.0	0.9696529034922403
SRR-level repeated CV	Logistic regression (L2)	144	SRR14762240	GSM5364334	0	0.0	0.0007121704096392529
SRR-level repeated CV	Logistic regression (L2)	144	SRR14762251	GSM5364339	1	1.0	0.9838870058513777
SRR-level repeated CV	Logistic regression (L2)	144	SRR14762252	GSM5364339	1	1.0	0.9815869402389736
SRR-level repeated CV	Logistic regression (L2)	145	SRR14762245	GSM5364336	0	0.0	0.0040643324953526135
SRR-level repeated CV	Logistic regression (L2)	145	SRR14762250	GSM5364338	1	1.0	0.9772716753620526
SRR-level repeated CV	Logistic regression (L2)	146	SRR14762240	GSM5364334	0	0.0	0.0006677034685593853
SRR-level repeated CV	Logistic regression (L2)	146	SRR14762245	GSM5364336	0	0.0	0.002806228397101409
SRR-level repeated CV	Logistic regression (L2)	146	SRR14762246	GSM5364337	1	1.0	0.9981921288106519
SRR-level repeated CV	Logistic regression (L2)	147	SRR14762242	GSM5364335	0	0.0	0.11185458195759923
SRR-level repeated CV	Logistic regression (L2)	147	SRR14762243	GSM5364335	0	0.0	0.1041622052325955
SRR-level repeated CV	Logistic regression (L2)	147	SRR14762248	GSM5364338	1	1.0	0.9773282205912105
SRR-level repeated CV	Logistic regression (L2)	148	SRR14762238	GSM5364333	0	0.0	0.151610692719229
SRR-level repeated CV	Logistic regression (L2)	148	SRR14762241	GSM5364334	0	0.0	0.0006537651424261489
SRR-level repeated CV	Logistic regression (L2)	148	SRR14762250	GSM5364338	1	1.0	0.9851520328450625
SRR-level repeated CV	Logistic regression (L2)	149	SRR14762239	GSM5364333	0	1.0	0.7602674765649792
SRR-level repeated CV	Logistic regression (L2)	149	SRR14762247	GSM5364337	1	1.0	0.9999154709010571
SRR-level repeated CV	Logistic regression (L2)	149	SRR14762251	GSM5364339	1	1.0	0.9999540246765279
SRR-level repeated CV	Logistic regression (L2)	150	SRR14762244	GSM5364336	0	0.0	0.002575188419393139
SRR-level repeated CV	Logistic regression (L2)	150	SRR14762252	GSM5364339	1	1.0	0.9996573702983506
SRR-level repeated CV	Neural network (MLP)	1	SRR14762238	GSM5364333	0	0.0	5.899138936183534e-31
SRR-level repeated CV	Neural network (MLP)	1	SRR14762240	GSM5364334	0	0.0	0.0
SRR-level repeated CV	Neural network (MLP)	1	SRR14762247	GSM5364337	1	1.0	1.0
SRR-level repeated CV	Neural network (MLP)	2	SRR14762242	GSM5364335	0	0.0	2.6580423086561523e-20
SRR-level repeated CV	Neural network (MLP)	2	SRR14762244	GSM5364336	0	0.0	7.99710789986295e-35
SRR-level repeated CV	Neural network (MLP)	2	SRR14762252	GSM5364339	1	1.0	1.0
SRR-level repeated CV	Neural network (MLP)	3	SRR14762239	GSM5364333	0	0.0	0.36572450399398804
SRR-level repeated CV	Neural network (MLP)	3	SRR14762243	GSM5364335	0	0.0	2.166770249009166e-14
SRR-level repeated CV	Neural network (MLP)	3	SRR14762251	GSM5364339	1	1.0	1.0
SRR-level repeated CV	Neural network (MLP)	4	SRR14762245	GSM5364336	0	0.0	0.0
SRR-level repeated CV	Neural network (MLP)	4	SRR14762248	GSM5364338	1	0.0	0.0001774594420567155
SRR-level repeated CV	Neural network (MLP)	4	SRR14762250	GSM5364338	1	0.0	8.098284524749033e-06
SRR-level repeated CV	Neural network (MLP)	5	SRR14762241	GSM5364334	0	0.0	0.0017138508846983314
SRR-level repeated CV	Neural network (MLP)	5	SRR14762246	GSM5364337	1	1.0	0.9915769100189209
SRR-level repeated CV	Neural network (MLP)	6	SRR14762240	GSM5364334	0	0.0	9.737735769217452e-30
SRR-level repeated CV	Neural network (MLP)	6	SRR14762241	GSM5364334	0	0.0	6.7510599750052555e-28
SRR-level repeated CV	Neural network (MLP)	6	SRR14762248	GSM5364338	1	1.0	0.808822512626648
SRR-level repeated CV	Neural network (MLP)	7	SRR14762242	GSM5364335	0	0.0	0.13169075548648834
SRR-level repeated CV	Neural network (MLP)	7	SRR14762243	GSM5364335	0	0.0	0.12364422529935837
SRR-level repeated CV	Neural network (MLP)	7	SRR14762251	GSM5364339	1	1.0	0.9962414503097534
SRR-level repeated CV	Neural network (MLP)	8	SRR14762239	GSM5364333	0	0.0	3.575884824401833e-21
SRR-level repeated CV	Neural network (MLP)	8	SRR14762244	GSM5364336	0	0.0	0.0
SRR-level repeated CV	Neural network (MLP)	8	SRR14762247	GSM5364337	1	1.0	1.0
SRR-level repeated CV	Neural network (MLP)	9	SRR14762238	GSM5364333	0	0.0	2.9990219982133464e-29
SRR-level repeated CV	Neural network (MLP)	9	SRR14762246	GSM5364337	1	1.0	1.0
SRR-level repeated CV	Neural network (MLP)	9	SRR14762252	GSM5364339	1	1.0	1.0
SRR-level repeated CV	Neural network (MLP)	10	SRR14762245	GSM5364336	0	0.0	0.004092354793101549
SRR-level repeated CV	Neural network (MLP)	10	SRR14762250	GSM5364338	1	1.0	0.8895684480667114
SRR-level repeated CV	Neural network (MLP)	11	SRR14762240	GSM5364334	0	0.0	0.0
SRR-level repeated CV	Neural network (MLP)	11	SRR14762244	GSM5364336	0	0.0	0.0
SRR-level repeated CV	Neural network (MLP)	11	SRR14762246	GSM5364337	1	1.0	1.0
SRR-level repeated CV	Neural network (MLP)	12	SRR14762239	GSM5364333	0	0.0	1.3098913997608405e-28
SRR-level repeated CV	Neural network (MLP)	12	SRR14762245	GSM5364336	0	0.0	0.0
SRR-level repeated CV	Neural network (MLP)	12	SRR14762248	GSM5364338	1	1.0	1.0
SRR-level repeated CV	Neural network (MLP)	13	SRR14762242	GSM5364335	0	0.0	3.5483116485736203e-15
SRR-level repeated CV	Neural network (MLP)	13	SRR14762243	GSM5364335	0	0.0	2.301375547497929e-16
SRR-level repeated CV	Neural network (MLP)	13	SRR14762252	GSM5364339	1	1.0	1.0
SRR-level repeated CV	Neural network (MLP)	14	SRR14762238	GSM5364333	0	0.0	0.16135773062705994
SRR-level repeated CV	Neural network (MLP)	14	SRR14762247	GSM5364337	1	1.0	0.9946396946907043
SRR-level repeated CV	Neural network (MLP)	14	SRR14762250	GSM5364338	1	1.0	0.9733166098594666
SRR-level repeated CV	Neural network (MLP)	15	SRR14762241	GSM5364334	0	0.0	0.0
SRR-level repeated CV	Neural network (MLP)	15	SRR14762251	GSM5364339	1	1.0	1.0
SRR-level repeated CV	Neural network (MLP)	16	SRR14762238	GSM5364333	0	1.0	1.0
SRR-level repeated CV	Neural network (MLP)	16	SRR14762239	GSM5364333	0	1.0	1.0
SRR-level repeated CV	Neural network (MLP)	16	SRR14762252	GSM5364339	1	1.0	1.0
SRR-level repeated CV	Neural network (MLP)	17	SRR14762242	GSM5364335	0	0.0	1.1090236368138662e-10
SRR-level repeated CV	Neural network (MLP)	17	SRR14762245	GSM5364336	0	0.0	8.296568185066355e-13
SRR-level repeated CV	Neural network (MLP)	17	SRR14762246	GSM5364337	1	1.0	1.0
SRR-level repeated CV	Neural network (MLP)	18	SRR14762240	GSM5364334	0	0.0	1.147260218531953e-19
SRR-level repeated CV	Neural network (MLP)	18	SRR14762243	GSM5364335	0	0.0	1.3856456780592108e-11
SRR-level repeated CV	Neural network (MLP)	18	SRR14762251	GSM5364339	1	1.0	1.0
SRR-level repeated CV	Neural network (MLP)	19	SRR14762241	GSM5364334	0	0.0	0.0
SRR-level repeated CV	Neural network (MLP)	19	SRR14762247	GSM5364337	1	1.0	1.0
SRR-level repeated CV	Neural network (MLP)	19	SRR14762248	GSM5364338	1	1.0	1.0
SRR-level repeated CV	Neural network (MLP)	20	SRR14762244	GSM5364336	0	0.0	0.0
SRR-level repeated CV	Neural network (MLP)	20	SRR14762250	GSM5364338	1	0.0	1.1850980240100275e-17
SRR-level repeated CV	Neural network (MLP)	21	SRR14762243	GSM5364335	0	0.0	8.726545783205834e-24
SRR-level repeated CV	Neural network (MLP)	21	SRR14762244	GSM5364336	0	0.0	0.0
SRR-level repeated CV	Neural network (MLP)	21	SRR14762251	GSM5364339	1	1.0	1.0
SRR-level repeated CV	Neural network (MLP)	22	SRR14762239	GSM5364333	0	0.0	2.2867013171889994e-07
SRR-level repeated CV	Neural network (MLP)	22	SRR14762242	GSM5364335	0	0.0	5.927527155706126e-20
SRR-level repeated CV	Neural network (MLP)	22	SRR14762252	GSM5364339	1	1.0	1.0
SRR-level repeated CV	Neural network (MLP)	23	SRR14762240	GSM5364334	0	0.0	0.0
SRR-level repeated CV	Neural network (MLP)	23	SRR14762245	GSM5364336	0	0.0	9.571637853208975e-30
SRR-level repeated CV	Neural network (MLP)	23	SRR14762246	GSM5364337	1	1.0	1.0
SRR-level repeated CV	Neural network (MLP)	24	SRR14762241	GSM5364334	0	0.0	0.0
SRR-level repeated CV	Neural network (MLP)	24	SRR14762247	GSM5364337	1	1.0	1.0
SRR-level repeated CV	Neural network (MLP)	24	SRR14762248	GSM5364338	1	1.0	1.0
SRR-level repeated CV	Neural network (MLP)	25	SRR14762238	GSM5364333	0	0.0	0.197240948677063
SRR-level repeated CV	Neural network (MLP)	25	SRR14762250	GSM5364338	1	1.0	0.963678777217865
SRR-level repeated CV	Neural network (MLP)	26	SRR14762238	GSM5364333	0	0.0	8.439908440128348e-25
SRR-level repeated CV	Neural network (MLP)	26	SRR14762241	GSM5364334	0	0.0	3.033351652452275e-31
SRR-level repeated CV	Neural network (MLP)	26	SRR14762251	GSM5364339	1	1.0	1.0
SRR-level repeated CV	Neural network (MLP)	27	SRR14762240	GSM5364334	0	0.0	0.003346836194396019
SRR-level repeated CV	Neural network (MLP)	27	SRR14762245	GSM5364336	0	0.0	0.007516174577176571
SRR-level repeated CV	Neural network (MLP)	27	SRR14762248	GSM5364338	1	1.0	0.9041743874549866
SRR-level repeated CV	Neural network (MLP)	28	SRR14762239	GSM5364333	0	0.0	1.0707583257552056e-11
SRR-level repeated CV	Neural network (MLP)	28	SRR14762242	GSM5364335	0	0.0	0.0
SRR-level repeated CV	Neural network (MLP)	28	SRR14762247	GSM5364337	1	1.0	1.0
SRR-level repeated CV	Neural network (MLP)	29	SRR14762243	GSM5364335	0	0.0	0.030491113662719727
SRR-level repeated CV	Neural network (MLP)	29	SRR14762246	GSM5364337	1	1.0	0.9944832921028137
SRR-level repeated CV	Neural network (MLP)	29	SRR14762250	GSM5364338	1	1.0	0.9810097217559814
SRR-level repeated CV	Neural network (MLP)	30	SRR14762244	GSM5364336	0	0.0	0.0
SRR-level repeated CV	Neural network (MLP)	30	SRR14762252	GSM5364339	1	1.0	1.0
SRR-level repeated CV	Neural network (MLP)	31	SRR14762239	GSM5364333	0	0.0	1.23820464985266e-35
SRR-level repeated CV	Neural network (MLP)	31	SRR14762244	GSM5364336	0	0.0	0.0
SRR-level repeated CV	Neural network (MLP)	31	SRR14762246	GSM5364337	1	1.0	1.0
SRR-level repeated CV	Neural network (MLP)	32	SRR14762238	GSM5364333	0	0.0	0.2809886634349823
SRR-level repeated CV	Neural network (MLP)	32	SRR14762245	GSM5364336	0	0.0	0.0
SRR-level repeated CV	Neural network (MLP)	32	SRR14762252	GSM5364339	1	1.0	1.0
SRR-level repeated CV	Neural network (MLP)	33	SRR14762240	GSM5364334	0	0.0	0.0
SRR-level repeated CV	Neural network (MLP)	33	SRR14762243	GSM5364335	0	0.0	2.4613706643125818e-23
SRR-level repeated CV	Neural network (MLP)	33	SRR14762247	GSM5364337	1	1.0	1.0
SRR-level repeated CV	Neural network (MLP)	34	SRR14762242	GSM5364335	0	0.0	4.810327691728844e-10
SRR-level repeated CV	Neural network (MLP)	34	SRR14762248	GSM5364338	1	0.0	8.76769450911098e-30
SRR-level repeated CV	Neural network (MLP)	34	SRR14762250	GSM5364338	1	0.0	2.3786820319962752e-30
SRR-level repeated CV	Neural network (MLP)	35	SRR14762241	GSM5364334	0	0.0	0.0
SRR-level repeated CV	Neural network (MLP)	35	SRR14762251	GSM5364339	1	1.0	1.0
SRR-level repeated CV	Neural network (MLP)	36	SRR14762240	GSM5364334	0	0.0	1.351454302234037e-16
SRR-level repeated CV	Neural network (MLP)	36	SRR14762241	GSM5364334	0	0.0	1.3498364693047813e-16
SRR-level repeated CV	Neural network (MLP)	36	SRR14762247	GSM5364337	1	1.0	1.0
SRR-level repeated CV	Neural network (MLP)	37	SRR14762239	GSM5364333	0	0.0	0.33989453315734863
SRR-level repeated CV	Neural network (MLP)	37	SRR14762244	GSM5364336	0	0.0	0.005187453702092171
SRR-level repeated CV	Neural network (MLP)	37	SRR14762250	GSM5364338	1	1.0	0.9885082840919495
SRR-level repeated CV	Neural network (MLP)	38	SRR14762238	GSM5364333	0	0.0	1.4295811087532046e-27
SRR-level repeated CV	Neural network (MLP)	38	SRR14762245	GSM5364336	0	0.0	1.6469146052760577e-33
SRR-level repeated CV	Neural network (MLP)	38	SRR14762248	GSM5364338	1	0.0	0.38825762271881104
SRR-level repeated CV	Neural network (MLP)	39	SRR14762242	GSM5364335	0	0.0	0.01646355725824833
SRR-level repeated CV	Neural network (MLP)	39	SRR14762246	GSM5364337	1	1.0	0.9923243522644043
SRR-level repeated CV	Neural network (MLP)	39	SRR14762252	GSM5364339	1	1.0	0.9929376244544983
SRR-level repeated CV	Neural network (MLP)	40	SRR14762243	GSM5364335	0	0.0	0.0
SRR-level repeated CV	Neural network (MLP)	40	SRR14762251	GSM5364339	1	1.0	1.0
SRR-level repeated CV	Neural network (MLP)	41	SRR14762243	GSM5364335	0	0.0	0.00818823091685772
SRR-level repeated CV	Neural network (MLP)	41	SRR14762244	GSM5364336	0	0.0	0.00549837714061141
SRR-level repeated CV	Neural network (MLP)	41	SRR14762250	GSM5364338	1	1.0	0.9539566040039062
SRR-level repeated CV	Neural network (MLP)	42	SRR14762239	GSM5364333	0	0.0	1.4146171255943166e-15
SRR-level repeated CV	Neural network (MLP)	42	SRR14762242	GSM5364335	0	0.0	1.1816203523878765e-35
SRR-level repeated CV	Neural network (MLP)	42	SRR14762246	GSM5364337	1	1.0	1.0
SRR-level repeated CV	Neural network (MLP)	43	SRR14762240	GSM5364334	0	0.0	1.351454302234037e-16
SRR-level repeated CV	Neural network (MLP)	43	SRR14762241	GSM5364334	0	0.0	1.3498364693047813e-16
SRR-level repeated CV	Neural network (MLP)	43	SRR14762247	GSM5364337	1	1.0	1.0
SRR-level repeated CV	Neural network (MLP)	44	SRR14762238	GSM5364333	0	0.0	2.9782755919629154e-27
SRR-level repeated CV	Neural network (MLP)	44	SRR14762248	GSM5364338	1	1.0	0.9999979734420776
SRR-level repeated CV	Neural network (MLP)	44	SRR14762252	GSM5364339	1	1.0	1.0
SRR-level repeated CV	Neural network (MLP)	45	SRR14762245	GSM5364336	0	0.0	1.9085495005993078e-22
SRR-level repeated CV	Neural network (MLP)	45	SRR14762251	GSM5364339	1	1.0	1.0
SRR-level repeated CV	Neural network (MLP)	46	SRR14762239	GSM5364333	0	0.0	0.21249234676361084
SRR-level repeated CV	Neural network (MLP)	46	SRR14762245	GSM5364336	0	0.0	0.00548678170889616
SRR-level repeated CV	Neural network (MLP)	46	SRR14762250	GSM5364338	1	1.0	0.9668151140213013
SRR-level repeated CV	Neural network (MLP)	47	SRR14762242	GSM5364335	0	0.0	3.4652092040232674e-07
SRR-level repeated CV	Neural network (MLP)	47	SRR14762243	GSM5364335	0	0.0	9.462016237193893e-08
SRR-level repeated CV	Neural network (MLP)	47	SRR14762246	GSM5364337	1	1.0	1.0
SRR-level repeated CV	Neural network (MLP)	48	SRR14762238	GSM5364333	0	0.0	0.22556817531585693
SRR-level repeated CV	Neural network (MLP)	48	SRR14762241	GSM5364334	0	0.0	0.0030384459532797337
SRR-level repeated CV	Neural network (MLP)	48	SRR14762252	GSM5364339	1	1.0	0.991685152053833
SRR-level repeated CV	Neural network (MLP)	49	SRR14762240	GSM5364334	0	0.0	0.0017889054724946618
SRR-level repeated CV	Neural network (MLP)	49	SRR14762247	GSM5364337	1	1.0	0.9926109910011292
SRR-level repeated CV	Neural network (MLP)	49	SRR14762248	GSM5364338	1	1.0	0.901683509349823
SRR-level repeated CV	Neural network (MLP)	50	SRR14762244	GSM5364336	0	0.0	0.0
SRR-level repeated CV	Neural network (MLP)	50	SRR14762251	GSM5364339	1	1.0	1.0
SRR-level repeated CV	Neural network (MLP)	51	SRR14762242	GSM5364335	0	0.0	0.0070527102798223495
SRR-level repeated CV	Neural network (MLP)	51	SRR14762245	GSM5364336	0	0.0	0.007385403383523226
SRR-level repeated CV	Neural network (MLP)	51	SRR14762250	GSM5364338	1	1.0	0.9675500988960266
SRR-level repeated CV	Neural network (MLP)	52	SRR14762240	GSM5364334	0	0.0	0.005131824407726526
SRR-level repeated CV	Neural network (MLP)	52	SRR14762241	GSM5364334	0	0.0	0.0049093361012637615
SRR-level repeated CV	Neural network (MLP)	52	SRR14762251	GSM5364339	1	1.0	0.9885860085487366
SRR-level repeated CV	Neural network (MLP)	53	SRR14762238	GSM5364333	0	1.0	0.9960378408432007
SRR-level repeated CV	Neural network (MLP)	53	SRR14762239	GSM5364333	0	1.0	0.9958452582359314
SRR-level repeated CV	Neural network (MLP)	53	SRR14762248	GSM5364338	1	1.0	0.9980846643447876
SRR-level repeated CV	Neural network (MLP)	54	SRR14762244	GSM5364336	0	0.0	1.50840529689785e-22
SRR-level repeated CV	Neural network (MLP)	54	SRR14762246	GSM5364337	1	1.0	1.0
SRR-level repeated CV	Neural network (MLP)	54	SRR14762252	GSM5364339	1	1.0	1.0
SRR-level repeated CV	Neural network (MLP)	55	SRR14762243	GSM5364335	0	0.0	0.03056355006992817
SRR-level repeated CV	Neural network (MLP)	55	SRR14762247	GSM5364337	1	1.0	1.0
SRR-level repeated CV	Neural network (MLP)	56	SRR14762239	GSM5364333	0	0.0	0.3405250906944275
SRR-level repeated CV	Neural network (MLP)	56	SRR14762240	GSM5364334	0	0.0	0.002518558409065008
SRR-level repeated CV	Neural network (MLP)	56	SRR14762251	GSM5364339	1	1.0	0.9936133027076721
SRR-level repeated CV	Neural network (MLP)	57	SRR14762242	GSM5364335	0	0.0	3.4652092040232674e-07
SRR-level repeated CV	Neural network (MLP)	57	SRR14762243	GSM5364335	0	0.0	9.462016237193893e-08
SRR-level repeated CV	Neural network (MLP)	57	SRR14762246	GSM5364337	1	1.0	1.0
SRR-level repeated CV	Neural network (MLP)	58	SRR14762244	GSM5364336	0	1.0	1.0
SRR-level repeated CV	Neural network (MLP)	58	SRR14762245	GSM5364336	0	1.0	1.0
SRR-level repeated CV	Neural network (MLP)	58	SRR14762252	GSM5364339	1	1.0	1.0
SRR-level repeated CV	Neural network (MLP)	59	SRR14762241	GSM5364334	0	0.0	0.0
SRR-level repeated CV	Neural network (MLP)	59	SRR14762247	GSM5364337	1	1.0	1.0
SRR-level repeated CV	Neural network (MLP)	59	SRR14762248	GSM5364338	1	1.0	1.0
SRR-level repeated CV	Neural network (MLP)	60	SRR14762238	GSM5364333	0	0.0	0.197240948677063
SRR-level repeated CV	Neural network (MLP)	60	SRR14762250	GSM5364338	1	1.0	0.963678777217865
SRR-level repeated CV	Neural network (MLP)	61	SRR14762241	GSM5364334	0	0.0	0.0024335659109055996
SRR-level repeated CV	Neural network (MLP)	61	SRR14762243	GSM5364335	0	0.0	0.006566478870809078
SRR-level repeated CV	Neural network (MLP)	61	SRR14762250	GSM5364338	1	1.0	0.9604082703590393
SRR-level repeated CV	Neural network (MLP)	62	SRR14762238	GSM5364333	0	1.0	0.7732643485069275
SRR-level repeated CV	Neural network (MLP)	62	SRR14762244	GSM5364336	0	0.0	2.942703921348981e-18
SRR-level repeated CV	Neural network (MLP)	62	SRR14762246	GSM5364337	1	1.0	1.0
SRR-level repeated CV	Neural network (MLP)	63	SRR14762242	GSM5364335	0	0.0	0.0
SRR-level repeated CV	Neural network (MLP)	63	SRR14762245	GSM5364336	0	0.0	0.0
SRR-level repeated CV	Neural network (MLP)	63	SRR14762251	GSM5364339	1	1.0	1.0
SRR-level repeated CV	Neural network (MLP)	64	SRR14762240	GSM5364334	0	0.0	0.0017889054724946618
SRR-level repeated CV	Neural network (MLP)	64	SRR14762247	GSM5364337	1	1.0	0.9926109910011292
SRR-level repeated CV	Neural network (MLP)	64	SRR14762248	GSM5364338	1	1.0	0.901683509349823
SRR-level repeated CV	Neural network (MLP)	65	SRR14762239	GSM5364333	0	0.0	7.581714100979298e-08
SRR-level repeated CV	Neural network (MLP)	65	SRR14762252	GSM5364339	1	1.0	1.0
SRR-level repeated CV	Neural network (MLP)	66	SRR14762238	GSM5364333	0	0.0	0.2809886634349823
SRR-level repeated CV	Neural network (MLP)	66	SRR14762245	GSM5364336	0	0.0	0.0
SRR-level repeated CV	Neural network (MLP)	66	SRR14762252	GSM5364339	1	1.0	1.0
SRR-level repeated CV	Neural network (MLP)	67	SRR14762241	GSM5364334	0	0.0	0.0
SRR-level repeated CV	Neural network (MLP)	67	SRR14762243	GSM5364335	0	0.0	3.243469415755931e-37
SRR-level repeated CV	Neural network (MLP)	67	SRR14762248	GSM5364338	1	0.0	0.35194554924964905
SRR-level repeated CV	Neural network (MLP)	68	SRR14762240	GSM5364334	0	0.0	0.002313539618626237
SRR-level repeated CV	Neural network (MLP)	68	SRR14762242	GSM5364335	0	0.0	0.007197733037173748
SRR-level repeated CV	Neural network (MLP)	68	SRR14762246	GSM5364337	1	1.0	0.9767006039619446
SRR-level repeated CV	Neural network (MLP)	69	SRR14762239	GSM5364333	0	0.0	0.44952917098999023
SRR-level repeated CV	Neural network (MLP)	69	SRR14762247	GSM5364337	1	1.0	0.9939570426940918
SRR-level repeated CV	Neural network (MLP)	69	SRR14762251	GSM5364339	1	1.0	0.9946086406707764
SRR-level repeated CV	Neural network (MLP)	70	SRR14762244	GSM5364336	0	0.0	0.0
SRR-level repeated CV	Neural network (MLP)	70	SRR14762250	GSM5364338	1	0.0	1.1850980240100275e-17
SRR-level repeated CV	Neural network (MLP)	71	SRR14762239	GSM5364333	0	1.0	0.5733002424240112
SRR-level repeated CV	Neural network (MLP)	71	SRR14762241	GSM5364334	0	0.0	0.0027061905711889267
SRR-level repeated CV	Neural network (MLP)	71	SRR14762246	GSM5364337	1	1.0	0.9922618865966797
SRR-level repeated CV	Neural network (MLP)	72	SRR14762240	GSM5364334	0	0.0	0.0
SRR-level repeated CV	Neural network (MLP)	72	SRR14762242	GSM5364335	0	0.0	0.0
SRR-level repeated CV	Neural network (MLP)	72	SRR14762250	GSM5364338	1	1.0	1.0
SRR-level repeated CV	Neural network (MLP)	73	SRR14762238	GSM5364333	0	0.0	0.3479290306568146
SRR-level repeated CV	Neural network (MLP)	73	SRR14762243	GSM5364335	0	0.0	0.013568637892603874
SRR-level repeated CV	Neural network (MLP)	73	SRR14762252	GSM5364339	1	1.0	0.9950562715530396
SRR-level repeated CV	Neural network (MLP)	74	SRR14762245	GSM5364336	0	0.0	1.1842026216764542e-18
SRR-level repeated CV	Neural network (MLP)	74	SRR14762247	GSM5364337	1	1.0	1.0
SRR-level repeated CV	Neural network (MLP)	74	SRR14762248	GSM5364338	1	1.0	1.0
SRR-level repeated CV	Neural network (MLP)	75	SRR14762244	GSM5364336	0	0.0	0.0
SRR-level repeated CV	Neural network (MLP)	75	SRR14762251	GSM5364339	1	1.0	1.0
SRR-level repeated CV	Neural network (MLP)	76	SRR14762241	GSM5364334	0	0.0	0.0
SRR-level repeated CV	Neural network (MLP)	76	SRR14762243	GSM5364335	0	0.0	3.243469415755931e-37
SRR-level repeated CV	Neural network (MLP)	76	SRR14762248	GSM5364338	1	0.0	0.35194554924964905
SRR-level repeated CV	Neural network (MLP)	77	SRR14762239	GSM5364333	0	0.0	0.3405250906944275
SRR-level repeated CV	Neural network (MLP)	77	SRR14762240	GSM5364334	0	0.0	0.002518558409065008
SRR-level repeated CV	Neural network (MLP)	77	SRR14762251	GSM5364339	1	1.0	0.9936133027076721
SRR-level repeated CV	Neural network (MLP)	78	SRR14762244	GSM5364336	0	1.0	1.0
SRR-level repeated CV	Neural network (MLP)	78	SRR14762245	GSM5364336	0	1.0	1.0
SRR-level repeated CV	Neural network (MLP)	78	SRR14762252	GSM5364339	1	1.0	1.0
SRR-level repeated CV	Neural network (MLP)	79	SRR14762238	GSM5364333	0	1.0	1.0
SRR-level repeated CV	Neural network (MLP)	79	SRR14762246	GSM5364337	1	1.0	1.0
SRR-level repeated CV	Neural network (MLP)	79	SRR14762247	GSM5364337	1	1.0	1.0
SRR-level repeated CV	Neural network (MLP)	80	SRR14762242	GSM5364335	0	0.0	6.799074589220023e-37
SRR-level repeated CV	Neural network (MLP)	80	SRR14762250	GSM5364338	1	1.0	0.8521602749824524
SRR-level repeated CV	Neural network (MLP)	81	SRR14762240	GSM5364334	0	0.0	0.0021642756182700396
SRR-level repeated CV	Neural network (MLP)	81	SRR14762244	GSM5364336	0	0.0	0.004214118700474501
SRR-level repeated CV	Neural network (MLP)	81	SRR14762250	GSM5364338	1	1.0	0.8417586088180542
SRR-level repeated CV	Neural network (MLP)	82	SRR14762238	GSM5364333	0	0.0	6.856729684374458e-25
SRR-level repeated CV	Neural network (MLP)	82	SRR14762241	GSM5364334	0	0.0	0.0
SRR-level repeated CV	Neural network (MLP)	82	SRR14762246	GSM5364337	1	1.0	1.0
SRR-level repeated CV	Neural network (MLP)	83	SRR14762239	GSM5364333	0	0.0	1.3098913997608405e-28
SRR-level repeated CV	Neural network (MLP)	83	SRR14762245	GSM5364336	0	0.0	0.0
SRR-level repeated CV	Neural network (MLP)	83	SRR14762248	GSM5364338	1	1.0	1.0
SRR-level repeated CV	Neural network (MLP)	84	SRR14762243	GSM5364335	0	0.0	0.008825867436826229
SRR-level repeated CV	Neural network (MLP)	84	SRR14762251	GSM5364339	1	1.0	0.8056204915046692
SRR-level repeated CV	Neural network (MLP)	84	SRR14762252	GSM5364339	1	1.0	0.7991065979003906
SRR-level repeated CV	Neural network (MLP)	85	SRR14762242	GSM5364335	0	0.0	0.009405936114490032
SRR-level repeated CV	Neural network (MLP)	85	SRR14762247	GSM5364337	1	1.0	0.9927465319633484
SRR-level repeated CV	Neural network (MLP)	86	SRR14762239	GSM5364333	0	0.0	4.068255634592788e-07
SRR-level repeated CV	Neural network (MLP)	86	SRR14762243	GSM5364335	0	0.0	1.1933016796440242e-29
SRR-level repeated CV	Neural network (MLP)	86	SRR14762248	GSM5364338	1	1.0	1.0
SRR-level repeated CV	Neural network (MLP)	87	SRR14762238	GSM5364333	0	0.0	0.1545715481042862
SRR-level repeated CV	Neural network (MLP)	87	SRR14762244	GSM5364336	0	0.0	0.003103399183601141
SRR-level repeated CV	Neural network (MLP)	87	SRR14762250	GSM5364338	1	1.0	0.943516194820404
SRR-level repeated CV	Neural network (MLP)	88	SRR14762242	GSM5364335	0	0.0	0.0
SRR-level repeated CV	Neural network (MLP)	88	SRR14762245	GSM5364336	0	0.0	0.0
SRR-level repeated CV	Neural network (MLP)	88	SRR14762251	GSM5364339	1	1.0	1.0
SRR-level repeated CV	Neural network (MLP)	89	SRR14762240	GSM5364334	0	0.0	0.0
SRR-level repeated CV	Neural network (MLP)	89	SRR14762246	GSM5364337	1	1.0	1.0
SRR-level repeated CV	Neural network (MLP)	89	SRR14762252	GSM5364339	1	1.0	1.0
SRR-level repeated CV	Neural network (MLP)	90	SRR14762241	GSM5364334	0	0.0	0.0012239301577210426
SRR-level repeated CV	Neural network (MLP)	90	SRR14762247	GSM5364337	1	1.0	0.9835084080696106
SRR-level repeated CV	Neural network (MLP)	91	SRR14762242	GSM5364335	0	0.0	0.0070527102798223495
SRR-level repeated CV	Neural network (MLP)	91	SRR14762245	GSM5364336	0	0.0	0.007385403383523226
SRR-level repeated CV	Neural network (MLP)	91	SRR14762250	GSM5364338	1	1.0	0.9675500988960266
SRR-level repeated CV	Neural network (MLP)	92	SRR14762238	GSM5364333	0	0.0	0.22556817531585693
SRR-level repeated CV	Neural network (MLP)	92	SRR14762241	GSM5364334	0	0.0	0.0030384459532797337
SRR-level repeated CV	Neural network (MLP)	92	SRR14762252	GSM5364339	1	1.0	0.991685152053833
SRR-level repeated CV	Neural network (MLP)	93	SRR14762240	GSM5364334	0	0.0	0.0013638779055327177
SRR-level repeated CV	Neural network (MLP)	93	SRR14762244	GSM5364336	0	0.0	0.001683680573478341
SRR-level repeated CV	Neural network (MLP)	93	SRR14762251	GSM5364339	1	1.0	0.9839567542076111
SRR-level repeated CV	Neural network (MLP)	94	SRR14762239	GSM5364333	0	0.0	0.045146431773900986
SRR-level repeated CV	Neural network (MLP)	94	SRR14762247	GSM5364337	1	1.0	0.9941353797912598
SRR-level repeated CV	Neural network (MLP)	94	SRR14762248	GSM5364338	1	1.0	0.9539080262184143
SRR-level repeated CV	Neural network (MLP)	95	SRR14762243	GSM5364335	0	0.0	9.629370217867361e-12
SRR-level repeated CV	Neural network (MLP)	95	SRR14762246	GSM5364337	1	1.0	1.0
SRR-level repeated CV	Neural network (MLP)	96	SRR14762241	GSM5364334	0	0.0	0.0
SRR-level repeated CV	Neural network (MLP)	96	SRR14762244	GSM5364336	0	0.0	0.0
SRR-level repeated CV	Neural network (MLP)	96	SRR14762248	GSM5364338	1	0.0	2.3709142288330654e-11
SRR-level repeated CV	Neural network (MLP)	97	SRR14762240	GSM5364334	0	0.0	2.607158365444707e-35
SRR-level repeated CV	Neural network (MLP)	97	SRR14762243	GSM5364335	0	0.0	3.842714991694751e-13
SRR-level repeated CV	Neural network (MLP)	97	SRR14762246	GSM5364337	1	1.0	1.0
SRR-level repeated CV	Neural network (MLP)	98	SRR14762238	GSM5364333	0	1.0	1.0
SRR-level repeated CV	Neural network (MLP)	98	SRR14762239	GSM5364333	0	1.0	1.0
SRR-level repeated CV	Neural network (MLP)	98	SRR14762247	GSM5364337	1	1.0	1.0
SRR-level repeated CV	Neural network (MLP)	99	SRR14762242	GSM5364335	0	0.0	0.2623218297958374
SRR-level repeated CV	Neural network (MLP)	99	SRR14762250	GSM5364338	1	1.0	1.0
SRR-level repeated CV	Neural network (MLP)	99	SRR14762251	GSM5364339	1	1.0	1.0
SRR-level repeated CV	Neural network (MLP)	100	SRR14762245	GSM5364336	0	0.0	0.0035022899974137545
SRR-level repeated CV	Neural network (MLP)	100	SRR14762252	GSM5364339	1	1.0	0.9939622282981873
SRR-level repeated CV	Neural network (MLP)	101	SRR14762238	GSM5364333	0	1.0	0.5693808197975159
SRR-level repeated CV	Neural network (MLP)	101	SRR14762243	GSM5364335	0	0.0	0.011561702005565166
SRR-level repeated CV	Neural network (MLP)	101	SRR14762246	GSM5364337	1	1.0	0.9933110475540161
SRR-level repeated CV	Neural network (MLP)	102	SRR14762241	GSM5364334	0	0.0	9.037958436999337e-26
SRR-level repeated CV	Neural network (MLP)	102	SRR14762245	GSM5364336	0	0.0	2.493968573324956e-12
SRR-level repeated CV	Neural network (MLP)	102	SRR14762247	GSM5364337	1	1.0	1.0
SRR-level repeated CV	Neural network (MLP)	103	SRR14762242	GSM5364335	0	0.0	0.008893313817679882
SRR-level repeated CV	Neural network (MLP)	103	SRR14762244	GSM5364336	0	0.0	0.004408170934766531
SRR-level repeated CV	Neural network (MLP)	103	SRR14762250	GSM5364338	1	1.0	0.8931117057800293
SRR-level repeated CV	Neural network (MLP)	104	SRR14762240	GSM5364334	0	0.0	0.0
SRR-level repeated CV	Neural network (MLP)	104	SRR14762248	GSM5364338	1	1.0	1.0
SRR-level repeated CV	Neural network (MLP)	104	SRR14762251	GSM5364339	1	1.0	1.0
SRR-level repeated CV	Neural network (MLP)	105	SRR14762239	GSM5364333	0	0.0	7.581714100979298e-08
SRR-level repeated CV	Neural network (MLP)	105	SRR14762252	GSM5364339	1	1.0	1.0
SRR-level repeated CV	Neural network (MLP)	106	SRR14762240	GSM5364334	0	0.0	7.95442517193049e-34
SRR-level repeated CV	Neural network (MLP)	106	SRR14762244	GSM5364336	0	0.0	5.846678523038368e-36
SRR-level repeated CV	Neural network (MLP)	106	SRR14762248	GSM5364338	1	1.0	1.0
SRR-level repeated CV	Neural network (MLP)	107	SRR14762241	GSM5364334	0	0.0	0.0
SRR-level repeated CV	Neural network (MLP)	107	SRR14762245	GSM5364336	0	0.0	0.0
SRR-level repeated CV	Neural network (MLP)	107	SRR14762246	GSM5364337	1	1.0	1.0
SRR-level repeated CV	Neural network (MLP)	108	SRR14762242	GSM5364335	0	0.0	0.13169075548648834
SRR-level repeated CV	Neural network (MLP)	108	SRR14762243	GSM5364335	0	0.0	0.12364422529935837
SRR-level repeated CV	Neural network (MLP)	108	SRR14762251	GSM5364339	1	1.0	0.9962414503097534
SRR-level repeated CV	Neural network (MLP)	109	SRR14762238	GSM5364333	0	0.0	0.16135773062705994
SRR-level repeated CV	Neural network (MLP)	109	SRR14762247	GSM5364337	1	1.0	0.9946396946907043
SRR-level repeated CV	Neural network (MLP)	109	SRR14762250	GSM5364338	1	1.0	0.9733166098594666
SRR-level repeated CV	Neural network (MLP)	110	SRR14762239	GSM5364333	0	0.0	7.581714100979298e-08
SRR-level repeated CV	Neural network (MLP)	110	SRR14762252	GSM5364339	1	1.0	1.0
SRR-level repeated CV	Neural network (MLP)	111	SRR14762238	GSM5364333	0	1.0	1.0
SRR-level repeated CV	Neural network (MLP)	111	SRR14762239	GSM5364333	0	1.0	1.0
SRR-level repeated CV	Neural network (MLP)	111	SRR14762247	GSM5364337	1	1.0	1.0
SRR-level repeated CV	Neural network (MLP)	112	SRR14762244	GSM5364336	0	0.0	0.07392843812704086
SRR-level repeated CV	Neural network (MLP)	112	SRR14762245	GSM5364336	0	0.0	0.09809932112693787
SRR-level repeated CV	Neural network (MLP)	112	SRR14762251	GSM5364339	1	1.0	0.9889020919799805
SRR-level repeated CV	Neural network (MLP)	113	SRR14762242	GSM5364335	0	0.0	3.5483116485736203e-15
SRR-level repeated CV	Neural network (MLP)	113	SRR14762243	GSM5364335	0	0.0	2.301375547497929e-16
SRR-level repeated CV	Neural network (MLP)	113	SRR14762252	GSM5364339	1	1.0	1.0
SRR-level repeated CV	Neural network (MLP)	114	SRR14762241	GSM5364334	0	0.0	0.0029915599152445793
SRR-level repeated CV	Neural network (MLP)	114	SRR14762246	GSM5364337	1	1.0	0.9917404651641846
SRR-level repeated CV	Neural network (MLP)	114	SRR14762248	GSM5364338	1	1.0	0.9246804714202881
SRR-level repeated CV	Neural network (MLP)	115	SRR14762240	GSM5364334	0	0.0	0.0027042762376368046
SRR-level repeated CV	Neural network (MLP)	115	SRR14762250	GSM5364338	1	1.0	0.9594742059707642
SRR-level repeated CV	Neural network (MLP)	116	SRR14762239	GSM5364333	0	0.0	2.2867013171889994e-07
SRR-level repeated CV	Neural network (MLP)	116	SRR14762242	GSM5364335	0	0.0	5.927527155706126e-20
SRR-level repeated CV	Neural network (MLP)	116	SRR14762252	GSM5364339	1	1.0	1.0
SRR-level repeated CV	Neural network (MLP)	117	SRR14762240	GSM5364334	0	0.0	0.0
SRR-level repeated CV	Neural network (MLP)	117	SRR14762245	GSM5364336	0	0.0	9.571637853208975e-30
SRR-level repeated CV	Neural network (MLP)	117	SRR14762246	GSM5364337	1	1.0	1.0
SRR-level repeated CV	Neural network (MLP)	118	SRR14762238	GSM5364333	0	0.0	8.439908440128348e-25
SRR-level repeated CV	Neural network (MLP)	118	SRR14762241	GSM5364334	0	0.0	3.033351652452275e-31
SRR-level repeated CV	Neural network (MLP)	118	SRR14762251	GSM5364339	1	1.0	1.0
SRR-level repeated CV	Neural network (MLP)	119	SRR14762244	GSM5364336	0	0.0	2.0392874944263895e-08
SRR-level repeated CV	Neural network (MLP)	119	SRR14762247	GSM5364337	1	1.0	1.0
SRR-level repeated CV	Neural network (MLP)	119	SRR14762250	GSM5364338	1	0.0	5.500982336315019e-09
SRR-level repeated CV	Neural network (MLP)	120	SRR14762243	GSM5364335	0	0.0	0.0079971207305789
SRR-level repeated CV	Neural network (MLP)	120	SRR14762248	GSM5364338	1	1.0	0.9814764857292175
SRR-level repeated CV	Neural network (MLP)	121	SRR14762238	GSM5364333	0	0.0	4.6932702962274186e-33
SRR-level repeated CV	Neural network (MLP)	121	SRR14762245	GSM5364336	0	0.0	6.201179847398208e-11
SRR-level repeated CV	Neural network (MLP)	121	SRR14762251	GSM5364339	1	1.0	1.0
SRR-level repeated CV	Neural network (MLP)	122	SRR14762240	GSM5364334	0	0.0	0.006561227608472109
SRR-level repeated CV	Neural network (MLP)	122	SRR14762241	GSM5364334	0	0.0	0.0064732348546385765
SRR-level repeated CV	Neural network (MLP)	122	SRR14762252	GSM5364339	1	1.0	0.9909302592277527
SRR-level repeated CV	Neural network (MLP)	123	SRR14762239	GSM5364333	0	0.0	0.0
SRR-level repeated CV	Neural network (MLP)	123	SRR14762243	GSM5364335	0	0.0	1.20802363150515e-34
SRR-level repeated CV	Neural network (MLP)	123	SRR14762246	GSM5364337	1	1.0	1.0
SRR-level repeated CV	Neural network (MLP)	124	SRR14762244	GSM5364336	0	0.0	0.0
SRR-level repeated CV	Neural network (MLP)	124	SRR14762248	GSM5364338	1	0.0	7.455240721778142e-18
SRR-level repeated CV	Neural network (MLP)	124	SRR14762250	GSM5364338	1	0.0	2.4861872839791808e-17
SRR-level repeated CV	Neural network (MLP)	125	SRR14762242	GSM5364335	0	0.0	0.009405936114490032
SRR-level repeated CV	Neural network (MLP)	125	SRR14762247	GSM5364337	1	1.0	0.9927465319633484
SRR-level repeated CV	Neural network (MLP)	126	SRR14762238	GSM5364333	0	0.0	0.2809886634349823
SRR-level repeated CV	Neural network (MLP)	126	SRR14762245	GSM5364336	0	0.0	0.0
SRR-level repeated CV	Neural network (MLP)	126	SRR14762252	GSM5364339	1	1.0	1.0
SRR-level repeated CV	Neural network (MLP)	127	SRR14762240	GSM5364334	0	0.0	0.0
SRR-level repeated CV	Neural network (MLP)	127	SRR14762243	GSM5364335	0	0.0	2.4613706643125818e-23
SRR-level repeated CV	Neural network (MLP)	127	SRR14762247	GSM5364337	1	1.0	1.0
SRR-level repeated CV	Neural network (MLP)	128	SRR14762242	GSM5364335	0	0.0	0.008893313817679882
SRR-level repeated CV	Neural network (MLP)	128	SRR14762244	GSM5364336	0	0.0	0.004408170934766531
SRR-level repeated CV	Neural network (MLP)	128	SRR14762250	GSM5364338	1	1.0	0.8931117057800293
SRR-level repeated CV	Neural network (MLP)	129	SRR14762239	GSM5364333	0	0.0	0.09456944465637207
SRR-level repeated CV	Neural network (MLP)	129	SRR14762246	GSM5364337	1	1.0	0.9954155683517456
SRR-level repeated CV	Neural network (MLP)	129	SRR14762248	GSM5364338	1	1.0	0.9571377635002136
SRR-level repeated CV	Neural network (MLP)	130	SRR14762241	GSM5364334	0	0.0	0.0
SRR-level repeated CV	Neural network (MLP)	130	SRR14762251	GSM5364339	1	1.0	1.0
SRR-level repeated CV	Neural network (MLP)	131	SRR14762238	GSM5364333	0	0.0	0.0
SRR-level repeated CV	Neural network (MLP)	131	SRR14762242	GSM5364335	0	0.0	5.030677243667014e-07
SRR-level repeated CV	Neural network (MLP)	131	SRR14762246	GSM5364337	1	1.0	1.0
SRR-level repeated CV	Neural network (MLP)	132	SRR14762243	GSM5364335	0	0.0	0.00818823091685772
SRR-level repeated CV	Neural network (MLP)	132	SRR14762244	GSM5364336	0	0.0	0.00549837714061141
SRR-level repeated CV	Neural network (MLP)	132	SRR14762250	GSM5364338	1	1.0	0.9539566040039062
SRR-level repeated CV	Neural network (MLP)	133	SRR14762239	GSM5364333	0	0.0	0.16166231036186218
SRR-level repeated CV	Neural network (MLP)	133	SRR14762241	GSM5364334	0	0.0	0.005560269113630056
SRR-level repeated CV	Neural network (MLP)	133	SRR14762248	GSM5364338	1	1.0	0.9700737595558167
SRR-level repeated CV	Neural network (MLP)	134	SRR14762240	GSM5364334	0	0.0	1.6783819180386033e-37
SRR-level repeated CV	Neural network (MLP)	134	SRR14762247	GSM5364337	1	1.0	1.0
SRR-level repeated CV	Neural network (MLP)	134	SRR14762252	GSM5364339	1	1.0	1.0
SRR-level repeated CV	Neural network (MLP)	135	SRR14762245	GSM5364336	0	0.0	1.9085495005993078e-22
SRR-level repeated CV	Neural network (MLP)	135	SRR14762251	GSM5364339	1	1.0	1.0
SRR-level repeated CV	Neural network (MLP)	136	SRR14762240	GSM5364334	0	0.0	0.0020373952575027943
SRR-level repeated CV	Neural network (MLP)	136	SRR14762244	GSM5364336	0	0.0	0.0038477182388305664
SRR-level repeated CV	Neural network (MLP)	136	SRR14762247	GSM5364337	1	1.0	0.981622576713562
SRR-level repeated CV	Neural network (MLP)	137	SRR14762238	GSM5364333	0	0.0	0.3590880334377289
SRR-level repeated CV	Neural network (MLP)	137	SRR14762243	GSM5364335	0	0.0	0.010559781454503536
SRR-level repeated CV	Neural network (MLP)	137	SRR14762251	GSM5364339	1	1.0	0.9940963983535767
SRR-level repeated CV	Neural network (MLP)	138	SRR14762241	GSM5364334	0	0.0	0.0
SRR-level repeated CV	Neural network (MLP)	138	SRR14762245	GSM5364336	0	0.0	0.0
SRR-level repeated CV	Neural network (MLP)	138	SRR14762246	GSM5364337	1	1.0	1.0
SRR-level repeated CV	Neural network (MLP)	139	SRR14762242	GSM5364335	0	0.0	4.810327691728844e-10
SRR-level repeated CV	Neural network (MLP)	139	SRR14762248	GSM5364338	1	0.0	8.76769450911098e-30
SRR-level repeated CV	Neural network (MLP)	139	SRR14762250	GSM5364338	1	0.0	2.3786820319962752e-30
SRR-level repeated CV	Neural network (MLP)	140	SRR14762239	GSM5364333	0	0.0	7.581714100979298e-08
SRR-level repeated CV	Neural network (MLP)	140	SRR14762252	GSM5364339	1	1.0	1.0
SRR-level repeated CV	Neural network (MLP)	141	SRR14762239	GSM5364333	0	0.0	0.3697655498981476
SRR-level repeated CV	Neural network (MLP)	141	SRR14762243	GSM5364335	0	0.0	0.009007161483168602
SRR-level repeated CV	Neural network (MLP)	141	SRR14762247	GSM5364337	1	1.0	0.9894157648086548
SRR-level repeated CV	Neural network (MLP)	142	SRR14762238	GSM5364333	0	0.0	0.0
SRR-level repeated CV	Neural network (MLP)	142	SRR14762242	GSM5364335	0	0.0	5.030677243667014e-07
SRR-level repeated CV	Neural network (MLP)	142	SRR14762246	GSM5364337	1	1.0	1.0
SRR-level repeated CV	Neural network (MLP)	143	SRR14762241	GSM5364334	0	0.0	0.0
SRR-level repeated CV	Neural network (MLP)	143	SRR14762244	GSM5364336	0	0.0	0.0
SRR-level repeated CV	Neural network (MLP)	143	SRR14762248	GSM5364338	1	0.0	2.3709142288330654e-11
SRR-level repeated CV	Neural network (MLP)	144	SRR14762240	GSM5364334	0	0.0	0.0014287872472777963
SRR-level repeated CV	Neural network (MLP)	144	SRR14762251	GSM5364339	1	1.0	0.8658846020698547
SRR-level repeated CV	Neural network (MLP)	144	SRR14762252	GSM5364339	1	1.0	0.8596805334091187
SRR-level repeated CV	Neural network (MLP)	145	SRR14762245	GSM5364336	0	0.0	0.004092354793101549
SRR-level repeated CV	Neural network (MLP)	145	SRR14762250	GSM5364338	1	1.0	0.8895684480667114
SRR-level repeated CV	Neural network (MLP)	146	SRR14762240	GSM5364334	0	0.0	0.0
SRR-level repeated CV	Neural network (MLP)	146	SRR14762245	GSM5364336	0	0.0	9.571637853208975e-30
SRR-level repeated CV	Neural network (MLP)	146	SRR14762246	GSM5364337	1	1.0	1.0
SRR-level repeated CV	Neural network (MLP)	147	SRR14762242	GSM5364335	0	0.0	0.11603862047195435
SRR-level repeated CV	Neural network (MLP)	147	SRR14762243	GSM5364335	0	0.0	0.11101427674293518
SRR-level repeated CV	Neural network (MLP)	147	SRR14762248	GSM5364338	1	1.0	0.9568416476249695
SRR-level repeated CV	Neural network (MLP)	148	SRR14762238	GSM5364333	0	0.0	0.2669741213321686
SRR-level repeated CV	Neural network (MLP)	148	SRR14762241	GSM5364334	0	0.0	0.0016496439930051565
SRR-level repeated CV	Neural network (MLP)	148	SRR14762250	GSM5364338	1	1.0	0.9830392599105835
SRR-level repeated CV	Neural network (MLP)	149	SRR14762239	GSM5364333	0	0.0	0.44952917098999023
SRR-level repeated CV	Neural network (MLP)	149	SRR14762247	GSM5364337	1	1.0	0.9939570426940918
SRR-level repeated CV	Neural network (MLP)	149	SRR14762251	GSM5364339	1	1.0	0.9946086406707764
SRR-level repeated CV	Neural network (MLP)	150	SRR14762244	GSM5364336	0	0.0	0.0
SRR-level repeated CV	Neural network (MLP)	150	SRR14762252	GSM5364339	1	1.0	1.0
SRR-level repeated CV	Random forest	1	SRR14762238	GSM5364333	0	0.0	0.482
SRR-level repeated CV	Random forest	1	SRR14762240	GSM5364334	0	0.0	0.118
SRR-level repeated CV	Random forest	1	SRR14762247	GSM5364337	1	1.0	0.726
SRR-level repeated CV	Random forest	2	SRR14762242	GSM5364335	0	0.0	0.25
SRR-level repeated CV	Random forest	2	SRR14762244	GSM5364336	0	0.0	0.224
SRR-level repeated CV	Random forest	2	SRR14762252	GSM5364339	1	1.0	0.698
SRR-level repeated CV	Random forest	3	SRR14762239	GSM5364333	0	1.0	0.524
SRR-level repeated CV	Random forest	3	SRR14762243	GSM5364335	0	0.0	0.232
SRR-level repeated CV	Random forest	3	SRR14762251	GSM5364339	1	1.0	0.71
SRR-level repeated CV	Random forest	4	SRR14762245	GSM5364336	0	0.0	0.236
SRR-level repeated CV	Random forest	4	SRR14762248	GSM5364338	1	0.0	0.406
SRR-level repeated CV	Random forest	4	SRR14762250	GSM5364338	1	0.0	0.412
SRR-level repeated CV	Random forest	5	SRR14762241	GSM5364334	0	0.0	0.122
SRR-level repeated CV	Random forest	5	SRR14762246	GSM5364337	1	1.0	0.69
SRR-level repeated CV	Random forest	6	SRR14762240	GSM5364334	0	0.0	0.258
SRR-level repeated CV	Random forest	6	SRR14762241	GSM5364334	0	0.0	0.258
SRR-level repeated CV	Random forest	6	SRR14762248	GSM5364338	1	1.0	0.622
SRR-level repeated CV	Random forest	7	SRR14762242	GSM5364335	0	0.0	0.35
SRR-level repeated CV	Random forest	7	SRR14762243	GSM5364335	0	0.0	0.336
SRR-level repeated CV	Random forest	7	SRR14762251	GSM5364339	1	1.0	0.692
SRR-level repeated CV	Random forest	8	SRR14762239	GSM5364333	0	0.0	0.47
SRR-level repeated CV	Random forest	8	SRR14762244	GSM5364336	0	0.0	0.184
SRR-level repeated CV	Random forest	8	SRR14762247	GSM5364337	1	1.0	0.732
SRR-level repeated CV	Random forest	9	SRR14762238	GSM5364333	0	1.0	0.582
SRR-level repeated CV	Random forest	9	SRR14762246	GSM5364337	1	1.0	0.7
SRR-level repeated CV	Random forest	9	SRR14762252	GSM5364339	1	1.0	0.698
SRR-level repeated CV	Random forest	10	SRR14762245	GSM5364336	0	0.0	0.21
SRR-level repeated CV	Random forest	10	SRR14762250	GSM5364338	1	1.0	0.64
SRR-level repeated CV	Random forest	11	SRR14762240	GSM5364334	0	0.0	0.162
SRR-level repeated CV	Random forest	11	SRR14762244	GSM5364336	0	0.0	0.188
SRR-level repeated CV	Random forest	11	SRR14762246	GSM5364337	1	1.0	0.722
SRR-level repeated CV	Random forest	12	SRR14762239	GSM5364333	0	0.0	0.47
SRR-level repeated CV	Random forest	12	SRR14762245	GSM5364336	0	0.0	0.204
SRR-level repeated CV	Random forest	12	SRR14762248	GSM5364338	1	1.0	0.694
SRR-level repeated CV	Random forest	13	SRR14762242	GSM5364335	0	0.0	0.302
SRR-level repeated CV	Random forest	13	SRR14762243	GSM5364335	0	0.0	0.318
SRR-level repeated CV	Random forest	13	SRR14762252	GSM5364339	1	1.0	0.666
SRR-level repeated CV	Random forest	14	SRR14762238	GSM5364333	0	0.0	0.466
SRR-level repeated CV	Random forest	14	SRR14762247	GSM5364337	1	1.0	0.748
SRR-level repeated CV	Random forest	14	SRR14762250	GSM5364338	1	1.0	0.698
SRR-level repeated CV	Random forest	15	SRR14762241	GSM5364334	0	0.0	0.152
SRR-level repeated CV	Random forest	15	SRR14762251	GSM5364339	1	1.0	0.73
SRR-level repeated CV	Random forest	16	SRR14762238	GSM5364333	0	1.0	0.762
SRR-level repeated CV	Random forest	16	SRR14762239	GSM5364333	0	1.0	0.77
SRR-level repeated CV	Random forest	16	SRR14762252	GSM5364339	1	1.0	0.72
SRR-level repeated CV	Random forest	17	SRR14762242	GSM5364335	0	0.0	0.242
SRR-level repeated CV	Random forest	17	SRR14762245	GSM5364336	0	0.0	0.202
SRR-level repeated CV	Random forest	17	SRR14762246	GSM5364337	1	1.0	0.694
SRR-level repeated CV	Random forest	18	SRR14762240	GSM5364334	0	0.0	0.16
SRR-level repeated CV	Random forest	18	SRR14762243	GSM5364335	0	0.0	0.234
SRR-level repeated CV	Random forest	18	SRR14762251	GSM5364339	1	1.0	0.706
SRR-level repeated CV	Random forest	19	SRR14762241	GSM5364334	0	0.0	0.156
SRR-level repeated CV	Random forest	19	SRR14762247	GSM5364337	1	1.0	0.696
SRR-level repeated CV	Random forest	19	SRR14762248	GSM5364338	1	1.0	0.666
SRR-level repeated CV	Random forest	20	SRR14762244	GSM5364336	0	0.0	0.162
SRR-level repeated CV	Random forest	20	SRR14762250	GSM5364338	1	1.0	0.636
SRR-level repeated CV	Random forest	21	SRR14762243	GSM5364335	0	0.0	0.262
SRR-level repeated CV	Random forest	21	SRR14762244	GSM5364336	0	0.0	0.19
SRR-level repeated CV	Random forest	21	SRR14762251	GSM5364339	1	1.0	0.71
SRR-level repeated CV	Random forest	22	SRR14762239	GSM5364333	0	1.0	0.516
SRR-level repeated CV	Random forest	22	SRR14762242	GSM5364335	0	0.0	0.238
SRR-level repeated CV	Random forest	22	SRR14762252	GSM5364339	1	1.0	0.76
SRR-level repeated CV	Random forest	23	SRR14762240	GSM5364334	0	0.0	0.178
SRR-level repeated CV	Random forest	23	SRR14762245	GSM5364336	0	0.0	0.176
SRR-level repeated CV	Random forest	23	SRR14762246	GSM5364337	1	1.0	0.704
SRR-level repeated CV	Random forest	24	SRR14762241	GSM5364334	0	0.0	0.156
SRR-level repeated CV	Random forest	24	SRR14762247	GSM5364337	1	1.0	0.696
SRR-level repeated CV	Random forest	24	SRR14762248	GSM5364338	1	1.0	0.666
SRR-level repeated CV	Random forest	25	SRR14762238	GSM5364333	0	0.0	0.5
SRR-level repeated CV	Random forest	25	SRR14762250	GSM5364338	1	1.0	0.678
SRR-level repeated CV	Random forest	26	SRR14762238	GSM5364333	0	0.0	0.486
SRR-level repeated CV	Random forest	26	SRR14762241	GSM5364334	0	0.0	0.138
SRR-level repeated CV	Random forest	26	SRR14762251	GSM5364339	1	1.0	0.712
SRR-level repeated CV	Random forest	27	SRR14762240	GSM5364334	0	0.0	0.176
SRR-level repeated CV	Random forest	27	SRR14762245	GSM5364336	0	0.0	0.222
SRR-level repeated CV	Random forest	27	SRR14762248	GSM5364338	1	1.0	0.586
SRR-level repeated CV	Random forest	28	SRR14762239	GSM5364333	0	0.0	0.49
SRR-level repeated CV	Random forest	28	SRR14762242	GSM5364335	0	0.0	0.25
SRR-level repeated CV	Random forest	28	SRR14762247	GSM5364337	1	1.0	0.726
SRR-level repeated CV	Random forest	29	SRR14762243	GSM5364335	0	0.0	0.222
SRR-level repeated CV	Random forest	29	SRR14762246	GSM5364337	1	1.0	0.672
SRR-level repeated CV	Random forest	29	SRR14762250	GSM5364338	1	1.0	0.678
SRR-level repeated CV	Random forest	30	SRR14762244	GSM5364336	0	0.0	0.156
SRR-level repeated CV	Random forest	30	SRR14762252	GSM5364339	1	1.0	0.696
SRR-level repeated CV	Random forest	31	SRR14762239	GSM5364333	0	0.0	0.498
SRR-level repeated CV	Random forest	31	SRR14762244	GSM5364336	0	0.0	0.188
SRR-level repeated CV	Random forest	31	SRR14762246	GSM5364337	1	1.0	0.714
SRR-level repeated CV	Random forest	32	SRR14762238	GSM5364333	0	1.0	0.518
SRR-level repeated CV	Random forest	32	SRR14762245	GSM5364336	0	0.0	0.178
SRR-level repeated CV	Random forest	32	SRR14762252	GSM5364339	1	1.0	0.716
SRR-level repeated CV	Random forest	33	SRR14762240	GSM5364334	0	0.0	0.186
SRR-level repeated CV	Random forest	33	SRR14762243	GSM5364335	0	0.0	0.25
SRR-level repeated CV	Random forest	33	SRR14762247	GSM5364337	1	1.0	0.69
SRR-level repeated CV	Random forest	34	SRR14762242	GSM5364335	0	0.0	0.204
SRR-level repeated CV	Random forest	34	SRR14762248	GSM5364338	1	0.0	0.418
SRR-level repeated CV	Random forest	34	SRR14762250	GSM5364338	1	0.0	0.434
SRR-level repeated CV	Random forest	35	SRR14762241	GSM5364334	0	0.0	0.152
SRR-level repeated CV	Random forest	35	SRR14762251	GSM5364339	1	1.0	0.73
SRR-level repeated CV	Random forest	36	SRR14762240	GSM5364334	0	0.0	0.204
SRR-level repeated CV	Random forest	36	SRR14762241	GSM5364334	0	0.0	0.186
SRR-level repeated CV	Random forest	36	SRR14762247	GSM5364337	1	1.0	0.692
SRR-level repeated CV	Random forest	37	SRR14762239	GSM5364333	0	0.0	0.458
SRR-level repeated CV	Random forest	37	SRR14762244	GSM5364336	0	0.0	0.188
SRR-level repeated CV	Random forest	37	SRR14762250	GSM5364338	1	1.0	0.696
SRR-level repeated CV	Random forest	38	SRR14762238	GSM5364333	0	0.0	0.5
SRR-level repeated CV	Random forest	38	SRR14762245	GSM5364336	0	0.0	0.184
SRR-level repeated CV	Random forest	38	SRR14762248	GSM5364338	1	1.0	0.678
SRR-level repeated CV	Random forest	39	SRR14762242	GSM5364335	0	0.0	0.232
SRR-level repeated CV	Random forest	39	SRR14762246	GSM5364337	1	1.0	0.722
SRR-level repeated CV	Random forest	39	SRR14762252	GSM5364339	1	1.0	0.712
SRR-level repeated CV	Random forest	40	SRR14762243	GSM5364335	0	0.0	0.188
SRR-level repeated CV	Random forest	40	SRR14762251	GSM5364339	1	1.0	0.712
SRR-level repeated CV	Random forest	41	SRR14762243	GSM5364335	0	0.0	0.26
SRR-level repeated CV	Random forest	41	SRR14762244	GSM5364336	0	0.0	0.236
SRR-level repeated CV	Random forest	41	SRR14762250	GSM5364338	1	1.0	0.648
SRR-level repeated CV	Random forest	42	SRR14762239	GSM5364333	0	0.0	0.452
SRR-level repeated CV	Random forest	42	SRR14762242	GSM5364335	0	0.0	0.248
SRR-level repeated CV	Random forest	42	SRR14762246	GSM5364337	1	1.0	0.706
SRR-level repeated CV	Random forest	43	SRR14762240	GSM5364334	0	0.0	0.204
SRR-level repeated CV	Random forest	43	SRR14762241	GSM5364334	0	0.0	0.186
SRR-level repeated CV	Random forest	43	SRR14762247	GSM5364337	1	1.0	0.692
SRR-level repeated CV	Random forest	44	SRR14762238	GSM5364333	0	0.0	0.486
SRR-level repeated CV	Random forest	44	SRR14762248	GSM5364338	1	1.0	0.7
SRR-level repeated CV	Random forest	44	SRR14762252	GSM5364339	1	1.0	0.75
SRR-level repeated CV	Random forest	45	SRR14762245	GSM5364336	0	0.0	0.178
SRR-level repeated CV	Random forest	45	SRR14762251	GSM5364339	1	1.0	0.658
SRR-level repeated CV	Random forest	46	SRR14762239	GSM5364333	0	0.0	0.474
SRR-level repeated CV	Random forest	46	SRR14762245	GSM5364336	0	0.0	0.198
SRR-level repeated CV	Random forest	46	SRR14762250	GSM5364338	1	1.0	0.686
SRR-level repeated CV	Random forest	47	SRR14762242	GSM5364335	0	0.0	0.342
SRR-level repeated CV	Random forest	47	SRR14762243	GSM5364335	0	0.0	0.328
SRR-level repeated CV	Random forest	47	SRR14762246	GSM5364337	1	1.0	0.738
SRR-level repeated CV	Random forest	48	SRR14762238	GSM5364333	0	0.0	0.494
SRR-level repeated CV	Random forest	48	SRR14762241	GSM5364334	0	0.0	0.15
SRR-level repeated CV	Random forest	48	SRR14762252	GSM5364339	1	1.0	0.66
SRR-level repeated CV	Random forest	49	SRR14762240	GSM5364334	0	0.0	0.176
SRR-level repeated CV	Random forest	49	SRR14762247	GSM5364337	1	1.0	0.686
SRR-level repeated CV	Random forest	49	SRR14762248	GSM5364338	1	1.0	0.634
SRR-level repeated CV	Random forest	50	SRR14762244	GSM5364336	0	0.0	0.176
SRR-level repeated CV	Random forest	50	SRR14762251	GSM5364339	1	1.0	0.71
SRR-level repeated CV	Random forest	51	SRR14762242	GSM5364335	0	0.0	0.23
SRR-level repeated CV	Random forest	51	SRR14762245	GSM5364336	0	0.0	0.182
SRR-level repeated CV	Random forest	51	SRR14762250	GSM5364338	1	1.0	0.606
SRR-level repeated CV	Random forest	52	SRR14762240	GSM5364334	0	0.0	0.198
SRR-level repeated CV	Random forest	52	SRR14762241	GSM5364334	0	0.0	0.174
SRR-level repeated CV	Random forest	52	SRR14762251	GSM5364339	1	1.0	0.668
SRR-level repeated CV	Random forest	53	SRR14762238	GSM5364333	0	1.0	0.728
SRR-level repeated CV	Random forest	53	SRR14762239	GSM5364333	0	1.0	0.744
SRR-level repeated CV	Random forest	53	SRR14762248	GSM5364338	1	1.0	0.782
SRR-level repeated CV	Random forest	54	SRR14762244	GSM5364336	0	0.0	0.198
SRR-level repeated CV	Random forest	54	SRR14762246	GSM5364337	1	1.0	0.666
SRR-level repeated CV	Random forest	54	SRR14762252	GSM5364339	1	1.0	0.676
SRR-level repeated CV	Random forest	55	SRR14762243	GSM5364335	0	0.0	0.226
SRR-level repeated CV	Random forest	55	SRR14762247	GSM5364337	1	1.0	0.706
SRR-level repeated CV	Random forest	56	SRR14762239	GSM5364333	0	0.0	0.484
SRR-level repeated CV	Random forest	56	SRR14762240	GSM5364334	0	0.0	0.14
SRR-level repeated CV	Random forest	56	SRR14762251	GSM5364339	1	1.0	0.668
SRR-level repeated CV	Random forest	57	SRR14762242	GSM5364335	0	0.0	0.342
SRR-level repeated CV	Random forest	57	SRR14762243	GSM5364335	0	0.0	0.328
SRR-level repeated CV	Random forest	57	SRR14762246	GSM5364337	1	1.0	0.738
SRR-level repeated CV	Random forest	58	SRR14762244	GSM5364336	0	0.0	0.276
SRR-level repeated CV	Random forest	58	SRR14762245	GSM5364336	0	0.0	0.258
SRR-level repeated CV	Random forest	58	SRR14762252	GSM5364339	1	1.0	0.716
SRR-level repeated CV	Random forest	59	SRR14762241	GSM5364334	0	0.0	0.156
SRR-level repeated CV	Random forest	59	SRR14762247	GSM5364337	1	1.0	0.696
SRR-level repeated CV	Random forest	59	SRR14762248	GSM5364338	1	1.0	0.666
SRR-level repeated CV	Random forest	60	SRR14762238	GSM5364333	0	0.0	0.5
SRR-level repeated CV	Random forest	60	SRR14762250	GSM5364338	1	1.0	0.678
SRR-level repeated CV	Random forest	61	SRR14762241	GSM5364334	0	0.0	0.162
SRR-level repeated CV	Random forest	61	SRR14762243	GSM5364335	0	0.0	0.242
SRR-level repeated CV	Random forest	61	SRR14762250	GSM5364338	1	1.0	0.612
SRR-level repeated CV	Random forest	62	SRR14762238	GSM5364333	0	0.0	0.478
SRR-level repeated CV	Random forest	62	SRR14762244	GSM5364336	0	0.0	0.17
SRR-level repeated CV	Random forest	62	SRR14762246	GSM5364337	1	1.0	0.712
SRR-level repeated CV	Random forest	63	SRR14762242	GSM5364335	0	0.0	0.222
SRR-level repeated CV	Random forest	63	SRR14762245	GSM5364336	0	0.0	0.188
SRR-level repeated CV	Random forest	63	SRR14762251	GSM5364339	1	1.0	0.656
SRR-level repeated CV	Random forest	64	SRR14762240	GSM5364334	0	0.0	0.176
SRR-level repeated CV	Random forest	64	SRR14762247	GSM5364337	1	1.0	0.686
SRR-level repeated CV	Random forest	64	SRR14762248	GSM5364338	1	1.0	0.634
SRR-level repeated CV	Random forest	65	SRR14762239	GSM5364333	0	1.0	0.522
SRR-level repeated CV	Random forest	65	SRR14762252	GSM5364339	1	1.0	0.716
SRR-level repeated CV	Random forest	66	SRR14762238	GSM5364333	0	1.0	0.518
SRR-level repeated CV	Random forest	66	SRR14762245	GSM5364336	0	0.0	0.178
SRR-level repeated CV	Random forest	66	SRR14762252	GSM5364339	1	1.0	0.716
SRR-level repeated CV	Random forest	67	SRR14762241	GSM5364334	0	0.0	0.202
SRR-level repeated CV	Random forest	67	SRR14762243	GSM5364335	0	0.0	0.236
SRR-level repeated CV	Random forest	67	SRR14762248	GSM5364338	1	1.0	0.638
SRR-level repeated CV	Random forest	68	SRR14762240	GSM5364334	0	0.0	0.132
SRR-level repeated CV	Random forest	68	SRR14762242	GSM5364335	0	0.0	0.232
SRR-level repeated CV	Random forest	68	SRR14762246	GSM5364337	1	1.0	0.708
SRR-level repeated CV	Random forest	69	SRR14762239	GSM5364333	0	1.0	0.504
SRR-level repeated CV	Random forest	69	SRR14762247	GSM5364337	1	1.0	0.698
SRR-level repeated CV	Random forest	69	SRR14762251	GSM5364339	1	1.0	0.716
SRR-level repeated CV	Random forest	70	SRR14762244	GSM5364336	0	0.0	0.162
SRR-level repeated CV	Random forest	70	SRR14762250	GSM5364338	1	1.0	0.636
SRR-level repeated CV	Random forest	71	SRR14762239	GSM5364333	0	0.0	0.486
SRR-level repeated CV	Random forest	71	SRR14762241	GSM5364334	0	0.0	0.14
SRR-level repeated CV	Random forest	71	SRR14762246	GSM5364337	1	1.0	0.712
SRR-level repeated CV	Random forest	72	SRR14762240	GSM5364334	0	0.0	0.134
SRR-level repeated CV	Random forest	72	SRR14762242	GSM5364335	0	0.0	0.226
SRR-level repeated CV	Random forest	72	SRR14762250	GSM5364338	1	1.0	0.616
SRR-level repeated CV	Random forest	73	SRR14762238	GSM5364333	0	1.0	0.506
SRR-level repeated CV	Random forest	73	SRR14762243	GSM5364335	0	0.0	0.26
SRR-level repeated CV	Random forest	73	SRR14762252	GSM5364339	1	1.0	0.72
SRR-level repeated CV	Random forest	74	SRR14762245	GSM5364336	0	0.0	0.24
SRR-level repeated CV	Random forest	74	SRR14762247	GSM5364337	1	1.0	0.716
SRR-level repeated CV	Random forest	74	SRR14762248	GSM5364338	1	1.0	0.63
SRR-level repeated CV	Random forest	75	SRR14762244	GSM5364336	0	0.0	0.176
SRR-level repeated CV	Random forest	75	SRR14762251	GSM5364339	1	1.0	0.71
SRR-level repeated CV	Random forest	76	SRR14762241	GSM5364334	0	0.0	0.202
SRR-level repeated CV	Random forest	76	SRR14762243	GSM5364335	0	0.0	0.236
SRR-level repeated CV	Random forest	76	SRR14762248	GSM5364338	1	1.0	0.638
SRR-level repeated CV	Random forest	77	SRR14762239	GSM5364333	0	0.0	0.484
SRR-level repeated CV	Random forest	77	SRR14762240	GSM5364334	0	0.0	0.14
SRR-level repeated CV	Random forest	77	SRR14762251	GSM5364339	1	1.0	0.668
SRR-level repeated CV	Random forest	78	SRR14762244	GSM5364336	0	0.0	0.276
SRR-level repeated CV	Random forest	78	SRR14762245	GSM5364336	0	0.0	0.258
SRR-level repeated CV	Random forest	78	SRR14762252	GSM5364339	1	1.0	0.716
SRR-level repeated CV	Random forest	79	SRR14762238	GSM5364333	0	1.0	0.514
SRR-level repeated CV	Random forest	79	SRR14762246	GSM5364337	1	1.0	0.578
SRR-level repeated CV	Random forest	79	SRR14762247	GSM5364337	1	1.0	0.578
SRR-level repeated CV	Random forest	80	SRR14762242	GSM5364335	0	0.0	0.18
SRR-level repeated CV	Random forest	80	SRR14762250	GSM5364338	1	1.0	0.654
SRR-level repeated CV	Random forest	81	SRR14762240	GSM5364334	0	0.0	0.18
SRR-level repeated CV	Random forest	81	SRR14762244	GSM5364336	0	0.0	0.186
SRR-level repeated CV	Random forest	81	SRR14762250	GSM5364338	1	1.0	0.62
SRR-level repeated CV	Random forest	82	SRR14762238	GSM5364333	0	0.0	0.49
SRR-level repeated CV	Random forest	82	SRR14762241	GSM5364334	0	0.0	0.148
SRR-level repeated CV	Random forest	82	SRR14762246	GSM5364337	1	1.0	0.694
SRR-level repeated CV	Random forest	83	SRR14762239	GSM5364333	0	0.0	0.47
SRR-level repeated CV	Random forest	83	SRR14762245	GSM5364336	0	0.0	0.204
SRR-level repeated CV	Random forest	83	SRR14762248	GSM5364338	1	1.0	0.694
SRR-level repeated CV	Random forest	84	SRR14762243	GSM5364335	0	0.0	0.228
SRR-level repeated CV	Random forest	84	SRR14762251	GSM5364339	1	1.0	0.56
SRR-level repeated CV	Random forest	84	SRR14762252	GSM5364339	1	1.0	0.564
SRR-level repeated CV	Random forest	85	SRR14762242	GSM5364335	0	0.0	0.226
SRR-level repeated CV	Random forest	85	SRR14762247	GSM5364337	1	1.0	0.688
SRR-level repeated CV	Random forest	86	SRR14762239	GSM5364333	0	0.0	0.422
SRR-level repeated CV	Random forest	86	SRR14762243	GSM5364335	0	0.0	0.242
SRR-level repeated CV	Random forest	86	SRR14762248	GSM5364338	1	1.0	0.658
SRR-level repeated CV	Random forest	87	SRR14762238	GSM5364333	0	0.0	0.472
SRR-level repeated CV	Random forest	87	SRR14762244	GSM5364336	0	0.0	0.16
SRR-level repeated CV	Random forest	87	SRR14762250	GSM5364338	1	1.0	0.674
SRR-level repeated CV	Random forest	88	SRR14762242	GSM5364335	0	0.0	0.222
SRR-level repeated CV	Random forest	88	SRR14762245	GSM5364336	0	0.0	0.188
SRR-level repeated CV	Random forest	88	SRR14762251	GSM5364339	1	1.0	0.656
SRR-level repeated CV	Random forest	89	SRR14762240	GSM5364334	0	0.0	0.17
SRR-level repeated CV	Random forest	89	SRR14762246	GSM5364337	1	1.0	0.71
SRR-level repeated CV	Random forest	89	SRR14762252	GSM5364339	1	1.0	0.686
SRR-level repeated CV	Random forest	90	SRR14762241	GSM5364334	0	0.0	0.104
SRR-level repeated CV	Random forest	90	SRR14762247	GSM5364337	1	1.0	0.68
SRR-level repeated CV	Random forest	91	SRR14762242	GSM5364335	0	0.0	0.23
SRR-level repeated CV	Random forest	91	SRR14762245	GSM5364336	0	0.0	0.182
SRR-level repeated CV	Random forest	91	SRR14762250	GSM5364338	1	1.0	0.606
SRR-level repeated CV	Random forest	92	SRR14762238	GSM5364333	0	0.0	0.494
SRR-level repeated CV	Random forest	92	SRR14762241	GSM5364334	0	0.0	0.15
SRR-level repeated CV	Random forest	92	SRR14762252	GSM5364339	1	1.0	0.66
SRR-level repeated CV	Random forest	93	SRR14762240	GSM5364334	0	0.0	0.19
SRR-level repeated CV	Random forest	93	SRR14762244	GSM5364336	0	0.0	0.164
SRR-level repeated CV	Random forest	93	SRR14762251	GSM5364339	1	1.0	0.702
SRR-level repeated CV	Random forest	94	SRR14762239	GSM5364333	0	1.0	0.526
SRR-level repeated CV	Random forest	94	SRR14762247	GSM5364337	1	1.0	0.724
SRR-level repeated CV	Random forest	94	SRR14762248	GSM5364338	1	1.0	0.738
SRR-level repeated CV	Random forest	95	SRR14762243	GSM5364335	0	0.0	0.252
SRR-level repeated CV	Random forest	95	SRR14762246	GSM5364337	1	1.0	0.68
SRR-level repeated CV	Random forest	96	SRR14762241	GSM5364334	0	0.0	0.208
SRR-level repeated CV	Random forest	96	SRR14762244	GSM5364336	0	0.0	0.21
SRR-level repeated CV	Random forest	96	SRR14762248	GSM5364338	1	1.0	0.662
SRR-level repeated CV	Random forest	97	SRR14762240	GSM5364334	0	0.0	0.138
SRR-level repeated CV	Random forest	97	SRR14762243	GSM5364335	0	0.0	0.188
SRR-level repeated CV	Random forest	97	SRR14762246	GSM5364337	1	1.0	0.69
SRR-level repeated CV	Random forest	98	SRR14762238	GSM5364333	0	1.0	0.758
SRR-level repeated CV	Random forest	98	SRR14762239	GSM5364333	0	1.0	0.752
SRR-level repeated CV	Random forest	98	SRR14762247	GSM5364337	1	1.0	0.774
SRR-level repeated CV	Random forest	99	SRR14762242	GSM5364335	0	0.0	0.202
SRR-level repeated CV	Random forest	99	SRR14762250	GSM5364338	1	1.0	0.678
SRR-level repeated CV	Random forest	99	SRR14762251	GSM5364339	1	1.0	0.698
SRR-level repeated CV	Random forest	100	SRR14762245	GSM5364336	0	0.0	0.158
SRR-level repeated CV	Random forest	100	SRR14762252	GSM5364339	1	1.0	0.684
SRR-level repeated CV	Random forest	101	SRR14762238	GSM5364333	0	1.0	0.532
SRR-level repeated CV	Random forest	101	SRR14762243	GSM5364335	0	0.0	0.27
SRR-level repeated CV	Random forest	101	SRR14762246	GSM5364337	1	1.0	0.672
SRR-level repeated CV	Random forest	102	SRR14762241	GSM5364334	0	0.0	0.15
SRR-level repeated CV	Random forest	102	SRR14762245	GSM5364336	0	0.0	0.24
SRR-level repeated CV	Random forest	102	SRR14762247	GSM5364337	1	1.0	0.7
SRR-level repeated CV	Random forest	103	SRR14762242	GSM5364335	0	0.0	0.232
SRR-level repeated CV	Random forest	103	SRR14762244	GSM5364336	0	0.0	0.184
SRR-level repeated CV	Random forest	103	SRR14762250	GSM5364338	1	1.0	0.608
SRR-level repeated CV	Random forest	104	SRR14762240	GSM5364334	0	0.0	0.174
SRR-level repeated CV	Random forest	104	SRR14762248	GSM5364338	1	1.0	0.654
SRR-level repeated CV	Random forest	104	SRR14762251	GSM5364339	1	1.0	0.694
SRR-level repeated CV	Random forest	105	SRR14762239	GSM5364333	0	1.0	0.522
SRR-level repeated CV	Random forest	105	SRR14762252	GSM5364339	1	1.0	0.716
SRR-level repeated CV	Random forest	106	SRR14762240	GSM5364334	0	0.0	0.19
SRR-level repeated CV	Random forest	106	SRR14762244	GSM5364336	0	0.0	0.21
SRR-level repeated CV	Random forest	106	SRR14762248	GSM5364338	1	1.0	0.632
SRR-level repeated CV	Random forest	107	SRR14762241	GSM5364334	0	0.0	0.146
SRR-level repeated CV	Random forest	107	SRR14762245	GSM5364336	0	0.0	0.192
SRR-level repeated CV	Random forest	107	SRR14762246	GSM5364337	1	1.0	0.694
SRR-level repeated CV	Random forest	108	SRR14762242	GSM5364335	0	0.0	0.35
SRR-level repeated CV	Random forest	108	SRR14762243	GSM5364335	0	0.0	0.336
SRR-level repeated CV	Random forest	108	SRR14762251	GSM5364339	1	1.0	0.692
SRR-level repeated CV	Random forest	109	SRR14762238	GSM5364333	0	0.0	0.466
SRR-level repeated CV	Random forest	109	SRR14762247	GSM5364337	1	1.0	0.748
SRR-level repeated CV	Random forest	109	SRR14762250	GSM5364338	1	1.0	0.698
SRR-level repeated CV	Random forest	110	SRR14762239	GSM5364333	0	1.0	0.522
SRR-level repeated CV	Random forest	110	SRR14762252	GSM5364339	1	1.0	0.716
SRR-level repeated CV	Random forest	111	SRR14762238	GSM5364333	0	1.0	0.758
SRR-level repeated CV	Random forest	111	SRR14762239	GSM5364333	0	1.0	0.752
SRR-level repeated CV	Random forest	111	SRR14762247	GSM5364337	1	1.0	0.774
SRR-level repeated CV	Random forest	112	SRR14762244	GSM5364336	0	0.0	0.224
SRR-level repeated CV	Random forest	112	SRR14762245	GSM5364336	0	0.0	0.252
SRR-level repeated CV	Random forest	112	SRR14762251	GSM5364339	1	1.0	0.72
SRR-level repeated CV	Random forest	113	SRR14762242	GSM5364335	0	0.0	0.302
SRR-level repeated CV	Random forest	113	SRR14762243	GSM5364335	0	0.0	0.318
SRR-level repeated CV	Random forest	113	SRR14762252	GSM5364339	1	1.0	0.666
SRR-level repeated CV	Random forest	114	SRR14762241	GSM5364334	0	0.0	0.194
SRR-level repeated CV	Random forest	114	SRR14762246	GSM5364337	1	1.0	0.718
SRR-level repeated CV	Random forest	114	SRR14762248	GSM5364338	1	1.0	0.644
SRR-level repeated CV	Random forest	115	SRR14762240	GSM5364334	0	0.0	0.154
SRR-level repeated CV	Random forest	115	SRR14762250	GSM5364338	1	1.0	0.606
SRR-level repeated CV	Random forest	116	SRR14762239	GSM5364333	0	1.0	0.516
SRR-level repeated CV	Random forest	116	SRR14762242	GSM5364335	0	0.0	0.238
SRR-level repeated CV	Random forest	116	SRR14762252	GSM5364339	1	1.0	0.76
SRR-level repeated CV	Random forest	117	SRR14762240	GSM5364334	0	0.0	0.178
SRR-level repeated CV	Random forest	117	SRR14762245	GSM5364336	0	0.0	0.176
SRR-level repeated CV	Random forest	117	SRR14762246	GSM5364337	1	1.0	0.704
SRR-level repeated CV	Random forest	118	SRR14762238	GSM5364333	0	0.0	0.486
SRR-level repeated CV	Random forest	118	SRR14762241	GSM5364334	0	0.0	0.138
SRR-level repeated CV	Random forest	118	SRR14762251	GSM5364339	1	1.0	0.712
SRR-level repeated CV	Random forest	119	SRR14762244	GSM5364336	0	0.0	0.184
SRR-level repeated CV	Random forest	119	SRR14762247	GSM5364337	1	1.0	0.692
SRR-level repeated CV	Random forest	119	SRR14762250	GSM5364338	1	1.0	0.624
SRR-level repeated CV	Random forest	120	SRR14762243	GSM5364335	0	0.0	0.244
SRR-level repeated CV	Random forest	120	SRR14762248	GSM5364338	1	1.0	0.622
SRR-level repeated CV	Random forest	121	SRR14762238	GSM5364333	0	1.0	0.504
SRR-level repeated CV	Random forest	121	SRR14762245	GSM5364336	0	0.0	0.194
SRR-level repeated CV	Random forest	121	SRR14762251	GSM5364339	1	1.0	0.728
SRR-level repeated CV	Random forest	122	SRR14762240	GSM5364334	0	0.0	0.27
SRR-level repeated CV	Random forest	122	SRR14762241	GSM5364334	0	0.0	0.22
SRR-level repeated CV	Random forest	122	SRR14762252	GSM5364339	1	1.0	0.726
SRR-level repeated CV	Random forest	123	SRR14762239	GSM5364333	0	1.0	0.508
SRR-level repeated CV	Random forest	123	SRR14762243	GSM5364335	0	0.0	0.278
SRR-level repeated CV	Random forest	123	SRR14762246	GSM5364337	1	1.0	0.724
SRR-level repeated CV	Random forest	124	SRR14762244	GSM5364336	0	0.0	0.222
SRR-level repeated CV	Random forest	124	SRR14762248	GSM5364338	1	0.0	0.422
SRR-level repeated CV	Random forest	124	SRR14762250	GSM5364338	1	0.0	0.46
SRR-level repeated CV	Random forest	125	SRR14762242	GSM5364335	0	0.0	0.226
SRR-level repeated CV	Random forest	125	SRR14762247	GSM5364337	1	1.0	0.688
SRR-level repeated CV	Random forest	126	SRR14762238	GSM5364333	0	1.0	0.518
SRR-level repeated CV	Random forest	126	SRR14762245	GSM5364336	0	0.0	0.178
SRR-level repeated CV	Random forest	126	SRR14762252	GSM5364339	1	1.0	0.716
SRR-level repeated CV	Random forest	127	SRR14762240	GSM5364334	0	0.0	0.186
SRR-level repeated CV	Random forest	127	SRR14762243	GSM5364335	0	0.0	0.25
SRR-level repeated CV	Random forest	127	SRR14762247	GSM5364337	1	1.0	0.69
SRR-level repeated CV	Random forest	128	SRR14762242	GSM5364335	0	0.0	0.232
SRR-level repeated CV	Random forest	128	SRR14762244	GSM5364336	0	0.0	0.184
SRR-level repeated CV	Random forest	128	SRR14762250	GSM5364338	1	1.0	0.608
SRR-level repeated CV	Random forest	129	SRR14762239	GSM5364333	0	1.0	0.51
SRR-level repeated CV	Random forest	129	SRR14762246	GSM5364337	1	1.0	0.744
SRR-level repeated CV	Random forest	129	SRR14762248	GSM5364338	1	1.0	0.714
SRR-level repeated CV	Random forest	130	SRR14762241	GSM5364334	0	0.0	0.152
SRR-level repeated CV	Random forest	130	SRR14762251	GSM5364339	1	1.0	0.73
SRR-level repeated CV	Random forest	131	SRR14762238	GSM5364333	0	0.0	0.5
SRR-level repeated CV	Random forest	131	SRR14762242	GSM5364335	0	0.0	0.258
SRR-level repeated CV	Random forest	131	SRR14762246	GSM5364337	1	1.0	0.722
SRR-level repeated CV	Random forest	132	SRR14762243	GSM5364335	0	0.0	0.26
SRR-level repeated CV	Random forest	132	SRR14762244	GSM5364336	0	0.0	0.236
SRR-level repeated CV	Random forest	132	SRR14762250	GSM5364338	1	1.0	0.648
SRR-level repeated CV	Random forest	133	SRR14762239	GSM5364333	0	0.0	0.482
SRR-level repeated CV	Random forest	133	SRR14762241	GSM5364334	0	0.0	0.128
SRR-level repeated CV	Random forest	133	SRR14762248	GSM5364338	1	1.0	0.678
SRR-level repeated CV	Random forest	134	SRR14762240	GSM5364334	0	0.0	0.16
SRR-level repeated CV	Random forest	134	SRR14762247	GSM5364337	1	1.0	0.672
SRR-level repeated CV	Random forest	134	SRR14762252	GSM5364339	1	1.0	0.704
SRR-level repeated CV	Random forest	135	SRR14762245	GSM5364336	0	0.0	0.178
SRR-level repeated CV	Random forest	135	SRR14762251	GSM5364339	1	1.0	0.658
SRR-level repeated CV	Random forest	136	SRR14762240	GSM5364334	0	0.0	0.156
SRR-level repeated CV	Random forest	136	SRR14762244	GSM5364336	0	0.0	0.182
SRR-level repeated CV	Random forest	136	SRR14762247	GSM5364337	1	1.0	0.694
SRR-level repeated CV	Random forest	137	SRR14762238	GSM5364333	0	0.0	0.48
SRR-level repeated CV	Random forest	137	SRR14762243	GSM5364335	0	0.0	0.238
SRR-level repeated CV	Random forest	137	SRR14762251	GSM5364339	1	1.0	0.7
SRR-level repeated CV	Random forest	138	SRR14762241	GSM5364334	0	0.0	0.146
SRR-level repeated CV	Random forest	138	SRR14762245	GSM5364336	0	0.0	0.192
SRR-level repeated CV	Random forest	138	SRR14762246	GSM5364337	1	1.0	0.694
SRR-level repeated CV	Random forest	139	SRR14762242	GSM5364335	0	0.0	0.204
SRR-level repeated CV	Random forest	139	SRR14762248	GSM5364338	1	0.0	0.418
SRR-level repeated CV	Random forest	139	SRR14762250	GSM5364338	1	0.0	0.434
SRR-level repeated CV	Random forest	140	SRR14762239	GSM5364333	0	1.0	0.522
SRR-level repeated CV	Random forest	140	SRR14762252	GSM5364339	1	1.0	0.716
SRR-level repeated CV	Random forest	141	SRR14762239	GSM5364333	0	1.0	0.508
SRR-level repeated CV	Random forest	141	SRR14762243	GSM5364335	0	0.0	0.234
SRR-level repeated CV	Random forest	141	SRR14762247	GSM5364337	1	1.0	0.748
SRR-level repeated CV	Random forest	142	SRR14762238	GSM5364333	0	0.0	0.5
SRR-level repeated CV	Random forest	142	SRR14762242	GSM5364335	0	0.0	0.258
SRR-level repeated CV	Random forest	142	SRR14762246	GSM5364337	1	1.0	0.722
SRR-level repeated CV	Random forest	143	SRR14762241	GSM5364334	0	0.0	0.208
SRR-level repeated CV	Random forest	143	SRR14762244	GSM5364336	0	0.0	0.21
SRR-level repeated CV	Random forest	143	SRR14762248	GSM5364338	1	1.0	0.662
SRR-level repeated CV	Random forest	144	SRR14762240	GSM5364334	0	0.0	0.126
SRR-level repeated CV	Random forest	144	SRR14762251	GSM5364339	1	0.0	0.458
SRR-level repeated CV	Random forest	144	SRR14762252	GSM5364339	1	0.0	0.474
SRR-level repeated CV	Random forest	145	SRR14762245	GSM5364336	0	0.0	0.21
SRR-level repeated CV	Random forest	145	SRR14762250	GSM5364338	1	1.0	0.64
SRR-level repeated CV	Random forest	146	SRR14762240	GSM5364334	0	0.0	0.178
SRR-level repeated CV	Random forest	146	SRR14762245	GSM5364336	0	0.0	0.176
SRR-level repeated CV	Random forest	146	SRR14762246	GSM5364337	1	1.0	0.704
SRR-level repeated CV	Random forest	147	SRR14762242	GSM5364335	0	0.0	0.346
SRR-level repeated CV	Random forest	147	SRR14762243	GSM5364335	0	0.0	0.34
SRR-level repeated CV	Random forest	147	SRR14762248	GSM5364338	1	1.0	0.632
SRR-level repeated CV	Random forest	148	SRR14762238	GSM5364333	0	0.0	0.45
SRR-level repeated CV	Random forest	148	SRR14762241	GSM5364334	0	0.0	0.162
SRR-level repeated CV	Random forest	148	SRR14762250	GSM5364338	1	1.0	0.654
SRR-level repeated CV	Random forest	149	SRR14762239	GSM5364333	0	1.0	0.504
SRR-level repeated CV	Random forest	149	SRR14762247	GSM5364337	1	1.0	0.698
SRR-level repeated CV	Random forest	149	SRR14762251	GSM5364339	1	1.0	0.716
SRR-level repeated CV	Random forest	150	SRR14762244	GSM5364336	0	0.0	0.156
SRR-level repeated CV	Random forest	150	SRR14762252	GSM5364339	1	1.0	0.696
SRR-level repeated CV	SVM (RBF)	1	SRR14762238	GSM5364333	0	0.0	0.5230411174636995
SRR-level repeated CV	SVM (RBF)	1	SRR14762240	GSM5364334	0	0.0	0.27554454846048315
SRR-level repeated CV	SVM (RBF)	1	SRR14762247	GSM5364337	1	1.0	0.7053003410798844
SRR-level repeated CV	SVM (RBF)	2	SRR14762242	GSM5364335	0	0.0	0.5683423896759169
SRR-level repeated CV	SVM (RBF)	2	SRR14762244	GSM5364336	0	0.0	0.5970689252734276
SRR-level repeated CV	SVM (RBF)	2	SRR14762252	GSM5364339	1	1.0	0.3096857698145146
SRR-level repeated CV	SVM (RBF)	3	SRR14762239	GSM5364333	0	1.0	0.4887094752859015
SRR-level repeated CV	SVM (RBF)	3	SRR14762243	GSM5364335	0	0.0	0.4198462642950547
SRR-level repeated CV	SVM (RBF)	3	SRR14762251	GSM5364339	1	1.0	0.5409104389266097
SRR-level repeated CV	SVM (RBF)	4	SRR14762245	GSM5364336	0	0.0	0.04798197766586176
SRR-level repeated CV	SVM (RBF)	4	SRR14762248	GSM5364338	1	0.0	0.2086257748709349
SRR-level repeated CV	SVM (RBF)	4	SRR14762250	GSM5364338	1	0.0	0.20870165374456634
SRR-level repeated CV	SVM (RBF)	5	SRR14762241	GSM5364334	0	0.0	0.10612394794930935
SRR-level repeated CV	SVM (RBF)	5	SRR14762246	GSM5364337	1	1.0	0.8204279721120035
SRR-level repeated CV	SVM (RBF)	6	SRR14762240	GSM5364334	0	0.0	0.33990402419629573
SRR-level repeated CV	SVM (RBF)	6	SRR14762241	GSM5364334	0	0.0	0.33607846497635013
SRR-level repeated CV	SVM (RBF)	6	SRR14762248	GSM5364338	1	1.0	0.5441330037108334
SRR-level repeated CV	SVM (RBF)	7	SRR14762242	GSM5364335	0	0.0	0.45912665659515084
SRR-level repeated CV	SVM (RBF)	7	SRR14762243	GSM5364335	0	0.0	0.4586927409423846
SRR-level repeated CV	SVM (RBF)	7	SRR14762251	GSM5364339	1	1.0	0.5073671570437349
SRR-level repeated CV	SVM (RBF)	8	SRR14762239	GSM5364333	0	1.0	0.4918267561232966
SRR-level repeated CV	SVM (RBF)	8	SRR14762244	GSM5364336	0	0.0	0.3446370281557428
SRR-level repeated CV	SVM (RBF)	8	SRR14762247	GSM5364337	1	1.0	0.5961360227069922
SRR-level repeated CV	SVM (RBF)	9	SRR14762238	GSM5364333	0	0.0	0.38773091605753346
SRR-level repeated CV	SVM (RBF)	9	SRR14762246	GSM5364337	1	1.0	0.4014716364655798
SRR-level repeated CV	SVM (RBF)	9	SRR14762252	GSM5364339	1	1.0	0.40099029214065485
SRR-level repeated CV	SVM (RBF)	10	SRR14762245	GSM5364336	0	0.0	0.1265443590299721
SRR-level repeated CV	SVM (RBF)	10	SRR14762250	GSM5364338	1	1.0	0.6052826645930266
SRR-level repeated CV	SVM (RBF)	11	SRR14762240	GSM5364334	0	0.0	0.5954559537560703
SRR-level repeated CV	SVM (RBF)	11	SRR14762244	GSM5364336	0	0.0	0.5977809560758027
SRR-level repeated CV	SVM (RBF)	11	SRR14762246	GSM5364337	1	1.0	0.3372192150568526
SRR-level repeated CV	SVM (RBF)	12	SRR14762239	GSM5364333	0	0.0	0.4576519624936338
SRR-level repeated CV	SVM (RBF)	12	SRR14762245	GSM5364336	0	0.0	0.3052045260014441
SRR-level repeated CV	SVM (RBF)	12	SRR14762248	GSM5364338	1	1.0	0.5858198193732423
SRR-level repeated CV	SVM (RBF)	13	SRR14762242	GSM5364335	0	0.0	0.45912789159341666
SRR-level repeated CV	SVM (RBF)	13	SRR14762243	GSM5364335	0	0.0	0.458698841897297
SRR-level repeated CV	SVM (RBF)	13	SRR14762252	GSM5364339	1	1.0	0.5091132842103137
SRR-level repeated CV	SVM (RBF)	14	SRR14762238	GSM5364333	0	0.0	0.43297254091874515
SRR-level repeated CV	SVM (RBF)	14	SRR14762247	GSM5364337	1	1.0	0.6424992024666318
SRR-level repeated CV	SVM (RBF)	14	SRR14762250	GSM5364338	1	1.0	0.5894965824689069
SRR-level repeated CV	SVM (RBF)	15	SRR14762241	GSM5364334	0	0.0	0.12121529611289802
SRR-level repeated CV	SVM (RBF)	15	SRR14762251	GSM5364339	1	1.0	0.7965439793985127
SRR-level repeated CV	SVM (RBF)	16	SRR14762238	GSM5364333	0	1.0	0.9636854644195383
SRR-level repeated CV	SVM (RBF)	16	SRR14762239	GSM5364333	0	1.0	0.9630961482981476
SRR-level repeated CV	SVM (RBF)	16	SRR14762252	GSM5364339	1	1.0	0.9753493989031015
SRR-level repeated CV	SVM (RBF)	17	SRR14762242	GSM5364335	0	0.0	0.5111466944880751
SRR-level repeated CV	SVM (RBF)	17	SRR14762245	GSM5364336	0	0.0	0.5210479774012176
SRR-level repeated CV	SVM (RBF)	17	SRR14762246	GSM5364337	1	1.0	0.39352203945131387
SRR-level repeated CV	SVM (RBF)	18	SRR14762240	GSM5364334	0	0.0	0.6068377120847172
SRR-level repeated CV	SVM (RBF)	18	SRR14762243	GSM5364335	0	0.0	0.5809224049506959
SRR-level repeated CV	SVM (RBF)	18	SRR14762251	GSM5364339	1	1.0	0.3025192823157988
SRR-level repeated CV	SVM (RBF)	19	SRR14762241	GSM5364334	0	0.0	0.29619779083178466
SRR-level repeated CV	SVM (RBF)	19	SRR14762247	GSM5364337	1	1.0	0.49237073971183043
SRR-level repeated CV	SVM (RBF)	19	SRR14762248	GSM5364338	1	1.0	0.4484136300001088
SRR-level repeated CV	SVM (RBF)	20	SRR14762244	GSM5364336	0	0.0	0.11624941650382083
SRR-level repeated CV	SVM (RBF)	20	SRR14762250	GSM5364338	1	1.0	0.59237679085457
SRR-level repeated CV	SVM (RBF)	21	SRR14762243	GSM5364335	0	0.0	0.5690741455043891
SRR-level repeated CV	SVM (RBF)	21	SRR14762244	GSM5364336	0	0.0	0.5962193365085154
SRR-level repeated CV	SVM (RBF)	21	SRR14762251	GSM5364339	1	1.0	0.3079815820572417
SRR-level repeated CV	SVM (RBF)	22	SRR14762239	GSM5364333	0	1.0	0.4900923904824192
SRR-level repeated CV	SVM (RBF)	22	SRR14762242	GSM5364335	0	0.0	0.41878080048454275
SRR-level repeated CV	SVM (RBF)	22	SRR14762252	GSM5364339	1	1.0	0.5438926585841145
SRR-level repeated CV	SVM (RBF)	23	SRR14762240	GSM5364334	0	0.0	0.5895631883728152
SRR-level repeated CV	SVM (RBF)	23	SRR14762245	GSM5364336	0	0.0	0.5856226275182319
SRR-level repeated CV	SVM (RBF)	23	SRR14762246	GSM5364337	1	1.0	0.340316034142942
SRR-level repeated CV	SVM (RBF)	24	SRR14762241	GSM5364334	0	0.0	0.29619779083178466
SRR-level repeated CV	SVM (RBF)	24	SRR14762247	GSM5364337	1	1.0	0.49237073971183043
SRR-level repeated CV	SVM (RBF)	24	SRR14762248	GSM5364338	1	1.0	0.4484136300001088
SRR-level repeated CV	SVM (RBF)	25	SRR14762238	GSM5364333	0	0.0	0.46714176554479975
SRR-level repeated CV	SVM (RBF)	25	SRR14762250	GSM5364338	1	1.0	0.7522249617601647
SRR-level repeated CV	SVM (RBF)	26	SRR14762238	GSM5364333	0	1.0	0.4819236683928541
SRR-level repeated CV	SVM (RBF)	26	SRR14762241	GSM5364334	0	0.0	0.4094340709677091
SRR-level repeated CV	SVM (RBF)	26	SRR14762251	GSM5364339	1	1.0	0.5320788231752114
SRR-level repeated CV	SVM (RBF)	27	SRR14762240	GSM5364334	0	0.0	0.40619363484920296
SRR-level repeated CV	SVM (RBF)	27	SRR14762245	GSM5364336	0	0.0	0.40796779591050775
SRR-level repeated CV	SVM (RBF)	27	SRR14762248	GSM5364338	1	1.0	0.47113138156036616
SRR-level repeated CV	SVM (RBF)	28	SRR14762239	GSM5364333	0	1.0	0.5238586487473242
SRR-level repeated CV	SVM (RBF)	28	SRR14762242	GSM5364335	0	0.0	0.33110831480307823
SRR-level repeated CV	SVM (RBF)	28	SRR14762247	GSM5364337	1	1.0	0.6808442998939845
SRR-level repeated CV	SVM (RBF)	29	SRR14762243	GSM5364335	0	0.0	0.3130816525941807
SRR-level repeated CV	SVM (RBF)	29	SRR14762246	GSM5364337	1	1.0	0.5
SRR-level repeated CV	SVM (RBF)	29	SRR14762250	GSM5364338	1	1.0	0.4537682298374422
SRR-level repeated CV	SVM (RBF)	30	SRR14762244	GSM5364336	0	0.0	0.10151583760545423
SRR-level repeated CV	SVM (RBF)	30	SRR14762252	GSM5364339	1	1.0	0.8230762844555155
SRR-level repeated CV	SVM (RBF)	31	SRR14762239	GSM5364333	0	1.0	0.4913707048792129
SRR-level repeated CV	SVM (RBF)	31	SRR14762244	GSM5364336	0	0.0	0.3447336730861131
SRR-level repeated CV	SVM (RBF)	31	SRR14762246	GSM5364337	1	1.0	0.5955712029997691
SRR-level repeated CV	SVM (RBF)	32	SRR14762238	GSM5364333	0	1.0	0.46144736384344653
SRR-level repeated CV	SVM (RBF)	32	SRR14762245	GSM5364336	0	0.0	0.44984010834735205
SRR-level repeated CV	SVM (RBF)	32	SRR14762252	GSM5364339	1	1.0	0.469586996314101
SRR-level repeated CV	SVM (RBF)	33	SRR14762240	GSM5364334	0	0.0	0.5599629374452382
SRR-level repeated CV	SVM (RBF)	33	SRR14762243	GSM5364335	0	0.0	0.5430877533352786
SRR-level repeated CV	SVM (RBF)	33	SRR14762247	GSM5364337	1	1.0	0.36380797669870685
SRR-level repeated CV	SVM (RBF)	34	SRR14762242	GSM5364335	0	0.0	0.07614876770174553
SRR-level repeated CV	SVM (RBF)	34	SRR14762248	GSM5364338	1	0.0	0.22104420889924475
SRR-level repeated CV	SVM (RBF)	34	SRR14762250	GSM5364338	1	0.0	0.22194195904120176
SRR-level repeated CV	SVM (RBF)	35	SRR14762241	GSM5364334	0	0.0	0.12121529611289802
SRR-level repeated CV	SVM (RBF)	35	SRR14762251	GSM5364339	1	1.0	0.7965439793985127
SRR-level repeated CV	SVM (RBF)	36	SRR14762240	GSM5364334	0	0.0	0.4227724924208192
SRR-level repeated CV	SVM (RBF)	36	SRR14762241	GSM5364334	0	0.0	0.4207755246297088
SRR-level repeated CV	SVM (RBF)	36	SRR14762247	GSM5364337	1	1.0	0.5491188099336046
SRR-level repeated CV	SVM (RBF)	37	SRR14762239	GSM5364333	0	0.0	0.45917386352578543
SRR-level repeated CV	SVM (RBF)	37	SRR14762244	GSM5364336	0	0.0	0.30264364532970306
SRR-level repeated CV	SVM (RBF)	37	SRR14762250	GSM5364338	1	1.0	0.5809041502463624
SRR-level repeated CV	SVM (RBF)	38	SRR14762238	GSM5364333	0	0.0	0.45281576150863523
SRR-level repeated CV	SVM (RBF)	38	SRR14762245	GSM5364336	0	0.0	0.31822509147728983
SRR-level repeated CV	SVM (RBF)	38	SRR14762248	GSM5364338	1	1.0	0.5752884950832559
SRR-level repeated CV	SVM (RBF)	39	SRR14762242	GSM5364335	0	0.0	0.42768975599877657
SRR-level repeated CV	SVM (RBF)	39	SRR14762246	GSM5364337	1	1.0	0.2049387099769334
SRR-level repeated CV	SVM (RBF)	39	SRR14762252	GSM5364339	1	1.0	0.20561248653789094
SRR-level repeated CV	SVM (RBF)	40	SRR14762243	GSM5364335	0	0.0	0.1838377988661852
SRR-level repeated CV	SVM (RBF)	40	SRR14762251	GSM5364339	1	1.0	0.7686423142772087
SRR-level repeated CV	SVM (RBF)	41	SRR14762243	GSM5364335	0	0.0	0.386659890590132
SRR-level repeated CV	SVM (RBF)	41	SRR14762244	GSM5364336	0	0.0	0.37690380516748545
SRR-level repeated CV	SVM (RBF)	41	SRR14762250	GSM5364338	1	1.0	0.4798862339473558
SRR-level repeated CV	SVM (RBF)	42	SRR14762239	GSM5364333	0	1.0	0.5232785016523782
SRR-level repeated CV	SVM (RBF)	42	SRR14762242	GSM5364335	0	0.0	0.3310521280328447
SRR-level repeated CV	SVM (RBF)	42	SRR14762246	GSM5364337	1	1.0	0.680288042502577
SRR-level repeated CV	SVM (RBF)	43	SRR14762240	GSM5364334	0	0.0	0.4227724924208192
SRR-level repeated CV	SVM (RBF)	43	SRR14762241	GSM5364334	0	0.0	0.4207755246297088
SRR-level repeated CV	SVM (RBF)	43	SRR14762247	GSM5364337	1	1.0	0.5491188099336046
SRR-level repeated CV	SVM (RBF)	44	SRR14762238	GSM5364333	0	0.0	0.4381552156662595
SRR-level repeated CV	SVM (RBF)	44	SRR14762248	GSM5364338	1	1.0	0.6006339537821568
SRR-level repeated CV	SVM (RBF)	44	SRR14762252	GSM5364339	1	1.0	0.644987778544946
SRR-level repeated CV	SVM (RBF)	45	SRR14762245	GSM5364336	0	0.0	0.11515351540286455
SRR-level repeated CV	SVM (RBF)	45	SRR14762251	GSM5364339	1	1.0	0.82788014121773
SRR-level repeated CV	SVM (RBF)	46	SRR14762239	GSM5364333	0	0.0	0.4603110587850494
SRR-level repeated CV	SVM (RBF)	46	SRR14762245	GSM5364336	0	0.0	0.30522583780916235
SRR-level repeated CV	SVM (RBF)	46	SRR14762250	GSM5364338	1	1.0	0.5868030461481284
SRR-level repeated CV	SVM (RBF)	47	SRR14762242	GSM5364335	0	0.0	0.44574806495464864
SRR-level repeated CV	SVM (RBF)	47	SRR14762243	GSM5364335	0	0.0	0.4425557426461619
SRR-level repeated CV	SVM (RBF)	47	SRR14762246	GSM5364337	1	1.0	0.7359406549788368
SRR-level repeated CV	SVM (RBF)	48	SRR14762238	GSM5364333	0	1.0	0.4815861024889163
SRR-level repeated CV	SVM (RBF)	48	SRR14762241	GSM5364334	0	0.0	0.4099685009680292
SRR-level repeated CV	SVM (RBF)	48	SRR14762252	GSM5364339	1	1.0	0.5314401005103371
SRR-level repeated CV	SVM (RBF)	49	SRR14762240	GSM5364334	0	0.0	0.29475770514266236
SRR-level repeated CV	SVM (RBF)	49	SRR14762247	GSM5364337	1	1.0	0.5
SRR-level repeated CV	SVM (RBF)	49	SRR14762248	GSM5364338	1	1.0	0.45236628598263734
SRR-level repeated CV	SVM (RBF)	50	SRR14762244	GSM5364336	0	0.0	0.10339581799361525
SRR-level repeated CV	SVM (RBF)	50	SRR14762251	GSM5364339	1	1.0	0.8222016998535036
SRR-level repeated CV	SVM (RBF)	51	SRR14762242	GSM5364335	0	0.0	0.37425015511717885
SRR-level repeated CV	SVM (RBF)	51	SRR14762245	GSM5364336	0	0.0	0.3661946237043258
SRR-level repeated CV	SVM (RBF)	51	SRR14762250	GSM5364338	1	1.0	0.48699320903483206
SRR-level repeated CV	SVM (RBF)	52	SRR14762240	GSM5364334	0	0.0	0.48451263083048973
SRR-level repeated CV	SVM (RBF)	52	SRR14762241	GSM5364334	0	0.0	0.486193997916244
SRR-level repeated CV	SVM (RBF)	52	SRR14762251	GSM5364339	1	1.0	0.37541819307068475
SRR-level repeated CV	SVM (RBF)	53	SRR14762238	GSM5364333	0	1.0	0.8897739789910379
SRR-level repeated CV	SVM (RBF)	53	SRR14762239	GSM5364333	0	1.0	0.8883249756648475
SRR-level repeated CV	SVM (RBF)	53	SRR14762248	GSM5364338	1	1.0	0.949619736068494
SRR-level repeated CV	SVM (RBF)	54	SRR14762244	GSM5364336	0	0.0	0.5
SRR-level repeated CV	SVM (RBF)	54	SRR14762246	GSM5364337	1	1.0	0.1609018904831789
SRR-level repeated CV	SVM (RBF)	54	SRR14762252	GSM5364339	1	1.0	0.16151795223406082
SRR-level repeated CV	SVM (RBF)	55	SRR14762243	GSM5364335	0	0.0	0.1546196635733571
SRR-level repeated CV	SVM (RBF)	55	SRR14762247	GSM5364337	1	1.0	0.8071286721569892
SRR-level repeated CV	SVM (RBF)	56	SRR14762239	GSM5364333	0	1.0	0.5
SRR-level repeated CV	SVM (RBF)	56	SRR14762240	GSM5364334	0	0.0	0.39118666992411255
SRR-level repeated CV	SVM (RBF)	56	SRR14762251	GSM5364339	1	1.0	0.5641685147078866
SRR-level repeated CV	SVM (RBF)	57	SRR14762242	GSM5364335	0	0.0	0.44574806495464864
SRR-level repeated CV	SVM (RBF)	57	SRR14762243	GSM5364335	0	0.0	0.4425557426461619
SRR-level repeated CV	SVM (RBF)	57	SRR14762246	GSM5364337	1	1.0	0.7359406549788368
SRR-level repeated CV	SVM (RBF)	58	SRR14762244	GSM5364336	0	0.0	0.47614861342439935
SRR-level repeated CV	SVM (RBF)	58	SRR14762245	GSM5364336	0	0.0	0.472160112794999
SRR-level repeated CV	SVM (RBF)	58	SRR14762252	GSM5364339	1	1.0	0.39090826411275253
SRR-level repeated CV	SVM (RBF)	59	SRR14762241	GSM5364334	0	0.0	0.29619779083178466
SRR-level repeated CV	SVM (RBF)	59	SRR14762247	GSM5364337	1	1.0	0.49237073971183043
SRR-level repeated CV	SVM (RBF)	59	SRR14762248	GSM5364338	1	1.0	0.4484136300001088
SRR-level repeated CV	SVM (RBF)	60	SRR14762238	GSM5364333	0	0.0	0.46714176554479975
SRR-level repeated CV	SVM (RBF)	60	SRR14762250	GSM5364338	1	1.0	0.7522249617601647
SRR-level repeated CV	SVM (RBF)	61	SRR14762241	GSM5364334	0	0.0	0.3331152082588764
SRR-level repeated CV	SVM (RBF)	61	SRR14762243	GSM5364335	0	0.0	0.3462122537571907
SRR-level repeated CV	SVM (RBF)	61	SRR14762250	GSM5364338	1	1.0	0.49032701563453146
SRR-level repeated CV	SVM (RBF)	62	SRR14762238	GSM5364333	0	0.0	0.4852400790408115
SRR-level repeated CV	SVM (RBF)	62	SRR14762244	GSM5364336	0	0.0	0.3570970826293445
SRR-level repeated CV	SVM (RBF)	62	SRR14762246	GSM5364337	1	1.0	0.5803472278456896
SRR-level repeated CV	SVM (RBF)	63	SRR14762242	GSM5364335	0	0.0	0.5543736104057099
SRR-level repeated CV	SVM (RBF)	63	SRR14762245	GSM5364336	0	0.0	0.5740420290460316
SRR-level repeated CV	SVM (RBF)	63	SRR14762251	GSM5364339	1	1.0	0.3192975458969477
SRR-level repeated CV	SVM (RBF)	64	SRR14762240	GSM5364334	0	0.0	0.29475770514266236
SRR-level repeated CV	SVM (RBF)	64	SRR14762247	GSM5364337	1	1.0	0.5
SRR-level repeated CV	SVM (RBF)	64	SRR14762248	GSM5364338	1	1.0	0.45236628598263734
SRR-level repeated CV	SVM (RBF)	65	SRR14762239	GSM5364333	0	1.0	0.5696546118581457
SRR-level repeated CV	SVM (RBF)	65	SRR14762252	GSM5364339	1	1.0	0.823997717443971
SRR-level repeated CV	SVM (RBF)	66	SRR14762238	GSM5364333	0	1.0	0.46144736384344653
SRR-level repeated CV	SVM (RBF)	66	SRR14762245	GSM5364336	0	0.0	0.44984010834735205
SRR-level repeated CV	SVM (RBF)	66	SRR14762252	GSM5364339	1	1.0	0.469586996314101
SRR-level repeated CV	SVM (RBF)	67	SRR14762241	GSM5364334	0	0.0	0.33580827943699587
SRR-level repeated CV	SVM (RBF)	67	SRR14762243	GSM5364335	0	0.0	0.3484922133515329
SRR-level repeated CV	SVM (RBF)	67	SRR14762248	GSM5364338	1	1.0	0.4901268388260035
SRR-level repeated CV	SVM (RBF)	68	SRR14762240	GSM5364334	0	0.0	0.5488385191326602
SRR-level repeated CV	SVM (RBF)	68	SRR14762242	GSM5364335	0	0.0	0.532789264185775
SRR-level repeated CV	SVM (RBF)	68	SRR14762246	GSM5364337	1	1.0	0.37359591111704626
SRR-level repeated CV	SVM (RBF)	69	SRR14762239	GSM5364333	0	0.0	0.3948418169712362
SRR-level repeated CV	SVM (RBF)	69	SRR14762247	GSM5364337	1	1.0	0.41503479944261407
SRR-level repeated CV	SVM (RBF)	69	SRR14762251	GSM5364339	1	1.0	0.41447541668877314
SRR-level repeated CV	SVM (RBF)	70	SRR14762244	GSM5364336	0	0.0	0.11624941650382083
SRR-level repeated CV	SVM (RBF)	70	SRR14762250	GSM5364338	1	1.0	0.59237679085457
SRR-level repeated CV	SVM (RBF)	71	SRR14762239	GSM5364333	0	0.0	0.5253538958586002
SRR-level repeated CV	SVM (RBF)	71	SRR14762241	GSM5364334	0	0.0	0.26331038442359805
SRR-level repeated CV	SVM (RBF)	71	SRR14762246	GSM5364337	1	1.0	0.7103308377578307
SRR-level repeated CV	SVM (RBF)	72	SRR14762240	GSM5364334	0	0.0	0.30328472929891587
SRR-level repeated CV	SVM (RBF)	72	SRR14762242	GSM5364335	0	0.0	0.321782952432431
SRR-level repeated CV	SVM (RBF)	72	SRR14762250	GSM5364338	1	1.0	0.5
SRR-level repeated CV	SVM (RBF)	73	SRR14762238	GSM5364333	0	1.0	0.4826509646423701
SRR-level repeated CV	SVM (RBF)	73	SRR14762243	GSM5364335	0	0.0	0.42579515049568534
SRR-level repeated CV	SVM (RBF)	73	SRR14762252	GSM5364339	1	1.0	0.5282448316789633
SRR-level repeated CV	SVM (RBF)	74	SRR14762245	GSM5364336	0	0.0	0.29269635435467783
SRR-level repeated CV	SVM (RBF)	74	SRR14762247	GSM5364337	1	1.0	0.5086730113443703
SRR-level repeated CV	SVM (RBF)	74	SRR14762248	GSM5364338	1	1.0	0.45999023812596196
SRR-level repeated CV	SVM (RBF)	75	SRR14762244	GSM5364336	0	0.0	0.10339581799361525
SRR-level repeated CV	SVM (RBF)	75	SRR14762251	GSM5364339	1	1.0	0.8222016998535036
SRR-level repeated CV	SVM (RBF)	76	SRR14762241	GSM5364334	0	0.0	0.33580827943699587
SRR-level repeated CV	SVM (RBF)	76	SRR14762243	GSM5364335	0	0.0	0.3484922133515329
SRR-level repeated CV	SVM (RBF)	76	SRR14762248	GSM5364338	1	1.0	0.4901268388260035
SRR-level repeated CV	SVM (RBF)	77	SRR14762239	GSM5364333	0	1.0	0.5
SRR-level repeated CV	SVM (RBF)	77	SRR14762240	GSM5364334	0	0.0	0.39118666992411255
SRR-level repeated CV	SVM (RBF)	77	SRR14762251	GSM5364339	1	1.0	0.5641685147078866
SRR-level repeated CV	SVM (RBF)	78	SRR14762244	GSM5364336	0	0.0	0.47614861342439935
SRR-level repeated CV	SVM (RBF)	78	SRR14762245	GSM5364336	0	0.0	0.472160112794999
SRR-level repeated CV	SVM (RBF)	78	SRR14762252	GSM5364339	1	1.0	0.39090826411275253
SRR-level repeated CV	SVM (RBF)	79	SRR14762238	GSM5364333	0	0.0	0.4649475178280818
SRR-level repeated CV	SVM (RBF)	79	SRR14762246	GSM5364337	1	0.0	0.4837265600002561
SRR-level repeated CV	SVM (RBF)	79	SRR14762247	GSM5364337	1	0.0	0.4858578210107277
SRR-level repeated CV	SVM (RBF)	80	SRR14762242	GSM5364335	0	0.0	0.16576917537573727
SRR-level repeated CV	SVM (RBF)	80	SRR14762250	GSM5364338	1	1.0	0.586385964469373
SRR-level repeated CV	SVM (RBF)	81	SRR14762240	GSM5364334	0	0.0	0.4110998445370352
SRR-level repeated CV	SVM (RBF)	81	SRR14762244	GSM5364336	0	0.0	0.41113525740250434
SRR-level repeated CV	SVM (RBF)	81	SRR14762250	GSM5364338	1	1.0	0.4692212767741183
SRR-level repeated CV	SVM (RBF)	82	SRR14762238	GSM5364333	0	0.0	0.5164603518221639
SRR-level repeated CV	SVM (RBF)	82	SRR14762241	GSM5364334	0	0.0	0.2779503242499756
SRR-level repeated CV	SVM (RBF)	82	SRR14762246	GSM5364337	1	1.0	0.6933042802375523
SRR-level repeated CV	SVM (RBF)	83	SRR14762239	GSM5364333	0	0.0	0.4576519624936338
SRR-level repeated CV	SVM (RBF)	83	SRR14762245	GSM5364336	0	0.0	0.3052045260014441
SRR-level repeated CV	SVM (RBF)	83	SRR14762248	GSM5364338	1	1.0	0.5858198193732423
SRR-level repeated CV	SVM (RBF)	84	SRR14762243	GSM5364335	0	0.0	0.1827177590213331
SRR-level repeated CV	SVM (RBF)	84	SRR14762251	GSM5364339	1	0.0	0.435305004074918
SRR-level repeated CV	SVM (RBF)	84	SRR14762252	GSM5364339	1	0.0	0.43316855706207535
SRR-level repeated CV	SVM (RBF)	85	SRR14762242	GSM5364335	0	0.0	0.15503439080433165
SRR-level repeated CV	SVM (RBF)	85	SRR14762247	GSM5364337	1	1.0	0.8079280146858043
SRR-level repeated CV	SVM (RBF)	86	SRR14762239	GSM5364333	0	0.0	0.4742360175734088
SRR-level repeated CV	SVM (RBF)	86	SRR14762243	GSM5364335	0	0.0	0.30478675095385616
SRR-level repeated CV	SVM (RBF)	86	SRR14762248	GSM5364338	1	1.0	0.6397038247190886
SRR-level repeated CV	SVM (RBF)	87	SRR14762238	GSM5364333	0	0.0	0.4549312298382128
SRR-level repeated CV	SVM (RBF)	87	SRR14762244	GSM5364336	0	0.0	0.3155657465440089
SRR-level repeated CV	SVM (RBF)	87	SRR14762250	GSM5364338	1	1.0	0.5698128335371903
SRR-level repeated CV	SVM (RBF)	88	SRR14762242	GSM5364335	0	0.0	0.5543736104057099
SRR-level repeated CV	SVM (RBF)	88	SRR14762245	GSM5364336	0	0.0	0.5740420290460316
SRR-level repeated CV	SVM (RBF)	88	SRR14762251	GSM5364339	1	1.0	0.3192975458969477
SRR-level repeated CV	SVM (RBF)	89	SRR14762240	GSM5364334	0	0.0	0.5
SRR-level repeated CV	SVM (RBF)	89	SRR14762246	GSM5364337	1	1.0	0.15982618812942115
SRR-level repeated CV	SVM (RBF)	89	SRR14762252	GSM5364339	1	1.0	0.16099501655939819
SRR-level repeated CV	SVM (RBF)	90	SRR14762241	GSM5364334	0	0.0	0.10472995694470937
SRR-level repeated CV	SVM (RBF)	90	SRR14762247	GSM5364337	1	1.0	0.8206681108408297
SRR-level repeated CV	SVM (RBF)	91	SRR14762242	GSM5364335	0	0.0	0.37425015511717885
SRR-level repeated CV	SVM (RBF)	91	SRR14762245	GSM5364336	0	0.0	0.3661946237043258
SRR-level repeated CV	SVM (RBF)	91	SRR14762250	GSM5364338	1	1.0	0.48699320903483206
SRR-level repeated CV	SVM (RBF)	92	SRR14762238	GSM5364333	0	1.0	0.4815861024889163
SRR-level repeated CV	SVM (RBF)	92	SRR14762241	GSM5364334	0	0.0	0.4099685009680292
SRR-level repeated CV	SVM (RBF)	92	SRR14762252	GSM5364339	1	1.0	0.5314401005103371
SRR-level repeated CV	SVM (RBF)	93	SRR14762240	GSM5364334	0	0.0	0.6176975252769257
SRR-level repeated CV	SVM (RBF)	93	SRR14762244	GSM5364336	0	0.0	0.6207801662713898
SRR-level repeated CV	SVM (RBF)	93	SRR14762251	GSM5364339	1	1.0	0.29078191498889117
SRR-level repeated CV	SVM (RBF)	94	SRR14762239	GSM5364333	0	0.0	0.4392975210750859
SRR-level repeated CV	SVM (RBF)	94	SRR14762247	GSM5364337	1	1.0	0.6485649503028054
SRR-level repeated CV	SVM (RBF)	94	SRR14762248	GSM5364338	1	1.0	0.6019176132524332
SRR-level repeated CV	SVM (RBF)	95	SRR14762243	GSM5364335	0	0.0	0.15392462913978708
SRR-level repeated CV	SVM (RBF)	95	SRR14762246	GSM5364337	1	1.0	0.8079490377334421
SRR-level repeated CV	SVM (RBF)	96	SRR14762241	GSM5364334	0	0.0	0.41579155743908747
SRR-level repeated CV	SVM (RBF)	96	SRR14762244	GSM5364336	0	0.0	0.4150377037481181
SRR-level repeated CV	SVM (RBF)	96	SRR14762248	GSM5364338	1	1.0	0.46886848864879593
SRR-level repeated CV	SVM (RBF)	97	SRR14762240	GSM5364334	0	0.0	0.558315946306904
SRR-level repeated CV	SVM (RBF)	97	SRR14762243	GSM5364335	0	0.0	0.5413482574278115
SRR-level repeated CV	SVM (RBF)	97	SRR14762246	GSM5364337	1	1.0	0.36532953440034516
SRR-level repeated CV	SVM (RBF)	98	SRR14762238	GSM5364333	0	1.0	0.9404222463466905
SRR-level repeated CV	SVM (RBF)	98	SRR14762239	GSM5364333	0	1.0	0.9394253040353903
SRR-level repeated CV	SVM (RBF)	98	SRR14762247	GSM5364337	1	1.0	0.9675050148240103
SRR-level repeated CV	SVM (RBF)	99	SRR14762242	GSM5364335	0	0.0	0.28876371011120655
SRR-level repeated CV	SVM (RBF)	99	SRR14762250	GSM5364338	1	1.0	0.4909388869394973
SRR-level repeated CV	SVM (RBF)	99	SRR14762251	GSM5364339	1	1.0	0.5515902006894344
SRR-level repeated CV	SVM (RBF)	100	SRR14762245	GSM5364336	0	0.0	0.11527238312923853
SRR-level repeated CV	SVM (RBF)	100	SRR14762252	GSM5364339	1	1.0	0.825601808564432
SRR-level repeated CV	SVM (RBF)	101	SRR14762238	GSM5364333	0	1.0	0.5140297358617103
SRR-level repeated CV	SVM (RBF)	101	SRR14762243	GSM5364335	0	0.0	0.3412769281833635
SRR-level repeated CV	SVM (RBF)	101	SRR14762246	GSM5364337	1	1.0	0.6638949741766007
SRR-level repeated CV	SVM (RBF)	102	SRR14762241	GSM5364334	0	0.0	0.5900276763294907
SRR-level repeated CV	SVM (RBF)	102	SRR14762245	GSM5364336	0	0.0	0.5877566008178019
SRR-level repeated CV	SVM (RBF)	102	SRR14762247	GSM5364337	1	1.0	0.33955499866296346
SRR-level repeated CV	SVM (RBF)	103	SRR14762242	GSM5364335	0	0.0	0.3855789827773607
SRR-level repeated CV	SVM (RBF)	103	SRR14762244	GSM5364336	0	0.0	0.37540280492328393
SRR-level repeated CV	SVM (RBF)	103	SRR14762250	GSM5364338	1	1.0	0.48082999149998445
SRR-level repeated CV	SVM (RBF)	104	SRR14762240	GSM5364334	0	0.0	0.2630160861503963
SRR-level repeated CV	SVM (RBF)	104	SRR14762248	GSM5364338	1	1.0	0.4868239991634958
SRR-level repeated CV	SVM (RBF)	104	SRR14762251	GSM5364339	1	1.0	0.550192235600538
SRR-level repeated CV	SVM (RBF)	105	SRR14762239	GSM5364333	0	1.0	0.5696546118581457
SRR-level repeated CV	SVM (RBF)	105	SRR14762252	GSM5364339	1	1.0	0.823997717443971
SRR-level repeated CV	SVM (RBF)	106	SRR14762240	GSM5364334	0	0.0	0.41211858345956476
SRR-level repeated CV	SVM (RBF)	106	SRR14762244	GSM5364336	0	0.0	0.41207499276937887
SRR-level repeated CV	SVM (RBF)	106	SRR14762248	GSM5364338	1	1.0	0.4690713012565229
SRR-level repeated CV	SVM (RBF)	107	SRR14762241	GSM5364334	0	0.0	0.588306979814455
SRR-level repeated CV	SVM (RBF)	107	SRR14762245	GSM5364336	0	0.0	0.5873484278700181
SRR-level repeated CV	SVM (RBF)	107	SRR14762246	GSM5364337	1	1.0	0.33997022913602076
SRR-level repeated CV	SVM (RBF)	108	SRR14762242	GSM5364335	0	0.0	0.45912665659515084
SRR-level repeated CV	SVM (RBF)	108	SRR14762243	GSM5364335	0	0.0	0.4586927409423846
SRR-level repeated CV	SVM (RBF)	108	SRR14762251	GSM5364339	1	1.0	0.5073671570437349
SRR-level repeated CV	SVM (RBF)	109	SRR14762238	GSM5364333	0	0.0	0.43297254091874515
SRR-level repeated CV	SVM (RBF)	109	SRR14762247	GSM5364337	1	1.0	0.6424992024666318
SRR-level repeated CV	SVM (RBF)	109	SRR14762250	GSM5364338	1	1.0	0.5894965824689069
SRR-level repeated CV	SVM (RBF)	110	SRR14762239	GSM5364333	0	1.0	0.5696546118581457
SRR-level repeated CV	SVM (RBF)	110	SRR14762252	GSM5364339	1	1.0	0.823997717443971
SRR-level repeated CV	SVM (RBF)	111	SRR14762238	GSM5364333	0	1.0	0.9404222463466905
SRR-level repeated CV	SVM (RBF)	111	SRR14762239	GSM5364333	0	1.0	0.9394253040353903
SRR-level repeated CV	SVM (RBF)	111	SRR14762247	GSM5364337	1	1.0	0.9675050148240103
SRR-level repeated CV	SVM (RBF)	112	SRR14762244	GSM5364336	0	0.0	0.4761675494524423
SRR-level repeated CV	SVM (RBF)	112	SRR14762245	GSM5364336	0	0.0	0.4725504973171629
SRR-level repeated CV	SVM (RBF)	112	SRR14762251	GSM5364339	1	1.0	0.38960193384449116
SRR-level repeated CV	SVM (RBF)	113	SRR14762242	GSM5364335	0	0.0	0.45912789159341666
SRR-level repeated CV	SVM (RBF)	113	SRR14762243	GSM5364335	0	0.0	0.458698841897297
SRR-level repeated CV	SVM (RBF)	113	SRR14762252	GSM5364339	1	1.0	0.5091132842103137
SRR-level repeated CV	SVM (RBF)	114	SRR14762241	GSM5364334	0	0.0	0.29557276779589375
SRR-level repeated CV	SVM (RBF)	114	SRR14762246	GSM5364337	1	1.0	0.49387565892049007
SRR-level repeated CV	SVM (RBF)	114	SRR14762248	GSM5364338	1	1.0	0.449490661871125
SRR-level repeated CV	SVM (RBF)	115	SRR14762240	GSM5364334	0	0.0	0.11328007534199126
SRR-level repeated CV	SVM (RBF)	115	SRR14762250	GSM5364338	1	1.0	0.6018203296657996
SRR-level repeated CV	SVM (RBF)	116	SRR14762239	GSM5364333	0	1.0	0.4900923904824192
SRR-level repeated CV	SVM (RBF)	116	SRR14762242	GSM5364335	0	0.0	0.41878080048454275
SRR-level repeated CV	SVM (RBF)	116	SRR14762252	GSM5364339	1	1.0	0.5438926585841145
SRR-level repeated CV	SVM (RBF)	117	SRR14762240	GSM5364334	0	0.0	0.5895631883728152
SRR-level repeated CV	SVM (RBF)	117	SRR14762245	GSM5364336	0	0.0	0.5856226275182319
SRR-level repeated CV	SVM (RBF)	117	SRR14762246	GSM5364337	1	1.0	0.340316034142942
SRR-level repeated CV	SVM (RBF)	118	SRR14762238	GSM5364333	0	1.0	0.4819236683928541
SRR-level repeated CV	SVM (RBF)	118	SRR14762241	GSM5364334	0	0.0	0.4094340709677091
SRR-level repeated CV	SVM (RBF)	118	SRR14762251	GSM5364339	1	1.0	0.5320788231752114
SRR-level repeated CV	SVM (RBF)	119	SRR14762244	GSM5364336	0	0.0	0.29193874084128946
SRR-level repeated CV	SVM (RBF)	119	SRR14762247	GSM5364337	1	1.0	0.5
SRR-level repeated CV	SVM (RBF)	119	SRR14762250	GSM5364338	1	1.0	0.4511802136634361
SRR-level repeated CV	SVM (RBF)	120	SRR14762243	GSM5364335	0	0.0	0.1644141387163102
SRR-level repeated CV	SVM (RBF)	120	SRR14762248	GSM5364338	1	1.0	0.5844326841899281
SRR-level repeated CV	SVM (RBF)	121	SRR14762238	GSM5364333	0	1.0	0.4614313824743452
SRR-level repeated CV	SVM (RBF)	121	SRR14762245	GSM5364336	0	0.0	0.44996805982419547
SRR-level repeated CV	SVM (RBF)	121	SRR14762251	GSM5364339	1	1.0	0.46943465839538695
SRR-level repeated CV	SVM (RBF)	122	SRR14762240	GSM5364334	0	0.0	0.48426917218497
SRR-level repeated CV	SVM (RBF)	122	SRR14762241	GSM5364334	0	0.0	0.48482913177693315
SRR-level repeated CV	SVM (RBF)	122	SRR14762252	GSM5364339	1	1.0	0.3783259393447622
SRR-level repeated CV	SVM (RBF)	123	SRR14762239	GSM5364333	0	1.0	0.5214679133265882
SRR-level repeated CV	SVM (RBF)	123	SRR14762243	GSM5364335	0	0.0	0.33147800392969257
SRR-level repeated CV	SVM (RBF)	123	SRR14762246	GSM5364337	1	1.0	0.6775370967885315
SRR-level repeated CV	SVM (RBF)	124	SRR14762244	GSM5364336	0	0.0	0.039429544670820126
SRR-level repeated CV	SVM (RBF)	124	SRR14762248	GSM5364338	1	0.0	0.19731587468779183
SRR-level repeated CV	SVM (RBF)	124	SRR14762250	GSM5364338	1	0.0	0.19684234671020667
SRR-level repeated CV	SVM (RBF)	125	SRR14762242	GSM5364335	0	0.0	0.15503439080433165
SRR-level repeated CV	SVM (RBF)	125	SRR14762247	GSM5364337	1	1.0	0.8079280146858043
SRR-level repeated CV	SVM (RBF)	126	SRR14762238	GSM5364333	0	1.0	0.46144736384344653
SRR-level repeated CV	SVM (RBF)	126	SRR14762245	GSM5364336	0	0.0	0.44984010834735205
SRR-level repeated CV	SVM (RBF)	126	SRR14762252	GSM5364339	1	1.0	0.469586996314101
SRR-level repeated CV	SVM (RBF)	127	SRR14762240	GSM5364334	0	0.0	0.5599629374452382
SRR-level repeated CV	SVM (RBF)	127	SRR14762243	GSM5364335	0	0.0	0.5430877533352786
SRR-level repeated CV	SVM (RBF)	127	SRR14762247	GSM5364337	1	1.0	0.36380797669870685
SRR-level repeated CV	SVM (RBF)	128	SRR14762242	GSM5364335	0	0.0	0.3855789827773607
SRR-level repeated CV	SVM (RBF)	128	SRR14762244	GSM5364336	0	0.0	0.37540280492328393
SRR-level repeated CV	SVM (RBF)	128	SRR14762250	GSM5364338	1	1.0	0.48082999149998445
SRR-level repeated CV	SVM (RBF)	129	SRR14762239	GSM5364333	0	0.0	0.4387430951420311
SRR-level repeated CV	SVM (RBF)	129	SRR14762246	GSM5364337	1	1.0	0.6484214825366369
SRR-level repeated CV	SVM (RBF)	129	SRR14762248	GSM5364338	1	1.0	0.6016876713178566
SRR-level repeated CV	SVM (RBF)	130	SRR14762241	GSM5364334	0	0.0	0.12121529611289802
SRR-level repeated CV	SVM (RBF)	130	SRR14762251	GSM5364339	1	1.0	0.7965439793985127
SRR-level repeated CV	SVM (RBF)	131	SRR14762238	GSM5364333	0	1.0	0.5143448355361647
SRR-level repeated CV	SVM (RBF)	131	SRR14762242	GSM5364335	0	0.0	0.34100627652395427
SRR-level repeated CV	SVM (RBF)	131	SRR14762246	GSM5364337	1	1.0	0.6648032029718496
SRR-level repeated CV	SVM (RBF)	132	SRR14762243	GSM5364335	0	0.0	0.386659890590132
SRR-level repeated CV	SVM (RBF)	132	SRR14762244	GSM5364336	0	0.0	0.37690380516748545
SRR-level repeated CV	SVM (RBF)	132	SRR14762250	GSM5364338	1	1.0	0.4798862339473558
SRR-level repeated CV	SVM (RBF)	133	SRR14762239	GSM5364333	0	0.0	0.4616358666813108
SRR-level repeated CV	SVM (RBF)	133	SRR14762241	GSM5364334	0	0.0	0.24143796056112632
SRR-level repeated CV	SVM (RBF)	133	SRR14762248	GSM5364338	1	1.0	0.6489457696989316
SRR-level repeated CV	SVM (RBF)	134	SRR14762240	GSM5364334	0	0.0	0.5
SRR-level repeated CV	SVM (RBF)	134	SRR14762247	GSM5364337	1	1.0	0.1590640956756619
SRR-level repeated CV	SVM (RBF)	134	SRR14762252	GSM5364339	1	1.0	0.15948254760281427
SRR-level repeated CV	SVM (RBF)	135	SRR14762245	GSM5364336	0	0.0	0.11515351540286455
SRR-level repeated CV	SVM (RBF)	135	SRR14762251	GSM5364339	1	1.0	0.82788014121773
SRR-level repeated CV	SVM (RBF)	136	SRR14762240	GSM5364334	0	0.0	0.5953931496124608
SRR-level repeated CV	SVM (RBF)	136	SRR14762244	GSM5364336	0	0.0	0.5973584028470904
SRR-level repeated CV	SVM (RBF)	136	SRR14762247	GSM5364337	1	1.0	0.33811973586794747
SRR-level repeated CV	SVM (RBF)	137	SRR14762238	GSM5364333	0	1.0	0.48281085622062586
SRR-level repeated CV	SVM (RBF)	137	SRR14762243	GSM5364335	0	0.0	0.42620288942923373
SRR-level repeated CV	SVM (RBF)	137	SRR14762251	GSM5364339	1	1.0	0.5279913907525525
SRR-level repeated CV	SVM (RBF)	138	SRR14762241	GSM5364334	0	0.0	0.588306979814455
SRR-level repeated CV	SVM (RBF)	138	SRR14762245	GSM5364336	0	0.0	0.5873484278700181
SRR-level repeated CV	SVM (RBF)	138	SRR14762246	GSM5364337	1	1.0	0.33997022913602076
SRR-level repeated CV	SVM (RBF)	139	SRR14762242	GSM5364335	0	0.0	0.07614876770174553
SRR-level repeated CV	SVM (RBF)	139	SRR14762248	GSM5364338	1	0.0	0.22104420889924475
SRR-level repeated CV	SVM (RBF)	139	SRR14762250	GSM5364338	1	0.0	0.22194195904120176
SRR-level repeated CV	SVM (RBF)	140	SRR14762239	GSM5364333	0	1.0	0.5696546118581457
SRR-level repeated CV	SVM (RBF)	140	SRR14762252	GSM5364339	1	1.0	0.823997717443971
SRR-level repeated CV	SVM (RBF)	141	SRR14762239	GSM5364333	0	1.0	0.5221637877143762
SRR-level repeated CV	SVM (RBF)	141	SRR14762243	GSM5364335	0	0.0	0.3312629818576451
SRR-level repeated CV	SVM (RBF)	141	SRR14762247	GSM5364337	1	1.0	0.6783278682355803
SRR-level repeated CV	SVM (RBF)	142	SRR14762238	GSM5364333	0	1.0	0.5143448355361647
SRR-level repeated CV	SVM (RBF)	142	SRR14762242	GSM5364335	0	0.0	0.34100627652395427
SRR-level repeated CV	SVM (RBF)	142	SRR14762246	GSM5364337	1	1.0	0.6648032029718496
SRR-level repeated CV	SVM (RBF)	143	SRR14762241	GSM5364334	0	0.0	0.41579155743908747
SRR-level repeated CV	SVM (RBF)	143	SRR14762244	GSM5364336	0	0.0	0.4150377037481181
SRR-level repeated CV	SVM (RBF)	143	SRR14762248	GSM5364338	1	1.0	0.46886848864879593
SRR-level repeated CV	SVM (RBF)	144	SRR14762240	GSM5364334	0	0.0	0.11888285887321437
SRR-level repeated CV	SVM (RBF)	144	SRR14762251	GSM5364339	1	0.0	0.44254770342664507
SRR-level repeated CV	SVM (RBF)	144	SRR14762252	GSM5364339	1	0.0	0.4402626582280353
SRR-level repeated CV	SVM (RBF)	145	SRR14762245	GSM5364336	0	0.0	0.1265443590299721
SRR-level repeated CV	SVM (RBF)	145	SRR14762250	GSM5364338	1	1.0	0.6052826645930266
SRR-level repeated CV	SVM (RBF)	146	SRR14762240	GSM5364334	0	0.0	0.5895631883728152
SRR-level repeated CV	SVM (RBF)	146	SRR14762245	GSM5364336	0	0.0	0.5856226275182319
SRR-level repeated CV	SVM (RBF)	146	SRR14762246	GSM5364337	1	1.0	0.340316034142942
SRR-level repeated CV	SVM (RBF)	147	SRR14762242	GSM5364335	0	0.0	0.39776996415969357
SRR-level repeated CV	SVM (RBF)	147	SRR14762243	GSM5364335	0	0.0	0.3945836682462513
SRR-level repeated CV	SVM (RBF)	147	SRR14762248	GSM5364338	1	1.0	0.6138535349781022
SRR-level repeated CV	SVM (RBF)	148	SRR14762238	GSM5364333	0	0.0	0.45826316135335216
SRR-level repeated CV	SVM (RBF)	148	SRR14762241	GSM5364334	0	0.0	0.25157371228196596
SRR-level repeated CV	SVM (RBF)	148	SRR14762250	GSM5364338	1	1.0	0.6428236137318232
SRR-level repeated CV	SVM (RBF)	149	SRR14762239	GSM5364333	0	0.0	0.3948418169712362
SRR-level repeated CV	SVM (RBF)	149	SRR14762247	GSM5364337	1	1.0	0.41503479944261407
SRR-level repeated CV	SVM (RBF)	149	SRR14762251	GSM5364339	1	1.0	0.41447541668877314
SRR-level repeated CV	SVM (RBF)	150	SRR14762244	GSM5364336	0	0.0	0.10151583760545423
SRR-level repeated CV	SVM (RBF)	150	SRR14762252	GSM5364339	1	1.0	0.8230762844555155
SRR-level repeated CV	k-nearest neighbours	1	SRR14762238	GSM5364333	0	1.0	0.6156711175153312
SRR-level repeated CV	k-nearest neighbours	1	SRR14762240	GSM5364334	0	0.0	0.0
SRR-level repeated CV	k-nearest neighbours	1	SRR14762247	GSM5364337	1	1.0	1.0
SRR-level repeated CV	k-nearest neighbours	2	SRR14762242	GSM5364335	0	0.0	0.0
SRR-level repeated CV	k-nearest neighbours	2	SRR14762244	GSM5364336	0	0.0	0.0
SRR-level repeated CV	k-nearest neighbours	2	SRR14762252	GSM5364339	1	1.0	1.0
SRR-level repeated CV	k-nearest neighbours	3	SRR14762239	GSM5364333	0	1.0	0.6247993327849152
SRR-level repeated CV	k-nearest neighbours	3	SRR14762243	GSM5364335	0	0.0	0.0
SRR-level repeated CV	k-nearest neighbours	3	SRR14762251	GSM5364339	1	1.0	1.0
SRR-level repeated CV	k-nearest neighbours	4	SRR14762245	GSM5364336	0	0.0	0.0
SRR-level repeated CV	k-nearest neighbours	4	SRR14762248	GSM5364338	1	0.0	0.29793239256962206
SRR-level repeated CV	k-nearest neighbours	4	SRR14762250	GSM5364338	1	0.0	0.29939154759822745
SRR-level repeated CV	k-nearest neighbours	5	SRR14762241	GSM5364334	0	0.0	0.0
SRR-level repeated CV	k-nearest neighbours	5	SRR14762246	GSM5364337	1	1.0	1.0
SRR-level repeated CV	k-nearest neighbours	6	SRR14762240	GSM5364334	0	0.0	0.0
SRR-level repeated CV	k-nearest neighbours	6	SRR14762241	GSM5364334	0	0.0	0.0
SRR-level repeated CV	k-nearest neighbours	6	SRR14762248	GSM5364338	1	0.0	0.3835266509337506
SRR-level repeated CV	k-nearest neighbours	7	SRR14762242	GSM5364335	0	0.0	0.0
SRR-level repeated CV	k-nearest neighbours	7	SRR14762243	GSM5364335	0	0.0	0.0
SRR-level repeated CV	k-nearest neighbours	7	SRR14762251	GSM5364339	1	1.0	1.0
SRR-level repeated CV	k-nearest neighbours	8	SRR14762239	GSM5364333	0	1.0	0.6241614945894725
SRR-level repeated CV	k-nearest neighbours	8	SRR14762244	GSM5364336	0	0.0	0.0
SRR-level repeated CV	k-nearest neighbours	8	SRR14762247	GSM5364337	1	1.0	1.0
SRR-level repeated CV	k-nearest neighbours	9	SRR14762238	GSM5364333	0	1.0	0.6162302840585061
SRR-level repeated CV	k-nearest neighbours	9	SRR14762246	GSM5364337	1	1.0	0.72043495447178
SRR-level repeated CV	k-nearest neighbours	9	SRR14762252	GSM5364339	1	1.0	0.7177164357245154
SRR-level repeated CV	k-nearest neighbours	10	SRR14762245	GSM5364336	0	0.0	0.0
SRR-level repeated CV	k-nearest neighbours	10	SRR14762250	GSM5364338	1	0.0	0.38430923972578007
SRR-level repeated CV	k-nearest neighbours	11	SRR14762240	GSM5364334	0	0.0	0.0
SRR-level repeated CV	k-nearest neighbours	11	SRR14762244	GSM5364336	0	0.0	0.0
SRR-level repeated CV	k-nearest neighbours	11	SRR14762246	GSM5364337	1	1.0	1.0
SRR-level repeated CV	k-nearest neighbours	12	SRR14762239	GSM5364333	0	1.0	0.6026484879035924
SRR-level repeated CV	k-nearest neighbours	12	SRR14762245	GSM5364336	0	0.0	0.0
SRR-level repeated CV	k-nearest neighbours	12	SRR14762248	GSM5364338	1	1.0	0.6802736587062912
SRR-level repeated CV	k-nearest neighbours	13	SRR14762242	GSM5364335	0	0.0	0.0
SRR-level repeated CV	k-nearest neighbours	13	SRR14762243	GSM5364335	0	0.0	0.0
SRR-level repeated CV	k-nearest neighbours	13	SRR14762252	GSM5364339	1	1.0	1.0
SRR-level repeated CV	k-nearest neighbours	14	SRR14762238	GSM5364333	0	1.0	0.5931779498144867
SRR-level repeated CV	k-nearest neighbours	14	SRR14762247	GSM5364337	1	1.0	1.0
SRR-level repeated CV	k-nearest neighbours	14	SRR14762250	GSM5364338	1	1.0	0.6775066709400481
SRR-level repeated CV	k-nearest neighbours	15	SRR14762241	GSM5364334	0	0.0	0.0
SRR-level repeated CV	k-nearest neighbours	15	SRR14762251	GSM5364339	1	1.0	1.0
SRR-level repeated CV	k-nearest neighbours	16	SRR14762238	GSM5364333	0	1.0	1.0
SRR-level repeated CV	k-nearest neighbours	16	SRR14762239	GSM5364333	0	1.0	1.0
SRR-level repeated CV	k-nearest neighbours	16	SRR14762252	GSM5364339	1	1.0	1.0
SRR-level repeated CV	k-nearest neighbours	17	SRR14762242	GSM5364335	0	0.0	0.0
SRR-level repeated CV	k-nearest neighbours	17	SRR14762245	GSM5364336	0	0.0	0.0
SRR-level repeated CV	k-nearest neighbours	17	SRR14762246	GSM5364337	1	1.0	1.0
SRR-level repeated CV	k-nearest neighbours	18	SRR14762240	GSM5364334	0	0.0	0.0
SRR-level repeated CV	k-nearest neighbours	18	SRR14762243	GSM5364335	0	0.0	0.0
SRR-level repeated CV	k-nearest neighbours	18	SRR14762251	GSM5364339	1	1.0	1.0
SRR-level repeated CV	k-nearest neighbours	19	SRR14762241	GSM5364334	0	0.0	0.0
SRR-level repeated CV	k-nearest neighbours	19	SRR14762247	GSM5364337	1	1.0	1.0
SRR-level repeated CV	k-nearest neighbours	19	SRR14762248	GSM5364338	1	0.0	0.383178776477173
SRR-level repeated CV	k-nearest neighbours	20	SRR14762244	GSM5364336	0	0.0	0.0
SRR-level repeated CV	k-nearest neighbours	20	SRR14762250	GSM5364338	1	0.0	0.3842354771335243
SRR-level repeated CV	k-nearest neighbours	21	SRR14762243	GSM5364335	0	0.0	0.0
SRR-level repeated CV	k-nearest neighbours	21	SRR14762244	GSM5364336	0	0.0	0.0
SRR-level repeated CV	k-nearest neighbours	21	SRR14762251	GSM5364339	1	1.0	1.0
SRR-level repeated CV	k-nearest neighbours	22	SRR14762239	GSM5364333	0	1.0	0.6244293857623816
SRR-level repeated CV	k-nearest neighbours	22	SRR14762242	GSM5364335	0	0.0	0.0
SRR-level repeated CV	k-nearest neighbours	22	SRR14762252	GSM5364339	1	1.0	1.0
SRR-level repeated CV	k-nearest neighbours	23	SRR14762240	GSM5364334	0	0.0	0.0
SRR-level repeated CV	k-nearest neighbours	23	SRR14762245	GSM5364336	0	0.0	0.0
SRR-level repeated CV	k-nearest neighbours	23	SRR14762246	GSM5364337	1	1.0	1.0
SRR-level repeated CV	k-nearest neighbours	24	SRR14762241	GSM5364334	0	0.0	0.0
SRR-level repeated CV	k-nearest neighbours	24	SRR14762247	GSM5364337	1	1.0	1.0
SRR-level repeated CV	k-nearest neighbours	24	SRR14762248	GSM5364338	1	0.0	0.383178776477173
SRR-level repeated CV	k-nearest neighbours	25	SRR14762238	GSM5364333	0	1.0	0.5952013240056355
SRR-level repeated CV	k-nearest neighbours	25	SRR14762250	GSM5364338	1	1.0	0.6772664004108219
SRR-level repeated CV	k-nearest neighbours	26	SRR14762238	GSM5364333	0	1.0	0.6162037804297384
SRR-level repeated CV	k-nearest neighbours	26	SRR14762241	GSM5364334	0	0.0	0.0
SRR-level repeated CV	k-nearest neighbours	26	SRR14762251	GSM5364339	1	1.0	1.0
SRR-level repeated CV	k-nearest neighbours	27	SRR14762240	GSM5364334	0	0.0	0.0
SRR-level repeated CV	k-nearest neighbours	27	SRR14762245	GSM5364336	0	0.0	0.0
SRR-level repeated CV	k-nearest neighbours	27	SRR14762248	GSM5364338	1	0.0	0.38353969768661234
SRR-level repeated CV	k-nearest neighbours	28	SRR14762239	GSM5364333	0	1.0	0.6243831986544021
SRR-level repeated CV	k-nearest neighbours	28	SRR14762242	GSM5364335	0	0.0	0.0
SRR-level repeated CV	k-nearest neighbours	28	SRR14762247	GSM5364337	1	1.0	1.0
SRR-level repeated CV	k-nearest neighbours	29	SRR14762243	GSM5364335	0	0.0	0.0
SRR-level repeated CV	k-nearest neighbours	29	SRR14762246	GSM5364337	1	1.0	1.0
SRR-level repeated CV	k-nearest neighbours	29	SRR14762250	GSM5364338	1	0.0	0.3838360845258898
SRR-level repeated CV	k-nearest neighbours	30	SRR14762244	GSM5364336	0	0.0	0.0
SRR-level repeated CV	k-nearest neighbours	30	SRR14762252	GSM5364339	1	1.0	1.0
SRR-level repeated CV	k-nearest neighbours	31	SRR14762239	GSM5364333	0	1.0	0.6239870302430025
SRR-level repeated CV	k-nearest neighbours	31	SRR14762244	GSM5364336	0	0.0	0.0
SRR-level repeated CV	k-nearest neighbours	31	SRR14762246	GSM5364337	1	1.0	1.0
SRR-level repeated CV	k-nearest neighbours	32	SRR14762238	GSM5364333	0	1.0	0.6161174419449917
SRR-level repeated CV	k-nearest neighbours	32	SRR14762245	GSM5364336	0	0.0	0.0
SRR-level repeated CV	k-nearest neighbours	32	SRR14762252	GSM5364339	1	1.0	1.0
SRR-level repeated CV	k-nearest neighbours	33	SRR14762240	GSM5364334	0	0.0	0.0
SRR-level repeated CV	k-nearest neighbours	33	SRR14762243	GSM5364335	0	0.0	0.0
SRR-level repeated CV	k-nearest neighbours	33	SRR14762247	GSM5364337	1	1.0	1.0
SRR-level repeated CV	k-nearest neighbours	34	SRR14762242	GSM5364335	0	0.0	0.0
SRR-level repeated CV	k-nearest neighbours	34	SRR14762248	GSM5364338	1	0.0	0.2984508132281102
SRR-level repeated CV	k-nearest neighbours	34	SRR14762250	GSM5364338	1	0.0	0.2998695436226854
SRR-level repeated CV	k-nearest neighbours	35	SRR14762241	GSM5364334	0	0.0	0.0
SRR-level repeated CV	k-nearest neighbours	35	SRR14762251	GSM5364339	1	1.0	1.0
SRR-level repeated CV	k-nearest neighbours	36	SRR14762240	GSM5364334	0	0.0	0.0
SRR-level repeated CV	k-nearest neighbours	36	SRR14762241	GSM5364334	0	0.0	0.0
SRR-level repeated CV	k-nearest neighbours	36	SRR14762247	GSM5364337	1	1.0	1.0
SRR-level repeated CV	k-nearest neighbours	37	SRR14762239	GSM5364333	0	1.0	0.6033093432871802
SRR-level repeated CV	k-nearest neighbours	37	SRR14762244	GSM5364336	0	0.0	0.0
SRR-level repeated CV	k-nearest neighbours	37	SRR14762250	GSM5364338	1	1.0	0.6816559640876081
SRR-level repeated CV	k-nearest neighbours	38	SRR14762238	GSM5364333	0	1.0	0.5941815039960644
SRR-level repeated CV	k-nearest neighbours	38	SRR14762245	GSM5364336	0	0.0	0.0
SRR-level repeated CV	k-nearest neighbours	38	SRR14762248	GSM5364338	1	1.0	0.6762700269873779
SRR-level repeated CV	k-nearest neighbours	39	SRR14762242	GSM5364335	0	0.0	0.0
SRR-level repeated CV	k-nearest neighbours	39	SRR14762246	GSM5364337	1	1.0	0.7194749867947272
SRR-level repeated CV	k-nearest neighbours	39	SRR14762252	GSM5364339	1	1.0	1.0
SRR-level repeated CV	k-nearest neighbours	40	SRR14762243	GSM5364335	0	0.0	0.0
SRR-level repeated CV	k-nearest neighbours	40	SRR14762251	GSM5364339	1	1.0	1.0
SRR-level repeated CV	k-nearest neighbours	41	SRR14762243	GSM5364335	0	0.0	0.0
SRR-level repeated CV	k-nearest neighbours	41	SRR14762244	GSM5364336	0	0.0	0.0
SRR-level repeated CV	k-nearest neighbours	41	SRR14762250	GSM5364338	1	0.0	0.3833033213744594
SRR-level repeated CV	k-nearest neighbours	42	SRR14762239	GSM5364333	0	1.0	0.6241457910890996
SRR-level repeated CV	k-nearest neighbours	42	SRR14762242	GSM5364335	0	0.0	0.0
SRR-level repeated CV	k-nearest neighbours	42	SRR14762246	GSM5364337	1	1.0	1.0
SRR-level repeated CV	k-nearest neighbours	43	SRR14762240	GSM5364334	0	0.0	0.0
SRR-level repeated CV	k-nearest neighbours	43	SRR14762241	GSM5364334	0	0.0	0.0
SRR-level repeated CV	k-nearest neighbours	43	SRR14762247	GSM5364337	1	1.0	1.0
SRR-level repeated CV	k-nearest neighbours	44	SRR14762238	GSM5364333	0	1.0	0.5944795158133793
SRR-level repeated CV	k-nearest neighbours	44	SRR14762248	GSM5364338	1	1.0	0.6753271568205671
SRR-level repeated CV	k-nearest neighbours	44	SRR14762252	GSM5364339	1	1.0	1.0
SRR-level repeated CV	k-nearest neighbours	45	SRR14762245	GSM5364336	0	0.0	0.0
SRR-level repeated CV	k-nearest neighbours	45	SRR14762251	GSM5364339	1	1.0	1.0
SRR-level repeated CV	k-nearest neighbours	46	SRR14762239	GSM5364333	0	1.0	0.6029905218797955
SRR-level repeated CV	k-nearest neighbours	46	SRR14762245	GSM5364336	0	0.0	0.0
SRR-level repeated CV	k-nearest neighbours	46	SRR14762250	GSM5364338	1	1.0	0.681932132996975
SRR-level repeated CV	k-nearest neighbours	47	SRR14762242	GSM5364335	0	0.0	0.0
SRR-level repeated CV	k-nearest neighbours	47	SRR14762243	GSM5364335	0	0.0	0.0
SRR-level repeated CV	k-nearest neighbours	47	SRR14762246	GSM5364337	1	1.0	1.0
SRR-level repeated CV	k-nearest neighbours	48	SRR14762238	GSM5364333	0	1.0	0.6161818754033237
SRR-level repeated CV	k-nearest neighbours	48	SRR14762241	GSM5364334	0	0.0	0.0
SRR-level repeated CV	k-nearest neighbours	48	SRR14762252	GSM5364339	1	1.0	1.0
SRR-level repeated CV	k-nearest neighbours	49	SRR14762240	GSM5364334	0	0.0	0.0
SRR-level repeated CV	k-nearest neighbours	49	SRR14762247	GSM5364337	1	1.0	1.0
SRR-level repeated CV	k-nearest neighbours	49	SRR14762248	GSM5364338	1	0.0	0.38355904541954483
SRR-level repeated CV	k-nearest neighbours	50	SRR14762244	GSM5364336	0	0.0	0.0
SRR-level repeated CV	k-nearest neighbours	50	SRR14762251	GSM5364339	1	1.0	1.0
SRR-level repeated CV	k-nearest neighbours	51	SRR14762242	GSM5364335	0	0.0	0.0
SRR-level repeated CV	k-nearest neighbours	51	SRR14762245	GSM5364336	0	0.0	0.0
SRR-level repeated CV	k-nearest neighbours	51	SRR14762250	GSM5364338	1	0.0	0.38377629353402143
SRR-level repeated CV	k-nearest neighbours	52	SRR14762240	GSM5364334	0	0.0	0.0
SRR-level repeated CV	k-nearest neighbours	52	SRR14762241	GSM5364334	0	0.0	0.0
SRR-level repeated CV	k-nearest neighbours	52	SRR14762251	GSM5364339	1	1.0	1.0
SRR-level repeated CV	k-nearest neighbours	53	SRR14762238	GSM5364333	0	1.0	1.0
SRR-level repeated CV	k-nearest neighbours	53	SRR14762239	GSM5364333	0	1.0	1.0
SRR-level repeated CV	k-nearest neighbours	53	SRR14762248	GSM5364338	1	1.0	1.0
SRR-level repeated CV	k-nearest neighbours	54	SRR14762244	GSM5364336	0	0.0	0.0
SRR-level repeated CV	k-nearest neighbours	54	SRR14762246	GSM5364337	1	1.0	0.7197085819120456
SRR-level repeated CV	k-nearest neighbours	54	SRR14762252	GSM5364339	1	1.0	1.0
SRR-level repeated CV	k-nearest neighbours	55	SRR14762243	GSM5364335	0	0.0	0.0
SRR-level repeated CV	k-nearest neighbours	55	SRR14762247	GSM5364337	1	1.0	1.0
SRR-level repeated CV	k-nearest neighbours	56	SRR14762239	GSM5364333	0	1.0	0.6237576107921923
SRR-level repeated CV	k-nearest neighbours	56	SRR14762240	GSM5364334	0	0.0	0.0
SRR-level repeated CV	k-nearest neighbours	56	SRR14762251	GSM5364339	1	1.0	1.0
SRR-level repeated CV	k-nearest neighbours	57	SRR14762242	GSM5364335	0	0.0	0.0
SRR-level repeated CV	k-nearest neighbours	57	SRR14762243	GSM5364335	0	0.0	0.0
SRR-level repeated CV	k-nearest neighbours	57	SRR14762246	GSM5364337	1	1.0	1.0
SRR-level repeated CV	k-nearest neighbours	58	SRR14762244	GSM5364336	0	0.0	0.0
SRR-level repeated CV	k-nearest neighbours	58	SRR14762245	GSM5364336	0	0.0	0.0
SRR-level repeated CV	k-nearest neighbours	58	SRR14762252	GSM5364339	1	1.0	1.0
SRR-level repeated CV	k-nearest neighbours	59	SRR14762241	GSM5364334	0	0.0	0.0
SRR-level repeated CV	k-nearest neighbours	59	SRR14762247	GSM5364337	1	1.0	1.0
SRR-level repeated CV	k-nearest neighbours	59	SRR14762248	GSM5364338	1	0.0	0.383178776477173
SRR-level repeated CV	k-nearest neighbours	60	SRR14762238	GSM5364333	0	1.0	0.5952013240056355
SRR-level repeated CV	k-nearest neighbours	60	SRR14762250	GSM5364338	1	1.0	0.6772664004108219
SRR-level repeated CV	k-nearest neighbours	61	SRR14762241	GSM5364334	0	0.0	0.0
SRR-level repeated CV	k-nearest neighbours	61	SRR14762243	GSM5364335	0	0.0	0.0
SRR-level repeated CV	k-nearest neighbours	61	SRR14762250	GSM5364338	1	0.0	0.38324122630460544
SRR-level repeated CV	k-nearest neighbours	62	SRR14762238	GSM5364333	0	1.0	0.6162027105785423
SRR-level repeated CV	k-nearest neighbours	62	SRR14762244	GSM5364336	0	0.0	0.0
SRR-level repeated CV	k-nearest neighbours	62	SRR14762246	GSM5364337	1	1.0	1.0
SRR-level repeated CV	k-nearest neighbours	63	SRR14762242	GSM5364335	0	0.0	0.0
SRR-level repeated CV	k-nearest neighbours	63	SRR14762245	GSM5364336	0	0.0	0.0
SRR-level repeated CV	k-nearest neighbours	63	SRR14762251	GSM5364339	1	1.0	1.0
SRR-level repeated CV	k-nearest neighbours	64	SRR14762240	GSM5364334	0	0.0	0.0
SRR-level repeated CV	k-nearest neighbours	64	SRR14762247	GSM5364337	1	1.0	1.0
SRR-level repeated CV	k-nearest neighbours	64	SRR14762248	GSM5364338	1	0.0	0.38355904541954483
SRR-level repeated CV	k-nearest neighbours	65	SRR14762239	GSM5364333	0	1.0	0.6247697540217017
SRR-level repeated CV	k-nearest neighbours	65	SRR14762252	GSM5364339	1	1.0	1.0
SRR-level repeated CV	k-nearest neighbours	66	SRR14762238	GSM5364333	0	1.0	0.6161174419449917
SRR-level repeated CV	k-nearest neighbours	66	SRR14762245	GSM5364336	0	0.0	0.0
SRR-level repeated CV	k-nearest neighbours	66	SRR14762252	GSM5364339	1	1.0	1.0
SRR-level repeated CV	k-nearest neighbours	67	SRR14762241	GSM5364334	0	0.0	0.0
SRR-level repeated CV	k-nearest neighbours	67	SRR14762243	GSM5364335	0	0.0	0.0
SRR-level repeated CV	k-nearest neighbours	67	SRR14762248	GSM5364338	1	0.0	0.3830696534789617
SRR-level repeated CV	k-nearest neighbours	68	SRR14762240	GSM5364334	0	0.0	0.0
SRR-level repeated CV	k-nearest neighbours	68	SRR14762242	GSM5364335	0	0.0	0.0
SRR-level repeated CV	k-nearest neighbours	68	SRR14762246	GSM5364337	1	1.0	1.0
SRR-level repeated CV	k-nearest neighbours	69	SRR14762239	GSM5364333	0	1.0	0.6243025608179891
SRR-level repeated CV	k-nearest neighbours	69	SRR14762247	GSM5364337	1	1.0	0.7203318948660368
SRR-level repeated CV	k-nearest neighbours	69	SRR14762251	GSM5364339	1	1.0	0.7168600473561025
SRR-level repeated CV	k-nearest neighbours	70	SRR14762244	GSM5364336	0	0.0	0.0
SRR-level repeated CV	k-nearest neighbours	70	SRR14762250	GSM5364338	1	0.0	0.3842354771335243
SRR-level repeated CV	k-nearest neighbours	71	SRR14762239	GSM5364333	0	1.0	0.6236530059233252
SRR-level repeated CV	k-nearest neighbours	71	SRR14762241	GSM5364334	0	0.0	0.0
SRR-level repeated CV	k-nearest neighbours	71	SRR14762246	GSM5364337	1	1.0	1.0
SRR-level repeated CV	k-nearest neighbours	72	SRR14762240	GSM5364334	0	0.0	0.0
SRR-level repeated CV	k-nearest neighbours	72	SRR14762242	GSM5364335	0	0.0	0.0
SRR-level repeated CV	k-nearest neighbours	72	SRR14762250	GSM5364338	1	0.0	0.383808581924311
SRR-level repeated CV	k-nearest neighbours	73	SRR14762238	GSM5364333	0	1.0	0.6165987970762227
SRR-level repeated CV	k-nearest neighbours	73	SRR14762243	GSM5364335	0	0.0	0.0
SRR-level repeated CV	k-nearest neighbours	73	SRR14762252	GSM5364339	1	1.0	1.0
SRR-level repeated CV	k-nearest neighbours	74	SRR14762245	GSM5364336	0	0.0	0.0
SRR-level repeated CV	k-nearest neighbours	74	SRR14762247	GSM5364337	1	1.0	1.0
SRR-level repeated CV	k-nearest neighbours	74	SRR14762248	GSM5364338	1	0.0	0.3835688359949447
SRR-level repeated CV	k-nearest neighbours	75	SRR14762244	GSM5364336	0	0.0	0.0
SRR-level repeated CV	k-nearest neighbours	75	SRR14762251	GSM5364339	1	1.0	1.0
SRR-level repeated CV	k-nearest neighbours	76	SRR14762241	GSM5364334	0	0.0	0.0
SRR-level repeated CV	k-nearest neighbours	76	SRR14762243	GSM5364335	0	0.0	0.0
SRR-level repeated CV	k-nearest neighbours	76	SRR14762248	GSM5364338	1	0.0	0.3830696534789617
SRR-level repeated CV	k-nearest neighbours	77	SRR14762239	GSM5364333	0	1.0	0.6237576107921923
SRR-level repeated CV	k-nearest neighbours	77	SRR14762240	GSM5364334	0	0.0	0.0
SRR-level repeated CV	k-nearest neighbours	77	SRR14762251	GSM5364339	1	1.0	1.0
SRR-level repeated CV	k-nearest neighbours	78	SRR14762244	GSM5364336	0	0.0	0.0
SRR-level repeated CV	k-nearest neighbours	78	SRR14762245	GSM5364336	0	0.0	0.0
SRR-level repeated CV	k-nearest neighbours	78	SRR14762252	GSM5364339	1	1.0	1.0
SRR-level repeated CV	k-nearest neighbours	79	SRR14762238	GSM5364333	0	1.0	0.6147417374237595
SRR-level repeated CV	k-nearest neighbours	79	SRR14762246	GSM5364337	1	1.0	0.6794389452007916
SRR-level repeated CV	k-nearest neighbours	79	SRR14762247	GSM5364337	1	1.0	0.6798519419557213
SRR-level repeated CV	k-nearest neighbours	80	SRR14762242	GSM5364335	0	0.0	0.0
SRR-level repeated CV	k-nearest neighbours	80	SRR14762250	GSM5364338	1	0.0	0.38431747705977404
SRR-level repeated CV	k-nearest neighbours	81	SRR14762240	GSM5364334	0	0.0	0.0
SRR-level repeated CV	k-nearest neighbours	81	SRR14762244	GSM5364336	0	0.0	0.0
SRR-level repeated CV	k-nearest neighbours	81	SRR14762250	GSM5364338	1	0.0	0.38375362403391394
SRR-level repeated CV	k-nearest neighbours	82	SRR14762238	GSM5364333	0	1.0	0.6159468169063891
SRR-level repeated CV	k-nearest neighbours	82	SRR14762241	GSM5364334	0	0.0	0.0
SRR-level repeated CV	k-nearest neighbours	82	SRR14762246	GSM5364337	1	1.0	1.0
SRR-level repeated CV	k-nearest neighbours	83	SRR14762239	GSM5364333	0	1.0	0.6026484879035924
SRR-level repeated CV	k-nearest neighbours	83	SRR14762245	GSM5364336	0	0.0	0.0
SRR-level repeated CV	k-nearest neighbours	83	SRR14762248	GSM5364338	1	1.0	0.6802736587062912
SRR-level repeated CV	k-nearest neighbours	84	SRR14762243	GSM5364335	0	0.0	0.0
SRR-level repeated CV	k-nearest neighbours	84	SRR14762251	GSM5364339	1	1.0	1.0
SRR-level repeated CV	k-nearest neighbours	84	SRR14762252	GSM5364339	1	1.0	1.0
SRR-level repeated CV	k-nearest neighbours	85	SRR14762242	GSM5364335	0	0.0	0.0
SRR-level repeated CV	k-nearest neighbours	85	SRR14762247	GSM5364337	1	1.0	1.0
SRR-level repeated CV	k-nearest neighbours	86	SRR14762239	GSM5364333	0	1.0	0.6036206702675941
SRR-level repeated CV	k-nearest neighbours	86	SRR14762243	GSM5364335	0	0.0	0.0
SRR-level repeated CV	k-nearest neighbours	86	SRR14762248	GSM5364338	1	1.0	0.6804227700795492
SRR-level repeated CV	k-nearest neighbours	87	SRR14762238	GSM5364333	0	1.0	0.5954729143054445
SRR-level repeated CV	k-nearest neighbours	87	SRR14762244	GSM5364336	0	0.0	0.0
SRR-level repeated CV	k-nearest neighbours	87	SRR14762250	GSM5364338	1	1.0	0.6769277086946436
SRR-level repeated CV	k-nearest neighbours	88	SRR14762242	GSM5364335	0	0.0	0.0
SRR-level repeated CV	k-nearest neighbours	88	SRR14762245	GSM5364336	0	0.0	0.0
SRR-level repeated CV	k-nearest neighbours	88	SRR14762251	GSM5364339	1	1.0	1.0
SRR-level repeated CV	k-nearest neighbours	89	SRR14762240	GSM5364334	0	0.0	0.0
SRR-level repeated CV	k-nearest neighbours	89	SRR14762246	GSM5364337	1	1.0	0.7200355040722543
SRR-level repeated CV	k-nearest neighbours	89	SRR14762252	GSM5364339	1	1.0	1.0
SRR-level repeated CV	k-nearest neighbours	90	SRR14762241	GSM5364334	0	0.0	0.0
SRR-level repeated CV	k-nearest neighbours	90	SRR14762247	GSM5364337	1	1.0	1.0
SRR-level repeated CV	k-nearest neighbours	91	SRR14762242	GSM5364335	0	0.0	0.0
SRR-level repeated CV	k-nearest neighbours	91	SRR14762245	GSM5364336	0	0.0	0.0
SRR-level repeated CV	k-nearest neighbours	91	SRR14762250	GSM5364338	1	0.0	0.38377629353402143
SRR-level repeated CV	k-nearest neighbours	92	SRR14762238	GSM5364333	0	1.0	0.6161818754033237
SRR-level repeated CV	k-nearest neighbours	92	SRR14762241	GSM5364334	0	0.0	0.0
SRR-level repeated CV	k-nearest neighbours	92	SRR14762252	GSM5364339	1	1.0	1.0
SRR-level repeated CV	k-nearest neighbours	93	SRR14762240	GSM5364334	0	0.0	0.0
SRR-level repeated CV	k-nearest neighbours	93	SRR14762244	GSM5364336	0	0.0	0.0
SRR-level repeated CV	k-nearest neighbours	93	SRR14762251	GSM5364339	1	1.0	1.0
SRR-level repeated CV	k-nearest neighbours	94	SRR14762239	GSM5364333	0	1.0	0.6012591343629824
SRR-level repeated CV	k-nearest neighbours	94	SRR14762247	GSM5364337	1	1.0	1.0
SRR-level repeated CV	k-nearest neighbours	94	SRR14762248	GSM5364338	1	1.0	0.68080145151931
SRR-level repeated CV	k-nearest neighbours	95	SRR14762243	GSM5364335	0	0.0	0.0
SRR-level repeated CV	k-nearest neighbours	95	SRR14762246	GSM5364337	1	1.0	1.0
SRR-level repeated CV	k-nearest neighbours	96	SRR14762241	GSM5364334	0	0.0	0.0
SRR-level repeated CV	k-nearest neighbours	96	SRR14762244	GSM5364336	0	0.0	0.0
SRR-level repeated CV	k-nearest neighbours	96	SRR14762248	GSM5364338	1	0.0	0.382745308566099
SRR-level repeated CV	k-nearest neighbours	97	SRR14762240	GSM5364334	0	0.0	0.0
SRR-level repeated CV	k-nearest neighbours	97	SRR14762243	GSM5364335	0	0.0	0.0
SRR-level repeated CV	k-nearest neighbours	97	SRR14762246	GSM5364337	1	1.0	1.0
SRR-level repeated CV	k-nearest neighbours	98	SRR14762238	GSM5364333	0	1.0	1.0
SRR-level repeated CV	k-nearest neighbours	98	SRR14762239	GSM5364333	0	1.0	1.0
SRR-level repeated CV	k-nearest neighbours	98	SRR14762247	GSM5364337	1	1.0	1.0
SRR-level repeated CV	k-nearest neighbours	99	SRR14762242	GSM5364335	0	0.0	0.0
SRR-level repeated CV	k-nearest neighbours	99	SRR14762250	GSM5364338	1	0.0	0.38373056527420774
SRR-level repeated CV	k-nearest neighbours	99	SRR14762251	GSM5364339	1	1.0	1.0
SRR-level repeated CV	k-nearest neighbours	100	SRR14762245	GSM5364336	0	0.0	0.0
SRR-level repeated CV	k-nearest neighbours	100	SRR14762252	GSM5364339	1	1.0	1.0
SRR-level repeated CV	k-nearest neighbours	101	SRR14762238	GSM5364333	0	1.0	0.6163724616530499
SRR-level repeated CV	k-nearest neighbours	101	SRR14762243	GSM5364335	0	0.0	0.0
SRR-level repeated CV	k-nearest neighbours	101	SRR14762246	GSM5364337	1	1.0	1.0
SRR-level repeated CV	k-nearest neighbours	102	SRR14762241	GSM5364334	0	0.0	0.0
SRR-level repeated CV	k-nearest neighbours	102	SRR14762245	GSM5364336	0	0.0	0.0
SRR-level repeated CV	k-nearest neighbours	102	SRR14762247	GSM5364337	1	1.0	1.0
SRR-level repeated CV	k-nearest neighbours	103	SRR14762242	GSM5364335	0	0.0	0.0
SRR-level repeated CV	k-nearest neighbours	103	SRR14762244	GSM5364336	0	0.0	0.0
SRR-level repeated CV	k-nearest neighbours	103	SRR14762250	GSM5364338	1	0.0	0.3837178787349149
SRR-level repeated CV	k-nearest neighbours	104	SRR14762240	GSM5364334	0	0.0	0.0
SRR-level repeated CV	k-nearest neighbours	104	SRR14762248	GSM5364338	1	0.0	0.38349941141551896
SRR-level repeated CV	k-nearest neighbours	104	SRR14762251	GSM5364339	1	1.0	1.0
SRR-level repeated CV	k-nearest neighbours	105	SRR14762239	GSM5364333	0	1.0	0.6247697540217017
SRR-level repeated CV	k-nearest neighbours	105	SRR14762252	GSM5364339	1	1.0	1.0
SRR-level repeated CV	k-nearest neighbours	106	SRR14762240	GSM5364334	0	0.0	0.0
SRR-level repeated CV	k-nearest neighbours	106	SRR14762244	GSM5364336	0	0.0	0.0
SRR-level repeated CV	k-nearest neighbours	106	SRR14762248	GSM5364338	1	0.0	0.3834403442875726
SRR-level repeated CV	k-nearest neighbours	107	SRR14762241	GSM5364334	0	0.0	0.0
SRR-level repeated CV	k-nearest neighbours	107	SRR14762245	GSM5364336	0	0.0	0.0
SRR-level repeated CV	k-nearest neighbours	107	SRR14762246	GSM5364337	1	1.0	1.0
SRR-level repeated CV	k-nearest neighbours	108	SRR14762242	GSM5364335	0	0.0	0.0
SRR-level repeated CV	k-nearest neighbours	108	SRR14762243	GSM5364335	0	0.0	0.0
SRR-level repeated CV	k-nearest neighbours	108	SRR14762251	GSM5364339	1	1.0	1.0
SRR-level repeated CV	k-nearest neighbours	109	SRR14762238	GSM5364333	0	1.0	0.5931779498144867
SRR-level repeated CV	k-nearest neighbours	109	SRR14762247	GSM5364337	1	1.0	1.0
SRR-level repeated CV	k-nearest neighbours	109	SRR14762250	GSM5364338	1	1.0	0.6775066709400481
SRR-level repeated CV	k-nearest neighbours	110	SRR14762239	GSM5364333	0	1.0	0.6247697540217017
SRR-level repeated CV	k-nearest neighbours	110	SRR14762252	GSM5364339	1	1.0	1.0
SRR-level repeated CV	k-nearest neighbours	111	SRR14762238	GSM5364333	0	1.0	1.0
SRR-level repeated CV	k-nearest neighbours	111	SRR14762239	GSM5364333	0	1.0	1.0
SRR-level repeated CV	k-nearest neighbours	111	SRR14762247	GSM5364337	1	1.0	1.0
SRR-level repeated CV	k-nearest neighbours	112	SRR14762244	GSM5364336	0	0.0	0.0
SRR-level repeated CV	k-nearest neighbours	112	SRR14762245	GSM5364336	0	0.0	0.0
SRR-level repeated CV	k-nearest neighbours	112	SRR14762251	GSM5364339	1	1.0	1.0
SRR-level repeated CV	k-nearest neighbours	113	SRR14762242	GSM5364335	0	0.0	0.0
SRR-level repeated CV	k-nearest neighbours	113	SRR14762243	GSM5364335	0	0.0	0.0
SRR-level repeated CV	k-nearest neighbours	113	SRR14762252	GSM5364339	1	1.0	1.0
SRR-level repeated CV	k-nearest neighbours	114	SRR14762241	GSM5364334	0	0.0	0.0
SRR-level repeated CV	k-nearest neighbours	114	SRR14762246	GSM5364337	1	1.0	1.0
SRR-level repeated CV	k-nearest neighbours	114	SRR14762248	GSM5364338	1	0.0	0.38350044398713107
SRR-level repeated CV	k-nearest neighbours	115	SRR14762240	GSM5364334	0	0.0	0.0
SRR-level repeated CV	k-nearest neighbours	115	SRR14762250	GSM5364338	1	0.0	0.3842420117982178
SRR-level repeated CV	k-nearest neighbours	116	SRR14762239	GSM5364333	0	1.0	0.6244293857623816
SRR-level repeated CV	k-nearest neighbours	116	SRR14762242	GSM5364335	0	0.0	0.0
SRR-level repeated CV	k-nearest neighbours	116	SRR14762252	GSM5364339	1	1.0	1.0
SRR-level repeated CV	k-nearest neighbours	117	SRR14762240	GSM5364334	0	0.0	0.0
SRR-level repeated CV	k-nearest neighbours	117	SRR14762245	GSM5364336	0	0.0	0.0
SRR-level repeated CV	k-nearest neighbours	117	SRR14762246	GSM5364337	1	1.0	1.0
SRR-level repeated CV	k-nearest neighbours	118	SRR14762238	GSM5364333	0	1.0	0.6162037804297384
SRR-level repeated CV	k-nearest neighbours	118	SRR14762241	GSM5364334	0	0.0	0.0
SRR-level repeated CV	k-nearest neighbours	118	SRR14762251	GSM5364339	1	1.0	1.0
SRR-level repeated CV	k-nearest neighbours	119	SRR14762244	GSM5364336	0	0.0	0.0
SRR-level repeated CV	k-nearest neighbours	119	SRR14762247	GSM5364337	1	1.0	1.0
SRR-level repeated CV	k-nearest neighbours	119	SRR14762250	GSM5364338	1	0.0	0.38392880894754716
SRR-level repeated CV	k-nearest neighbours	120	SRR14762243	GSM5364335	0	0.0	0.0
SRR-level repeated CV	k-nearest neighbours	120	SRR14762248	GSM5364338	1	0.0	0.3838675448654131
SRR-level repeated CV	k-nearest neighbours	121	SRR14762238	GSM5364333	0	1.0	0.6161954864835807
SRR-level repeated CV	k-nearest neighbours	121	SRR14762245	GSM5364336	0	0.0	0.0
SRR-level repeated CV	k-nearest neighbours	121	SRR14762251	GSM5364339	1	1.0	1.0
SRR-level repeated CV	k-nearest neighbours	122	SRR14762240	GSM5364334	0	0.0	0.0
SRR-level repeated CV	k-nearest neighbours	122	SRR14762241	GSM5364334	0	0.0	0.0
SRR-level repeated CV	k-nearest neighbours	122	SRR14762252	GSM5364339	1	1.0	1.0
SRR-level repeated CV	k-nearest neighbours	123	SRR14762239	GSM5364333	0	1.0	0.6243534523363452
SRR-level repeated CV	k-nearest neighbours	123	SRR14762243	GSM5364335	0	0.0	0.0
SRR-level repeated CV	k-nearest neighbours	123	SRR14762246	GSM5364337	1	1.0	1.0
SRR-level repeated CV	k-nearest neighbours	124	SRR14762244	GSM5364336	0	0.0	0.0
SRR-level repeated CV	k-nearest neighbours	124	SRR14762248	GSM5364338	1	0.0	0.298073354439597
SRR-level repeated CV	k-nearest neighbours	124	SRR14762250	GSM5364338	1	0.0	0.2994003962461026
SRR-level repeated CV	k-nearest neighbours	125	SRR14762242	GSM5364335	0	0.0	0.0
SRR-level repeated CV	k-nearest neighbours	125	SRR14762247	GSM5364337	1	1.0	1.0
SRR-level repeated CV	k-nearest neighbours	126	SRR14762238	GSM5364333	0	1.0	0.6161174419449917
SRR-level repeated CV	k-nearest neighbours	126	SRR14762245	GSM5364336	0	0.0	0.0
SRR-level repeated CV	k-nearest neighbours	126	SRR14762252	GSM5364339	1	1.0	1.0
SRR-level repeated CV	k-nearest neighbours	127	SRR14762240	GSM5364334	0	0.0	0.0
SRR-level repeated CV	k-nearest neighbours	127	SRR14762243	GSM5364335	0	0.0	0.0
SRR-level repeated CV	k-nearest neighbours	127	SRR14762247	GSM5364337	1	1.0	1.0
SRR-level repeated CV	k-nearest neighbours	128	SRR14762242	GSM5364335	0	0.0	0.0
SRR-level repeated CV	k-nearest neighbours	128	SRR14762244	GSM5364336	0	0.0	0.0
SRR-level repeated CV	k-nearest neighbours	128	SRR14762250	GSM5364338	1	0.0	0.3837178787349149
SRR-level repeated CV	k-nearest neighbours	129	SRR14762239	GSM5364333	0	1.0	0.6011476986719918
SRR-level repeated CV	k-nearest neighbours	129	SRR14762246	GSM5364337	1	1.0	1.0
SRR-level repeated CV	k-nearest neighbours	129	SRR14762248	GSM5364338	1	1.0	0.6805929276192445
SRR-level repeated CV	k-nearest neighbours	130	SRR14762241	GSM5364334	0	0.0	0.0
SRR-level repeated CV	k-nearest neighbours	130	SRR14762251	GSM5364339	1	1.0	1.0
SRR-level repeated CV	k-nearest neighbours	131	SRR14762238	GSM5364333	0	1.0	0.6166832960872295
SRR-level repeated CV	k-nearest neighbours	131	SRR14762242	GSM5364335	0	0.0	0.0
SRR-level repeated CV	k-nearest neighbours	131	SRR14762246	GSM5364337	1	1.0	1.0
SRR-level repeated CV	k-nearest neighbours	132	SRR14762243	GSM5364335	0	0.0	0.0
SRR-level repeated CV	k-nearest neighbours	132	SRR14762244	GSM5364336	0	0.0	0.0
SRR-level repeated CV	k-nearest neighbours	132	SRR14762250	GSM5364338	1	0.0	0.3833033213744594
SRR-level repeated CV	k-nearest neighbours	133	SRR14762239	GSM5364333	0	1.0	0.6029413607599693
SRR-level repeated CV	k-nearest neighbours	133	SRR14762241	GSM5364334	0	0.0	0.0
SRR-level repeated CV	k-nearest neighbours	133	SRR14762248	GSM5364338	1	1.0	0.680071630783334
SRR-level repeated CV	k-nearest neighbours	134	SRR14762240	GSM5364334	0	0.0	0.0
SRR-level repeated CV	k-nearest neighbours	134	SRR14762247	GSM5364337	1	1.0	0.7195061642169286
SRR-level repeated CV	k-nearest neighbours	134	SRR14762252	GSM5364339	1	1.0	1.0
SRR-level repeated CV	k-nearest neighbours	135	SRR14762245	GSM5364336	0	0.0	0.0
SRR-level repeated CV	k-nearest neighbours	135	SRR14762251	GSM5364339	1	1.0	1.0
SRR-level repeated CV	k-nearest neighbours	136	SRR14762240	GSM5364334	0	0.0	0.0
SRR-level repeated CV	k-nearest neighbours	136	SRR14762244	GSM5364336	0	0.0	0.0
SRR-level repeated CV	k-nearest neighbours	136	SRR14762247	GSM5364337	1	1.0	1.0
SRR-level repeated CV	k-nearest neighbours	137	SRR14762238	GSM5364333	0	1.0	0.6166782620850334
SRR-level repeated CV	k-nearest neighbours	137	SRR14762243	GSM5364335	0	0.0	0.0
SRR-level repeated CV	k-nearest neighbours	137	SRR14762251	GSM5364339	1	1.0	1.0
SRR-level repeated CV	k-nearest neighbours	138	SRR14762241	GSM5364334	0	0.0	0.0
SRR-level repeated CV	k-nearest neighbours	138	SRR14762245	GSM5364336	0	0.0	0.0
SRR-level repeated CV	k-nearest neighbours	138	SRR14762246	GSM5364337	1	1.0	1.0
SRR-level repeated CV	k-nearest neighbours	139	SRR14762242	GSM5364335	0	0.0	0.0
SRR-level repeated CV	k-nearest neighbours	139	SRR14762248	GSM5364338	1	0.0	0.2984508132281102
SRR-level repeated CV	k-nearest neighbours	139	SRR14762250	GSM5364338	1	0.0	0.2998695436226854
SRR-level repeated CV	k-nearest neighbours	140	SRR14762239	GSM5364333	0	1.0	0.6247697540217017
SRR-level repeated CV	k-nearest neighbours	140	SRR14762252	GSM5364339	1	1.0	1.0
SRR-level repeated CV	k-nearest neighbours	141	SRR14762239	GSM5364333	0	1.0	0.6246044659762986
SRR-level repeated CV	k-nearest neighbours	141	SRR14762243	GSM5364335	0	0.0	0.0
SRR-level repeated CV	k-nearest neighbours	141	SRR14762247	GSM5364337	1	1.0	1.0
SRR-level repeated CV	k-nearest neighbours	142	SRR14762238	GSM5364333	0	1.0	0.6166832960872295
SRR-level repeated CV	k-nearest neighbours	142	SRR14762242	GSM5364335	0	0.0	0.0
SRR-level repeated CV	k-nearest neighbours	142	SRR14762246	GSM5364337	1	1.0	1.0
SRR-level repeated CV	k-nearest neighbours	143	SRR14762241	GSM5364334	0	0.0	0.0
SRR-level repeated CV	k-nearest neighbours	143	SRR14762244	GSM5364336	0	0.0	0.0
SRR-level repeated CV	k-nearest neighbours	143	SRR14762248	GSM5364338	1	0.0	0.382745308566099
SRR-level repeated CV	k-nearest neighbours	144	SRR14762240	GSM5364334	0	0.0	0.0
SRR-level repeated CV	k-nearest neighbours	144	SRR14762251	GSM5364339	1	1.0	1.0
SRR-level repeated CV	k-nearest neighbours	144	SRR14762252	GSM5364339	1	1.0	1.0
SRR-level repeated CV	k-nearest neighbours	145	SRR14762245	GSM5364336	0	0.0	0.0
SRR-level repeated CV	k-nearest neighbours	145	SRR14762250	GSM5364338	1	0.0	0.38430923972578007
SRR-level repeated CV	k-nearest neighbours	146	SRR14762240	GSM5364334	0	0.0	0.0
SRR-level repeated CV	k-nearest neighbours	146	SRR14762245	GSM5364336	0	0.0	0.0
SRR-level repeated CV	k-nearest neighbours	146	SRR14762246	GSM5364337	1	1.0	1.0
SRR-level repeated CV	k-nearest neighbours	147	SRR14762242	GSM5364335	0	0.0	0.0
SRR-level repeated CV	k-nearest neighbours	147	SRR14762243	GSM5364335	0	0.0	0.0
SRR-level repeated CV	k-nearest neighbours	147	SRR14762248	GSM5364338	1	0.0	0.3835784646212822
SRR-level repeated CV	k-nearest neighbours	148	SRR14762238	GSM5364333	0	1.0	0.5954109936438347
SRR-level repeated CV	k-nearest neighbours	148	SRR14762241	GSM5364334	0	0.0	0.0
SRR-level repeated CV	k-nearest neighbours	148	SRR14762250	GSM5364338	1	1.0	0.6769846795113307
SRR-level repeated CV	k-nearest neighbours	149	SRR14762239	GSM5364333	0	1.0	0.6243025608179891
SRR-level repeated CV	k-nearest neighbours	149	SRR14762247	GSM5364337	1	1.0	0.7203318948660368
SRR-level repeated CV	k-nearest neighbours	149	SRR14762251	GSM5364339	1	1.0	0.7168600473561025
SRR-level repeated CV	k-nearest neighbours	150	SRR14762244	GSM5364336	0	0.0	0.0
SRR-level repeated CV	k-nearest neighbours	150	SRR14762252	GSM5364339	1	1.0	1.0
SRR-level repeated CV	Decision tree	1	SRR14762238	GSM5364333	0	1.0	1.0
SRR-level repeated CV	Decision tree	1	SRR14762240	GSM5364334	0	0.0	0.0
SRR-level repeated CV	Decision tree	1	SRR14762247	GSM5364337	1	1.0	1.0
SRR-level repeated CV	Decision tree	2	SRR14762242	GSM5364335	0	0.0	0.0
SRR-level repeated CV	Decision tree	2	SRR14762244	GSM5364336	0	0.0	0.0
SRR-level repeated CV	Decision tree	2	SRR14762252	GSM5364339	1	1.0	1.0
SRR-level repeated CV	Decision tree	3	SRR14762239	GSM5364333	0	0.0	0.0
SRR-level repeated CV	Decision tree	3	SRR14762243	GSM5364335	0	0.0	0.0
SRR-level repeated CV	Decision tree	3	SRR14762251	GSM5364339	1	0.0	0.0
SRR-level repeated CV	Decision tree	4	SRR14762245	GSM5364336	0	0.0	0.0
SRR-level repeated CV	Decision tree	4	SRR14762248	GSM5364338	1	0.0	0.0
SRR-level repeated CV	Decision tree	4	SRR14762250	GSM5364338	1	0.0	0.0
SRR-level repeated CV	Decision tree	5	SRR14762241	GSM5364334	0	0.0	0.0
SRR-level repeated CV	Decision tree	5	SRR14762246	GSM5364337	1	1.0	1.0
SRR-level repeated CV	Decision tree	6	SRR14762240	GSM5364334	0	0.0	0.0
SRR-level repeated CV	Decision tree	6	SRR14762241	GSM5364334	0	0.0	0.0
SRR-level repeated CV	Decision tree	6	SRR14762248	GSM5364338	1	1.0	1.0
SRR-level repeated CV	Decision tree	7	SRR14762242	GSM5364335	0	0.0	0.0
SRR-level repeated CV	Decision tree	7	SRR14762243	GSM5364335	0	0.0	0.0
SRR-level repeated CV	Decision tree	7	SRR14762251	GSM5364339	1	1.0	1.0
SRR-level repeated CV	Decision tree	8	SRR14762239	GSM5364333	0	0.0	0.0
SRR-level repeated CV	Decision tree	8	SRR14762244	GSM5364336	0	0.0	0.0
SRR-level repeated CV	Decision tree	8	SRR14762247	GSM5364337	1	0.0	0.0
SRR-level repeated CV	Decision tree	9	SRR14762238	GSM5364333	0	1.0	1.0
SRR-level repeated CV	Decision tree	9	SRR14762246	GSM5364337	1	1.0	1.0
SRR-level repeated CV	Decision tree	9	SRR14762252	GSM5364339	1	1.0	1.0
SRR-level repeated CV	Decision tree	10	SRR14762245	GSM5364336	0	1.0	1.0
SRR-level repeated CV	Decision tree	10	SRR14762250	GSM5364338	1	1.0	1.0
SRR-level repeated CV	Decision tree	11	SRR14762240	GSM5364334	0	0.0	0.0
SRR-level repeated CV	Decision tree	11	SRR14762244	GSM5364336	0	0.0	0.0
SRR-level repeated CV	Decision tree	11	SRR14762246	GSM5364337	1	0.0	0.0
SRR-level repeated CV	Decision tree	12	SRR14762239	GSM5364333	0	1.0	1.0
SRR-level repeated CV	Decision tree	12	SRR14762245	GSM5364336	0	0.0	0.0
SRR-level repeated CV	Decision tree	12	SRR14762248	GSM5364338	1	1.0	1.0
SRR-level repeated CV	Decision tree	13	SRR14762242	GSM5364335	0	0.0	0.0
SRR-level repeated CV	Decision tree	13	SRR14762243	GSM5364335	0	0.0	0.0
SRR-level repeated CV	Decision tree	13	SRR14762252	GSM5364339	1	0.0	0.0
SRR-level repeated CV	Decision tree	14	SRR14762238	GSM5364333	0	0.0	0.0
SRR-level repeated CV	Decision tree	14	SRR14762247	GSM5364337	1	1.0	1.0
SRR-level repeated CV	Decision tree	14	SRR14762250	GSM5364338	1	1.0	1.0
SRR-level repeated CV	Decision tree	15	SRR14762241	GSM5364334	0	0.0	0.0
SRR-level repeated CV	Decision tree	15	SRR14762251	GSM5364339	1	1.0	1.0
SRR-level repeated CV	Decision tree	16	SRR14762238	GSM5364333	0	1.0	1.0
SRR-level repeated CV	Decision tree	16	SRR14762239	GSM5364333	0	1.0	1.0
SRR-level repeated CV	Decision tree	16	SRR14762252	GSM5364339	1	1.0	1.0
SRR-level repeated CV	Decision tree	17	SRR14762242	GSM5364335	0	0.0	0.0
SRR-level repeated CV	Decision tree	17	SRR14762245	GSM5364336	0	1.0	1.0
SRR-level repeated CV	Decision tree	17	SRR14762246	GSM5364337	1	1.0	1.0
SRR-level repeated CV	Decision tree	18	SRR14762240	GSM5364334	0	0.0	0.0
SRR-level repeated CV	Decision tree	18	SRR14762243	GSM5364335	0	0.0	0.0
SRR-level repeated CV	Decision tree	18	SRR14762251	GSM5364339	1	1.0	1.0
SRR-level repeated CV	Decision tree	19	SRR14762241	GSM5364334	0	0.0	0.0
SRR-level repeated CV	Decision tree	19	SRR14762247	GSM5364337	1	1.0	1.0
SRR-level repeated CV	Decision tree	19	SRR14762248	GSM5364338	1	0.0	0.0
SRR-level repeated CV	Decision tree	20	SRR14762244	GSM5364336	0	0.0	0.0
SRR-level repeated CV	Decision tree	20	SRR14762250	GSM5364338	1	1.0	1.0
SRR-level repeated CV	Decision tree	21	SRR14762243	GSM5364335	0	0.0	0.0
SRR-level repeated CV	Decision tree	21	SRR14762244	GSM5364336	0	0.0	0.0
SRR-level repeated CV	Decision tree	21	SRR14762251	GSM5364339	1	1.0	1.0
SRR-level repeated CV	Decision tree	22	SRR14762239	GSM5364333	0	0.0	0.0
SRR-level repeated CV	Decision tree	22	SRR14762242	GSM5364335	0	0.0	0.0
SRR-level repeated CV	Decision tree	22	SRR14762252	GSM5364339	1	1.0	1.0
SRR-level repeated CV	Decision tree	23	SRR14762240	GSM5364334	0	0.0	0.0
SRR-level repeated CV	Decision tree	23	SRR14762245	GSM5364336	0	1.0	1.0
SRR-level repeated CV	Decision tree	23	SRR14762246	GSM5364337	1	0.0	0.0
SRR-level repeated CV	Decision tree	24	SRR14762241	GSM5364334	0	0.0	0.0
SRR-level repeated CV	Decision tree	24	SRR14762247	GSM5364337	1	1.0	1.0
SRR-level repeated CV	Decision tree	24	SRR14762248	GSM5364338	1	0.0	0.0
SRR-level repeated CV	Decision tree	25	SRR14762238	GSM5364333	0	0.0	0.0
SRR-level repeated CV	Decision tree	25	SRR14762250	GSM5364338	1	1.0	1.0
SRR-level repeated CV	Decision tree	26	SRR14762238	GSM5364333	0	1.0	1.0
SRR-level repeated CV	Decision tree	26	SRR14762241	GSM5364334	0	1.0	1.0
SRR-level repeated CV	Decision tree	26	SRR14762251	GSM5364339	1	1.0	1.0
SRR-level repeated CV	Decision tree	27	SRR14762240	GSM5364334	0	0.0	0.0
SRR-level repeated CV	Decision tree	27	SRR14762245	GSM5364336	0	0.0	0.0
SRR-level repeated CV	Decision tree	27	SRR14762248	GSM5364338	1	1.0	1.0
SRR-level repeated CV	Decision tree	28	SRR14762239	GSM5364333	0	0.0	0.0
SRR-level repeated CV	Decision tree	28	SRR14762242	GSM5364335	0	0.0	0.0
SRR-level repeated CV	Decision tree	28	SRR14762247	GSM5364337	1	0.0	0.0
SRR-level repeated CV	Decision tree	29	SRR14762243	GSM5364335	0	0.0	0.0
SRR-level repeated CV	Decision tree	29	SRR14762246	GSM5364337	1	1.0	1.0
SRR-level repeated CV	Decision tree	29	SRR14762250	GSM5364338	1	1.0	1.0
SRR-level repeated CV	Decision tree	30	SRR14762244	GSM5364336	0	0.0	0.0
SRR-level repeated CV	Decision tree	30	SRR14762252	GSM5364339	1	0.0	0.0
SRR-level repeated CV	Decision tree	31	SRR14762239	GSM5364333	0	1.0	1.0
SRR-level repeated CV	Decision tree	31	SRR14762244	GSM5364336	0	0.0	0.0
SRR-level repeated CV	Decision tree	31	SRR14762246	GSM5364337	1	1.0	1.0
SRR-level repeated CV	Decision tree	32	SRR14762238	GSM5364333	0	0.0	0.0
SRR-level repeated CV	Decision tree	32	SRR14762245	GSM5364336	0	0.0	0.0
SRR-level repeated CV	Decision tree	32	SRR14762252	GSM5364339	1	1.0	1.0
SRR-level repeated CV	Decision tree	33	SRR14762240	GSM5364334	0	0.0	0.0
SRR-level repeated CV	Decision tree	33	SRR14762243	GSM5364335	0	0.0	0.0
SRR-level repeated CV	Decision tree	33	SRR14762247	GSM5364337	1	0.0	0.0
SRR-level repeated CV	Decision tree	34	SRR14762242	GSM5364335	0	0.0	0.0
SRR-level repeated CV	Decision tree	34	SRR14762248	GSM5364338	1	0.0	0.0
SRR-level repeated CV	Decision tree	34	SRR14762250	GSM5364338	1	0.0	0.0
SRR-level repeated CV	Decision tree	35	SRR14762241	GSM5364334	0	0.0	0.0
SRR-level repeated CV	Decision tree	35	SRR14762251	GSM5364339	1	1.0	1.0
SRR-level repeated CV	Decision tree	36	SRR14762240	GSM5364334	0	0.0	0.0
SRR-level repeated CV	Decision tree	36	SRR14762241	GSM5364334	0	0.0	0.0
SRR-level repeated CV	Decision tree	36	SRR14762247	GSM5364337	1	1.0	1.0
SRR-level repeated CV	Decision tree	37	SRR14762239	GSM5364333	0	1.0	1.0
SRR-level repeated CV	Decision tree	37	SRR14762244	GSM5364336	0	0.0	0.0
SRR-level repeated CV	Decision tree	37	SRR14762250	GSM5364338	1	0.0	0.0
SRR-level repeated CV	Decision tree	38	SRR14762238	GSM5364333	0	0.0	0.0
SRR-level repeated CV	Decision tree	38	SRR14762245	GSM5364336	0	0.0	0.0
SRR-level repeated CV	Decision tree	38	SRR14762248	GSM5364338	1	1.0	1.0
SRR-level repeated CV	Decision tree	39	SRR14762242	GSM5364335	0	0.0	0.0
SRR-level repeated CV	Decision tree	39	SRR14762246	GSM5364337	1	1.0	1.0
SRR-level repeated CV	Decision tree	39	SRR14762252	GSM5364339	1	1.0	1.0
SRR-level repeated CV	Decision tree	40	SRR14762243	GSM5364335	0	0.0	0.0
SRR-level repeated CV	Decision tree	40	SRR14762251	GSM5364339	1	1.0	1.0
SRR-level repeated CV	Decision tree	41	SRR14762243	GSM5364335	0	0.0	0.0
SRR-level repeated CV	Decision tree	41	SRR14762244	GSM5364336	0	0.0	0.0
SRR-level repeated CV	Decision tree	41	SRR14762250	GSM5364338	1	1.0	1.0
SRR-level repeated CV	Decision tree	42	SRR14762239	GSM5364333	0	1.0	1.0
SRR-level repeated CV	Decision tree	42	SRR14762242	GSM5364335	0	0.0	0.0
SRR-level repeated CV	Decision tree	42	SRR14762246	GSM5364337	1	1.0	1.0
SRR-level repeated CV	Decision tree	43	SRR14762240	GSM5364334	0	0.0	0.0
SRR-level repeated CV	Decision tree	43	SRR14762241	GSM5364334	0	0.0	0.0
SRR-level repeated CV	Decision tree	43	SRR14762247	GSM5364337	1	1.0	1.0
SRR-level repeated CV	Decision tree	44	SRR14762238	GSM5364333	0	0.0	0.0
SRR-level repeated CV	Decision tree	44	SRR14762248	GSM5364338	1	1.0	1.0
SRR-level repeated CV	Decision tree	44	SRR14762252	GSM5364339	1	1.0	1.0
SRR-level repeated CV	Decision tree	45	SRR14762245	GSM5364336	0	1.0	1.0
SRR-level repeated CV	Decision tree	45	SRR14762251	GSM5364339	1	1.0	1.0
SRR-level repeated CV	Decision tree	46	SRR14762239	GSM5364333	0	0.0	0.0
SRR-level repeated CV	Decision tree	46	SRR14762245	GSM5364336	0	0.0	0.0
SRR-level repeated CV	Decision tree	46	SRR14762250	GSM5364338	1	1.0	1.0
SRR-level repeated CV	Decision tree	47	SRR14762242	GSM5364335	0	0.0	0.0
SRR-level repeated CV	Decision tree	47	SRR14762243	GSM5364335	0	0.0	0.0
SRR-level repeated CV	Decision tree	47	SRR14762246	GSM5364337	1	1.0	1.0
SRR-level repeated CV	Decision tree	48	SRR14762238	GSM5364333	0	0.0	0.0
SRR-level repeated CV	Decision tree	48	SRR14762241	GSM5364334	0	1.0	1.0
SRR-level repeated CV	Decision tree	48	SRR14762252	GSM5364339	1	1.0	1.0
SRR-level repeated CV	Decision tree	49	SRR14762240	GSM5364334	0	0.0	0.0
SRR-level repeated CV	Decision tree	49	SRR14762247	GSM5364337	1	1.0	1.0
SRR-level repeated CV	Decision tree	49	SRR14762248	GSM5364338	1	0.0	0.0
SRR-level repeated CV	Decision tree	50	SRR14762244	GSM5364336	0	0.0	0.0
SRR-level repeated CV	Decision tree	50	SRR14762251	GSM5364339	1	1.0	1.0
SRR-level repeated CV	Decision tree	51	SRR14762242	GSM5364335	0	1.0	1.0
SRR-level repeated CV	Decision tree	51	SRR14762245	GSM5364336	0	0.0	0.0
SRR-level repeated CV	Decision tree	51	SRR14762250	GSM5364338	1	1.0	1.0
SRR-level repeated CV	Decision tree	52	SRR14762240	GSM5364334	0	0.0	0.0
SRR-level repeated CV	Decision tree	52	SRR14762241	GSM5364334	0	0.0	0.0
SRR-level repeated CV	Decision tree	52	SRR14762251	GSM5364339	1	1.0	1.0
SRR-level repeated CV	Decision tree	53	SRR14762238	GSM5364333	0	0.0	0.0
SRR-level repeated CV	Decision tree	53	SRR14762239	GSM5364333	0	0.0	0.0
SRR-level repeated CV	Decision tree	53	SRR14762248	GSM5364338	1	1.0	1.0
SRR-level repeated CV	Decision tree	54	SRR14762244	GSM5364336	0	0.0	0.0
SRR-level repeated CV	Decision tree	54	SRR14762246	GSM5364337	1	1.0	1.0
SRR-level repeated CV	Decision tree	54	SRR14762252	GSM5364339	1	1.0	1.0
SRR-level repeated CV	Decision tree	55	SRR14762243	GSM5364335	0	1.0	1.0
SRR-level repeated CV	Decision tree	55	SRR14762247	GSM5364337	1	1.0	1.0
SRR-level repeated CV	Decision tree	56	SRR14762239	GSM5364333	0	1.0	1.0
SRR-level repeated CV	Decision tree	56	SRR14762240	GSM5364334	0	1.0	1.0
SRR-level repeated CV	Decision tree	56	SRR14762251	GSM5364339	1	1.0	1.0
SRR-level repeated CV	Decision tree	57	SRR14762242	GSM5364335	0	0.0	0.0
SRR-level repeated CV	Decision tree	57	SRR14762243	GSM5364335	0	0.0	0.0
SRR-level repeated CV	Decision tree	57	SRR14762246	GSM5364337	1	1.0	1.0
SRR-level repeated CV	Decision tree	58	SRR14762244	GSM5364336	0	0.0	0.0
SRR-level repeated CV	Decision tree	58	SRR14762245	GSM5364336	0	0.0	0.0
SRR-level repeated CV	Decision tree	58	SRR14762252	GSM5364339	1	1.0	1.0
SRR-level repeated CV	Decision tree	59	SRR14762241	GSM5364334	0	0.0	0.0
SRR-level repeated CV	Decision tree	59	SRR14762247	GSM5364337	1	1.0	1.0
SRR-level repeated CV	Decision tree	59	SRR14762248	GSM5364338	1	0.0	0.0
SRR-level repeated CV	Decision tree	60	SRR14762238	GSM5364333	0	0.0	0.0
SRR-level repeated CV	Decision tree	60	SRR14762250	GSM5364338	1	1.0	1.0
SRR-level repeated CV	Decision tree	61	SRR14762241	GSM5364334	0	0.0	0.0
SRR-level repeated CV	Decision tree	61	SRR14762243	GSM5364335	0	0.0	0.0
SRR-level repeated CV	Decision tree	61	SRR14762250	GSM5364338	1	1.0	1.0
SRR-level repeated CV	Decision tree	62	SRR14762238	GSM5364333	0	0.0	0.0
SRR-level repeated CV	Decision tree	62	SRR14762244	GSM5364336	0	0.0	0.0
SRR-level repeated CV	Decision tree	62	SRR14762246	GSM5364337	1	1.0	1.0
SRR-level repeated CV	Decision tree	63	SRR14762242	GSM5364335	0	0.0	0.0
SRR-level repeated CV	Decision tree	63	SRR14762245	GSM5364336	0	0.0	0.0
SRR-level repeated CV	Decision tree	63	SRR14762251	GSM5364339	1	1.0	1.0
SRR-level repeated CV	Decision tree	64	SRR14762240	GSM5364334	0	0.0	0.0
SRR-level repeated CV	Decision tree	64	SRR14762247	GSM5364337	1	1.0	1.0
SRR-level repeated CV	Decision tree	64	SRR14762248	GSM5364338	1	0.0	0.0
SRR-level repeated CV	Decision tree	65	SRR14762239	GSM5364333	0	0.0	0.0
SRR-level repeated CV	Decision tree	65	SRR14762252	GSM5364339	1	1.0	1.0
SRR-level repeated CV	Decision tree	66	SRR14762238	GSM5364333	0	0.0	0.0
SRR-level repeated CV	Decision tree	66	SRR14762245	GSM5364336	0	0.0	0.0
SRR-level repeated CV	Decision tree	66	SRR14762252	GSM5364339	1	1.0	1.0
SRR-level repeated CV	Decision tree	67	SRR14762241	GSM5364334	0	0.0	0.0
SRR-level repeated CV	Decision tree	67	SRR14762243	GSM5364335	0	0.0	0.0
SRR-level repeated CV	Decision tree	67	SRR14762248	GSM5364338	1	0.0	0.0
SRR-level repeated CV	Decision tree	68	SRR14762240	GSM5364334	0	0.0	0.0
SRR-level repeated CV	Decision tree	68	SRR14762242	GSM5364335	0	0.0	0.0
SRR-level repeated CV	Decision tree	68	SRR14762246	GSM5364337	1	0.0	0.0
SRR-level repeated CV	Decision tree	69	SRR14762239	GSM5364333	0	0.0	0.0
SRR-level repeated CV	Decision tree	69	SRR14762247	GSM5364337	1	1.0	1.0
SRR-level repeated CV	Decision tree	69	SRR14762251	GSM5364339	1	1.0	1.0
SRR-level repeated CV	Decision tree	70	SRR14762244	GSM5364336	0	0.0	0.0
SRR-level repeated CV	Decision tree	70	SRR14762250	GSM5364338	1	1.0	1.0
SRR-level repeated CV	Decision tree	71	SRR14762239	GSM5364333	0	0.0	0.0
SRR-level repeated CV	Decision tree	71	SRR14762241	GSM5364334	0	0.0	0.0
SRR-level repeated CV	Decision tree	71	SRR14762246	GSM5364337	1	0.0	0.0
SRR-level repeated CV	Decision tree	72	SRR14762240	GSM5364334	0	0.0	0.0
SRR-level repeated CV	Decision tree	72	SRR14762242	GSM5364335	0	0.0	0.0
SRR-level repeated CV	Decision tree	72	SRR14762250	GSM5364338	1	1.0	1.0
SRR-level repeated CV	Decision tree	73	SRR14762238	GSM5364333	0	0.0	0.0
SRR-level repeated CV	Decision tree	73	SRR14762243	GSM5364335	0	0.0	0.0
SRR-level repeated CV	Decision tree	73	SRR14762252	GSM5364339	1	1.0	1.0
SRR-level repeated CV	Decision tree	74	SRR14762245	GSM5364336	0	0.0	0.0
SRR-level repeated CV	Decision tree	74	SRR14762247	GSM5364337	1	1.0	1.0
SRR-level repeated CV	Decision tree	74	SRR14762248	GSM5364338	1	1.0	1.0
SRR-level repeated CV	Decision tree	75	SRR14762244	GSM5364336	0	0.0	0.0
SRR-level repeated CV	Decision tree	75	SRR14762251	GSM5364339	1	1.0	1.0
SRR-level repeated CV	Decision tree	76	SRR14762241	GSM5364334	0	0.0	0.0
SRR-level repeated CV	Decision tree	76	SRR14762243	GSM5364335	0	0.0	0.0
SRR-level repeated CV	Decision tree	76	SRR14762248	GSM5364338	1	0.0	0.0
SRR-level repeated CV	Decision tree	77	SRR14762239	GSM5364333	0	1.0	1.0
SRR-level repeated CV	Decision tree	77	SRR14762240	GSM5364334	0	1.0	1.0
SRR-level repeated CV	Decision tree	77	SRR14762251	GSM5364339	1	1.0	1.0
SRR-level repeated CV	Decision tree	78	SRR14762244	GSM5364336	0	0.0	0.0
SRR-level repeated CV	Decision tree	78	SRR14762245	GSM5364336	0	0.0	0.0
SRR-level repeated CV	Decision tree	78	SRR14762252	GSM5364339	1	1.0	1.0
SRR-level repeated CV	Decision tree	79	SRR14762238	GSM5364333	0	0.0	0.0
SRR-level repeated CV	Decision tree	79	SRR14762246	GSM5364337	1	1.0	1.0
SRR-level repeated CV	Decision tree	79	SRR14762247	GSM5364337	1	1.0	1.0
SRR-level repeated CV	Decision tree	80	SRR14762242	GSM5364335	0	0.0	0.0
SRR-level repeated CV	Decision tree	80	SRR14762250	GSM5364338	1	1.0	1.0
SRR-level repeated CV	Decision tree	81	SRR14762240	GSM5364334	0	1.0	1.0
SRR-level repeated CV	Decision tree	81	SRR14762244	GSM5364336	0	0.0	0.0
SRR-level repeated CV	Decision tree	81	SRR14762250	GSM5364338	1	0.0	0.0
SRR-level repeated CV	Decision tree	82	SRR14762238	GSM5364333	0	1.0	1.0
SRR-level repeated CV	Decision tree	82	SRR14762241	GSM5364334	0	0.0	0.0
SRR-level repeated CV	Decision tree	82	SRR14762246	GSM5364337	1	1.0	1.0
SRR-level repeated CV	Decision tree	83	SRR14762239	GSM5364333	0	1.0	1.0
SRR-level repeated CV	Decision tree	83	SRR14762245	GSM5364336	0	0.0	0.0
SRR-level repeated CV	Decision tree	83	SRR14762248	GSM5364338	1	1.0	1.0
SRR-level repeated CV	Decision tree	84	SRR14762243	GSM5364335	0	0.0	0.0
SRR-level repeated CV	Decision tree	84	SRR14762251	GSM5364339	1	0.0	0.0
SRR-level repeated CV	Decision tree	84	SRR14762252	GSM5364339	1	0.0	0.0
SRR-level repeated CV	Decision tree	85	SRR14762242	GSM5364335	0	0.0	0.0
SRR-level repeated CV	Decision tree	85	SRR14762247	GSM5364337	1	1.0	1.0
SRR-level repeated CV	Decision tree	86	SRR14762239	GSM5364333	0	0.0	0.0
SRR-level repeated CV	Decision tree	86	SRR14762243	GSM5364335	0	0.0	0.0
SRR-level repeated CV	Decision tree	86	SRR14762248	GSM5364338	1	0.0	0.0
SRR-level repeated CV	Decision tree	87	SRR14762238	GSM5364333	0	0.0	0.0
SRR-level repeated CV	Decision tree	87	SRR14762244	GSM5364336	0	0.0	0.0
SRR-level repeated CV	Decision tree	87	SRR14762250	GSM5364338	1	0.0	0.0
SRR-level repeated CV	Decision tree	88	SRR14762242	GSM5364335	0	0.0	0.0
SRR-level repeated CV	Decision tree	88	SRR14762245	GSM5364336	0	0.0	0.0
SRR-level repeated CV	Decision tree	88	SRR14762251	GSM5364339	1	1.0	1.0
SRR-level repeated CV	Decision tree	89	SRR14762240	GSM5364334	0	0.0	0.0
SRR-level repeated CV	Decision tree	89	SRR14762246	GSM5364337	1	1.0	1.0
SRR-level repeated CV	Decision tree	89	SRR14762252	GSM5364339	1	1.0	1.0
SRR-level repeated CV	Decision tree	90	SRR14762241	GSM5364334	0	0.0	0.0
SRR-level repeated CV	Decision tree	90	SRR14762247	GSM5364337	1	0.0	0.0
SRR-level repeated CV	Decision tree	91	SRR14762242	GSM5364335	0	1.0	1.0
SRR-level repeated CV	Decision tree	91	SRR14762245	GSM5364336	0	0.0	0.0
SRR-level repeated CV	Decision tree	91	SRR14762250	GSM5364338	1	1.0	1.0
SRR-level repeated CV	Decision tree	92	SRR14762238	GSM5364333	0	0.0	0.0
SRR-level repeated CV	Decision tree	92	SRR14762241	GSM5364334	0	1.0	1.0
SRR-level repeated CV	Decision tree	92	SRR14762252	GSM5364339	1	1.0	1.0
SRR-level repeated CV	Decision tree	93	SRR14762240	GSM5364334	0	0.0	0.0
SRR-level repeated CV	Decision tree	93	SRR14762244	GSM5364336	0	0.0	0.0
SRR-level repeated CV	Decision tree	93	SRR14762251	GSM5364339	1	1.0	1.0
SRR-level repeated CV	Decision tree	94	SRR14762239	GSM5364333	0	0.0	0.0
SRR-level repeated CV	Decision tree	94	SRR14762247	GSM5364337	1	1.0	1.0
SRR-level repeated CV	Decision tree	94	SRR14762248	GSM5364338	1	0.0	0.0
SRR-level repeated CV	Decision tree	95	SRR14762243	GSM5364335	0	0.0	0.0
SRR-level repeated CV	Decision tree	95	SRR14762246	GSM5364337	1	1.0	1.0
SRR-level repeated CV	Decision tree	96	SRR14762241	GSM5364334	0	0.0	0.0
SRR-level repeated CV	Decision tree	96	SRR14762244	GSM5364336	0	0.0	0.0
SRR-level repeated CV	Decision tree	96	SRR14762248	GSM5364338	1	1.0	1.0
SRR-level repeated CV	Decision tree	97	SRR14762240	GSM5364334	0	0.0	0.0
SRR-level repeated CV	Decision tree	97	SRR14762243	GSM5364335	0	0.0	0.0
SRR-level repeated CV	Decision tree	97	SRR14762246	GSM5364337	1	1.0	1.0
SRR-level repeated CV	Decision tree	98	SRR14762238	GSM5364333	0	1.0	1.0
SRR-level repeated CV	Decision tree	98	SRR14762239	GSM5364333	0	1.0	1.0
SRR-level repeated CV	Decision tree	98	SRR14762247	GSM5364337	1	1.0	1.0
SRR-level repeated CV	Decision tree	99	SRR14762242	GSM5364335	0	0.0	0.0
SRR-level repeated CV	Decision tree	99	SRR14762250	GSM5364338	1	0.0	0.0
SRR-level repeated CV	Decision tree	99	SRR14762251	GSM5364339	1	0.0	0.0
SRR-level repeated CV	Decision tree	100	SRR14762245	GSM5364336	0	0.0	0.0
SRR-level repeated CV	Decision tree	100	SRR14762252	GSM5364339	1	1.0	1.0
SRR-level repeated CV	Decision tree	101	SRR14762238	GSM5364333	0	0.0	0.0
SRR-level repeated CV	Decision tree	101	SRR14762243	GSM5364335	0	0.0	0.0
SRR-level repeated CV	Decision tree	101	SRR14762246	GSM5364337	1	1.0	1.0
SRR-level repeated CV	Decision tree	102	SRR14762241	GSM5364334	0	0.0	0.0
SRR-level repeated CV	Decision tree	102	SRR14762245	GSM5364336	0	0.0	0.0
SRR-level repeated CV	Decision tree	102	SRR14762247	GSM5364337	1	1.0	1.0
SRR-level repeated CV	Decision tree	103	SRR14762242	GSM5364335	0	0.0	0.0
SRR-level repeated CV	Decision tree	103	SRR14762244	GSM5364336	0	0.0	0.0
SRR-level repeated CV	Decision tree	103	SRR14762250	GSM5364338	1	1.0	1.0
SRR-level repeated CV	Decision tree	104	SRR14762240	GSM5364334	0	1.0	1.0
SRR-level repeated CV	Decision tree	104	SRR14762248	GSM5364338	1	1.0	1.0
SRR-level repeated CV	Decision tree	104	SRR14762251	GSM5364339	1	1.0	1.0
SRR-level repeated CV	Decision tree	105	SRR14762239	GSM5364333	0	0.0	0.0
SRR-level repeated CV	Decision tree	105	SRR14762252	GSM5364339	1	1.0	1.0
SRR-level repeated CV	Decision tree	106	SRR14762240	GSM5364334	0	0.0	0.0
SRR-level repeated CV	Decision tree	106	SRR14762244	GSM5364336	0	0.0	0.0
SRR-level repeated CV	Decision tree	106	SRR14762248	GSM5364338	1	1.0	1.0
SRR-level repeated CV	Decision tree	107	SRR14762241	GSM5364334	0	0.0	0.0
SRR-level repeated CV	Decision tree	107	SRR14762245	GSM5364336	0	1.0	1.0
SRR-level repeated CV	Decision tree	107	SRR14762246	GSM5364337	1	1.0	1.0
SRR-level repeated CV	Decision tree	108	SRR14762242	GSM5364335	0	0.0	0.0
SRR-level repeated CV	Decision tree	108	SRR14762243	GSM5364335	0	0.0	0.0
SRR-level repeated CV	Decision tree	108	SRR14762251	GSM5364339	1	1.0	1.0
SRR-level repeated CV	Decision tree	109	SRR14762238	GSM5364333	0	0.0	0.0
SRR-level repeated CV	Decision tree	109	SRR14762247	GSM5364337	1	1.0	1.0
SRR-level repeated CV	Decision tree	109	SRR14762250	GSM5364338	1	1.0	1.0
SRR-level repeated CV	Decision tree	110	SRR14762239	GSM5364333	0	0.0	0.0
SRR-level repeated CV	Decision tree	110	SRR14762252	GSM5364339	1	1.0	1.0
SRR-level repeated CV	Decision tree	111	SRR14762238	GSM5364333	0	1.0	1.0
SRR-level repeated CV	Decision tree	111	SRR14762239	GSM5364333	0	1.0	1.0
SRR-level repeated CV	Decision tree	111	SRR14762247	GSM5364337	1	1.0	1.0
SRR-level repeated CV	Decision tree	112	SRR14762244	GSM5364336	0	0.0	0.0
SRR-level repeated CV	Decision tree	112	SRR14762245	GSM5364336	0	0.0	0.0
SRR-level repeated CV	Decision tree	112	SRR14762251	GSM5364339	1	0.0	0.0
SRR-level repeated CV	Decision tree	113	SRR14762242	GSM5364335	0	0.0	0.0
SRR-level repeated CV	Decision tree	113	SRR14762243	GSM5364335	0	0.0	0.0
SRR-level repeated CV	Decision tree	113	SRR14762252	GSM5364339	1	0.0	0.0
SRR-level repeated CV	Decision tree	114	SRR14762241	GSM5364334	0	0.0	0.0
SRR-level repeated CV	Decision tree	114	SRR14762246	GSM5364337	1	0.0	0.0
SRR-level repeated CV	Decision tree	114	SRR14762248	GSM5364338	1	0.0	0.0
SRR-level repeated CV	Decision tree	115	SRR14762240	GSM5364334	0	0.0	0.0
SRR-level repeated CV	Decision tree	115	SRR14762250	GSM5364338	1	1.0	1.0
SRR-level repeated CV	Decision tree	116	SRR14762239	GSM5364333	0	0.0	0.0
SRR-level repeated CV	Decision tree	116	SRR14762242	GSM5364335	0	0.0	0.0
SRR-level repeated CV	Decision tree	116	SRR14762252	GSM5364339	1	1.0	1.0
SRR-level repeated CV	Decision tree	117	SRR14762240	GSM5364334	0	0.0	0.0
SRR-level repeated CV	Decision tree	117	SRR14762245	GSM5364336	0	1.0	1.0
SRR-level repeated CV	Decision tree	117	SRR14762246	GSM5364337	1	0.0	0.0
SRR-level repeated CV	Decision tree	118	SRR14762238	GSM5364333	0	1.0	1.0
SRR-level repeated CV	Decision tree	118	SRR14762241	GSM5364334	0	1.0	1.0
SRR-level repeated CV	Decision tree	118	SRR14762251	GSM5364339	1	1.0	1.0
SRR-level repeated CV	Decision tree	119	SRR14762244	GSM5364336	0	0.0	0.0
SRR-level repeated CV	Decision tree	119	SRR14762247	GSM5364337	1	1.0	1.0
SRR-level repeated CV	Decision tree	119	SRR14762250	GSM5364338	1	0.0	0.0
SRR-level repeated CV	Decision tree	120	SRR14762243	GSM5364335	0	0.0	0.0
SRR-level repeated CV	Decision tree	120	SRR14762248	GSM5364338	1	1.0	1.0
SRR-level repeated CV	Decision tree	121	SRR14762238	GSM5364333	0	0.0	0.0
SRR-level repeated CV	Decision tree	121	SRR14762245	GSM5364336	0	0.0	0.0
SRR-level repeated CV	Decision tree	121	SRR14762251	GSM5364339	1	1.0	1.0
SRR-level repeated CV	Decision tree	122	SRR14762240	GSM5364334	0	0.0	0.0
SRR-level repeated CV	Decision tree	122	SRR14762241	GSM5364334	0	0.0	0.0
SRR-level repeated CV	Decision tree	122	SRR14762252	GSM5364339	1	1.0	1.0
SRR-level repeated CV	Decision tree	123	SRR14762239	GSM5364333	0	1.0	1.0
SRR-level repeated CV	Decision tree	123	SRR14762243	GSM5364335	0	0.0	0.0
SRR-level repeated CV	Decision tree	123	SRR14762246	GSM5364337	1	1.0	1.0
SRR-level repeated CV	Decision tree	124	SRR14762244	GSM5364336	0	0.0	0.0
SRR-level repeated CV	Decision tree	124	SRR14762248	GSM5364338	1	1.0	1.0
SRR-level repeated CV	Decision tree	124	SRR14762250	GSM5364338	1	1.0	1.0
SRR-level repeated CV	Decision tree	125	SRR14762242	GSM5364335	0	0.0	0.0
SRR-level repeated CV	Decision tree	125	SRR14762247	GSM5364337	1	1.0	1.0
SRR-level repeated CV	Decision tree	126	SRR14762238	GSM5364333	0	0.0	0.0
SRR-level repeated CV	Decision tree	126	SRR14762245	GSM5364336	0	0.0	0.0
SRR-level repeated CV	Decision tree	126	SRR14762252	GSM5364339	1	1.0	1.0
SRR-level repeated CV	Decision tree	127	SRR14762240	GSM5364334	0	0.0	0.0
SRR-level repeated CV	Decision tree	127	SRR14762243	GSM5364335	0	0.0	0.0
SRR-level repeated CV	Decision tree	127	SRR14762247	GSM5364337	1	0.0	0.0
SRR-level repeated CV	Decision tree	128	SRR14762242	GSM5364335	0	0.0	0.0
SRR-level repeated CV	Decision tree	128	SRR14762244	GSM5364336	0	0.0	0.0
SRR-level repeated CV	Decision tree	128	SRR14762250	GSM5364338	1	1.0	1.0
SRR-level repeated CV	Decision tree	129	SRR14762239	GSM5364333	0	0.0	0.0
SRR-level repeated CV	Decision tree	129	SRR14762246	GSM5364337	1	1.0	1.0
SRR-level repeated CV	Decision tree	129	SRR14762248	GSM5364338	1	1.0	1.0
SRR-level repeated CV	Decision tree	130	SRR14762241	GSM5364334	0	0.0	0.0
SRR-level repeated CV	Decision tree	130	SRR14762251	GSM5364339	1	1.0	1.0
SRR-level repeated CV	Decision tree	131	SRR14762238	GSM5364333	0	1.0	1.0
SRR-level repeated CV	Decision tree	131	SRR14762242	GSM5364335	0	0.0	0.0
SRR-level repeated CV	Decision tree	131	SRR14762246	GSM5364337	1	1.0	1.0
SRR-level repeated CV	Decision tree	132	SRR14762243	GSM5364335	0	0.0	0.0
SRR-level repeated CV	Decision tree	132	SRR14762244	GSM5364336	0	0.0	0.0
SRR-level repeated CV	Decision tree	132	SRR14762250	GSM5364338	1	1.0	1.0
SRR-level repeated CV	Decision tree	133	SRR14762239	GSM5364333	0	0.0	0.0
SRR-level repeated CV	Decision tree	133	SRR14762241	GSM5364334	0	0.0	0.0
SRR-level repeated CV	Decision tree	133	SRR14762248	GSM5364338	1	1.0	1.0
SRR-level repeated CV	Decision tree	134	SRR14762240	GSM5364334	0	0.0	0.0
SRR-level repeated CV	Decision tree	134	SRR14762247	GSM5364337	1	0.0	0.0
SRR-level repeated CV	Decision tree	134	SRR14762252	GSM5364339	1	1.0	1.0
SRR-level repeated CV	Decision tree	135	SRR14762245	GSM5364336	0	1.0	1.0
SRR-level repeated CV	Decision tree	135	SRR14762251	GSM5364339	1	1.0	1.0
SRR-level repeated CV	Decision tree	136	SRR14762240	GSM5364334	0	1.0	1.0
SRR-level repeated CV	Decision tree	136	SRR14762244	GSM5364336	0	0.0	0.0
SRR-level repeated CV	Decision tree	136	SRR14762247	GSM5364337	1	0.0	0.0
SRR-level repeated CV	Decision tree	137	SRR14762238	GSM5364333	0	0.0	0.0
SRR-level repeated CV	Decision tree	137	SRR14762243	GSM5364335	0	0.0	0.0
SRR-level repeated CV	Decision tree	137	SRR14762251	GSM5364339	1	0.0	0.0
SRR-level repeated CV	Decision tree	138	SRR14762241	GSM5364334	0	0.0	0.0
SRR-level repeated CV	Decision tree	138	SRR14762245	GSM5364336	0	1.0	1.0
SRR-level repeated CV	Decision tree	138	SRR14762246	GSM5364337	1	1.0	1.0
SRR-level repeated CV	Decision tree	139	SRR14762242	GSM5364335	0	0.0	0.0
SRR-level repeated CV	Decision tree	139	SRR14762248	GSM5364338	1	0.0	0.0
SRR-level repeated CV	Decision tree	139	SRR14762250	GSM5364338	1	0.0	0.0
SRR-level repeated CV	Decision tree	140	SRR14762239	GSM5364333	0	0.0	0.0
SRR-level repeated CV	Decision tree	140	SRR14762252	GSM5364339	1	1.0	1.0
SRR-level repeated CV	Decision tree	141	SRR14762239	GSM5364333	0	1.0	1.0
SRR-level repeated CV	Decision tree	141	SRR14762243	GSM5364335	0	1.0	1.0
SRR-level repeated CV	Decision tree	141	SRR14762247	GSM5364337	1	1.0	1.0
SRR-level repeated CV	Decision tree	142	SRR14762238	GSM5364333	0	1.0	1.0
SRR-level repeated CV	Decision tree	142	SRR14762242	GSM5364335	0	0.0	0.0
SRR-level repeated CV	Decision tree	142	SRR14762246	GSM5364337	1	1.0	1.0
SRR-level repeated CV	Decision tree	143	SRR14762241	GSM5364334	0	0.0	0.0
SRR-level repeated CV	Decision tree	143	SRR14762244	GSM5364336	0	0.0	0.0
SRR-level repeated CV	Decision tree	143	SRR14762248	GSM5364338	1	1.0	1.0
SRR-level repeated CV	Decision tree	144	SRR14762240	GSM5364334	0	0.0	0.0
SRR-level repeated CV	Decision tree	144	SRR14762251	GSM5364339	1	1.0	1.0
SRR-level repeated CV	Decision tree	144	SRR14762252	GSM5364339	1	1.0	1.0
SRR-level repeated CV	Decision tree	145	SRR14762245	GSM5364336	0	1.0	1.0
SRR-level repeated CV	Decision tree	145	SRR14762250	GSM5364338	1	1.0	1.0
SRR-level repeated CV	Decision tree	146	SRR14762240	GSM5364334	0	0.0	0.0
SRR-level repeated CV	Decision tree	146	SRR14762245	GSM5364336	0	1.0	1.0
SRR-level repeated CV	Decision tree	146	SRR14762246	GSM5364337	1	0.0	0.0
SRR-level repeated CV	Decision tree	147	SRR14762242	GSM5364335	0	0.0	0.0
SRR-level repeated CV	Decision tree	147	SRR14762243	GSM5364335	0	0.0	0.0
SRR-level repeated CV	Decision tree	147	SRR14762248	GSM5364338	1	1.0	1.0
SRR-level repeated CV	Decision tree	148	SRR14762238	GSM5364333	0	1.0	1.0
SRR-level repeated CV	Decision tree	148	SRR14762241	GSM5364334	0	0.0	0.0
SRR-level repeated CV	Decision tree	148	SRR14762250	GSM5364338	1	1.0	1.0
SRR-level repeated CV	Decision tree	149	SRR14762239	GSM5364333	0	0.0	0.0
SRR-level repeated CV	Decision tree	149	SRR14762247	GSM5364337	1	1.0	1.0
SRR-level repeated CV	Decision tree	149	SRR14762251	GSM5364339	1	1.0	1.0
SRR-level repeated CV	Decision tree	150	SRR14762244	GSM5364336	0	0.0	0.0
SRR-level repeated CV	Decision tree	150	SRR14762252	GSM5364339	1	0.0	0.0
SRR-level repeated CV	XGBoost	1	SRR14762238	GSM5364333	0	0.0	0.26357242465019226
SRR-level repeated CV	XGBoost	1	SRR14762240	GSM5364334	0	0.0	0.23895731568336487
SRR-level repeated CV	XGBoost	1	SRR14762247	GSM5364337	1	1.0	0.6798535585403442
SRR-level repeated CV	XGBoost	2	SRR14762242	GSM5364335	0	0.0	0.24659936130046844
SRR-level repeated CV	XGBoost	2	SRR14762244	GSM5364336	0	0.0	0.3115914463996887
SRR-level repeated CV	XGBoost	2	SRR14762252	GSM5364339	1	1.0	0.6587806940078735
SRR-level repeated CV	XGBoost	3	SRR14762239	GSM5364333	0	0.0	0.2688617706298828
SRR-level repeated CV	XGBoost	3	SRR14762243	GSM5364335	0	0.0	0.22344735264778137
SRR-level repeated CV	XGBoost	3	SRR14762251	GSM5364339	1	0.0	0.38228297233581543
SRR-level repeated CV	XGBoost	4	SRR14762245	GSM5364336	0	0.0	0.2238389253616333
SRR-level repeated CV	XGBoost	4	SRR14762248	GSM5364338	1	0.0	0.4452686309814453
SRR-level repeated CV	XGBoost	4	SRR14762250	GSM5364338	1	0.0	0.3561253249645233
SRR-level repeated CV	XGBoost	5	SRR14762241	GSM5364334	0	0.0	0.17428652942180634
SRR-level repeated CV	XGBoost	5	SRR14762246	GSM5364337	1	1.0	0.6948661804199219
SRR-level repeated CV	XGBoost	6	SRR14762240	GSM5364334	0	0.0	0.23427742719650269
SRR-level repeated CV	XGBoost	6	SRR14762241	GSM5364334	0	0.0	0.23589026927947998
SRR-level repeated CV	XGBoost	6	SRR14762248	GSM5364338	1	1.0	0.645963728427887
SRR-level repeated CV	XGBoost	7	SRR14762242	GSM5364335	0	0.0	0.22657500207424164
SRR-level repeated CV	XGBoost	7	SRR14762243	GSM5364335	0	0.0	0.22692835330963135
SRR-level repeated CV	XGBoost	7	SRR14762251	GSM5364339	1	0.0	0.3795609474182129
SRR-level repeated CV	XGBoost	8	SRR14762239	GSM5364333	0	0.0	0.2942907512187958
SRR-level repeated CV	XGBoost	8	SRR14762244	GSM5364336	0	0.0	0.3168138563632965
SRR-level repeated CV	XGBoost	8	SRR14762247	GSM5364337	1	1.0	0.6918483376502991
SRR-level repeated CV	XGBoost	9	SRR14762238	GSM5364333	0	0.0	0.32402852177619934
SRR-level repeated CV	XGBoost	9	SRR14762246	GSM5364337	1	1.0	0.506574809551239
SRR-level repeated CV	XGBoost	9	SRR14762252	GSM5364339	1	1.0	0.5363064408302307
SRR-level repeated CV	XGBoost	10	SRR14762245	GSM5364336	0	0.0	0.17263643443584442
SRR-level repeated CV	XGBoost	10	SRR14762250	GSM5364338	1	1.0	0.5702769756317139
SRR-level repeated CV	XGBoost	11	SRR14762240	GSM5364334	0	0.0	0.23156017065048218
SRR-level repeated CV	XGBoost	11	SRR14762244	GSM5364336	0	0.0	0.23250655829906464
SRR-level repeated CV	XGBoost	11	SRR14762246	GSM5364337	1	1.0	0.6733121871948242
SRR-level repeated CV	XGBoost	12	SRR14762239	GSM5364333	0	0.0	0.2710421681404114
SRR-level repeated CV	XGBoost	12	SRR14762245	GSM5364336	0	0.0	0.23254448175430298
SRR-level repeated CV	XGBoost	12	SRR14762248	GSM5364338	1	1.0	0.693834662437439
SRR-level repeated CV	XGBoost	13	SRR14762242	GSM5364335	0	0.0	0.23481211066246033
SRR-level repeated CV	XGBoost	13	SRR14762243	GSM5364335	0	0.0	0.24270345270633698
SRR-level repeated CV	XGBoost	13	SRR14762252	GSM5364339	1	1.0	0.6036610007286072
SRR-level repeated CV	XGBoost	14	SRR14762238	GSM5364333	0	0.0	0.28159278631210327
SRR-level repeated CV	XGBoost	14	SRR14762247	GSM5364337	1	1.0	0.5120133757591248
SRR-level repeated CV	XGBoost	14	SRR14762250	GSM5364338	1	0.0	0.4716932475566864
SRR-level repeated CV	XGBoost	15	SRR14762241	GSM5364334	0	0.0	0.17676469683647156
SRR-level repeated CV	XGBoost	15	SRR14762251	GSM5364339	1	0.0	0.39858102798461914
SRR-level repeated CV	XGBoost	16	SRR14762238	GSM5364333	0	1.0	0.5721184611320496
SRR-level repeated CV	XGBoost	16	SRR14762239	GSM5364333	0	1.0	0.5721184611320496
SRR-level repeated CV	XGBoost	16	SRR14762252	GSM5364339	1	1.0	0.6402839422225952
SRR-level repeated CV	XGBoost	17	SRR14762242	GSM5364335	0	0.0	0.23171961307525635
SRR-level repeated CV	XGBoost	17	SRR14762245	GSM5364336	0	0.0	0.21854594349861145
SRR-level repeated CV	XGBoost	17	SRR14762246	GSM5364337	1	1.0	0.6749150156974792
SRR-level repeated CV	XGBoost	18	SRR14762240	GSM5364334	0	0.0	0.2345874309539795
SRR-level repeated CV	XGBoost	18	SRR14762243	GSM5364335	0	0.0	0.22919593751430511
SRR-level repeated CV	XGBoost	18	SRR14762251	GSM5364339	1	0.0	0.35442042350769043
SRR-level repeated CV	XGBoost	19	SRR14762241	GSM5364334	0	0.0	0.19769197702407837
SRR-level repeated CV	XGBoost	19	SRR14762247	GSM5364337	1	1.0	0.5373021960258484
SRR-level repeated CV	XGBoost	19	SRR14762248	GSM5364338	1	1.0	0.5093998312950134
SRR-level repeated CV	XGBoost	20	SRR14762244	GSM5364336	0	0.0	0.22636443376541138
SRR-level repeated CV	XGBoost	20	SRR14762250	GSM5364338	1	1.0	0.5988216400146484
SRR-level repeated CV	XGBoost	21	SRR14762243	GSM5364335	0	0.0	0.21942578256130219
SRR-level repeated CV	XGBoost	21	SRR14762244	GSM5364336	0	0.0	0.24384495615959167
SRR-level repeated CV	XGBoost	21	SRR14762251	GSM5364339	1	0.0	0.35853874683380127
SRR-level repeated CV	XGBoost	22	SRR14762239	GSM5364333	0	0.0	0.2610015273094177
SRR-level repeated CV	XGBoost	22	SRR14762242	GSM5364335	0	0.0	0.2353174239397049
SRR-level repeated CV	XGBoost	22	SRR14762252	GSM5364339	1	1.0	0.6511194109916687
SRR-level repeated CV	XGBoost	23	SRR14762240	GSM5364334	0	0.0	0.2248358130455017
SRR-level repeated CV	XGBoost	23	SRR14762245	GSM5364336	0	0.0	0.23176981508731842
SRR-level repeated CV	XGBoost	23	SRR14762246	GSM5364337	1	1.0	0.6868416666984558
SRR-level repeated CV	XGBoost	24	SRR14762241	GSM5364334	0	0.0	0.19769197702407837
SRR-level repeated CV	XGBoost	24	SRR14762247	GSM5364337	1	1.0	0.5373021960258484
SRR-level repeated CV	XGBoost	24	SRR14762248	GSM5364338	1	1.0	0.5093998312950134
SRR-level repeated CV	XGBoost	25	SRR14762238	GSM5364333	0	0.0	0.2097318470478058
SRR-level repeated CV	XGBoost	25	SRR14762250	GSM5364338	1	1.0	0.6050683259963989
SRR-level repeated CV	XGBoost	26	SRR14762238	GSM5364333	0	0.0	0.25404757261276245
SRR-level repeated CV	XGBoost	26	SRR14762241	GSM5364334	0	0.0	0.2328089326620102
SRR-level repeated CV	XGBoost	26	SRR14762251	GSM5364339	1	0.0	0.3792036175727844
SRR-level repeated CV	XGBoost	27	SRR14762240	GSM5364334	0	0.0	0.23327338695526123
SRR-level repeated CV	XGBoost	27	SRR14762245	GSM5364336	0	0.0	0.22616152465343475
SRR-level repeated CV	XGBoost	27	SRR14762248	GSM5364338	1	1.0	0.6641142964363098
SRR-level repeated CV	XGBoost	28	SRR14762239	GSM5364333	0	0.0	0.25872448086738586
SRR-level repeated CV	XGBoost	28	SRR14762242	GSM5364335	0	0.0	0.24748502671718597
SRR-level repeated CV	XGBoost	28	SRR14762247	GSM5364337	1	1.0	0.690841555595398
SRR-level repeated CV	XGBoost	29	SRR14762243	GSM5364335	0	0.0	0.25421974062919617
SRR-level repeated CV	XGBoost	29	SRR14762246	GSM5364337	1	0.0	0.4773339629173279
SRR-level repeated CV	XGBoost	29	SRR14762250	GSM5364338	1	0.0	0.43222716450691223
SRR-level repeated CV	XGBoost	30	SRR14762244	GSM5364336	0	0.0	0.2360416054725647
SRR-level repeated CV	XGBoost	30	SRR14762252	GSM5364339	1	1.0	0.6176754236221313
SRR-level repeated CV	XGBoost	31	SRR14762239	GSM5364333	0	0.0	0.2891028821468353
SRR-level repeated CV	XGBoost	31	SRR14762244	GSM5364336	0	0.0	0.30437150597572327
SRR-level repeated CV	XGBoost	31	SRR14762246	GSM5364337	1	1.0	0.6799792051315308
SRR-level repeated CV	XGBoost	32	SRR14762238	GSM5364333	0	0.0	0.25266140699386597
SRR-level repeated CV	XGBoost	32	SRR14762245	GSM5364336	0	0.0	0.23985247313976288
SRR-level repeated CV	XGBoost	32	SRR14762252	GSM5364339	1	1.0	0.6349215507507324
SRR-level repeated CV	XGBoost	33	SRR14762240	GSM5364334	0	0.0	0.23805886507034302
SRR-level repeated CV	XGBoost	33	SRR14762243	GSM5364335	0	0.0	0.25787830352783203
SRR-level repeated CV	XGBoost	33	SRR14762247	GSM5364337	1	1.0	0.6876136064529419
SRR-level repeated CV	XGBoost	34	SRR14762242	GSM5364335	0	0.0	0.23831984400749207
SRR-level repeated CV	XGBoost	34	SRR14762248	GSM5364338	1	1.0	0.5017064213752747
SRR-level repeated CV	XGBoost	34	SRR14762250	GSM5364338	1	0.0	0.4184979498386383
SRR-level repeated CV	XGBoost	35	SRR14762241	GSM5364334	0	0.0	0.17676469683647156
SRR-level repeated CV	XGBoost	35	SRR14762251	GSM5364339	1	0.0	0.39858102798461914
SRR-level repeated CV	XGBoost	36	SRR14762240	GSM5364334	0	0.0	0.23389920592308044
SRR-level repeated CV	XGBoost	36	SRR14762241	GSM5364334	0	0.0	0.2277432680130005
SRR-level repeated CV	XGBoost	36	SRR14762247	GSM5364337	1	1.0	0.6690066456794739
SRR-level repeated CV	XGBoost	37	SRR14762239	GSM5364333	0	0.0	0.28676968812942505
SRR-level repeated CV	XGBoost	37	SRR14762244	GSM5364336	0	0.0	0.2707255482673645
SRR-level repeated CV	XGBoost	37	SRR14762250	GSM5364338	1	1.0	0.6564093232154846
SRR-level repeated CV	XGBoost	38	SRR14762238	GSM5364333	0	0.0	0.25248026847839355
SRR-level repeated CV	XGBoost	38	SRR14762245	GSM5364336	0	0.0	0.24043042957782745
SRR-level repeated CV	XGBoost	38	SRR14762248	GSM5364338	1	1.0	0.6906312108039856
SRR-level repeated CV	XGBoost	39	SRR14762242	GSM5364335	0	0.0	0.24790115654468536
SRR-level repeated CV	XGBoost	39	SRR14762246	GSM5364337	1	1.0	0.5248076319694519
SRR-level repeated CV	XGBoost	39	SRR14762252	GSM5364339	1	0.0	0.45659127831459045
SRR-level repeated CV	XGBoost	40	SRR14762243	GSM5364335	0	0.0	0.22802431881427765
SRR-level repeated CV	XGBoost	40	SRR14762251	GSM5364339	1	0.0	0.4666211009025574
SRR-level repeated CV	XGBoost	41	SRR14762243	GSM5364335	0	1.0	0.5164244174957275
SRR-level repeated CV	XGBoost	41	SRR14762244	GSM5364336	0	0.0	0.2647218406200409
SRR-level repeated CV	XGBoost	41	SRR14762250	GSM5364338	1	0.0	0.38055840134620667
SRR-level repeated CV	XGBoost	42	SRR14762239	GSM5364333	0	0.0	0.255359023809433
SRR-level repeated CV	XGBoost	42	SRR14762242	GSM5364335	0	0.0	0.24564799666404724
SRR-level repeated CV	XGBoost	42	SRR14762246	GSM5364337	1	1.0	0.686856746673584
SRR-level repeated CV	XGBoost	43	SRR14762240	GSM5364334	0	0.0	0.23389920592308044
SRR-level repeated CV	XGBoost	43	SRR14762241	GSM5364334	0	0.0	0.2277432680130005
SRR-level repeated CV	XGBoost	43	SRR14762247	GSM5364337	1	1.0	0.6690066456794739
SRR-level repeated CV	XGBoost	44	SRR14762238	GSM5364333	0	0.0	0.2882492244243622
SRR-level repeated CV	XGBoost	44	SRR14762248	GSM5364338	1	1.0	0.5098264813423157
SRR-level repeated CV	XGBoost	44	SRR14762252	GSM5364339	1	1.0	0.5300875306129456
SRR-level repeated CV	XGBoost	45	SRR14762245	GSM5364336	0	0.0	0.17925366759300232
SRR-level repeated CV	XGBoost	45	SRR14762251	GSM5364339	1	0.0	0.4441796839237213
SRR-level repeated CV	XGBoost	46	SRR14762239	GSM5364333	0	0.0	0.29556921124458313
SRR-level repeated CV	XGBoost	46	SRR14762245	GSM5364336	0	0.0	0.24198345839977264
SRR-level repeated CV	XGBoost	46	SRR14762250	GSM5364338	1	1.0	0.6576703786849976
SRR-level repeated CV	XGBoost	47	SRR14762242	GSM5364335	0	0.0	0.22788888216018677
SRR-level repeated CV	XGBoost	47	SRR14762243	GSM5364335	0	0.0	0.25102120637893677
SRR-level repeated CV	XGBoost	47	SRR14762246	GSM5364337	1	1.0	0.6881319880485535
SRR-level repeated CV	XGBoost	48	SRR14762238	GSM5364333	0	0.0	0.2481386512517929
SRR-level repeated CV	XGBoost	48	SRR14762241	GSM5364334	0	0.0	0.23712368309497833
SRR-level repeated CV	XGBoost	48	SRR14762252	GSM5364339	1	1.0	0.6114533543586731
SRR-level repeated CV	XGBoost	49	SRR14762240	GSM5364334	0	0.0	0.252259761095047
SRR-level repeated CV	XGBoost	49	SRR14762247	GSM5364337	1	1.0	0.5115538239479065
SRR-level repeated CV	XGBoost	49	SRR14762248	GSM5364338	1	0.0	0.4924151301383972
SRR-level repeated CV	XGBoost	50	SRR14762244	GSM5364336	0	0.0	0.22384510934352875
SRR-level repeated CV	XGBoost	50	SRR14762251	GSM5364339	1	0.0	0.3715870678424835
SRR-level repeated CV	XGBoost	51	SRR14762242	GSM5364335	0	0.0	0.21495194733142853
SRR-level repeated CV	XGBoost	51	SRR14762245	GSM5364336	0	0.0	0.21188704669475555
SRR-level repeated CV	XGBoost	51	SRR14762250	GSM5364338	1	1.0	0.6465427875518799
SRR-level repeated CV	XGBoost	52	SRR14762240	GSM5364334	0	0.0	0.25057241320610046
SRR-level repeated CV	XGBoost	52	SRR14762241	GSM5364334	0	0.0	0.23413823544979095
SRR-level repeated CV	XGBoost	52	SRR14762251	GSM5364339	1	0.0	0.3876415193080902
SRR-level repeated CV	XGBoost	53	SRR14762238	GSM5364333	0	1.0	0.5830823183059692
SRR-level repeated CV	XGBoost	53	SRR14762239	GSM5364333	0	1.0	0.5807034373283386
SRR-level repeated CV	XGBoost	53	SRR14762248	GSM5364338	1	1.0	0.6245130300521851
SRR-level repeated CV	XGBoost	54	SRR14762244	GSM5364336	0	0.0	0.2466319054365158
SRR-level repeated CV	XGBoost	54	SRR14762246	GSM5364337	1	0.0	0.49447545409202576
SRR-level repeated CV	XGBoost	54	SRR14762252	GSM5364339	1	1.0	0.523611843585968
SRR-level repeated CV	XGBoost	55	SRR14762243	GSM5364335	0	0.0	0.20314103364944458
SRR-level repeated CV	XGBoost	55	SRR14762247	GSM5364337	1	1.0	0.6950761079788208
SRR-level repeated CV	XGBoost	56	SRR14762239	GSM5364333	0	0.0	0.306586354970932
SRR-level repeated CV	XGBoost	56	SRR14762240	GSM5364334	0	0.0	0.2376815229654312
SRR-level repeated CV	XGBoost	56	SRR14762251	GSM5364339	1	0.0	0.34932294487953186
SRR-level repeated CV	XGBoost	57	SRR14762242	GSM5364335	0	0.0	0.22788888216018677
SRR-level repeated CV	XGBoost	57	SRR14762243	GSM5364335	0	0.0	0.25102120637893677
SRR-level repeated CV	XGBoost	57	SRR14762246	GSM5364337	1	1.0	0.6881319880485535
SRR-level repeated CV	XGBoost	58	SRR14762244	GSM5364336	0	0.0	0.2455213963985443
SRR-level repeated CV	XGBoost	58	SRR14762245	GSM5364336	0	0.0	0.23707327246665955
SRR-level repeated CV	XGBoost	58	SRR14762252	GSM5364339	1	1.0	0.6341596245765686
SRR-level repeated CV	XGBoost	59	SRR14762241	GSM5364334	0	0.0	0.19769197702407837
SRR-level repeated CV	XGBoost	59	SRR14762247	GSM5364337	1	1.0	0.5373021960258484
SRR-level repeated CV	XGBoost	59	SRR14762248	GSM5364338	1	1.0	0.5093998312950134
SRR-level repeated CV	XGBoost	60	SRR14762238	GSM5364333	0	0.0	0.2097318470478058
SRR-level repeated CV	XGBoost	60	SRR14762250	GSM5364338	1	1.0	0.6050683259963989
SRR-level repeated CV	XGBoost	61	SRR14762241	GSM5364334	0	0.0	0.2389819324016571
SRR-level repeated CV	XGBoost	61	SRR14762243	GSM5364335	0	1.0	0.6134610772132874
SRR-level repeated CV	XGBoost	61	SRR14762250	GSM5364338	1	0.0	0.29406803846359253
SRR-level repeated CV	XGBoost	62	SRR14762238	GSM5364333	0	0.0	0.25141996145248413
SRR-level repeated CV	XGBoost	62	SRR14762244	GSM5364336	0	0.0	0.26757994294166565
SRR-level repeated CV	XGBoost	62	SRR14762246	GSM5364337	1	1.0	0.6802953481674194
SRR-level repeated CV	XGBoost	63	SRR14762242	GSM5364335	0	0.0	0.2191789597272873
SRR-level repeated CV	XGBoost	63	SRR14762245	GSM5364336	0	0.0	0.22070267796516418
SRR-level repeated CV	XGBoost	63	SRR14762251	GSM5364339	1	0.0	0.38194355368614197
SRR-level repeated CV	XGBoost	64	SRR14762240	GSM5364334	0	0.0	0.252259761095047
SRR-level repeated CV	XGBoost	64	SRR14762247	GSM5364337	1	1.0	0.5115538239479065
SRR-level repeated CV	XGBoost	64	SRR14762248	GSM5364338	1	0.0	0.4924151301383972
SRR-level repeated CV	XGBoost	65	SRR14762239	GSM5364333	0	0.0	0.21719199419021606
SRR-level repeated CV	XGBoost	65	SRR14762252	GSM5364339	1	1.0	0.6536865830421448
SRR-level repeated CV	XGBoost	66	SRR14762238	GSM5364333	0	0.0	0.25266140699386597
SRR-level repeated CV	XGBoost	66	SRR14762245	GSM5364336	0	0.0	0.23985247313976288
SRR-level repeated CV	XGBoost	66	SRR14762252	GSM5364339	1	1.0	0.6349215507507324
SRR-level repeated CV	XGBoost	67	SRR14762241	GSM5364334	0	0.0	0.23771126568317413
SRR-level repeated CV	XGBoost	67	SRR14762243	GSM5364335	0	0.0	0.24508658051490784
SRR-level repeated CV	XGBoost	67	SRR14762248	GSM5364338	1	1.0	0.6502997279167175
SRR-level repeated CV	XGBoost	68	SRR14762240	GSM5364334	0	0.0	0.23666249215602875
SRR-level repeated CV	XGBoost	68	SRR14762242	GSM5364335	0	0.0	0.2579181492328644
SRR-level repeated CV	XGBoost	68	SRR14762246	GSM5364337	1	1.0	0.6896581649780273
SRR-level repeated CV	XGBoost	69	SRR14762239	GSM5364333	0	0.0	0.3704977333545685
SRR-level repeated CV	XGBoost	69	SRR14762247	GSM5364337	1	1.0	0.5122972130775452
SRR-level repeated CV	XGBoost	69	SRR14762251	GSM5364339	1	0.0	0.3907454013824463
SRR-level repeated CV	XGBoost	70	SRR14762244	GSM5364336	0	0.0	0.22636443376541138
SRR-level repeated CV	XGBoost	70	SRR14762250	GSM5364338	1	1.0	0.5988216400146484
SRR-level repeated CV	XGBoost	71	SRR14762239	GSM5364333	0	0.0	0.2539736032485962
SRR-level repeated CV	XGBoost	71	SRR14762241	GSM5364334	0	0.0	0.21870334446430206
SRR-level repeated CV	XGBoost	71	SRR14762246	GSM5364337	1	1.0	0.6512455344200134
SRR-level repeated CV	XGBoost	72	SRR14762240	GSM5364334	0	0.0	0.23253507912158966
SRR-level repeated CV	XGBoost	72	SRR14762242	GSM5364335	0	0.0	0.24090874195098877
SRR-level repeated CV	XGBoost	72	SRR14762250	GSM5364338	1	1.0	0.6219943761825562
SRR-level repeated CV	XGBoost	73	SRR14762238	GSM5364333	0	0.0	0.27189159393310547
SRR-level repeated CV	XGBoost	73	SRR14762243	GSM5364335	0	0.0	0.24474507570266724
SRR-level repeated CV	XGBoost	73	SRR14762252	GSM5364339	1	1.0	0.5668326616287231
SRR-level repeated CV	XGBoost	74	SRR14762245	GSM5364336	0	0.0	0.235725536942482
SRR-level repeated CV	XGBoost	74	SRR14762247	GSM5364337	1	0.0	0.4975232481956482
SRR-level repeated CV	XGBoost	74	SRR14762248	GSM5364338	1	1.0	0.5392717719078064
SRR-level repeated CV	XGBoost	75	SRR14762244	GSM5364336	0	0.0	0.22384510934352875
SRR-level repeated CV	XGBoost	75	SRR14762251	GSM5364339	1	0.0	0.3715870678424835
SRR-level repeated CV	XGBoost	76	SRR14762241	GSM5364334	0	0.0	0.23771126568317413
SRR-level repeated CV	XGBoost	76	SRR14762243	GSM5364335	0	0.0	0.24508658051490784
SRR-level repeated CV	XGBoost	76	SRR14762248	GSM5364338	1	1.0	0.6502997279167175
SRR-level repeated CV	XGBoost	77	SRR14762239	GSM5364333	0	0.0	0.306586354970932
SRR-level repeated CV	XGBoost	77	SRR14762240	GSM5364334	0	0.0	0.2376815229654312
SRR-level repeated CV	XGBoost	77	SRR14762251	GSM5364339	1	0.0	0.34932294487953186
SRR-level repeated CV	XGBoost	78	SRR14762244	GSM5364336	0	0.0	0.2455213963985443
SRR-level repeated CV	XGBoost	78	SRR14762245	GSM5364336	0	0.0	0.23707327246665955
SRR-level repeated CV	XGBoost	78	SRR14762252	GSM5364339	1	1.0	0.6341596245765686
SRR-level repeated CV	XGBoost	79	SRR14762238	GSM5364333	0	0.0	0.35140272974967957
SRR-level repeated CV	XGBoost	79	SRR14762246	GSM5364337	1	0.0	0.4861885607242584
SRR-level repeated CV	XGBoost	79	SRR14762247	GSM5364337	1	0.0	0.4654870927333832
SRR-level repeated CV	XGBoost	80	SRR14762242	GSM5364335	0	0.0	0.18205255270004272
SRR-level repeated CV	XGBoost	80	SRR14762250	GSM5364338	1	1.0	0.5727065801620483
SRR-level repeated CV	XGBoost	81	SRR14762240	GSM5364334	0	0.0	0.23968875408172607
SRR-level repeated CV	XGBoost	81	SRR14762244	GSM5364336	0	0.0	0.23629078269004822
SRR-level repeated CV	XGBoost	81	SRR14762250	GSM5364338	1	1.0	0.6406010389328003
SRR-level repeated CV	XGBoost	82	SRR14762238	GSM5364333	0	0.0	0.2801891267299652
SRR-level repeated CV	XGBoost	82	SRR14762241	GSM5364334	0	0.0	0.22728762030601501
SRR-level repeated CV	XGBoost	82	SRR14762246	GSM5364337	1	1.0	0.6807010769844055
SRR-level repeated CV	XGBoost	83	SRR14762239	GSM5364333	0	0.0	0.2710421681404114
SRR-level repeated CV	XGBoost	83	SRR14762245	GSM5364336	0	0.0	0.23254448175430298
SRR-level repeated CV	XGBoost	83	SRR14762248	GSM5364338	1	1.0	0.693834662437439
SRR-level repeated CV	XGBoost	84	SRR14762243	GSM5364335	0	0.0	0.2264932245016098
SRR-level repeated CV	XGBoost	84	SRR14762251	GSM5364339	1	0.0	0.4969964325428009
SRR-level repeated CV	XGBoost	84	SRR14762252	GSM5364339	1	1.0	0.530092179775238
SRR-level repeated CV	XGBoost	85	SRR14762242	GSM5364335	0	0.0	0.19080950319766998
SRR-level repeated CV	XGBoost	85	SRR14762247	GSM5364337	1	1.0	0.7039996385574341
SRR-level repeated CV	XGBoost	86	SRR14762239	GSM5364333	0	0.0	0.25356969237327576
SRR-level repeated CV	XGBoost	86	SRR14762243	GSM5364335	0	0.0	0.23678632080554962
SRR-level repeated CV	XGBoost	86	SRR14762248	GSM5364338	1	1.0	0.6857332587242126
SRR-level repeated CV	XGBoost	87	SRR14762238	GSM5364333	0	0.0	0.2600691020488739
SRR-level repeated CV	XGBoost	87	SRR14762244	GSM5364336	0	0.0	0.249490886926651
SRR-level repeated CV	XGBoost	87	SRR14762250	GSM5364338	1	1.0	0.6567896008491516
SRR-level repeated CV	XGBoost	88	SRR14762242	GSM5364335	0	0.0	0.2191789597272873
SRR-level repeated CV	XGBoost	88	SRR14762245	GSM5364336	0	0.0	0.22070267796516418
SRR-level repeated CV	XGBoost	88	SRR14762251	GSM5364339	1	0.0	0.38194355368614197
SRR-level repeated CV	XGBoost	89	SRR14762240	GSM5364334	0	0.0	0.246293306350708
SRR-level repeated CV	XGBoost	89	SRR14762246	GSM5364337	1	0.0	0.49242663383483887
SRR-level repeated CV	XGBoost	89	SRR14762252	GSM5364339	1	0.0	0.47577187418937683
SRR-level repeated CV	XGBoost	90	SRR14762241	GSM5364334	0	0.0	0.16384783387184143
SRR-level repeated CV	XGBoost	90	SRR14762247	GSM5364337	1	1.0	0.6677846312522888
SRR-level repeated CV	XGBoost	91	SRR14762242	GSM5364335	0	0.0	0.21495194733142853
SRR-level repeated CV	XGBoost	91	SRR14762245	GSM5364336	0	0.0	0.21188704669475555
SRR-level repeated CV	XGBoost	91	SRR14762250	GSM5364338	1	1.0	0.6465427875518799
SRR-level repeated CV	XGBoost	92	SRR14762238	GSM5364333	0	0.0	0.2481386512517929
SRR-level repeated CV	XGBoost	92	SRR14762241	GSM5364334	0	0.0	0.23712368309497833
SRR-level repeated CV	XGBoost	92	SRR14762252	GSM5364339	1	1.0	0.6114533543586731
SRR-level repeated CV	XGBoost	93	SRR14762240	GSM5364334	0	0.0	0.23762550950050354
SRR-level repeated CV	XGBoost	93	SRR14762244	GSM5364336	0	0.0	0.24100419878959656
SRR-level repeated CV	XGBoost	93	SRR14762251	GSM5364339	1	0.0	0.3670826554298401
SRR-level repeated CV	XGBoost	94	SRR14762239	GSM5364333	0	0.0	0.311517596244812
SRR-level repeated CV	XGBoost	94	SRR14762247	GSM5364337	1	1.0	0.515070915222168
SRR-level repeated CV	XGBoost	94	SRR14762248	GSM5364338	1	1.0	0.5027318596839905
SRR-level repeated CV	XGBoost	95	SRR14762243	GSM5364335	0	0.0	0.1856784224510193
SRR-level repeated CV	XGBoost	95	SRR14762246	GSM5364337	1	1.0	0.6675424575805664
SRR-level repeated CV	XGBoost	96	SRR14762241	GSM5364334	0	0.0	0.2288123071193695
SRR-level repeated CV	XGBoost	96	SRR14762244	GSM5364336	0	0.0	0.24356339871883392
SRR-level repeated CV	XGBoost	96	SRR14762248	GSM5364338	1	1.0	0.6825111508369446
SRR-level repeated CV	XGBoost	97	SRR14762240	GSM5364334	0	0.0	0.2371387779712677
SRR-level repeated CV	XGBoost	97	SRR14762243	GSM5364335	0	0.0	0.2576008439064026
SRR-level repeated CV	XGBoost	97	SRR14762246	GSM5364337	1	1.0	0.6846141219139099
SRR-level repeated CV	XGBoost	98	SRR14762238	GSM5364333	0	1.0	0.6179607510566711
SRR-level repeated CV	XGBoost	98	SRR14762239	GSM5364333	0	1.0	0.6158881187438965
SRR-level repeated CV	XGBoost	98	SRR14762247	GSM5364337	1	1.0	0.6914427280426025
SRR-level repeated CV	XGBoost	99	SRR14762242	GSM5364335	0	0.0	0.18870365619659424
SRR-level repeated CV	XGBoost	99	SRR14762250	GSM5364338	1	0.0	0.4231390357017517
SRR-level repeated CV	XGBoost	99	SRR14762251	GSM5364339	1	0.0	0.471849262714386
SRR-level repeated CV	XGBoost	100	SRR14762245	GSM5364336	0	0.0	0.18005526065826416
SRR-level repeated CV	XGBoost	100	SRR14762252	GSM5364339	1	1.0	0.6120705604553223
SRR-level repeated CV	XGBoost	101	SRR14762238	GSM5364333	0	0.0	0.2981504201889038
SRR-level repeated CV	XGBoost	101	SRR14762243	GSM5364335	0	0.0	0.250419557094574
SRR-level repeated CV	XGBoost	101	SRR14762246	GSM5364337	1	1.0	0.6683693528175354
SRR-level repeated CV	XGBoost	102	SRR14762241	GSM5364334	0	0.0	0.22444935142993927
SRR-level repeated CV	XGBoost	102	SRR14762245	GSM5364336	0	0.0	0.2277049869298935
SRR-level repeated CV	XGBoost	102	SRR14762247	GSM5364337	1	1.0	0.6347444653511047
SRR-level repeated CV	XGBoost	103	SRR14762242	GSM5364335	0	0.0	0.23499584197998047
SRR-level repeated CV	XGBoost	103	SRR14762244	GSM5364336	0	0.0	0.2694415748119354
SRR-level repeated CV	XGBoost	103	SRR14762250	GSM5364338	1	1.0	0.6576959490776062
SRR-level repeated CV	XGBoost	104	SRR14762240	GSM5364334	0	0.0	0.23963162302970886
SRR-level repeated CV	XGBoost	104	SRR14762248	GSM5364338	1	0.0	0.49788692593574524
SRR-level repeated CV	XGBoost	104	SRR14762251	GSM5364339	1	0.0	0.46953871846199036
SRR-level repeated CV	XGBoost	105	SRR14762239	GSM5364333	0	0.0	0.21719199419021606
SRR-level repeated CV	XGBoost	105	SRR14762252	GSM5364339	1	1.0	0.6536865830421448
SRR-level repeated CV	XGBoost	106	SRR14762240	GSM5364334	0	0.0	0.23660358786582947
SRR-level repeated CV	XGBoost	106	SRR14762244	GSM5364336	0	0.0	0.2321799248456955
SRR-level repeated CV	XGBoost	106	SRR14762248	GSM5364338	1	1.0	0.6737040877342224
SRR-level repeated CV	XGBoost	107	SRR14762241	GSM5364334	0	0.0	0.22847461700439453
SRR-level repeated CV	XGBoost	107	SRR14762245	GSM5364336	0	0.0	0.22517281770706177
SRR-level repeated CV	XGBoost	107	SRR14762246	GSM5364337	1	1.0	0.6907885670661926
SRR-level repeated CV	XGBoost	108	SRR14762242	GSM5364335	0	0.0	0.22657500207424164
SRR-level repeated CV	XGBoost	108	SRR14762243	GSM5364335	0	0.0	0.22692835330963135
SRR-level repeated CV	XGBoost	108	SRR14762251	GSM5364339	1	0.0	0.3795609474182129
SRR-level repeated CV	XGBoost	109	SRR14762238	GSM5364333	0	0.0	0.28159278631210327
SRR-level repeated CV	XGBoost	109	SRR14762247	GSM5364337	1	1.0	0.5120133757591248
SRR-level repeated CV	XGBoost	109	SRR14762250	GSM5364338	1	0.0	0.4716932475566864
SRR-level repeated CV	XGBoost	110	SRR14762239	GSM5364333	0	0.0	0.21719199419021606
SRR-level repeated CV	XGBoost	110	SRR14762252	GSM5364339	1	1.0	0.6536865830421448
SRR-level repeated CV	XGBoost	111	SRR14762238	GSM5364333	0	1.0	0.6179607510566711
SRR-level repeated CV	XGBoost	111	SRR14762239	GSM5364333	0	1.0	0.6158881187438965
SRR-level repeated CV	XGBoost	111	SRR14762247	GSM5364337	1	1.0	0.6914427280426025
SRR-level repeated CV	XGBoost	112	SRR14762244	GSM5364336	0	0.0	0.24466469883918762
SRR-level repeated CV	XGBoost	112	SRR14762245	GSM5364336	0	0.0	0.23613348603248596
SRR-level repeated CV	XGBoost	112	SRR14762251	GSM5364339	1	0.0	0.3834764063358307
SRR-level repeated CV	XGBoost	113	SRR14762242	GSM5364335	0	0.0	0.23481211066246033
SRR-level repeated CV	XGBoost	113	SRR14762243	GSM5364335	0	0.0	0.24270345270633698
SRR-level repeated CV	XGBoost	113	SRR14762252	GSM5364339	1	1.0	0.6036610007286072
SRR-level repeated CV	XGBoost	114	SRR14762241	GSM5364334	0	0.0	0.21282804012298584
SRR-level repeated CV	XGBoost	114	SRR14762246	GSM5364337	1	0.0	0.46009930968284607
SRR-level repeated CV	XGBoost	114	SRR14762248	GSM5364338	1	0.0	0.45915743708610535
SRR-level repeated CV	XGBoost	115	SRR14762240	GSM5364334	0	0.0	0.18088343739509583
SRR-level repeated CV	XGBoost	115	SRR14762250	GSM5364338	1	1.0	0.6306928992271423
SRR-level repeated CV	XGBoost	116	SRR14762239	GSM5364333	0	0.0	0.2610015273094177
SRR-level repeated CV	XGBoost	116	SRR14762242	GSM5364335	0	0.0	0.2353174239397049
SRR-level repeated CV	XGBoost	116	SRR14762252	GSM5364339	1	1.0	0.6511194109916687
SRR-level repeated CV	XGBoost	117	SRR14762240	GSM5364334	0	0.0	0.2248358130455017
SRR-level repeated CV	XGBoost	117	SRR14762245	GSM5364336	0	0.0	0.23176981508731842
SRR-level repeated CV	XGBoost	117	SRR14762246	GSM5364337	1	1.0	0.6868416666984558
SRR-level repeated CV	XGBoost	118	SRR14762238	GSM5364333	0	0.0	0.25404757261276245
SRR-level repeated CV	XGBoost	118	SRR14762241	GSM5364334	0	0.0	0.2328089326620102
SRR-level repeated CV	XGBoost	118	SRR14762251	GSM5364339	1	0.0	0.3792036175727844
SRR-level repeated CV	XGBoost	119	SRR14762244	GSM5364336	0	0.0	0.26983579993247986
SRR-level repeated CV	XGBoost	119	SRR14762247	GSM5364337	1	1.0	0.5403014421463013
SRR-level repeated CV	XGBoost	119	SRR14762250	GSM5364338	1	0.0	0.4191271662712097
SRR-level repeated CV	XGBoost	120	SRR14762243	GSM5364335	0	0.0	0.21557119488716125
SRR-level repeated CV	XGBoost	120	SRR14762248	GSM5364338	1	1.0	0.6412200927734375
SRR-level repeated CV	XGBoost	121	SRR14762238	GSM5364333	0	0.0	0.26393207907676697
SRR-level repeated CV	XGBoost	121	SRR14762245	GSM5364336	0	0.0	0.23939861357212067
SRR-level repeated CV	XGBoost	121	SRR14762251	GSM5364339	1	0.0	0.4673170745372772
SRR-level repeated CV	XGBoost	122	SRR14762240	GSM5364334	0	0.0	0.226231187582016
SRR-level repeated CV	XGBoost	122	SRR14762241	GSM5364334	0	0.0	0.22468839585781097
SRR-level repeated CV	XGBoost	122	SRR14762252	GSM5364339	1	1.0	0.6781195402145386
SRR-level repeated CV	XGBoost	123	SRR14762239	GSM5364333	0	0.0	0.26946887373924255
SRR-level repeated CV	XGBoost	123	SRR14762243	GSM5364335	0	0.0	0.2406763881444931
SRR-level repeated CV	XGBoost	123	SRR14762246	GSM5364337	1	1.0	0.6769901514053345
SRR-level repeated CV	XGBoost	124	SRR14762244	GSM5364336	0	0.0	0.26445966958999634
SRR-level repeated CV	XGBoost	124	SRR14762248	GSM5364338	1	0.0	0.4453469216823578
SRR-level repeated CV	XGBoost	124	SRR14762250	GSM5364338	1	0.0	0.342941015958786
SRR-level repeated CV	XGBoost	125	SRR14762242	GSM5364335	0	0.0	0.19080950319766998
SRR-level repeated CV	XGBoost	125	SRR14762247	GSM5364337	1	1.0	0.7039996385574341
SRR-level repeated CV	XGBoost	126	SRR14762238	GSM5364333	0	0.0	0.25266140699386597
SRR-level repeated CV	XGBoost	126	SRR14762245	GSM5364336	0	0.0	0.23985247313976288
SRR-level repeated CV	XGBoost	126	SRR14762252	GSM5364339	1	1.0	0.6349215507507324
SRR-level repeated CV	XGBoost	127	SRR14762240	GSM5364334	0	0.0	0.23805886507034302
SRR-level repeated CV	XGBoost	127	SRR14762243	GSM5364335	0	0.0	0.25787830352783203
SRR-level repeated CV	XGBoost	127	SRR14762247	GSM5364337	1	1.0	0.6876136064529419
SRR-level repeated CV	XGBoost	128	SRR14762242	GSM5364335	0	0.0	0.23499584197998047
SRR-level repeated CV	XGBoost	128	SRR14762244	GSM5364336	0	0.0	0.2694415748119354
SRR-level repeated CV	XGBoost	128	SRR14762250	GSM5364338	1	1.0	0.6576959490776062
SRR-level repeated CV	XGBoost	129	SRR14762239	GSM5364333	0	0.0	0.31409189105033875
SRR-level repeated CV	XGBoost	129	SRR14762246	GSM5364337	1	1.0	0.5097329616546631
SRR-level repeated CV	XGBoost	129	SRR14762248	GSM5364338	1	1.0	0.5126835703849792
SRR-level repeated CV	XGBoost	130	SRR14762241	GSM5364334	0	0.0	0.17676469683647156
SRR-level repeated CV	XGBoost	130	SRR14762251	GSM5364339	1	0.0	0.39858102798461914
SRR-level repeated CV	XGBoost	131	SRR14762238	GSM5364333	0	0.0	0.2948399484157562
SRR-level repeated CV	XGBoost	131	SRR14762242	GSM5364335	0	0.0	0.25207236409187317
SRR-level repeated CV	XGBoost	131	SRR14762246	GSM5364337	1	1.0	0.6833391785621643
SRR-level repeated CV	XGBoost	132	SRR14762243	GSM5364335	0	1.0	0.5164244174957275
SRR-level repeated CV	XGBoost	132	SRR14762244	GSM5364336	0	0.0	0.2647218406200409
SRR-level repeated CV	XGBoost	132	SRR14762250	GSM5364338	1	0.0	0.38055840134620667
SRR-level repeated CV	XGBoost	133	SRR14762239	GSM5364333	0	0.0	0.22996358573436737
SRR-level repeated CV	XGBoost	133	SRR14762241	GSM5364334	0	0.0	0.22547107934951782
SRR-level repeated CV	XGBoost	133	SRR14762248	GSM5364338	1	1.0	0.6758558750152588
SRR-level repeated CV	XGBoost	134	SRR14762240	GSM5364334	0	0.0	0.23882794380187988
SRR-level repeated CV	XGBoost	134	SRR14762247	GSM5364337	1	1.0	0.5287547707557678
SRR-level repeated CV	XGBoost	134	SRR14762252	GSM5364339	1	0.0	0.4891818165779114
SRR-level repeated CV	XGBoost	135	SRR14762245	GSM5364336	0	0.0	0.17925366759300232
SRR-level repeated CV	XGBoost	135	SRR14762251	GSM5364339	1	0.0	0.4441796839237213
SRR-level repeated CV	XGBoost	136	SRR14762240	GSM5364334	0	0.0	0.2332477569580078
SRR-level repeated CV	XGBoost	136	SRR14762244	GSM5364336	0	0.0	0.22735518217086792
SRR-level repeated CV	XGBoost	136	SRR14762247	GSM5364337	1	1.0	0.6929425001144409
SRR-level repeated CV	XGBoost	137	SRR14762238	GSM5364333	0	0.0	0.2735249698162079
SRR-level repeated CV	XGBoost	137	SRR14762243	GSM5364335	0	0.0	0.2561562955379486
SRR-level repeated CV	XGBoost	137	SRR14762251	GSM5364339	1	0.0	0.3815218508243561
SRR-level repeated CV	XGBoost	138	SRR14762241	GSM5364334	0	0.0	0.22847461700439453
SRR-level repeated CV	XGBoost	138	SRR14762245	GSM5364336	0	0.0	0.22517281770706177
SRR-level repeated CV	XGBoost	138	SRR14762246	GSM5364337	1	1.0	0.6907885670661926
SRR-level repeated CV	XGBoost	139	SRR14762242	GSM5364335	0	0.0	0.23831984400749207
SRR-level repeated CV	XGBoost	139	SRR14762248	GSM5364338	1	1.0	0.5017064213752747
SRR-level repeated CV	XGBoost	139	SRR14762250	GSM5364338	1	0.0	0.4184979498386383
SRR-level repeated CV	XGBoost	140	SRR14762239	GSM5364333	0	0.0	0.21719199419021606
SRR-level repeated CV	XGBoost	140	SRR14762252	GSM5364339	1	1.0	0.6536865830421448
SRR-level repeated CV	XGBoost	141	SRR14762239	GSM5364333	0	0.0	0.2733846604824066
SRR-level repeated CV	XGBoost	141	SRR14762243	GSM5364335	0	0.0	0.24401068687438965
SRR-level repeated CV	XGBoost	141	SRR14762247	GSM5364337	1	1.0	0.6863056421279907
SRR-level repeated CV	XGBoost	142	SRR14762238	GSM5364333	0	0.0	0.2948399484157562
SRR-level repeated CV	XGBoost	142	SRR14762242	GSM5364335	0	0.0	0.25207236409187317
SRR-level repeated CV	XGBoost	142	SRR14762246	GSM5364337	1	1.0	0.6833391785621643
SRR-level repeated CV	XGBoost	143	SRR14762241	GSM5364334	0	0.0	0.2288123071193695
SRR-level repeated CV	XGBoost	143	SRR14762244	GSM5364336	0	0.0	0.24356339871883392
SRR-level repeated CV	XGBoost	143	SRR14762248	GSM5364338	1	1.0	0.6825111508369446
SRR-level repeated CV	XGBoost	144	SRR14762240	GSM5364334	0	0.0	0.2347782403230667
SRR-level repeated CV	XGBoost	144	SRR14762251	GSM5364339	1	0.0	0.4580288529396057
SRR-level repeated CV	XGBoost	144	SRR14762252	GSM5364339	1	0.0	0.4523027837276459
SRR-level repeated CV	XGBoost	145	SRR14762245	GSM5364336	0	0.0	0.17263643443584442
SRR-level repeated CV	XGBoost	145	SRR14762250	GSM5364338	1	1.0	0.5702769756317139
SRR-level repeated CV	XGBoost	146	SRR14762240	GSM5364334	0	0.0	0.2248358130455017
SRR-level repeated CV	XGBoost	146	SRR14762245	GSM5364336	0	0.0	0.23176981508731842
SRR-level repeated CV	XGBoost	146	SRR14762246	GSM5364337	1	1.0	0.6868416666984558
SRR-level repeated CV	XGBoost	147	SRR14762242	GSM5364335	0	0.0	0.23988692462444305
SRR-level repeated CV	XGBoost	147	SRR14762243	GSM5364335	0	0.0	0.2604144811630249
SRR-level repeated CV	XGBoost	147	SRR14762248	GSM5364338	1	1.0	0.6824742555618286
SRR-level repeated CV	XGBoost	148	SRR14762238	GSM5364333	0	0.0	0.2527071237564087
SRR-level repeated CV	XGBoost	148	SRR14762241	GSM5364334	0	0.0	0.22656404972076416
SRR-level repeated CV	XGBoost	148	SRR14762250	GSM5364338	1	1.0	0.6272628307342529
SRR-level repeated CV	XGBoost	149	SRR14762239	GSM5364333	0	0.0	0.3704977333545685
SRR-level repeated CV	XGBoost	149	SRR14762247	GSM5364337	1	1.0	0.5122972130775452
SRR-level repeated CV	XGBoost	149	SRR14762251	GSM5364339	1	0.0	0.3907454013824463
SRR-level repeated CV	XGBoost	150	SRR14762244	GSM5364336	0	0.0	0.2360416054725647
SRR-level repeated CV	XGBoost	150	SRR14762252	GSM5364339	1	1.0	0.6176754236221313
GSM-LOGO global loci	Logistic regression (L2)	1	SRR14762238	GSM5364333	0		0.9993894114222137
GSM-LOGO global loci	Logistic regression (L2)	1	SRR14762239	GSM5364333	0		0.9993386155197077
GSM-LOGO global loci	Logistic regression (L2)	2	SRR14762240	GSM5364334	0		0.00080758375128652
GSM-LOGO global loci	Logistic regression (L2)	2	SRR14762241	GSM5364334	0		0.0008686879114972049
GSM-LOGO global loci	Logistic regression (L2)	3	SRR14762242	GSM5364335	0		0.07197570140281154
GSM-LOGO global loci	Logistic regression (L2)	3	SRR14762243	GSM5364335	0		0.06847137327500455
GSM-LOGO global loci	Logistic regression (L2)	4	SRR14762244	GSM5364336	0		0.018608457769641203
GSM-LOGO global loci	Logistic regression (L2)	4	SRR14762245	GSM5364336	0		0.026792578318228864
GSM-LOGO global loci	Logistic regression (L2)	5	SRR14762246	GSM5364337	1		0.960351389855606
GSM-LOGO global loci	Logistic regression (L2)	5	SRR14762247	GSM5364337	1		0.9596002128938563
GSM-LOGO global loci	Logistic regression (L2)	6	SRR14762248	GSM5364338	1		0.30577695552895473
GSM-LOGO global loci	Logistic regression (L2)	6	SRR14762250	GSM5364338	1		0.2687886908826591
GSM-LOGO global loci	Logistic regression (L2)	7	SRR14762251	GSM5364339	1		0.9944329831975756
GSM-LOGO global loci	Logistic regression (L2)	7	SRR14762252	GSM5364339	1		0.9937480011687627
GSM-LOGO global loci	Neural network (MLP)	1	SRR14762238	GSM5364333	0		0.997669517993927
GSM-LOGO global loci	Neural network (MLP)	1	SRR14762239	GSM5364333	0		0.997471809387207
GSM-LOGO global loci	Neural network (MLP)	2	SRR14762240	GSM5364334	0		0.004484919831156731
GSM-LOGO global loci	Neural network (MLP)	2	SRR14762241	GSM5364334	0		0.004521689377725124
GSM-LOGO global loci	Neural network (MLP)	3	SRR14762242	GSM5364335	0		7.38956371272451e-15
GSM-LOGO global loci	Neural network (MLP)	3	SRR14762243	GSM5364335	0		3.465779638105182e-14
GSM-LOGO global loci	Neural network (MLP)	4	SRR14762244	GSM5364336	0		0.0
GSM-LOGO global loci	Neural network (MLP)	4	SRR14762245	GSM5364336	0		0.0
GSM-LOGO global loci	Neural network (MLP)	5	SRR14762246	GSM5364337	1		1.0
GSM-LOGO global loci	Neural network (MLP)	5	SRR14762247	GSM5364337	1		1.0
GSM-LOGO global loci	Neural network (MLP)	6	SRR14762248	GSM5364338	1		0.3278217911720276
GSM-LOGO global loci	Neural network (MLP)	6	SRR14762250	GSM5364338	1		0.3029630482196808
GSM-LOGO global loci	Neural network (MLP)	7	SRR14762251	GSM5364339	1		1.0
GSM-LOGO global loci	Neural network (MLP)	7	SRR14762252	GSM5364339	1		1.0
GSM-LOGO global loci	Random forest	1	SRR14762238	GSM5364333	0		0.78
GSM-LOGO global loci	Random forest	1	SRR14762239	GSM5364333	0		0.768
GSM-LOGO global loci	Random forest	2	SRR14762240	GSM5364334	0		0.208
GSM-LOGO global loci	Random forest	2	SRR14762241	GSM5364334	0		0.212
GSM-LOGO global loci	Random forest	3	SRR14762242	GSM5364335	0		0.35
GSM-LOGO global loci	Random forest	3	SRR14762243	GSM5364335	0		0.348
GSM-LOGO global loci	Random forest	4	SRR14762244	GSM5364336	0		0.262
GSM-LOGO global loci	Random forest	4	SRR14762245	GSM5364336	0		0.296
GSM-LOGO global loci	Random forest	5	SRR14762246	GSM5364337	1		0.504
GSM-LOGO global loci	Random forest	5	SRR14762247	GSM5364337	1		0.472
GSM-LOGO global loci	Random forest	6	SRR14762248	GSM5364338	1		0.398
GSM-LOGO global loci	Random forest	6	SRR14762250	GSM5364338	1		0.382
GSM-LOGO global loci	Random forest	7	SRR14762251	GSM5364339	1		0.52
GSM-LOGO global loci	Random forest	7	SRR14762252	GSM5364339	1		0.538
GSM-LOGO global loci	SVM (RBF)	1	SRR14762238	GSM5364333	0		0.9009616122535256
GSM-LOGO global loci	SVM (RBF)	1	SRR14762239	GSM5364333	0		0.8990900305699501
GSM-LOGO global loci	SVM (RBF)	2	SRR14762240	GSM5364334	0		0.18808277208534357
GSM-LOGO global loci	SVM (RBF)	2	SRR14762241	GSM5364334	0		0.17936512220100595
GSM-LOGO global loci	SVM (RBF)	3	SRR14762242	GSM5364335	0		0.3636415282523536
GSM-LOGO global loci	SVM (RBF)	3	SRR14762243	GSM5364335	0		0.3587626687193842
GSM-LOGO global loci	SVM (RBF)	4	SRR14762244	GSM5364336	0		0.20992528792397733
GSM-LOGO global loci	SVM (RBF)	4	SRR14762245	GSM5364336	0		0.23472572623762394
GSM-LOGO global loci	SVM (RBF)	5	SRR14762246	GSM5364337	1		0.41076572469328204
GSM-LOGO global loci	SVM (RBF)	5	SRR14762247	GSM5364337	1		0.41183358501855816
GSM-LOGO global loci	SVM (RBF)	6	SRR14762248	GSM5364338	1		0.19431693319506232
GSM-LOGO global loci	SVM (RBF)	6	SRR14762250	GSM5364338	1		0.19364641289186146
GSM-LOGO global loci	SVM (RBF)	7	SRR14762251	GSM5364339	1		0.43768654269812535
GSM-LOGO global loci	SVM (RBF)	7	SRR14762252	GSM5364339	1		0.4356615919807288
GSM-LOGO global loci	k-nearest neighbours	1	SRR14762238	GSM5364333	0		1.0
GSM-LOGO global loci	k-nearest neighbours	1	SRR14762239	GSM5364333	0		1.0
GSM-LOGO global loci	k-nearest neighbours	2	SRR14762240	GSM5364334	0		0.0
GSM-LOGO global loci	k-nearest neighbours	2	SRR14762241	GSM5364334	0		0.0
GSM-LOGO global loci	k-nearest neighbours	3	SRR14762242	GSM5364335	0		0.0
GSM-LOGO global loci	k-nearest neighbours	3	SRR14762243	GSM5364335	0		0.0
GSM-LOGO global loci	k-nearest neighbours	4	SRR14762244	GSM5364336	0		0.0
GSM-LOGO global loci	k-nearest neighbours	4	SRR14762245	GSM5364336	0		0.0
GSM-LOGO global loci	k-nearest neighbours	5	SRR14762246	GSM5364337	1		0.6778771768988401
GSM-LOGO global loci	k-nearest neighbours	5	SRR14762247	GSM5364337	1		0.6780974189522676
GSM-LOGO global loci	k-nearest neighbours	6	SRR14762248	GSM5364338	1		0.2980589248979842
GSM-LOGO global loci	k-nearest neighbours	6	SRR14762250	GSM5364338	1		0.2994280596530989
GSM-LOGO global loci	k-nearest neighbours	7	SRR14762251	GSM5364339	1		1.0
GSM-LOGO global loci	k-nearest neighbours	7	SRR14762252	GSM5364339	1		1.0
GSM-LOGO global loci	Decision tree	1	SRR14762238	GSM5364333	0		1.0
GSM-LOGO global loci	Decision tree	1	SRR14762239	GSM5364333	0		1.0
GSM-LOGO global loci	Decision tree	2	SRR14762240	GSM5364334	0		0.0
GSM-LOGO global loci	Decision tree	2	SRR14762241	GSM5364334	0		0.0
GSM-LOGO global loci	Decision tree	3	SRR14762242	GSM5364335	0		0.0
GSM-LOGO global loci	Decision tree	3	SRR14762243	GSM5364335	0		0.0
GSM-LOGO global loci	Decision tree	4	SRR14762244	GSM5364336	0		1.0
GSM-LOGO global loci	Decision tree	4	SRR14762245	GSM5364336	0		1.0
GSM-LOGO global loci	Decision tree	5	SRR14762246	GSM5364337	1		1.0
GSM-LOGO global loci	Decision tree	5	SRR14762247	GSM5364337	1		1.0
GSM-LOGO global loci	Decision tree	6	SRR14762248	GSM5364338	1		0.0
GSM-LOGO global loci	Decision tree	6	SRR14762250	GSM5364338	1		0.0
GSM-LOGO global loci	Decision tree	7	SRR14762251	GSM5364339	1		1.0
GSM-LOGO global loci	Decision tree	7	SRR14762252	GSM5364339	1		0.0
GSM-LOGO global loci	XGBoost	1	SRR14762238	GSM5364333	0		0.6614720821380615
GSM-LOGO global loci	XGBoost	1	SRR14762239	GSM5364333	0		0.6661698818206787
GSM-LOGO global loci	XGBoost	2	SRR14762240	GSM5364334	0		0.230058491230011
GSM-LOGO global loci	XGBoost	2	SRR14762241	GSM5364334	0		0.22852253913879395
GSM-LOGO global loci	XGBoost	3	SRR14762242	GSM5364335	0		0.24054370820522308
GSM-LOGO global loci	XGBoost	3	SRR14762243	GSM5364335	0		0.25117483735084534
GSM-LOGO global loci	XGBoost	4	SRR14762244	GSM5364336	0		0.23930972814559937
GSM-LOGO global loci	XGBoost	4	SRR14762245	GSM5364336	0		0.23714594542980194
GSM-LOGO global loci	XGBoost	5	SRR14762246	GSM5364337	1		0.4997396767139435
GSM-LOGO global loci	XGBoost	5	SRR14762247	GSM5364337	1		0.5243347883224487
GSM-LOGO global loci	XGBoost	6	SRR14762248	GSM5364338	1		0.45821449160575867
GSM-LOGO global loci	XGBoost	6	SRR14762250	GSM5364338	1		0.35043400526046753
GSM-LOGO global loci	XGBoost	7	SRR14762251	GSM5364339	1		0.4743199348449707
GSM-LOGO global loci	XGBoost	7	SRR14762252	GSM5364339	1		0.45126020908355713
GSM-LOGO training-only loci	Logistic regression (L2)	1	SRR14762238	GSM5364333	0		0.4094842616904228
GSM-LOGO training-only loci	Logistic regression (L2)	1	SRR14762239	GSM5364333	0		0.38983882910328116
GSM-LOGO training-only loci	Logistic regression (L2)	2	SRR14762240	GSM5364334	0		0.00011333834326210772
GSM-LOGO training-only loci	Logistic regression (L2)	2	SRR14762241	GSM5364334	0		0.00012126056555099872
GSM-LOGO training-only loci	Logistic regression (L2)	3	SRR14762242	GSM5364335	0		0.001949997945256381
GSM-LOGO training-only loci	Logistic regression (L2)	3	SRR14762243	GSM5364335	0		0.001979317451695479
GSM-LOGO training-only loci	Logistic regression (L2)	4	SRR14762244	GSM5364336	0		0.001335062114350034
GSM-LOGO training-only loci	Logistic regression (L2)	4	SRR14762245	GSM5364336	0		0.0018061388988252422
GSM-LOGO training-only loci	Logistic regression (L2)	5	SRR14762246	GSM5364337	1		0.039262958230907204
GSM-LOGO training-only loci	Logistic regression (L2)	5	SRR14762247	GSM5364337	1		0.036790735255968814
GSM-LOGO training-only loci	Logistic regression (L2)	6	SRR14762248	GSM5364338	1		0.011464565555205915
GSM-LOGO training-only loci	Logistic regression (L2)	6	SRR14762250	GSM5364338	1		0.010810693665997215
GSM-LOGO training-only loci	Logistic regression (L2)	7	SRR14762251	GSM5364339	1		0.33013228691029467
GSM-LOGO training-only loci	Logistic regression (L2)	7	SRR14762252	GSM5364339	1		0.31678574540875093
GSM-LOGO training-only loci	Neural network (MLP)	1	SRR14762238	GSM5364333	0		0.3344363570213318
GSM-LOGO training-only loci	Neural network (MLP)	1	SRR14762239	GSM5364333	0		0.31951454281806946
GSM-LOGO training-only loci	Neural network (MLP)	2	SRR14762240	GSM5364334	0		0.002448292914777994
GSM-LOGO training-only loci	Neural network (MLP)	2	SRR14762241	GSM5364334	0		0.0022144534159451723
GSM-LOGO training-only loci	Neural network (MLP)	3	SRR14762242	GSM5364335	0		6.852597509614602e-14
GSM-LOGO training-only loci	Neural network (MLP)	3	SRR14762243	GSM5364335	0		2.362149240315095e-14
GSM-LOGO training-only loci	Neural network (MLP)	4	SRR14762244	GSM5364336	0		0.0
GSM-LOGO training-only loci	Neural network (MLP)	4	SRR14762245	GSM5364336	0		0.0
GSM-LOGO training-only loci	Neural network (MLP)	5	SRR14762246	GSM5364337	1		0.027066633105278015
GSM-LOGO training-only loci	Neural network (MLP)	5	SRR14762247	GSM5364337	1		0.028179693967103958
GSM-LOGO training-only loci	Neural network (MLP)	6	SRR14762248	GSM5364338	1		4.949350409198254e-19
GSM-LOGO training-only loci	Neural network (MLP)	6	SRR14762250	GSM5364338	1		8.836139758686923e-19
GSM-LOGO training-only loci	Neural network (MLP)	7	SRR14762251	GSM5364339	1		0.058836400508880615
GSM-LOGO training-only loci	Neural network (MLP)	7	SRR14762252	GSM5364339	1		0.05987521633505821
GSM-LOGO training-only loci	Random forest	1	SRR14762238	GSM5364333	0		0.372
GSM-LOGO training-only loci	Random forest	1	SRR14762239	GSM5364333	0		0.372
GSM-LOGO training-only loci	Random forest	2	SRR14762240	GSM5364334	0		0.198
GSM-LOGO training-only loci	Random forest	2	SRR14762241	GSM5364334	0		0.186
GSM-LOGO training-only loci	Random forest	3	SRR14762242	GSM5364335	0		0.19
GSM-LOGO training-only loci	Random forest	3	SRR14762243	GSM5364335	0		0.2
GSM-LOGO training-only loci	Random forest	4	SRR14762244	GSM5364336	0		0.19
GSM-LOGO training-only loci	Random forest	4	SRR14762245	GSM5364336	0		0.23
GSM-LOGO training-only loci	Random forest	5	SRR14762246	GSM5364337	1		0.238
GSM-LOGO training-only loci	Random forest	5	SRR14762247	GSM5364337	1		0.226
GSM-LOGO training-only loci	Random forest	6	SRR14762248	GSM5364338	1		0.202
GSM-LOGO training-only loci	Random forest	6	SRR14762250	GSM5364338	1		0.208
GSM-LOGO training-only loci	Random forest	7	SRR14762251	GSM5364339	1		0.3
GSM-LOGO training-only loci	Random forest	7	SRR14762252	GSM5364339	1		0.25
GSM-LOGO training-only loci	SVM (RBF)	1	SRR14762238	GSM5364333	0		0.4898424312161301
GSM-LOGO training-only loci	SVM (RBF)	1	SRR14762239	GSM5364333	0		0.4811468591182471
GSM-LOGO training-only loci	SVM (RBF)	2	SRR14762240	GSM5364334	0		0.17506413676873653
GSM-LOGO training-only loci	SVM (RBF)	2	SRR14762241	GSM5364334	0		0.16497626358014483
GSM-LOGO training-only loci	SVM (RBF)	3	SRR14762242	GSM5364335	0		0.17000481191667552
GSM-LOGO training-only loci	SVM (RBF)	3	SRR14762243	GSM5364335	0		0.16615203424383393
GSM-LOGO training-only loci	SVM (RBF)	4	SRR14762244	GSM5364336	0		0.13957297029667748
GSM-LOGO training-only loci	SVM (RBF)	4	SRR14762245	GSM5364336	0		0.16080610960443978
GSM-LOGO training-only loci	SVM (RBF)	5	SRR14762246	GSM5364337	1		0.20898293313742983
GSM-LOGO training-only loci	SVM (RBF)	5	SRR14762247	GSM5364337	1		0.20922710621925641
GSM-LOGO training-only loci	SVM (RBF)	6	SRR14762248	GSM5364338	1		0.0932280630006716
GSM-LOGO training-only loci	SVM (RBF)	6	SRR14762250	GSM5364338	1		0.0914666520697653
GSM-LOGO training-only loci	SVM (RBF)	7	SRR14762251	GSM5364339	1		0.2373343414352127
GSM-LOGO training-only loci	SVM (RBF)	7	SRR14762252	GSM5364339	1		0.2383868688120312
GSM-LOGO training-only loci	k-nearest neighbours	1	SRR14762238	GSM5364333	0		0.6685011693053398
GSM-LOGO training-only loci	k-nearest neighbours	1	SRR14762239	GSM5364333	0		0.667395553466438
GSM-LOGO training-only loci	k-nearest neighbours	2	SRR14762240	GSM5364334	0		0.0
GSM-LOGO training-only loci	k-nearest neighbours	2	SRR14762241	GSM5364334	0		0.0
GSM-LOGO training-only loci	k-nearest neighbours	3	SRR14762242	GSM5364335	0		0.0
GSM-LOGO training-only loci	k-nearest neighbours	3	SRR14762243	GSM5364335	0		0.0
GSM-LOGO training-only loci	k-nearest neighbours	4	SRR14762244	GSM5364336	0		0.0
GSM-LOGO training-only loci	k-nearest neighbours	4	SRR14762245	GSM5364336	0		0.0
GSM-LOGO training-only loci	k-nearest neighbours	5	SRR14762246	GSM5364337	1		0.0
GSM-LOGO training-only loci	k-nearest neighbours	5	SRR14762247	GSM5364337	1		0.0
GSM-LOGO training-only loci	k-nearest neighbours	6	SRR14762248	GSM5364338	1		0.0
GSM-LOGO training-only loci	k-nearest neighbours	6	SRR14762250	GSM5364338	1		0.0
GSM-LOGO training-only loci	k-nearest neighbours	7	SRR14762251	GSM5364339	1		0.0
GSM-LOGO training-only loci	k-nearest neighbours	7	SRR14762252	GSM5364339	1		0.0
GSM-LOGO training-only loci	Decision tree	1	SRR14762238	GSM5364333	0		1.0
GSM-LOGO training-only loci	Decision tree	1	SRR14762239	GSM5364333	0		1.0
GSM-LOGO training-only loci	Decision tree	2	SRR14762240	GSM5364334	0		0.0
GSM-LOGO training-only loci	Decision tree	2	SRR14762241	GSM5364334	0		0.0
GSM-LOGO training-only loci	Decision tree	3	SRR14762242	GSM5364335	0		0.0
GSM-LOGO training-only loci	Decision tree	3	SRR14762243	GSM5364335	0		0.0
GSM-LOGO training-only loci	Decision tree	4	SRR14762244	GSM5364336	0		0.0
GSM-LOGO training-only loci	Decision tree	4	SRR14762245	GSM5364336	0		0.0
GSM-LOGO training-only loci	Decision tree	5	SRR14762246	GSM5364337	1		0.0
GSM-LOGO training-only loci	Decision tree	5	SRR14762247	GSM5364337	1		0.0
GSM-LOGO training-only loci	Decision tree	6	SRR14762248	GSM5364338	1		1.0
GSM-LOGO training-only loci	Decision tree	6	SRR14762250	GSM5364338	1		1.0
GSM-LOGO training-only loci	Decision tree	7	SRR14762251	GSM5364339	1		1.0
GSM-LOGO training-only loci	Decision tree	7	SRR14762252	GSM5364339	1		0.0
GSM-LOGO training-only loci	XGBoost	1	SRR14762238	GSM5364333	0		0.27351272106170654
GSM-LOGO training-only loci	XGBoost	1	SRR14762239	GSM5364333	0		0.3591667413711548
GSM-LOGO training-only loci	XGBoost	2	SRR14762240	GSM5364334	0		0.24947239458560944
GSM-LOGO training-only loci	XGBoost	2	SRR14762241	GSM5364334	0		0.24947239458560944
GSM-LOGO training-only loci	XGBoost	3	SRR14762242	GSM5364335	0		0.23624536395072937
GSM-LOGO training-only loci	XGBoost	3	SRR14762243	GSM5364335	0		0.23624536395072937
GSM-LOGO training-only loci	XGBoost	4	SRR14762244	GSM5364336	0		0.24199995398521423
GSM-LOGO training-only loci	XGBoost	4	SRR14762245	GSM5364336	0		0.24199995398521423
GSM-LOGO training-only loci	XGBoost	5	SRR14762246	GSM5364337	1		0.25273290276527405
GSM-LOGO training-only loci	XGBoost	5	SRR14762247	GSM5364337	1		0.2865135073661804
GSM-LOGO training-only loci	XGBoost	6	SRR14762248	GSM5364338	1		0.25938206911087036
GSM-LOGO training-only loci	XGBoost	6	SRR14762250	GSM5364338	1		0.2867695093154907
GSM-LOGO training-only loci	XGBoost	7	SRR14762251	GSM5364339	1		0.24066030979156494
GSM-LOGO training-only loci	XGBoost	7	SRR14762252	GSM5364339	1		0.24952051043510437
