description,effective_domain_size,goshv,intersection_size,intersections,name,native,p_value,parents,precision,query,query_size,recall,significant,source,term_size,source_order,group_id
"""The contents of a cell excluding the plasma membrane and nucleus, but including other subcellular structures."" [ISBN:0198547684]",22149,36494,139,"[[], ['IEA'], [], ['IEA'], [], ['IDA', 'HTP', 'ISS', 'IBA', 'TAS', 'IEA'], [], ['IDA', 'TAS', 'IEA'], [], ['IDA', 'IBA', 'TAS', 'IEA'], ['IDA', 'HTP', 'TAS', 'IEA'], ['IDA', 'ISS', 'IBA', 'TAS', 'IEA'], [], ['IDA', 'IEA'], ['IDA', 'IBA', 'TAS', 'NAS', 'IEA'], ['IDA', 'IBA', 'IEA'], [], ['IDA', 'HDA', 'IBA', 'IEA'], ['IDA', 'IBA', 'IEA'], ['IDA', 'HDA', 'IBA', 'TAS', 'IEA'], [], ['IDA', 'IPI', 'IBA', 'TAS', 'NAS', 'IEA'], [], ['IDA', 'TAS', 'IEA'], ['IDA', 'IPI', 'ISS', 'TAS', 'IEA'], ['IDA'], [], ['IDA', 'ISS', 'IBA', 'TAS', 'IEA'], ['HTP', 'IEA'], [], ['IDA', 'IEA'], ['IDA', 'HDA', 'TAS', 'IEA'], ['IDA', 'IBA', 'IEA'], ['IDA', 'TAS', 'IEA'], ['IDA', 'IBA', 'IEA'], ['TAS', 'IEA'], ['IDA', 'IPI', 'TAS', 'IEA'], ['IDA', 'ISS', 'IBA', 'TAS'], ['IDA', 'ISS', 'IBA', 'TAS', 'IEA'], [], [], ['TAS'], ['IDA', 'IPI', 'IBA', 'TAS', 'NAS', 'IEA'], ['IBA', 'IEA'], ['IEA'], ['IEA'], [], ['ISS', 'TAS', 'IEA'], [], ['IEA'], ['IDA', 'IBA', 'IEA'], ['HTP', 'ISS', 'IBA', 'IEA'], ['IEA'], ['ISS', 'TAS', 'IEA'], ['ISS', 'TAS', 'IEA'], [], ['IEA'], ['IDA', 'IBA', 'NAS'], ['IDA', 'IEA'], [], [], [], ['IDA', 'ISS', 'TAS'], [], [], [], [], ['TAS', 'IEA'], ['IBA', 'IEA'], ['IDA', 'IBA', 'TAS', 'IEA'], ['IBA', 'TAS', 'IEA'], ['IDA'], ['IDA', 'IBA', 'TAS', 'IEA'], [], ['IBA', 'IEA'], [], ['IDA', 'HTP', 'IBA', 'TAS', 'IEA'], [], ['IDA', 'IPI', 'IBA', 'TAS', 'NAS', 'IEA'], ['IDA', 'TAS'], ['IDA', 'IMP', 'TAS', 'IEA'], [], ['IDA', 'IBA', 'TAS', 'IEA'], ['IMP', 'HTP', 'IBA', 'TAS', 'IEA'], ['IDA', 'IBA', 'IEA'], ['IDA', 'TAS', 'IEA'], ['IDA', 'NAS'], [], [], ['TAS', 'IEA'], [], ['IDA', 'IBA', 'TAS', 'IEA'], [], ['IDA', 'IBA', 'TAS', 'IEA'], ['IDA', 'IBA', 'TAS', 'IEA'], ['IDA', 'IPI', 'IBA', 'TAS', 'NAS', 'IEA'], ['IDA', 'TAS'], ['IDA', 'HTP', 'IBA', 'TAS', 'IEA'], [], [], [], ['TAS'], ['IDA'], ['IDA', 'IBA', 'TAS', 'IEA'], ['IBA', 'TAS', 'IEA'], [], ['IDA', 'IPI', 'IBA', 'TAS', 'IEA'], ['IDA', 'IEA'], ['IBA', 'TAS', 'IEA'], ['IDA', 'IBA', 'TAS', 'IEA'], ['IDA', 'IEA'], ['IDA', 'HTP', 'IBA', 'IEA'], ['IDA', 'TAS'], [], ['IDA', 'IBA', 'IEA'], ['IDA', 'IBA', 'IEA'], [], ['IDA'], ['IDA', 'IEA'], ['IEA'], ['IDA', 'IBA', 'TAS', 'IEA'], ['IDA', 'IBA', 'TAS', 'IEA'], ['IDA', 'IBA', 'TAS', 'IEA'], ['IDA', 'IBA', 'TAS', 'IEA'], ['ISS', 'TAS', 'IEA'], [], ['IDA', 'IBA', 'TAS', 'IEA'], ['ISS', 'IBA', 'TAS', 'IEA'], [], [], ['IDA', 'ISS', 'IBA', 'TAS', 'IEA'], ['IDA', 'TAS', 'IEA'], ['IDA', 'HTP', 'HDA', 'TAS', 'IEA'], ['IDA', 'IBA', 'IEA'], ['IDA', 'IEA'], [], [], [], [], ['IDA', 'HTP', 'TAS', 'IEA'], ['IBA', 'TAS', 'IEA'], ['IBA', 'TAS'], ['IDA', 'IBA', 'IEA'], ['NAS', 'IEA'], ['IDA'], ['IDA', 'IBA', 'TAS', 'NAS', 'IEA'], [], ['IDA', 'ISS', 'IBA', 'TAS', 'IEA'], [], ['IBA', 'TAS', 'IEA'], ['IDA', 'TAS', 'IEA'], [], ['IDA', 'IEA'], ['IDA'], ['IDA', 'IEA'], [], ['IDA'], ['IDA', 'IBA', 'IEA'], ['IDA', 'TAS', 'IEA'], [], ['IDA', 'IBA', 'TAS', 'IEA'], ['IDA', 'ISS', 'IBA', 'IEA'], [], ['ISS', 'IEA'], ['TAS', 'IEA'], [], ['IDA', 'ISS', 'IBA', 'IEA'], ['TAS'], ['IEA'], ['IBA', 'TAS', 'IEA'], ['IDA', 'IBA', 'TAS', 'IEA'], ['IDA', 'TAS', 'IEA'], ['IDA'], ['TAS'], ['IDA', 'IBA', 'TAS', 'IEA'], [], [], ['IDA', 'IPI', 'ISS', 'IBA', 'TAS', 'IEA'], [], ['IDA', 'ISS', 'TAS', 'IEA'], [], ['IDA', 'HTP', 'ISS', 'TAS', 'NAS', 'IEA'], ['IDA', 'TAS'], ['ISS', 'TAS'], ['IDA', 'HDA', 'IBA', 'TAS', 'IEA'], ['TAS', 'IEA'], ['TAS'], ['IDA', 'TAS'], ['IDA', 'IBA', 'TAS', 'IEA'], ['IDA', 'IEA'], ['IEA'], ['IDA', 'TAS', 'IEA'], [], ['IDA', 'HTP', 'IBA', 'TAS', 'NAS', 'IEA'], ['IDA'], []]",cytoplasm,GO:0005737,1.4721254130290778e-06,"['GO:0005622', 'GO:0110165']",0.7722222222222223,query_1,180,0.011096032569649557,True,GO:CC,12527,304,5
"""Binding to an ion, a charged atoms or groups of atoms."" [GOC:jl]",20246,5224,89,"[['IEA'], [], [], ['IEA'], [], ['IEA'], [], [], [], [], ['IEA'], ['IEA'], [], ['IEA'], ['IEA'], ['IDA', 'IEA'], [], [], [], ['TAS', 'IEA'], [], [], [], [], ['IEA'], ['IEA'], [], [], ['IDA', 'IBA', 'IEA'], ['TAS', 'IEA'], ['IEA'], [], ['IEA'], ['IDA', 'TAS', 'IEA'], [], [], ['IEA'], ['IEA'], [], [], [], [], ['IDA', 'IEA'], [], [], [], [], [], [], ['IEA'], ['IBA', 'IEA'], ['IEA'], [], ['ISS', 'IBA', 'TAS', 'IEA'], ['IEA'], ['IEA'], ['IEA'], [], [], [], [], [], ['IEA'], [], [], ['IEA'], [], [], [], ['IEA'], [], [], [], [], [], ['IEA'], [], [], [], ['EXP', 'IDA', 'IBA', 'TAS', 'IEA'], ['IEA'], ['IEA'], ['TAS', 'IEA'], ['IEA'], [], ['IEA'], [], [], [], ['IEA'], [], [], [], ['IEA'], [], [], ['IEA'], ['TAS', 'IEA'], ['IEA'], [], [], ['IEA'], ['IDA', 'IEA'], ['IDA', 'IBA', 'IEA'], [], [], [], [], ['IEA'], ['IDA', 'IBA', 'TAS', 'IEA'], [], ['IDA', 'IEA'], ['IEA'], ['IEA'], [], [], [], ['IEA'], ['IEA'], [], ['IDA', 'IEA'], ['IDA', 'IMP', 'IEA'], ['IDA', 'IEA'], ['IEA'], [], [], ['IEA'], [], [], [], ['IEA'], [], [], ['IDA', 'IEA'], ['IDA', 'IEA'], [], [], ['IEA'], ['IEA'], [], ['IEA'], [], [], [], ['IEA'], ['IDA', 'TAS', 'NAS', 'IEA'], ['IEA'], ['IEA'], ['IEA'], ['IMP', 'TAS', 'IEA'], ['IEA'], [], ['TAS', 'IEA'], ['IEA'], ['IEA'], [], ['NAS', 'IEA'], [], [], [], [], ['IEA'], [], ['IEA'], ['IEA'], ['IEA'], [], ['IDA', 'IBA', 'TAS', 'IEA'], [], ['IDA', 'IEA'], ['IDA', 'IBA'], [], [], [], ['IDA', 'IEA'], ['IDA', 'IBA', 'IEA'], [], ['IEA'], [], [], [], ['IBA', 'IEA'], [], [], [], [], ['IEA'], [], ['IBA', 'IEA'], ['IEA'], [], ['IMP', 'IEA'], ['IEA'], [], [], []]",ion binding,GO:0043167,8.525237322270936e-06,['GO:0036094'],0.5235294117647059,query_1,170,0.013956405833464011,True,GO:MF,6377,5224,1
"""The part of the cytoplasm that does not contain organelles but which does contain other particulate matter, such as protein complexes."" [GOC:hjd, GOC:jl]",22149,36557,78,"[[], [], [], [], [], [], [], [], [], [], [], ['TAS'], [], ['IDA'], ['TAS'], ['IDA'], [], [], [], ['IDA', 'HDA', 'TAS'], [], ['IDA', 'IEA'], [], [], ['TAS', 'IEA'], ['IDA'], [], [], [], [], [], ['IDA', 'TAS'], [], ['IDA', 'TAS', 'IEA'], [], ['TAS'], ['TAS'], ['IDA', 'TAS'], ['IDA', 'TAS'], [], [], [], ['IDA', 'IPI', 'IBA', 'TAS', 'IEA'], [], [], [], [], ['TAS'], [], [], ['IDA', 'IBA', 'IEA'], [], [], ['ISS', 'TAS', 'IEA'], [], [], [], ['IDA'], [], [], [], [], ['IDA', 'TAS'], [], [], [], [], ['TAS'], [], ['IDA', 'TAS'], [], ['IDA'], ['TAS'], [], ['IBA'], [], [], [], ['IDA', 'TAS'], ['TAS'], ['IDA', 'TAS'], [], ['IDA'], [], [], [], ['IDA', 'NAS'], [], [], ['TAS'], [], ['TAS'], [], ['IDA', 'IBA', 'TAS'], ['TAS'], [], ['IDA'], ['IDA'], [], [], [], [], ['IDA'], ['IDA'], ['TAS'], [], ['IDA', 'IPI', 'IBA', 'TAS'], [], [], ['TAS'], [], ['IDA'], ['IDA'], [], [], [], [], [], ['IDA'], [], ['TAS'], ['TAS'], ['TAS'], ['IDA', 'TAS', 'IEA'], ['TAS'], [], ['IDA', 'TAS'], ['ISS', 'TAS'], [], [], ['IDA', 'IBA', 'TAS', 'IEA'], ['TAS', 'IEA'], [], ['IDA', 'IEA'], ['IDA'], [], [], [], [], [], [], ['TAS'], ['IDA', 'IEA'], [], ['IDA'], [], [], ['IBA', 'TAS', 'IEA'], [], [], ['TAS'], [], ['IDA'], ['IDA'], [], [], [], ['IDA', 'IBA'], ['IDA', 'TAS'], [], ['IDA', 'IBA', 'TAS', 'IEA'], ['IDA', 'ISS'], [], [], [], [], ['IDA'], ['TAS'], [], ['TAS'], ['IDA', 'IBA', 'TAS', 'IEA'], [], ['IDA'], [], [], [], [], ['IDA', 'IBA', 'TAS'], [], ['IDA', 'TAS'], [], [], [], [], [], ['TAS'], ['TAS'], [], ['IBA', 'TAS', 'IEA'], ['IDA'], [], ['IDA', 'TAS'], [], [], [], []]",cytosol,GO:0005829,1.605518299167463e-05,"['GO:0005737', 'GO:0110165']",0.43333333333333335,query_1,180,0.014094687387061799,True,GO:CC,5534,367,5
"""Binding to a small molecule, any low molecular weight, monomeric, non-encoded molecule."" [GOC:curators, GOC:pde, GOC:pm]",20246,4911,90,"[['IEA'], [], [], ['IEA'], [], ['IEA'], [], [], [], [], ['IEA'], ['IEA'], [], ['IEA'], ['IEA'], ['IDA', 'IEA'], [], [], [], ['TAS', 'IEA'], [], [], [], [], ['IEA'], ['IEA'], [], [], ['IDA', 'IBA', 'IEA'], ['TAS', 'IEA'], ['IEA'], [], ['IEA'], ['IDA', 'TAS', 'IEA'], [], [], ['IEA'], ['IEA'], [], [], [], [], ['IDA', 'IEA'], [], [], [], [], [], [], ['IEA'], ['IBA', 'IEA'], ['IEA'], [], ['ISS', 'IBA', 'TAS', 'IEA'], ['IEA'], ['IEA'], ['IEA'], [], [], [], [], [], ['IEA'], [], [], ['IEA'], [], [], [], ['IEA'], [], [], [], [], [], ['IEA'], [], [], [], ['EXP', 'IDA', 'IBA', 'TAS', 'IEA'], ['IEA'], ['IEA'], ['TAS', 'IEA'], ['IEA'], [], ['IEA'], [], [], [], ['IEA'], [], [], [], ['IEA'], [], [], ['IEA'], ['TAS', 'IEA'], ['IEA'], [], [], ['IEA'], ['IDA', 'IEA'], ['IDA', 'IBA', 'IEA'], [], [], [], [], ['IEA'], ['IDA', 'IBA', 'TAS', 'IEA'], [], ['IDA', 'IEA'], ['IEA'], ['IEA'], [], [], [], ['IEA'], ['IEA'], [], ['IDA', 'IEA'], ['IDA', 'IMP', 'IEA'], ['IDA', 'IEA'], ['IEA'], [], [], ['IEA'], [], [], [], ['IEA'], [], [], ['IDA', 'IEA'], ['IDA', 'IEA'], [], [], ['IEA'], ['IEA'], [], ['IEA'], [], [], [], ['IEA'], ['IDA', 'TAS', 'NAS', 'IEA'], ['IEA'], ['IEA'], ['IEA'], ['IMP', 'TAS', 'IEA'], ['IEA'], [], ['TAS', 'IEA'], ['IEA'], ['IEA'], [], ['NAS', 'IEA'], [], [], [], [], ['IEA'], [], ['IEA'], ['IEA'], ['IEA'], [], ['IDA', 'IBA', 'TAS', 'IEA'], [], ['IDA', 'IEA'], ['IDA', 'IBA'], ['IBA'], [], [], ['IDA', 'IEA'], ['IDA', 'IBA', 'IEA'], [], ['IEA'], [], [], [], ['IBA', 'IEA'], [], [], [], [], ['IEA'], [], ['IBA', 'IEA'], ['IEA'], [], ['IMP', 'IEA'], ['IEA'], [], [], []]",small molecule binding,GO:0036094,1.8184294125375064e-05,['GO:0005488'],0.5294117647058824,query_1,170,0.013684050478941766,True,GO:MF,6577,4911,1
"""Any process that increases the rate, frequency or extent of the chemical reactions and pathways resulting in the formation of a macromolecule, any molecule of high relative molecular mass, the structure of which essentially comprises the multiple repetition of units derived, actually or conceptually, from molecules of low relative molecular mass."" [GOC:dph, GOC:tb]",21026,14347,49,"[[], [], [], ['IMP', 'IBA'], [], [], [], [], [], [], [], ['IMP', 'ISS', 'IEA'], [], [], [], [], [], [], [], [], ['IDA', 'IEA'], [], [], [], [], [], [], [], [], [], ['IDA', 'IMP'], [], [], [], [], ['IDA'], ['IDA', 'IMP', 'ISS', 'IBA', 'IEA'], [], [], [], [], [], ['IDA', 'ISS'], [], ['IEA'], [], [], ['IGI'], [], [], [], [], [], [], [], [], [], [], [], [], [], [], [], [], ['IDA', 'IGI', 'IBA', 'IEA'], [], [], [], [], [], ['IMP'], ['IBA', 'NAS'], [], [], [], ['IDA', 'IMP', 'IBA', 'TAS'], [], [], ['IPI'], [], [], [], [], [], [], [], [], [], [], [], [], [], [], [], [], [], ['IDA', 'IBA'], [], ['ISS'], [], [], ['IDA', 'TAS'], ['IDA', 'IEA'], [], [], [], ['IDA', 'TAS'], ['IDA'], [], [], [], [], ['IDA', 'IMP'], [], [], [], [], [], ['IDA', 'IBA'], ['ISS', 'IEA'], [], [], [], ['IDA', 'IMP', 'IEA'], ['IDA', 'IMP', 'ISS', 'IEA'], [], ['ISS', 'IEA'], ['ISS'], [], [], ['IDA', 'IMP'], ['IMP', 'ISS', 'IEA'], [], [], ['IDA', 'IMP', 'ISS', 'IBA', 'IEA'], [], [], [], [], ['IDA', 'IMP', 'ISS'], [], [], [], [], ['IDA', 'IMP', 'IBA', 'IC', 'IEA'], ['IMP'], [], ['IMP', 'ISS'], [], ['IDA'], [], [], [], ['IBA'], [], ['IMP'], ['IDA'], [], [], [], ['IDA'], [], [], ['IEA'], [], [], [], [], ['IEA'], [], [], [], [], [], [], ['IDA', 'ISS', 'IEA'], [], ['IEA'], [], [], [], [], ['IDA'], [], [], ['ISS'], ['IMP', 'ISS', 'IEA'], [], [], [], ['NAS'], ['IDA', 'IMP', 'ISS', 'TAS', 'IEA'], [], [], ['IMP', 'IBA'], []]",positive regulation of macromolecule biosynthetic process,GO:0010557,5.086917047351678e-05,"['GO:0009059', 'GO:0009891', 'GO:0010556', 'GO:0010604']",0.2768361581920904,query_1,177,0.018897030466640957,True,GO:BP,2593,4193,10
"""Binding to an enzyme, a protein with catalytic activity."" [GOC:jl]",20246,3492,42,"[[], [], [], [], [], [], [], [], [], ['IDA', 'IBA'], [], [], [], [], [], [], [], [], ['IPI'], [], [], [], [], [], ['IBA', 'IEA'], [], [], [], [], ['IPI'], ['IPI'], [], [], ['IPI'], [], [], ['IPI'], ['IPI'], [], [], [], [], ['IPI'], [], [], [], [], ['IPI', 'ISS', 'IEA'], [], ['IPI'], [], [], [], ['IEA'], ['ISS', 'IEA'], [], ['IEA'], [], ['IPI', 'IEA'], [], [], [], [], [], [], [], [], [], [], [], [], [], [], ['IPI'], ['IBA'], [], ['IPI'], [], [], ['IEA'], [], [], ['IDA'], [], [], [], ['IPI'], [], [], ['IBA'], [], ['IPI'], [], [], ['IPI', 'IBA'], [], ['IEA'], [], [], [], [], [], [], [], [], [], [], [], [], ['IBA', 'IEA'], [], [], [], [], [], [], [], ['NAS'], [], [], ['IPI', 'IBA'], [], [], ['IDA'], [], [], [], [], [], [], [], ['IPI'], [], ['IPI'], ['IDA', 'ISS', 'IEA'], [], [], [], [], ['IPI'], [], [], [], [], [], [], ['IPI', 'IBA'], ['IPI'], [], [], ['IEA'], [], ['IBA'], [], ['IPI'], [], [], [], [], [], [], [], [], [], [], [], [], [], [], [], [], [], [], [], [], ['IPI'], [], ['IPI', 'IEA'], [], [], [], [], ['IPI'], [], [], [], ['IEA'], [], [], [], [], [], [], [], [], []]",enzyme binding,GO:0019899,5.089006616222889e-05,['GO:0005515'],0.24705882352941178,query_1,170,0.019933554817275746,True,GO:MF,2107,3492,1
"""Any process that increases the frequency, rate or extent of the chemical reactions and pathways involving macromolecules, any molecule of high relative molecular mass, the structure of which essentially comprises the multiple repetition of units derived, actually or conceptually, from molecules of low relative molecular mass."" [GOC:dph, GOC:tb]",21026,14388,57,"[[], [], [], ['IMP', 'IBA'], [], [], [], [], [], [], [], ['IMP', 'ISS', 'IEA'], [], [], [], [], [], [], [], [], ['IDA', 'IEA'], [], [], [], [], [], [], [], [], [], ['IDA', 'IMP'], [], [], [], [], ['IDA'], ['IDA', 'IMP', 'ISS', 'IBA', 'IEA'], [], [], [], [], [], ['IDA', 'ISS'], [], ['IEA'], [], [], ['IGI'], [], [], [], [], [], [], ['ISS', 'IEA'], ['IMP'], [], [], [], [], [], [], [], [], ['IDA', 'IGI', 'IBA', 'IEA'], [], [], [], [], [], ['IMP'], ['IBA', 'NAS'], ['IMP'], [], [], ['IDA', 'IMP', 'IBA', 'TAS', 'NAS'], [], [], ['IPI'], [], [], [], [], [], [], [], ['IMP'], [], [], [], [], [], [], [], [], [], ['IDA', 'IBA'], [], ['ISS'], [], [], ['IDA', 'TAS'], ['IDA', 'IEA'], [], [], [], ['IDA', 'ISS', 'TAS'], ['IDA'], [], [], [], [], ['IDA', 'IMP'], [], [], [], [], ['NAS'], ['IDA', 'IBA'], ['IDA', 'ISS', 'IEA'], [], [], [], ['IDA', 'IMP', 'ISS', 'IEA'], ['IDA', 'IMP', 'ISS', 'IEA'], [], ['ISS', 'IEA'], ['ISS'], [], [], ['IDA', 'IMP'], ['IMP', 'ISS', 'IEA'], [], ['IDA'], ['IDA', 'IMP', 'ISS', 'IBA', 'IEA'], [], [], [], [], ['IDA', 'IMP', 'ISS'], [], [], [], [], ['IDA', 'IMP', 'IBA', 'IC', 'IEA'], ['IDA', 'IMP'], [], ['IDA', 'IMP', 'ISS', 'IBA', 'IC'], [], ['IDA'], [], [], ['IEA'], ['IBA'], [], ['IDA', 'IMP'], ['IDA'], [], [], [], ['IDA'], [], [], ['IEA'], [], [], [], [], ['IEA'], [], [], [], [], [], [], ['IDA', 'IMP', 'ISS', 'IEA'], [], ['IDA', 'IEA'], [], [], [], [], ['IDA'], [], [], ['ISS'], ['IDA', 'IMP', 'ISS', 'IEA'], [], [], [], ['NAS'], ['IDA', 'IMP', 'ISS', 'TAS', 'IEA'], ['ISS'], [], ['IMP', 'IBA'], []]",positive regulation of macromolecule metabolic process,GO:0010604,5.28886219877628e-05,"['GO:0009893', 'GO:0043170', 'GO:0060255']",0.3220338983050847,query_1,177,0.017335766423357664,True,GO:BP,3288,4234,10
"""Any process that activates or increases the frequency, rate or extent of the chemical reactions and pathways resulting in the formation of substances."" [GOC:go_curators]",21026,13890,50,"[[], [], [], ['IMP', 'IBA'], [], [], [], [], [], [], [], ['IMP', 'ISS', 'IEA'], [], [], [], [], [], [], [], [], ['IDA', 'IEA'], [], [], [], [], [], [], [], [], [], ['IDA', 'IMP'], [], [], [], [], ['IDA'], ['IDA', 'IMP', 'ISS', 'IBA', 'IEA'], [], [], [], [], [], ['IDA', 'ISS'], [], ['IEA'], [], [], ['IGI'], [], [], [], [], [], [], [], [], [], [], [], [], [], [], [], [], ['IDA', 'IGI', 'IBA', 'IEA'], [], [], [], [], [], ['IMP'], ['IBA', 'NAS'], [], [], [], ['IDA', 'IMP', 'IBA', 'TAS'], [], [], ['IPI'], [], [], [], [], [], [], [], [], [], [], [], [], [], [], [], [], [], ['IDA', 'IBA'], [], ['ISS'], [], [], ['IDA', 'TAS'], ['IDA', 'IEA'], [], [], [], ['IDA', 'TAS'], ['IDA'], [], [], [], [], ['IDA', 'IMP'], [], [], [], [], [], ['IDA', 'IBA'], ['ISS', 'IEA'], [], [], [], ['IDA', 'IMP', 'IEA'], ['IDA', 'IMP', 'ISS', 'IEA'], [], ['ISS', 'IEA'], ['ISS'], [], [], ['IDA', 'IMP'], ['IMP', 'ISS', 'IEA'], [], [], ['IDA', 'IMP', 'ISS', 'IBA', 'IEA'], [], [], [], [], ['IDA', 'IMP', 'ISS'], [], [], [], [], ['IDA', 'IMP', 'IBA', 'IC', 'IEA'], ['IMP'], [], ['IMP', 'ISS'], [], ['IDA'], [], [], [], ['IBA'], [], ['IMP'], ['IDA'], [], [], [], ['IDA'], [], [], ['ISS', 'IEA'], [], [], [], [], ['IEA'], [], [], [], [], [], [], ['IDA', 'ISS', 'IEA'], [], ['IEA'], [], [], [], [], ['IDA'], [], ['ISS', 'IEA'], ['ISS'], ['IMP', 'ISS', 'IEA'], [], [], [], ['NAS'], ['IDA', 'IMP', 'ISS', 'TAS', 'IEA'], [], [], ['IMP', 'IBA'], []]",positive regulation of biosynthetic process,GO:0009891,6.387783948868657e-05,"['GO:0009058', 'GO:0009889', 'GO:0009893']",0.2824858757062147,query_1,177,0.018545994065281898,True,GO:BP,2696,3736,10
"""Organized structure of distinctive morphology and function, bounded by a single or double lipid bilayer membrane. Includes the nucleus, mitochondria, plastids, vacuoles, and vesicles. Excludes the plasma membrane."" [GOC:go_curators]",22149,38031,157,"[[], ['IEA'], ['HDA'], ['IDA', 'TAS', 'IEA'], ['HDA'], ['IDA', 'HTP', 'ISS', 'IBA', 'TAS', 'IEA'], [], ['IDA', 'HDA', 'TAS', 'IEA'], ['IEA'], ['IDA', 'IBA', 'TAS', 'IEA'], ['IDA', 'HTP', 'TAS', 'IEA'], ['IDA', 'IBA', 'TAS', 'IEA'], ['IEA'], ['IEA'], ['HDA'], ['IDA', 'IBA', 'IEA'], ['IEA'], ['IDA', 'HDA', 'IBA', 'IEA'], ['IDA', 'TAS', 'IEA'], ['IDA', 'IBA', 'IEA'], ['IDA', 'IBA', 'NAS', 'IEA'], ['IDA', 'IPI', 'IBA', 'TAS', 'NAS', 'IEA'], [], ['IDA', 'HDA', 'TAS', 'IEA'], ['IDA', 'IPI', 'HDA', 'ISS', 'IBA', 'TAS', 'IEA'], ['IDA', 'IBA', 'IEA'], ['HDA'], ['IDA', 'ISS', 'IBA', 'TAS', 'IEA'], ['HTP', 'IEA'], ['IDA', 'TAS', 'NAS', 'IEA'], ['IDA', 'IMP', 'IBA', 'TAS', 'IEA'], ['HDA', 'IEA'], ['IDA', 'IEA'], ['IEA'], ['IDA', 'IBA', 'IEA'], ['IDA', 'HDA', 'IEA'], ['IDA', 'IPI', 'ISS', 'IBA', 'TAS', 'NAS', 'IEA'], ['IDA', 'HDA', 'ISS'], ['HDA', 'IEA'], [], [], ['HDA', 'TAS'], ['IDA', 'NAS', 'IEA'], [], [], [], [], ['IEA'], [], ['HDA', 'IEA'], ['IDA', 'IEA'], ['HTP', 'IBA'], ['TAS', 'IEA'], [], ['IDA', 'HDA', 'ISS', 'TAS', 'IEA'], ['IDA', 'IBA', 'IEA'], ['IDA', 'IBA', 'IEA'], ['IBA', 'IEA'], ['IDA', 'HDA', 'IEA'], [], [], ['IDA', 'HDA', 'IBA', 'IEA'], ['IDA', 'ISS'], [], ['IBA', 'IC', 'IEA'], ['ISS', 'IEA'], [], ['IEA'], ['IDA', 'IBA', 'IEA'], ['IDA', 'HDA', 'IEA'], ['IDA', 'IBA', 'TAS', 'IEA'], ['IDA', 'IBA', 'TAS', 'NAS', 'IEA'], ['IDA', 'IBA', 'IEA'], ['IDA', 'HDA', 'IBA', 'IEA'], [], ['IDA', 'ISS', 'IBA', 'TAS', 'NAS', 'IEA'], ['IDA', 'HTP', 'IBA', 'TAS', 'IEA'], ['IEA'], ['IDA', 'HDA', 'IBA', 'NAS', 'IEA'], [], ['IDA', 'IMP'], ['IEA'], ['IDA', 'HDA', 'IBA', 'TAS', 'IEA'], ['IMP', 'HTP', 'IBA', 'TAS', 'IEA'], ['IDA', 'IBA', 'IEA'], ['IDA', 'TAS', 'IEA'], ['IDA', 'HDA'], [], [], ['HDA', 'IBA', 'TAS', 'IEA'], [], ['HDA', 'TAS'], [], ['IDA'], ['IDA', 'IBA', 'TAS', 'IEA'], ['IDA', 'IPI', 'IBA', 'TAS', 'NAS', 'IEA'], ['IDA', 'ISS', 'IBA', 'TAS', 'IEA'], ['IDA', 'HTP', 'IBA', 'TAS', 'IEA'], ['ISS', 'IBA', 'IEA'], [], ['IEA'], ['IDA', 'HDA', 'IBA', 'TAS', 'IEA'], ['IDA', 'ISS', 'IBA', 'TAS', 'IEA'], ['IDA', 'IBA', 'TAS', 'IEA'], ['IBA'], [], ['IDA', 'HDA', 'IBA', 'IEA'], ['EXP', 'IDA', 'IPI', 'ISS', 'IBA', 'TAS', 'IEA'], ['IBA', 'TAS', 'IEA'], ['IDA', 'IBA', 'IEA'], ['IBA', 'TAS', 'IEA'], ['IDA', 'HTP', 'IBA', 'IEA'], ['TAS'], ['IBA', 'IEA'], ['IDA', 'IEA'], ['IDA', 'IEA'], ['HDA'], ['IDA', 'IPI', 'IMP', 'IBA', 'TAS', 'NAS', 'IEA'], ['IBA', 'IEA'], ['IDA', 'IBA', 'TAS', 'IEA'], ['IDA', 'IBA', 'IEA'], ['IDA', 'HDA', 'IBA', 'TAS', 'IEA'], ['IDA', 'IBA', 'IEA'], ['IDA', 'IBA', 'TAS', 'IC', 'IEA'], ['IBA', 'TAS', 'IC', 'IEA'], [], ['IBA', 'TAS', 'IEA'], ['IDA', 'IBA', 'IEA'], [], [], ['TAS', 'IEA'], ['IDA', 'HDA'], ['IDA', 'HTP', 'HDA', 'TAS', 'IEA'], ['IDA', 'IEA'], ['IDA', 'IBA', 'TAS', 'IEA'], [], [], [], ['IBA'], ['IDA', 'HTP', 'TAS', 'IEA'], ['HDA', 'IBA', 'TAS', 'IEA'], [], ['IEA'], ['TAS', 'NAS'], ['IDA', 'TAS', 'IEA'], ['IDA', 'IBA', 'TAS', 'NAS', 'IEA'], [], ['IDA', 'ISS', 'IBA', 'TAS', 'IEA'], ['IDA', 'IEA'], ['HDA', 'IBA', 'TAS', 'IEA'], ['IEA'], [], ['IDA'], ['IDA', 'IPI', 'IBA', 'TAS', 'IEA'], ['IDA'], ['IEA'], ['IDA', 'IBA', 'NAS', 'IEA'], [], ['IDA', 'IEA'], [], ['IDA', 'IEA'], ['IDA', 'HDA', 'IEA'], [], ['IDA', 'ISS', 'IBA', 'IEA'], ['HDA', 'TAS', 'IEA'], ['ISS', 'IBA', 'IEA'], ['IDA', 'ISS', 'IBA', 'IEA'], [], ['TAS', 'NAS', 'IEA'], ['HDA'], ['HDA'], ['IDA', 'TAS', 'IEA'], ['IDA', 'IBA', 'TAS', 'IEA'], ['TAS'], ['IDA', 'IBA', 'TAS', 'IEA'], ['IDA', 'TAS', 'IEA'], [], ['IPI', 'IBA', 'TAS', 'IEA'], ['IDA', 'IBA', 'IEA'], ['IDA', 'IBA', 'IEA'], [], ['IDA', 'HTP', 'ISS', 'TAS', 'NAS', 'IEA'], ['IDA', 'HDA', 'TAS'], ['HDA', 'TAS'], ['IDA', 'HDA', 'TAS'], ['IDA', 'ISS', 'IBA', 'IEA'], ['IDA', 'IPI', 'IBA', 'TAS', 'IEA'], ['IDA', 'TAS'], ['HDA'], ['IDA', 'IEA'], ['IDA', 'IPI', 'IBA', 'TAS', 'IEA'], ['IDA', 'IPI', 'IBA', 'TAS', 'NAS', 'IEA'], ['IBA'], ['IDA', 'HTP', 'IBA', 'TAS', 'NAS', 'IEA'], ['IDA', 'IBA', 'TAS', 'IEA'], []]",membrane-bounded organelle,GO:0043227,7.505801077520287e-05,['GO:0043226'],0.8722222222222222,query_1,180,0.009949302915082383,True,GO:CC,15780,1841,3
Binding and Uptake of Ligands by Scavenger Receptors,11004,41008,10,"[[], [], ['REAC'], [], ['REAC'], [], [], [], [], [], [], [], [], [], [], [], [], [], [], [], [], [], ['REAC'], [], [], [], ['REAC'], [], [], [], [], [], [], [], [], [], [], [], [], [], ['REAC'], ['REAC'], [], [], [], [], [], [], [], [], [], [], [], [], [], [], [], [], [], [], ['REAC'], [], [], [], [], [], [], [], [], [], [], [], [], [], [], [], [], [], [], [], [], [], ['REAC'], [], [], [], [], [], [], [], [], [], [], [], [], [], [], [], [], [], [], [], [], [], [], [], [], [], [], [], [], [], [], [], [], [], ['REAC'], [], [], [], [], [], [], [], [], [], [], [], [], [], [], [], [], [], [], [], [], [], [], [], [], [], [], [], [], [], [], [], [], [], [], [], [], [], [], [], [], [], [], [], [], [], [], [], [], [], [], [], [], [], [], [], [], ['REAC'], [], [], [], [], [], [], [], [], [], [], [], [], [], [], [], [], [], [], [], [], [], []]",Binding and Uptake of Ligands by Scavenger Receptors,REAC:R-HSA-2173782,7.694309689491163e-05,['REAC:R-HSA-5653656'],0.07692307692307693,query_1,130,0.10309278350515463,True,REAC,97,225,33
"""Any process that activates or increases the frequency, rate or extent of the chemical reactions and pathways within a cell or an organism."" [GOC:go_curators]",21026,13892,60,"[[], [], [], ['IMP', 'IBA'], [], [], [], [], [], [], [], ['IMP', 'ISS', 'IEA'], [], [], [], [], [], [], [], [], ['IDA', 'IEA'], [], [], [], [], [], [], [], [], [], ['IDA', 'IMP'], [], [], [], [], ['IDA'], ['IDA', 'IMP', 'ISS', 'IBA', 'IEA'], [], [], [], [], [], ['IDA', 'ISS'], [], ['IEA'], [], [], ['IGI'], [], [], [], [], [], [], ['ISS', 'IEA'], ['IMP'], [], [], [], [], [], [], [], [], ['IDA', 'IGI', 'IBA', 'IEA'], [], [], [], [], [], ['IMP'], ['IBA', 'NAS'], ['IMP'], [], [], ['IDA', 'IMP', 'IBA', 'TAS', 'NAS'], [], [], ['IPI'], [], [], [], [], [], [], [], ['IMP'], [], [], [], [], [], [], [], [], [], ['IDA', 'IBA'], [], ['ISS'], [], [], ['IDA', 'TAS'], ['IDA', 'IEA'], [], [], [], ['IDA', 'ISS', 'TAS'], ['IDA'], [], [], [], [], ['IDA', 'IMP'], [], [], [], [], ['NAS'], ['IDA', 'IBA'], ['IDA', 'ISS', 'IEA'], [], [], [], ['IDA', 'IMP', 'ISS', 'IEA'], ['IDA', 'IMP', 'ISS', 'IEA'], [], ['ISS', 'IEA'], ['ISS'], [], [], ['IDA', 'IMP'], ['IMP', 'ISS', 'IEA'], [], ['IDA'], ['IDA', 'IMP', 'ISS', 'IBA', 'IEA'], [], [], [], [], ['IDA', 'IMP', 'ISS'], [], [], [], [], ['IDA', 'IMP', 'IBA', 'IC', 'IEA'], ['IDA', 'IMP'], [], ['IDA', 'IMP', 'ISS', 'IBA', 'IC'], [], ['IDA'], [], [], ['IEA'], ['IBA'], [], ['IDA', 'IMP'], ['IDA'], [], [], [], ['IDA'], ['ISS'], [], ['ISS', 'IEA'], [], [], [], [], ['IEA'], [], ['IDA'], [], [], [], [], ['IDA', 'IMP', 'ISS', 'IEA'], [], ['IDA', 'IEA'], [], [], [], [], ['IDA'], [], ['ISS', 'IEA'], ['ISS'], ['IDA', 'IMP', 'ISS', 'IEA'], [], [], [], ['NAS'], ['IDA', 'IMP', 'ISS', 'TAS', 'IEA'], ['ISS'], [], ['IMP', 'IBA'], []]",positive regulation of metabolic process,GO:0009893,7.952889813641557e-05,"['GO:0008152', 'GO:0019222', 'GO:0048522']",0.3389830508474576,query_1,177,0.016680567139282735,True,GO:BP,3597,3738,10
"""Binding to an anion, a charged atom or group of atoms with a net negative charge."" [GOC:jl]",20246,5225,48,"[[], [], [], [], [], ['IEA'], [], [], [], [], [], ['IEA'], [], [], ['IEA'], ['IDA', 'IEA'], [], [], [], ['TAS', 'IEA'], [], [], [], [], [], ['IEA'], [], [], [], [], [], [], [], ['IDA', 'TAS', 'IEA'], [], [], [], ['IEA'], [], [], [], [], ['IDA', 'IEA'], [], [], [], [], [], [], [], ['IBA', 'IEA'], ['IEA'], [], ['ISS', 'IBA', 'TAS', 'IEA'], ['IEA'], ['IEA'], ['IEA'], [], [], [], [], [], ['IEA'], [], [], [], [], [], [], [], [], [], [], [], [], ['IEA'], [], [], [], ['EXP', 'IDA', 'IBA', 'TAS', 'IEA'], ['IEA'], [], ['IEA'], ['IEA'], [], [], [], [], [], ['IEA'], [], [], [], [], [], [], ['IEA'], ['TAS', 'IEA'], [], [], [], [], [], [], [], [], [], [], ['IEA'], ['IDA', 'IBA', 'TAS', 'IEA'], [], [], [], [], [], [], [], [], [], [], [], ['IDA', 'IMP', 'IEA'], [], [], [], [], ['IEA'], [], [], [], ['IEA'], [], [], ['IDA', 'IEA'], ['IDA', 'IEA'], [], [], [], [], [], ['IEA'], [], [], [], ['IEA'], [], [], ['IEA'], ['IEA'], [], ['IEA'], [], [], [], ['IEA'], [], [], [], [], [], [], ['IEA'], [], [], [], ['IEA'], [], ['IDA', 'IBA', 'TAS', 'IEA'], [], ['IDA', 'IEA'], ['IDA', 'IBA'], [], [], [], [], ['IDA', 'IBA', 'IEA'], [], ['IEA'], [], [], [], ['IBA', 'IEA'], [], [], [], [], ['IEA'], [], ['IBA', 'IEA'], [], [], ['IMP'], [], [], [], []]",anion binding,GO:0043168,0.0001288790824079863,['GO:0043167'],0.2823529411764706,query_1,170,0.017877094972067038,True,GO:MF,2685,5225,1
"""The selective, non-covalent, often stoichiometric, interaction of a molecule with one or more specific sites on another molecule."" [GOC:ceb, GOC:mah, ISBN:0198506732]",20246,1450,170,"[['IPI', 'IEA'], [], ['NAS'], ['IDA', 'IPI', 'IBA', 'IEA'], ['NAS'], ['IPI', 'TAS', 'IEA'], [], ['IDA', 'IPI', 'IBA'], [], ['IDA', 'IPI', 'IBA', 'IEA'], ['IPI', 'IEA'], ['IDA', 'IPI', 'IEA'], [], ['IPI', 'IEA'], ['IPI', 'NAS', 'IEA'], ['IDA', 'IBA', 'IEA'], [], ['IDA', 'IPI'], ['IPI'], ['IPI', 'IBA', 'TAS', 'IEA'], ['IDA', 'IPI', 'IBA', 'IEA'], ['IPI'], ['NAS'], ['IDA', 'IPI'], ['IPI', 'IBA', 'IEA'], ['IPI', 'HDA', 'IEA'], ['NAS'], ['IPI'], ['IDA', 'IBA', 'IEA'], ['IPI', 'TAS', 'IEA'], ['IPI', 'IEA'], ['IPI', 'HDA', 'NAS', 'IEA'], ['IDA', 'IPI', 'HDA', 'NAS', 'IEA'], ['IDA', 'IPI', 'TAS', 'IEA'], ['IPI'], ['IPI', 'TAS', 'IEA'], ['IDA', 'IPI', 'ISS', 'IBA', 'IC', 'IEA'], ['IPI', 'HDA', 'IBA', 'IEA'], ['IPI', 'HDA', 'IBA', 'IEA'], [], ['NAS'], ['IPI'], ['IDA', 'IPI', 'IEA'], ['IPI'], [], ['IPI', 'IEA'], [], ['IPI', 'ISS', 'IBA', 'IEA'], [], ['IPI', 'IMP', 'IBA', 'TAS', 'IEA'], ['IPI', 'IBA', 'IEA'], ['IEA'], ['IPI'], ['IPI', 'ISS', 'IBA', 'TAS', 'IEA'], ['IPI', 'ISS', 'IEA'], ['IPI', 'ISS', 'IEA'], ['IPI', 'IEA'], ['IPI', 'IEA'], ['IDA', 'IPI', 'HDA', 'ISS', 'IEA'], [], ['NAS'], ['IBA', 'IEA'], ['IDA', 'IPI', 'IBA', 'IEA'], [], ['IPI', 'HDA', 'IEA'], ['ISS', 'IBA', 'IEA'], [], ['IPI', 'IEA'], ['IPI', 'IMP', 'IBA', 'IEA'], ['IDA', 'IPI', 'IBA', 'IEA'], ['IDA', 'IBA'], ['IDA', 'IPI', 'IBA', 'IEA'], ['IDA', 'IPI', 'IBA', 'TAS', 'IEA'], ['IPI'], ['IPI', 'IBA', 'IEA'], ['IDA', 'IPI', 'IBA', 'IEA'], ['IDA', 'IPI', 'HDA', 'IBA', 'TAS', 'NAS', 'IEA'], [], ['IPI', 'HDA'], ['EXP', 'IDA', 'IPI', 'IBA', 'TAS', 'IEA'], ['IPI', 'IEA'], ['IBA', 'IEA'], ['IDA', 'IPI', 'IBA', 'TAS', 'IEA'], ['IPI', 'HDA', 'IEA'], ['IPI'], ['IEA'], ['IDA', 'IPI', 'IEA'], [], ['IPI'], ['IPI', 'IBA', 'IEA'], [], ['IPI'], ['IDA', 'IPI', 'IEA'], ['IPI', 'IEA'], ['IDA', 'IPI', 'IBA', 'IEA'], ['IPI'], ['IPI', 'HDA', 'IBA', 'IEA'], ['IDA', 'IPI', 'IBA', 'TAS', 'IEA'], ['IPI', 'ISS', 'IBA', 'IEA'], [], [], ['IDA', 'IMP', 'IBA', 'IEA'], ['IDA', 'IPI', 'IBA', 'IEA'], ['IDA', 'IPI', 'HDA', 'IBA', 'IEA'], ['IPI'], ['IPI'], ['EXP', 'IDA', 'IPI', 'HDA', 'IBA', 'TAS', 'IEA'], ['IPI', 'IEA'], ['IPI', 'NAS', 'IEA'], ['IDA', 'IPI', 'IBA', 'TAS', 'IEA'], ['IEA'], ['IDA', 'IPI', 'IEA'], ['IDA', 'IPI', 'IEA'], ['IPI', 'IBA', 'IEA'], ['IDA', 'IPI', 'IBA', 'IEA'], ['IPI'], ['NAS'], ['IDA', 'IPI', 'NAS', 'IEA'], ['IPI', 'HDA', 'IEA'], ['IPI'], ['IDA', 'IPI', 'IBA', 'IEA'], ['IDA', 'IPI', 'IMP', 'IEA'], ['IDA', 'IPI', 'IBA', 'IEA'], ['IDA', 'IPI', 'IMP', 'HDA', 'IBA', 'TAS', 'IEA'], ['IDA', 'IPI', 'IMP', 'IBA', 'TAS', 'IEA'], [], ['IDA', 'IPI', 'HDA', 'TAS', 'IEA'], ['IDA', 'IPI', 'TAS', 'IEA'], [], [], ['IDA', 'IPI', 'HDA', 'IBA', 'IEA'], ['IPI', 'IEA'], ['IPI', 'HDA'], ['IDA', 'IPI', 'ISS', 'IBA', 'IEA'], ['IDA', 'IPI', 'HDA', 'ISS', 'IBA', 'TAS', 'IEA'], ['IPI'], [], ['IDA', 'IPI', 'IEA'], ['IPI', 'HDA', 'IBA', 'IEA'], ['IDA', 'IPI'], ['IEA'], ['IPI', 'IEA'], ['IDA', 'IPI', 'IBA', 'TAS', 'IEA'], ['IPI', 'HDA', 'IEA'], ['IDA', 'IPI', 'IEA'], ['IDA', 'IPI', 'TAS', 'NAS', 'IEA'], ['IDA', 'IPI', 'IBA', 'TAS', 'IEA'], ['IDA', 'IPI', 'IBA', 'NAS', 'IEA'], ['IPI', 'IEA'], ['IPI', 'IMP', 'TAS', 'IEA'], ['IPI', 'IEA'], [], ['IPI', 'IBA', 'TAS', 'IEA'], ['IPI', 'HDA', 'IEA'], ['IDA', 'IPI', 'IEA'], ['IDA', 'IEA'], ['IDA', 'IMP', 'IBA', 'NAS', 'IEA'], ['IBA', 'IEA'], ['IPI'], [], ['IDA', 'IPI'], ['IPI', 'IBA', 'IEA'], ['IPI', 'IEA'], ['IDA', 'ISS', 'IBA', 'IEA'], ['IEA'], ['IPI', 'HDA', 'ISS', 'IBA', 'TAS', 'IEA'], ['IDA', 'IPI', 'ISS', 'IBA', 'IEA'], ['IDA', 'IBA', 'TAS', 'IEA'], ['IPI', 'IEA'], ['IDA', 'IPI', 'IEA'], ['IDA', 'IPI', 'IBA'], ['IBA'], ['IDA', 'IPI', 'IEA'], ['IDA', 'IPI'], ['IDA', 'IEA'], ['IDA', 'IPI', 'ISS', 'IBA', 'IEA'], [], ['IPI', 'IEA'], ['HDA', 'IEA'], ['IPI', 'ISS'], [], ['IPI', 'IBA', 'IEA'], ['IDA', 'IPI', 'IMP', 'IBA', 'NAS', 'IEA'], ['IPI'], ['IDA', 'IPI', 'ISS', 'IBA', 'TAS', 'IEA'], ['IPI', 'IEA'], ['IDA', 'IPI', 'HDA', 'IEA'], ['IPI'], ['IDA', 'IPI', 'HDA', 'IBA', 'IEA'], ['IPI', 'IBA', 'IEA'], ['IPI', 'IEA'], ['IDA', 'IPI', 'IMP', 'IBA', 'IEA'], ['IPI', 'IEA'], ['HDA'], ['IPI', 'HDA', 'IBA'], []]",binding,GO:0005488,0.0001418940485973423,['GO:0003674'],1.0,query_1,170,0.009190182722456482,True,GO:MF,18498,1450,1
Human papillomavirus infection,8484,40659,15,"[[], [], [], [], [], [], [], ['KEGG'], [], [], [], ['KEGG'], [], [], [], [], [], [], [], ['KEGG'], [], [], [], [], [], [], [], [], [], [], [], [], [], [], [], [], [], [], [], [], [], ['KEGG'], [], [], [], [], [], [], [], ['KEGG'], [], [], [], [], [], [], [], [], [], [], [], [], [], [], [], [], [], [], [], [], [], [], [], [], [], [], [], [], [], ['KEGG'], [], [], [], [], [], [], ['KEGG'], [], [], [], [], [], [], [], [], [], [], [], [], [], [], [], [], [], [], [], [], [], [], [], [], [], [], [], [], [], [], [], [], [], [], [], [], [], ['KEGG'], [], ['KEGG'], [], [], [], [], [], [], [], [], [], [], [], [], [], [], [], [], [], [], [], [], ['KEGG'], [], [], [], [], [], [], [], [], [], [], [], [], [], ['KEGG'], [], [], [], [], [], [], [], [], [], [], [], ['KEGG'], [], [], [], ['KEGG'], [], [], [], [], ['KEGG'], ['KEGG'], [], [], [], [], [], [], [], [], [], [], [], []]",Human papillomavirus infection,KEGG:05165,0.000192312877766922,['KEGG:00000'],0.16304347826086957,query_1,92,0.045454545454545456,True,KEGG,330,446,22
FCERI mediated MAPK activation,11004,41686,9,"[[], [], ['REAC'], [], ['REAC'], [], [], [], [], [], [], [], [], [], [], [], [], [], [], [], [], [], ['REAC'], [], [], [], ['REAC'], [], [], [], [], [], [], [], [], [], [], [], [], [], ['REAC'], [], [], [], [], [], [], [], [], [], [], [], [], [], [], [], [], [], [], [], ['REAC'], [], [], [], [], [], [], [], [], [], [], [], [], [], [], [], [], [], [], ['REAC'], [], [], [], [], [], [], [], [], [], [], [], [], [], [], [], [], [], [], [], [], [], [], [], [], [], [], [], [], [], [], [], [], [], [], [], [], ['REAC'], [], [], [], [], [], [], [], [], [], [], [], [], [], [], ['REAC'], [], [], [], [], [], [], [], [], [], [], [], [], [], [], [], [], [], [], [], [], [], [], [], [], [], [], [], [], [], [], [], [], [], [], [], [], [], [], [], [], [], [], [], [], [], [], [], [], [], [], [], [], [], [], [], [], [], [], [], [], [], [], [], []]",FCERI mediated MAPK activation,REAC:R-HSA-2871796,0.00020840362427043078,['REAC:R-HSA-2454202'],0.06923076923076923,query_1,130,0.10843373493975904,True,REAC,83,903,34
FCERI mediated Ca+2 mobilization,11004,41685,9,"[[], [], ['REAC'], [], ['REAC'], [], [], [], [], [], [], [], [], [], [], [], [], [], [], [], [], [], ['REAC'], [], [], [], ['REAC'], [], [], [], [], [], [], [], [], [], [], [], [], [], ['REAC'], [], [], [], [], [], [], [], [], [], [], [], [], [], [], [], [], [], [], [], ['REAC'], [], [], [], [], [], [], [], [], [], [], [], [], [], [], [], [], [], [], ['REAC'], [], [], [], [], [], [], [], [], [], [], [], [], [], [], [], [], [], [], [], [], [], [], [], [], [], [], [], [], [], [], [], [], [], [], [], [], ['REAC'], [], [], [], [], [], [], [], [], [], [], [], [], [], [], ['REAC'], [], [], [], [], [], [], [], [], [], [], [], [], [], [], [], [], [], [], [], [], [], [], [], [], [], [], [], [], [], [], [], [], [], [], [], [], [], [], [], [], [], [], [], [], [], [], [], [], [], [], [], [], [], [], [], [], [], [], [], [], [], [], [], []]",FCERI mediated Ca+2 mobilization,REAC:R-HSA-2871809,0.00020840362427043078,['REAC:R-HSA-2454202'],0.06923076923076923,query_1,130,0.10843373493975904,True,REAC,83,902,35
Antigen activates B Cell Receptor (BCR) leading to generation of second messengers,11004,40936,9,"[[], [], ['REAC'], [], ['REAC'], [], [], [], [], [], [], [], [], [], [], [], [], [], [], [], [], [], ['REAC'], [], [], [], ['REAC'], [], [], [], [], [], [], [], [], [], [], [], [], [], ['REAC'], [], [], [], [], [], [], [], [], [], [], [], [], [], [], [], [], [], [], [], ['REAC'], [], [], [], [], [], [], [], [], [], [], [], [], [], [], [], [], [], [], ['REAC'], [], [], [], [], [], [], [], [], [], [], [], [], [], [], [], [], [], [], [], [], [], [], [], [], [], [], [], [], [], [], [], [], [], [], [], [], ['REAC'], [], [], [], [], [], [], [], [], [], [], [], [], [], [], ['REAC'], [], [], [], [], [], [], [], [], [], [], [], [], [], [], [], [], [], [], [], [], [], [], [], [], [], [], [], [], [], [], [], [], [], [], [], [], [], [], [], [], [], [], [], [], [], [], [], [], [], [], [], [], [], [], [], [], [], [], [], [], [], [], [], []]",Antigen activates B Cell Receptor (BCR) leading to generation of second messengers,REAC:R-HSA-983695,0.00023110458414079405,['REAC:R-HSA-983705'],0.06923076923076923,query_1,130,0.10714285714285714,True,REAC,84,153,36
"""Any process that stops, prevents, or reduces the frequency, rate or extent of a biological process. Biological processes are regulated by many means; examples include the control of gene expression, protein modification or interaction with a protein or substrate molecule."" [GOC:jid]",21026,22789,81,"[[], [], [], [], [], [], [], ['IDA'], ['IEA'], ['IDA'], [], ['IDA', 'IMP', 'IBA', 'IEA'], [], [], ['IDA'], [], [], [], ['IMP'], ['IDA'], [], [], [], [], ['IMP'], ['IMP'], [], [], [], ['IDA', 'IMP', 'TAS', 'NAS', 'IEA'], ['IDA', 'IMP'], [], [], [], [], [], ['IMP', 'TAS', 'IEA'], [], [], ['IEA'], [], ['IDA'], [], [], ['IEA'], ['ISS', 'IEA'], [], ['IGI', 'ISS'], [], ['IMP', 'ISS', 'IEA'], [], [], ['IDA'], [], ['IEA'], ['IDA', 'IMP', 'IEA'], [], [], ['IEA'], ['IEA'], [], ['IBA'], [], [], [], ['ISS'], ['IEA'], [], [], [], [], [], [], ['IMP', 'ISS', 'IBA', 'IEA'], [], ['IDA', 'IMP', 'TAS', 'NAS'], ['IEA'], [], ['IMP', 'NAS'], [], [], ['IDA'], ['IMP', 'TAS'], [], [], [], ['IBA', 'TAS'], [], [], ['TAS'], [], ['IDA'], ['IDA'], [], [], [], ['IEA'], [], ['ISS'], [], [], ['IMP', 'IEA'], ['IDA', 'IEA'], [], [], ['IDA', 'IMP', 'IBA', 'IEA'], ['IDA', 'ISS', 'TAS', 'IEA'], [], [], ['ISS', 'IEA'], ['ISS', 'IEA'], [], ['IMP', 'ISS'], [], ['ISS', 'IEA'], [], [], ['IDA', 'IMP', 'NAS'], ['IDA', 'IBA'], ['IDA', 'ISS', 'IEA'], [], [], [], ['IDA', 'IMP', 'ISS', 'IBA', 'TAS', 'IEA'], ['IMP', 'ISS', 'TAS', 'IEA'], [], ['IDA', 'IMP', 'TAS', 'IEA'], [], [], [], ['IEA'], ['IDA', 'IBA', 'IEA'], [], [], ['IDA', 'IMP', 'ISS', 'IEA'], [], ['IEA'], [], [], ['IDA', 'IMP'], [], ['IBA'], [], [], ['IDA', 'IMP', 'IC', 'IEA'], ['IDA', 'ISS', 'TAS', 'IEA'], ['IDA', 'IEA'], ['IDA', 'IMP', 'IGI', 'ISS', 'IBA', 'TAS', 'IC', 'IEA'], [], ['IDA'], ['IDA', 'IMP', 'IEA'], [], ['IEA'], [], [], ['IDA'], ['IDA'], [], [], [], ['IDA', 'IMP'], ['ISS', 'TAS'], [], ['IBA', 'IEA'], ['TAS'], [], [], [], ['IEA'], [], [], [], [], [], [], ['IDA', 'IMP', 'ISS'], [], ['IDA', 'IEA'], [], ['ISS', 'IEA'], [], [], ['IDA', 'IEA'], [], [], ['ISS'], ['IDA', 'IMP', 'ISS', 'IEA'], [], [], ['IDA'], ['IEA'], ['IDA', 'IMP', 'ISS', 'IEA'], [], [], [], []]",negative regulation of biological process,GO:0048519,0.00040110623898423917,"['GO:0008150', 'GO:0050789']",0.4576271186440678,query_1,177,0.013884127528282482,True,GO:BP,5834,12635,13
"""Organized structure of distinctive morphology and function, bounded by a single or double lipid bilayer membrane and occurring within the cell. Includes the nucleus, mitochondria, plastids, vacuoles, and vesicles. Excludes the plasma membrane."" [GOC:go_curators]",22149,38035,148,"[[], ['IEA'], [], ['IDA', 'TAS', 'IEA'], [], ['IDA', 'HTP', 'ISS', 'IBA', 'TAS', 'IEA'], [], ['IDA', 'TAS', 'IEA'], ['IEA'], ['IDA', 'IBA', 'TAS', 'IEA'], ['IDA', 'HTP', 'TAS', 'IEA'], ['IDA', 'IBA', 'TAS', 'IEA'], ['IEA'], ['IEA'], [], ['IDA', 'IBA', 'IEA'], ['IEA'], ['IDA', 'HDA', 'IBA', 'IEA'], ['IDA', 'TAS', 'IEA'], ['IDA', 'IBA', 'IEA'], ['IDA', 'IBA', 'NAS', 'IEA'], ['IDA', 'IPI', 'IBA', 'TAS', 'NAS', 'IEA'], [], ['IDA', 'TAS', 'IEA'], ['IDA', 'IPI', 'HDA', 'ISS', 'IBA', 'TAS', 'IEA'], ['IDA', 'IBA', 'IEA'], [], ['IDA', 'ISS', 'IBA', 'TAS', 'IEA'], ['HTP', 'IEA'], ['IDA', 'TAS', 'NAS', 'IEA'], ['IDA', 'IMP', 'IBA', 'TAS', 'IEA'], ['IEA'], ['IDA', 'IEA'], ['IEA'], ['IDA', 'IBA', 'IEA'], ['IDA', 'IEA'], ['IDA', 'IPI', 'ISS', 'IBA', 'TAS', 'NAS', 'IEA'], ['IDA', 'ISS'], ['IEA'], [], [], ['TAS'], ['IDA', 'NAS', 'IEA'], [], [], [], [], ['IEA'], [], ['IEA'], ['IDA', 'IEA'], ['HTP', 'IBA'], ['TAS', 'IEA'], [], ['IDA', 'ISS', 'TAS', 'IEA'], ['IDA', 'IBA', 'IEA'], ['IDA'], ['IBA', 'IEA'], ['IDA', 'HDA', 'IEA'], [], [], ['IDA', 'HDA', 'IBA', 'IEA'], ['IDA', 'ISS'], [], ['IBA', 'IC', 'IEA'], ['ISS', 'IEA'], [], ['IEA'], ['IDA', 'IBA', 'IEA'], ['IDA', 'HDA', 'IEA'], ['IDA', 'IBA', 'TAS', 'IEA'], ['IDA', 'IBA', 'TAS', 'NAS', 'IEA'], ['IDA', 'IBA', 'IEA'], ['IDA', 'IBA', 'IEA'], [], ['IDA', 'ISS', 'IBA', 'TAS', 'NAS', 'IEA'], ['IDA', 'HTP', 'IBA', 'TAS', 'IEA'], ['IEA'], ['IDA', 'IBA', 'NAS', 'IEA'], [], ['IDA', 'IMP'], ['IEA'], ['IDA', 'HDA', 'IBA', 'TAS', 'IEA'], ['IMP', 'HTP', 'IBA', 'TAS', 'IEA'], ['IDA', 'IBA', 'IEA'], ['IDA', 'TAS', 'IEA'], ['IDA'], [], [], ['IBA', 'TAS', 'IEA'], [], ['TAS'], [], ['IDA'], ['IDA', 'IBA', 'TAS', 'IEA'], ['IDA', 'IPI', 'IBA', 'TAS', 'NAS', 'IEA'], ['IDA', 'ISS', 'IBA', 'TAS', 'IEA'], ['IDA', 'HTP', 'IBA', 'TAS', 'IEA'], ['ISS', 'IBA', 'IEA'], [], ['IEA'], ['IDA', 'IBA', 'TAS', 'IEA'], ['IDA', 'ISS', 'IBA', 'TAS', 'IEA'], ['IDA', 'IBA', 'TAS', 'IEA'], ['IBA'], [], ['IDA', 'IBA', 'IEA'], ['EXP', 'IDA', 'IPI', 'ISS', 'IBA', 'TAS', 'IEA'], ['IBA', 'TAS', 'IEA'], ['IDA', 'IBA', 'IEA'], ['IBA', 'TAS', 'IEA'], ['IDA', 'HTP', 'IBA', 'IEA'], ['TAS'], ['IBA', 'IEA'], ['IDA', 'IEA'], ['IDA', 'IEA'], [], ['IDA', 'IPI', 'IMP', 'IBA', 'TAS', 'NAS', 'IEA'], ['IBA', 'IEA'], ['IDA', 'IBA', 'TAS', 'IEA'], ['IDA', 'IBA', 'IEA'], ['IDA', 'IBA', 'TAS', 'IEA'], ['IDA', 'IBA', 'IEA'], ['IDA', 'IBA', 'TAS', 'IC', 'IEA'], ['IBA', 'TAS', 'IC', 'IEA'], [], ['IBA', 'TAS', 'IEA'], ['IDA', 'IBA', 'IEA'], [], [], ['TAS', 'IEA'], ['IDA'], ['IDA', 'HTP', 'HDA', 'TAS', 'IEA'], ['IDA', 'IEA'], ['IDA', 'IBA', 'TAS', 'IEA'], [], [], [], ['IBA'], ['IDA', 'HTP', 'TAS', 'IEA'], ['IBA', 'TAS', 'IEA'], [], ['IEA'], ['TAS', 'NAS'], ['IDA', 'TAS', 'IEA'], ['IDA', 'IBA', 'TAS', 'NAS', 'IEA'], [], ['IDA', 'ISS', 'IBA', 'TAS', 'IEA'], ['IDA', 'IEA'], ['IBA', 'TAS', 'IEA'], ['IEA'], [], ['IDA'], ['IDA', 'IPI', 'IBA', 'TAS', 'IEA'], ['IDA'], ['IEA'], ['IDA', 'IBA', 'NAS', 'IEA'], [], ['IDA', 'IEA'], [], ['IDA', 'IEA'], ['IDA', 'IEA'], [], ['IDA', 'ISS', 'IBA', 'IEA'], ['TAS', 'IEA'], ['ISS', 'IBA', 'IEA'], ['IDA', 'ISS', 'IBA', 'IEA'], [], [], [], [], ['IDA', 'TAS', 'IEA'], ['IDA', 'IBA', 'TAS', 'IEA'], ['TAS'], ['IDA', 'IBA', 'TAS', 'IEA'], ['IDA', 'TAS', 'IEA'], [], ['IPI', 'IBA', 'TAS', 'IEA'], ['IDA', 'IBA', 'IEA'], ['IDA'], [], ['IDA', 'HTP', 'ISS', 'TAS', 'NAS', 'IEA'], ['IDA', 'TAS'], ['TAS'], ['IDA', 'HDA', 'TAS'], [], ['IDA', 'IPI', 'IBA', 'TAS', 'IEA'], ['IDA', 'TAS'], ['HDA'], ['IDA', 'IEA'], ['IDA', 'IPI', 'IBA', 'TAS', 'IEA'], ['IDA', 'IPI', 'IBA', 'TAS', 'NAS', 'IEA'], ['IBA'], ['IDA', 'HTP', 'IBA', 'TAS', 'NAS', 'IEA'], ['IDA', 'IBA', 'TAS', 'IEA'], []]",intracellular membrane-bounded organelle,GO:0043231,0.0005245306567215383,"['GO:0043227', 'GO:0043229']",0.8222222222222222,query_1,180,0.010049568819175663,True,GO:CC,14727,1845,3
Role of LAT2/NTAL/LAB on calcium mobilization,11004,42907,8,"[[], [], ['REAC'], [], ['REAC'], [], [], [], [], [], [], [], [], [], [], [], [], [], [], [], [], [], ['REAC'], [], [], [], ['REAC'], [], [], [], [], [], [], [], [], [], [], [], [], [], ['REAC'], [], [], [], [], [], [], [], [], [], [], [], [], [], [], [], [], [], [], [], ['REAC'], [], [], [], [], [], [], [], [], [], [], [], [], [], [], [], [], [], [], ['REAC'], [], [], [], [], [], [], [], [], [], [], [], [], [], [], [], [], [], [], [], [], [], [], [], [], [], [], [], [], [], [], [], [], [], [], [], [], ['REAC'], [], [], [], [], [], [], [], [], [], [], [], [], [], [], [], [], [], [], [], [], [], [], [], [], [], [], [], [], [], [], [], [], [], [], [], [], [], [], [], [], [], [], [], [], [], [], [], [], [], [], [], [], [], [], [], [], [], [], [], [], [], [], [], [], [], [], [], [], [], [], [], [], [], [], [], [], [], [], []]",Role of LAT2/NTAL/LAB on calcium mobilization,REAC:R-HSA-2730905,0.0005453914879572244,['REAC:R-HSA-2454202'],0.06153846153846154,query_1,130,0.11594202898550725,True,REAC,69,2124,37
"""Any process that increases the frequency, rate or extent of gene expression. Gene expression is the process in which a gene's coding sequence is converted into a mature gene product (protein or RNA)."" [GOC:txnOH-2018]",21026,14411,29,"[[], [], [], [], [], [], [], [], [], [], [], ['IMP'], [], [], [], [], [], [], [], [], [], [], [], [], [], [], [], [], [], [], [], [], [], [], [], [], ['IEA'], [], [], [], [], [], ['IDA', 'ISS'], [], ['IEA'], [], [], ['IGI'], [], [], [], [], [], [], [], [], [], [], [], [], [], [], [], [], [], [], [], [], [], [], ['IMP'], ['NAS'], [], [], [], [], [], [], ['IPI'], [], [], [], [], [], [], [], [], [], [], [], [], [], [], [], [], [], [], [], [], [], [], [], ['IEA'], [], [], [], ['IDA', 'TAS'], [], [], [], [], [], ['IDA', 'IMP'], [], [], [], [], [], ['IDA', 'IBA'], ['ISS', 'IEA'], [], [], [], ['IDA', 'IEA'], ['IMP', 'ISS', 'IEA'], [], ['ISS', 'IEA'], [], [], [], ['IDA', 'IMP'], ['IMP', 'ISS', 'IEA'], [], [], ['IDA', 'IMP'], [], [], [], [], ['IDA', 'IMP', 'ISS'], [], [], [], [], [], [], [], ['IMP', 'ISS'], [], ['IDA'], [], [], [], [], [], ['IMP'], [], [], [], [], ['IDA'], [], [], ['IEA'], [], [], [], [], ['IEA'], [], [], [], [], [], [], [], [], [], [], [], [], [], ['IDA'], [], [], [], ['ISS', 'IEA'], [], [], [], [], ['IMP'], [], [], [], []]",positive regulation of gene expression,GO:0010628,0.0006171661213561748,"['GO:0010467', 'GO:0010468', 'GO:0010557']",0.1638418079096045,query_1,177,0.02392739273927393,True,GO:BP,1212,4257,10
"""A lipid bilayer along with all the proteins and protein complexes embedded in it and attached to it."" [GOC:dos, GOC:mah, ISBN:0815316194]",22149,36889,112,"[['HDA', 'IEA'], ['IEA'], ['TAS', 'IEA'], [], ['TAS', 'IEA'], ['IDA', 'ISS', 'IBA', 'TAS', 'IEA'], [], ['IDA', 'HDA', 'IBA', 'TAS', 'NAS', 'IEA'], [], ['IDA', 'HDA', 'TAS', 'IEA'], ['IDA', 'IMP', 'NAS', 'IEA'], ['IEA'], [], ['IEA'], ['IDA', 'IBA', 'IEA'], ['IEA'], [], ['IDA', 'HDA', 'IBA', 'TAS', 'IEA'], [], ['IDA', 'IBA', 'IEA'], [], ['IDA', 'TAS', 'IEA'], ['TAS', 'IEA'], ['IEA'], ['IDA', 'IPI', 'ISS', 'IEA'], ['HDA'], ['TAS', 'IEA'], ['IDA', 'ISS', 'TAS', 'IEA'], [], [], [], ['IDA', 'NAS'], ['IDA', 'IBA', 'IEA'], ['HDA', 'TAS', 'IEA'], ['IDA', 'IBA', 'IEA'], [], ['IEA'], ['IDA', 'HDA', 'IBA', 'IEA'], ['IDA', 'IBA', 'NAS', 'IEA'], [], ['TAS', 'IEA'], ['IEA'], [], ['IEA'], [], ['IEA'], [], ['IDA', 'ISS', 'IBA', 'NAS', 'IEA'], [], ['IDA', 'HDA', 'IBA', 'TAS', 'NAS', 'IEA'], ['HDA'], [], [], ['ISS', 'IEA'], ['HDA', 'TAS'], [], ['IEA'], ['IDA', 'NAS'], ['IDA', 'IEA'], [], ['TAS', 'IEA'], [], ['IDA', 'ISS', 'IEA'], [], [], [], [], [], ['IDA', 'HDA', 'IBA', 'IEA'], ['IBA', 'NAS', 'IEA'], ['IDA', 'IBA', 'TAS', 'NAS', 'IEA'], ['IDA'], ['IDA', 'IBA', 'IEA'], ['IEA'], ['IBA'], [], ['HDA', 'IEA'], [], ['HDA', 'IEA'], ['IBA', 'TAS'], [], [], ['IDA', 'HDA', 'IEA'], ['IMP', 'IEA'], ['IDA', 'HDA', 'IEA'], ['TAS', 'IEA'], ['IDA', 'IMP', 'IBA', 'TAS', 'IEA'], [], ['IEA'], ['IEA'], [], ['TAS', 'IEA'], ['IDA', 'ISO', 'IBA', 'TAS', 'IEA'], [], ['IDA', 'TAS', 'IEA'], ['IDA', 'IPI', 'HDA', 'IBA', 'TAS', 'NAS', 'IEA'], [], [], [], ['IEA'], [], [], [], ['IDA', 'IMP', 'HDA', 'IBA', 'TAS', 'IEA'], [], [], ['HDA'], [], ['IBA', 'IEA'], ['IDA', 'IEA'], [], [], ['IDA', 'HDA', 'IBA', 'TAS', 'IEA'], [], ['IDA'], [], ['TAS', 'IEA'], [], [], ['IDA'], [], ['IDA', 'TAS', 'IEA'], ['TAS', 'IEA'], ['HDA'], [], [], ['HDA'], ['IDA', 'ISS', 'IEA'], [], [], ['IEA'], ['IDA', 'ISS', 'IBA', 'TAS', 'IEA'], ['IDA', 'IMP', 'IBA', 'TAS', 'NAS', 'IEA'], ['IDA', 'IEA'], ['HDA', 'IEA'], ['IEA'], [], [], [], ['IDA', 'TAS', 'IEA'], ['TAS', 'IEA'], [], ['HDA'], ['IBA', 'IEA'], [], ['IDA', 'TAS', 'NAS', 'IEA'], [], ['IDA', 'IEA'], [], ['IDA', 'IBA', 'TAS', 'IEA'], ['IDA', 'IEA'], ['IEA'], ['IBA'], [], ['IDA', 'ISS', 'IBA', 'TAS', 'IEA'], [], [], [], [], [], [], ['IDA', 'HDA', 'ISS', 'IBA', 'TAS', 'IEA'], [], [], [], [], [], ['IBA', 'IEA'], [], ['IEA'], [], ['IDA', 'TAS', 'IEA'], [], ['IEA'], ['IDA', 'IBA', 'TAS', 'IEA'], [], [], ['IDA', 'TAS', 'IEA'], [], ['IDA', 'HDA'], [], ['IDA', 'ISS', 'IBA', 'TAS', 'NAS', 'IEA'], ['TAS', 'IEA'], [], ['IDA', 'HDA', 'IBA', 'TAS', 'IEA'], [], ['HDA'], ['IDA', 'ISS', 'IBA', 'TAS', 'IEA'], ['HDA', 'IBA'], ['IDA'], ['IEA'], [], [], ['IDA', 'TAS', 'NAS', 'IEA'], ['HDA'], []]",membrane,GO:0016020,0.0006343985298756354,['GO:0110165'],0.6222222222222222,query_1,180,0.011252888576308651,True,GO:CC,9953,699,8
"""The binding activity of a molecule that brings together two or more molecules through a selective, non-covalent, often stoichiometric interaction, permitting those molecules to function in a coordinated way."" [GOC:mtg_MIT_16mar07, GOC:vw]",20246,7751,28,"[[], [], [], ['IDA', 'IBA'], [], [], [], [], [], [], [], [], [], [], [], [], [], [], ['IMP'], [], [], [], [], [], [], [], [], [], [], [], [], [], [], ['IDA', 'IBA'], [], [], [], [], [], [], [], ['EXP'], ['IDA'], [], [], [], [], ['ISS', 'IBA'], [], [], [], [], [], [], [], [], [], [], ['IDA'], [], [], ['EXP'], [], [], ['IDA', 'IGI', 'IBA'], [], [], [], ['IDA'], [], [], ['NAS'], ['IDA', 'IBA', 'IEA'], ['ISS', 'IBA', 'IEA'], [], ['IDA', 'TAS'], [], [], [], ['IDA'], [], [], [], [], [], [], [], [], [], [], [], [], [], [], ['IDA'], [], [], [], [], [], [], [], ['IDA', 'IBA', 'TAS'], [], [], [], [], [], [], [], [], [], [], [], [], [], [], [], [], [], [], [], [], [], [], [], [], ['IDA', 'ISS'], [], [], ['IDA'], [], [], [], ['IMP'], [], [], ['IMP'], [], ['IDA', 'IMP'], [], [], [], ['TAS'], ['TAS'], [], [], [], [], [], [], [], [], ['IBA'], [], [], [], [], [], [], ['IDA'], [], [], [], [], [], [], [], [], [], [], [], [], [], [], ['IDA', 'ISS'], [], [], [], ['IDA'], [], [], [], [], [], [], [], [], [], [], [], [], [], [], [], []]",molecular adaptor activity,GO:0060090,0.0007028904673347047,['GO:0003674'],0.16470588235294117,query_1,170,0.0231023102310231,True,GO:MF,1212,7751,2
"""Binding to a protein component of a cytoskeleton (actin, microtubule, or intermediate filament cytoskeleton)."" [GOC:mah]",20246,1514,25,"[[], [], [], [], [], [], [], [], [], [], [], [], [], [], ['NAS'], [], [], [], [], ['IBA'], [], [], [], [], [], [], [], [], [], [], [], ['NAS', 'IEA'], ['IDA', 'NAS', 'IEA'], [], [], [], ['ISS', 'IEA'], ['IBA', 'IEA'], ['IPI', 'IBA', 'IEA'], [], [], [], [], [], [], [], [], ['IPI', 'IBA'], [], [], [], [], [], ['IEA'], [], [], ['IEA'], [], ['IDA', 'ISS', 'IEA'], [], [], [], [], [], ['IEA'], [], [], [], ['IMP', 'IBA'], ['IDA', 'IBA', 'IEA'], [], [], [], [], [], [], ['IDA', 'TAS'], [], [], [], [], [], [], [], [], [], [], [], [], [], [], [], [], [], [], [], [], [], [], [], [], [], [], [], [], [], [], [], [], [], [], [], [], [], ['IDA', 'IBA', 'IEA'], [], [], [], [], [], [], [], ['IDA', 'IBA'], [], [], [], [], ['TAS'], [], [], [], [], [], ['IDA', 'ISS', 'IBA'], ['IDA'], [], [], [], [], [], [], [], [], [], [], [], [], ['IPI', 'NAS'], [], [], [], [], [], [], [], [], [], ['IEA'], [], [], [], [], [], [], [], [], ['IDA', 'ISS', 'IBA', 'IEA'], [], [], [], [], [], [], [], [], [], [], [], [], [], [], [], [], [], [], [], [], [], [], [], ['IEA'], ['IEA'], [], [], [], []]",cytoskeletal protein binding,GO:0008092,0.0007175216782165714,['GO:0005515'],0.14705882352941177,query_1,170,0.024975024975024976,True,GO:MF,1001,1514,1
"""Binding to a purine ribonucleoside triphosphate, a compound consisting of a purine base linked to a ribose sugar esterified with triphosphate on the sugar."" [GOC:BHF, GOC:ebc, ISBN:0198506732]",20246,4867,39,"[[], [], [], [], [], ['IEA'], [], [], [], [], [], ['IEA'], [], [], ['IEA'], [], [], [], [], ['TAS', 'IEA'], [], [], [], [], [], ['IEA'], [], [], [], [], [], [], [], ['IDA', 'TAS', 'IEA'], [], [], [], ['IEA'], [], [], [], [], ['IDA', 'IEA'], [], [], [], [], [], [], [], [], ['IEA'], [], ['ISS', 'IBA', 'TAS', 'IEA'], [], ['IEA'], ['IEA'], [], [], [], [], [], ['IEA'], [], [], [], [], [], [], [], [], [], [], [], [], ['IEA'], [], [], [], ['EXP', 'IDA', 'IBA', 'TAS', 'IEA'], ['IEA'], [], ['IEA'], ['IEA'], [], [], [], [], [], ['IEA'], [], [], [], [], [], [], ['IEA'], ['TAS', 'IEA'], [], [], [], [], [], [], [], [], [], [], [], ['IDA', 'IBA', 'TAS', 'IEA'], [], [], [], [], [], [], [], [], [], [], [], ['IDA', 'IMP', 'IEA'], [], [], [], [], ['IEA'], [], [], [], ['IEA'], [], [], ['IDA', 'IEA'], ['IDA', 'IEA'], [], [], [], [], [], [], [], [], [], ['IEA'], [], [], ['IEA'], ['IEA'], [], ['IEA'], [], [], [], ['IEA'], [], [], [], [], [], [], ['IEA'], [], [], [], ['IEA'], [], ['IDA', 'IBA', 'TAS', 'IEA'], [], ['IDA', 'IEA'], [], [], [], [], [], [], [], ['IEA'], [], [], [], [], [], [], [], [], ['IEA'], [], ['IBA', 'IEA'], [], [], [], [], [], [], []]",purine ribonucleoside triphosphate binding,GO:0035639,0.000876858569665852,"['GO:0043168', 'GO:1901265', 'GO:1901363']",0.22941176470588234,query_1,170,0.018687110685194058,True,GO:MF,2087,4867,1
"""Any process that activates or increases the frequency, rate or extent of a biological process. Biological processes are regulated by many means; examples include the control of gene expression, protein modification or interaction with a protein or substrate molecule."" [GOC:jid]",21026,22788,84,"[[], [], [], ['IMP', 'IBA'], [], [], [], ['IDA', 'IBA'], [], [], [], ['IMP', 'ISS', 'IEA'], [], [], [], [], [], [], [], [], ['IDA', 'IEA'], [], [], [], ['IMP'], ['IDA', 'IMP'], [], [], [], [], ['IDA', 'IMP'], [], ['IDA', 'ISS'], ['IDA', 'IMP', 'IBA'], [], ['IDA', 'TAS'], ['IDA', 'IMP', 'ISS', 'IBA', 'IEA'], [], [], [], [], [], ['IDA', 'IMP', 'ISS', 'NAS'], [], ['IEA'], ['ISS', 'IEA'], [], ['IGI', 'ISS'], [], ['IEA'], [], [], [], ['IEA'], ['ISS', 'IEA'], ['IMP'], ['IEA'], [], ['IEA'], [], [], [], ['IDA'], [], ['IDA', 'IGI', 'IBA', 'IEA'], [], [], [], [], [], ['IMP', 'IBA'], ['IBA', 'NAS'], ['IMP'], ['IMP'], [], ['IDA', 'IMP', 'IBA', 'TAS', 'NAS'], [], [], ['IPI'], ['IEA'], ['IMP'], [], [], [], [], [], ['IDA', 'IMP'], [], [], ['HMP'], [], [], ['IDA', 'IBA'], [], [], [], ['IDA', 'IBA'], [], ['ISS'], [], [], ['IDA', 'IMP', 'ISS', 'TAS', 'IEA'], ['IDA', 'IEA'], [], [], [], ['IDA', 'IMP', 'ISS', 'TAS'], ['IDA'], [], [], [], [], ['IDA', 'IMP', 'ISS', 'IC'], [], [], [], [], ['IMP', 'NAS'], ['IDA', 'IMP', 'IBA'], ['IDA', 'ISS', 'IEA'], [], ['IMP', 'IEA'], ['IMP', 'IBA'], ['IDA', 'IMP', 'ISS', 'IEA'], ['IDA', 'IMP', 'ISS', 'IEA'], [], ['IMP', 'ISS', 'IEA'], ['ISS'], [], [], ['IDA', 'IMP'], ['IDA', 'IMP', 'ISS', 'IBA', 'TAS', 'IEA'], [], ['IDA', 'IMP', 'ISS'], ['IDA', 'IMP', 'ISS', 'IBA', 'IEA'], [], [], [], [], ['IDA', 'IMP', 'HMP', 'ISS'], [], [], [], [], ['IDA', 'IMP', 'IBA', 'IC', 'IEA'], ['IDA', 'IMP', 'TAS'], ['IDA', 'IEA'], ['IDA', 'IMP', 'ISS', 'IBA', 'IC'], [], ['IDA'], ['IEA'], [], ['IEA'], ['IBA'], [], ['IDA', 'IMP'], ['IDA'], [], [], [], ['IDA'], ['ISS'], [], ['ISS', 'IEA'], [], [], ['IDA', 'IBA'], [], ['IEA'], [], ['IDA'], [], [], [], ['IMP'], ['IDA', 'IMP', 'ISS', 'IEA'], [], ['IDA', 'IEA'], [], ['IMP'], [], [], ['IDA', 'IEA'], ['IDA', 'TAS', 'NAS'], ['IDA', 'ISS', 'TAS', 'IEA'], ['ISS'], ['IDA', 'IMP', 'ISS', 'IEA'], [], [], [], ['NAS'], ['IDA', 'IMP', 'ISS', 'TAS', 'IEA'], ['ISS'], [], ['IMP', 'IBA'], []]",positive regulation of biological process,GO:0048518,0.0009595485809302169,"['GO:0008150', 'GO:0050789']",0.4745762711864407,query_1,177,0.013409961685823755,True,GO:BP,6264,12634,10
Anti-inflammatory response favouring Leishmania parasite infection,11004,40934,10,"[[], [], ['REAC'], [], ['REAC'], [], [], [], [], [], [], [], [], [], [], [], [], [], [], [], [], [], ['REAC'], [], [], [], ['REAC'], [], [], [], [], [], [], [], [], [], [], [], [], [], ['REAC'], [], [], [], [], [], [], [], [], [], [], [], [], [], [], [], [], [], [], [], ['REAC'], [], [], [], [], [], [], [], [], [], [], [], [], [], [], [], [], [], [], [], [], [], [], [], [], [], [], [], [], [], [], [], [], [], [], [], [], [], [], [], [], [], [], [], [], [], [], [], [], [], [], [], ['REAC'], [], [], [], ['REAC'], [], [], [], [], [], [], [], [], [], [], [], [], [], [], ['REAC'], [], [], [], [], [], [], [], [], [], [], [], [], [], [], [], [], [], [], [], [], [], [], [], [], [], [], [], [], [], ['REAC'], [], [], [], [], [], [], [], [], [], [], [], [], [], [], [], [], [], [], [], [], [], [], [], [], [], [], [], [], [], [], [], [], [], []]",Anti-inflammatory response favouring Leishmania parasite infection,REAC:R-HSA-9662851,0.0012574917055478696,['REAC:R-HSA-9664433'],0.07692307692307693,query_1,130,0.07633587786259542,True,REAC,131,151,30
Leishmania parasite growth and survival,11004,42107,10,"[[], [], ['REAC'], [], ['REAC'], [], [], [], [], [], [], [], [], [], [], [], [], [], [], [], [], [], ['REAC'], [], [], [], ['REAC'], [], [], [], [], [], [], [], [], [], [], [], [], [], ['REAC'], [], [], [], [], [], [], [], [], [], [], [], [], [], [], [], [], [], [], [], ['REAC'], [], [], [], [], [], [], [], [], [], [], [], [], [], [], [], [], [], [], [], [], [], [], [], [], [], [], [], [], [], [], [], [], [], [], [], [], [], [], [], [], [], [], [], [], [], [], [], [], [], [], [], ['REAC'], [], [], [], ['REAC'], [], [], [], [], [], [], [], [], [], [], [], [], [], [], ['REAC'], [], [], [], [], [], [], [], [], [], [], [], [], [], [], [], [], [], [], [], [], [], [], [], [], [], [], [], [], [], ['REAC'], [], [], [], [], [], [], [], [], [], [], [], [], [], [], [], [], [], [], [], [], [], [], [], [], [], [], [], [], [], [], [], [], [], []]",Leishmania parasite growth and survival,REAC:R-HSA-9664433,0.0012574917055478696,['REAC:R-HSA-9658195'],0.07692307692307693,query_1,130,0.07633587786259542,True,REAC,131,1324,30
"""Binding to an antigen, any substance which is capable of inducing a specific immune response and of reacting with the products of that response, the specific antibody or specifically sensitized T-lymphocytes, or both. Binding may counteract the biological activity of the antigen. Antigen binding by an MHC protein complex allows the antigen to be displayed to a T cell or NK cell."" [GOC:jl, ISBN:0198506732, ISBN:0721662544]",20246,355,10,"[[], [], ['NAS'], [], ['NAS'], [], [], ['IDA', 'IBA'], [], [], [], [], [], [], [], [], [], [], [], [], [], [], ['NAS'], [], [], [], ['NAS'], [], [], [], [], [], [], [], [], [], [], [], [], [], ['NAS'], [], [], [], [], [], [], [], [], [], [], [], [], [], [], [], [], [], [], [], ['NAS'], [], [], [], [], [], [], [], [], [], ['IDA', 'IBA'], [], [], [], [], [], [], [], [], [], [], [], [], [], [], [], [], [], [], [], [], [], ['IDA'], [], [], [], [], [], [], [], [], [], [], [], [], [], [], [], [], [], [], [], [], [], [], [], ['NAS'], [], [], [], [], [], [], [], [], [], [], [], [], [], [], [], [], [], [], [], [], [], [], [], [], [], [], [], [], [], [], [], [], [], [], [], [], [], [], [], [], [], [], [], [], [], [], [], [], [], [], [], [], [], [], [], [], [], [], [], [], [], [], [], [], [], [], [], [], [], [], [], [], [], [], [], [], [], [], []]",antigen binding,GO:0003823,0.0015521137393993186,['GO:0005488'],0.058823529411764705,query_1,170,0.05747126436781609,True,GO:MF,174,355,1
"""A vesicle that is released into the extracellular region by fusion of the limiting endosomal membrane of a multivesicular body with the plasma membrane. Extracellular exosomes, also simply called exosomes, have a diameter of about 40-100 nm."" [GOC:BHF, GOC:mah, GOC:vesicles, PMID:15908444, PMID:17641064, PMID:19442504, PMID:19498381, PMID:22418571, PMID:24009894]",22149,38543,37,"[[], [], ['HDA'], [], ['HDA'], [], [], ['HDA'], [], [], [], [], [], [], ['HDA'], [], [], ['HDA'], [], [], [], [], [], ['HDA'], [], [], ['HDA'], [], [], [], [], ['HDA'], [], [], [], ['HDA'], [], ['HDA'], ['HDA'], [], [], ['HDA'], [], [], [], [], [], [], [], ['HDA'], [], [], [], [], ['HDA'], [], [], [], [], [], [], ['HDA'], [], [], [], [], [], [], [], [], [], [], [], ['HDA'], [], [], [], [], ['HDA'], [], [], [], ['HDA'], [], [], [], ['HDA'], [], [], ['HDA'], [], ['HDA'], [], [], [], [], [], [], [], [], [], ['HDA'], [], [], [], [], ['HDA'], [], [], [], [], [], [], [], [], [], ['HDA'], [], [], [], [], ['HDA'], [], ['IDA'], [], [], [], [], [], [], [], ['HDA'], [], [], [], [], [], [], [], [], ['HDA'], [], [], [], [], [], [], [], [], ['HDA'], [], [], [], [], [], [], [], [], [], [], [], ['HDA'], [], [], ['HDA'], [], [], [], [], ['HDA'], ['HDA'], [], [], [], [], [], [], [], [], [], [], [], ['IDA', 'HDA'], ['HDA'], ['HDA'], [], [], [], ['HDA'], [], [], [], [], [], [], []]",extracellular exosome,GO:0070062,0.0016930372841421956,"['GO:0005615', 'GO:1903561']",0.20555555555555555,query_1,180,0.01752723827569872,True,GO:CC,2111,2353,3
"""Any process that activates or increases the frequency, rate or extent of a cellular process, any of those that are carried out at the cellular level, but are not necessarily restricted to a single cell. For example, cell communication occurs among more than one cell, but occurs at the cellular level."" [GOC:jid]",21026,22792,80,"[[], [], [], ['IMP', 'IBA'], [], [], [], ['IDA', 'IBA'], [], [], [], ['IMP', 'ISS', 'IEA'], [], [], [], [], [], [], [], [], ['IDA', 'IEA'], [], [], [], [], ['IDA', 'IMP'], [], [], [], [], ['IDA', 'IMP'], [], ['IDA', 'ISS'], ['IDA', 'IMP', 'IBA'], [], ['IDA', 'TAS'], ['IDA', 'IMP', 'ISS', 'IBA', 'IEA'], [], [], [], [], [], ['IDA', 'ISS'], [], ['IEA'], [], [], ['IGI', 'ISS'], [], ['IEA'], [], [], [], ['IEA'], ['ISS', 'IEA'], ['IMP'], ['IEA'], [], ['IEA'], [], [], [], ['IDA'], [], ['IDA', 'IGI', 'IBA', 'IEA'], [], [], [], [], [], ['IMP', 'IBA'], ['IBA', 'NAS'], ['IMP'], ['IMP'], [], ['IDA', 'IMP', 'IBA', 'TAS', 'NAS'], [], [], ['IPI'], ['IEA'], ['IMP'], [], [], [], [], [], ['IDA', 'IMP'], [], [], ['HMP'], [], [], ['IDA', 'IBA'], [], [], [], ['IDA', 'IBA'], [], ['ISS'], [], [], ['IDA', 'IMP', 'ISS', 'TAS', 'IEA'], ['IDA', 'IEA'], [], [], [], ['IDA', 'ISS', 'TAS'], ['IDA'], [], [], [], [], ['IDA', 'IMP', 'ISS', 'IC'], [], [], [], [], ['IMP', 'NAS'], ['IDA', 'IMP', 'IBA'], ['IDA', 'ISS', 'IEA'], [], ['IMP', 'IEA'], ['IMP', 'IBA'], ['IDA', 'IMP', 'ISS', 'IEA'], ['IDA', 'IMP', 'ISS', 'IEA'], [], ['IMP', 'ISS', 'IEA'], ['ISS'], [], [], ['IDA', 'IMP'], ['IMP', 'ISS', 'IBA', 'IEA'], [], ['IDA', 'IMP', 'ISS'], ['IDA', 'IMP', 'ISS', 'IBA', 'IEA'], [], [], [], [], ['IDA', 'IMP', 'HMP', 'ISS'], [], [], [], [], ['IDA', 'IMP', 'IBA', 'IC', 'IEA'], ['IDA', 'IMP', 'TAS'], [], ['IDA', 'IMP', 'ISS', 'IBA', 'IC'], [], ['IDA'], [], [], ['IEA'], ['IBA'], [], ['IDA', 'IMP'], ['IDA'], [], [], [], ['IDA'], ['ISS'], [], ['ISS', 'IEA'], [], [], ['IDA', 'IBA'], [], ['IEA'], [], ['IDA'], [], [], [], ['IMP'], ['IDA', 'IMP', 'ISS', 'IEA'], [], ['IDA', 'IEA'], [], ['IMP'], [], [], ['IDA', 'IEA'], ['IDA', 'TAS', 'NAS'], ['IDA', 'ISS', 'TAS', 'IEA'], ['ISS'], ['IDA', 'IMP', 'ISS', 'IEA'], [], [], [], ['NAS'], ['IDA', 'IMP', 'ISS', 'TAS', 'IEA'], ['ISS'], [], ['IMP', 'IBA'], []]",positive regulation of cellular process,GO:0048522,0.0017008644526729727,"['GO:0009987', 'GO:0048518', 'GO:0050794']",0.4519774011299435,query_1,177,0.013513513513513514,True,GO:BP,5920,12638,10
"""Binding to a purine ribonucleotide, any compound consisting of a purine ribonucleoside that is esterified with (ortho)phosphate or an oligophosphate at any hydroxyl group on the ribose moiety."" [GOC:mah]",20246,4208,39,"[[], [], [], [], [], ['IEA'], [], [], [], [], [], ['IEA'], [], [], ['IEA'], [], [], [], [], ['TAS', 'IEA'], [], [], [], [], [], ['IEA'], [], [], [], [], [], [], [], ['IDA', 'TAS', 'IEA'], [], [], [], ['IEA'], [], [], [], [], ['IDA', 'IEA'], [], [], [], [], [], [], [], [], ['IEA'], [], ['ISS', 'IBA', 'TAS', 'IEA'], [], ['IEA'], ['IEA'], [], [], [], [], [], ['IEA'], [], [], [], [], [], [], [], [], [], [], [], [], ['IEA'], [], [], [], ['EXP', 'IDA', 'IBA', 'TAS', 'IEA'], ['IEA'], [], ['IEA'], ['IEA'], [], [], [], [], [], ['IEA'], [], [], [], [], [], [], ['IEA'], ['TAS', 'IEA'], [], [], [], [], [], [], [], [], [], [], [], ['IDA', 'IBA', 'TAS', 'IEA'], [], [], [], [], [], [], [], [], [], [], [], ['IDA', 'IMP', 'IEA'], [], [], [], [], ['IEA'], [], [], [], ['IEA'], [], [], ['IDA', 'IEA'], ['IDA', 'IEA'], [], [], [], [], [], [], [], [], [], ['IEA'], [], [], ['IEA'], ['IEA'], [], ['IEA'], [], [], [], ['IEA'], [], [], [], [], [], [], ['IEA'], [], [], [], ['IEA'], [], ['IDA', 'IBA', 'TAS', 'IEA'], [], ['IDA', 'IEA'], [], [], [], [], [], [], [], ['IEA'], [], [], [], [], [], [], [], [], ['IEA'], [], ['IBA', 'IEA'], [], [], [], [], [], [], []]",purine ribonucleotide binding,GO:0032555,0.0017637350522545848,"['GO:0017076', 'GO:0032553']",0.22941176470588234,query_1,170,0.018164881229622728,True,GO:MF,2147,4208,1
"""Binding to a nucleotide, any compound consisting of a nucleoside that is esterified with (ortho)phosphate or an oligophosphate at any hydroxyl group on the ribose or deoxyribose."" [GOC:mah, ISBN:0198547684]",20246,31,42,"[[], [], [], [], [], ['IEA'], [], [], [], [], [], ['IEA'], [], [], ['IEA'], [], [], [], [], ['TAS', 'IEA'], [], [], [], [], [], ['IEA'], [], [], [], [], [], [], [], ['IDA', 'TAS', 'IEA'], [], [], [], ['IEA'], [], [], [], [], ['IDA', 'IEA'], [], [], [], [], [], [], [], [], ['IEA'], [], ['ISS', 'IBA', 'TAS', 'IEA'], [], ['IEA'], ['IEA'], [], [], [], [], [], ['IEA'], [], [], [], [], [], [], [], [], [], [], [], [], ['IEA'], [], [], [], ['EXP', 'IDA', 'IBA', 'TAS', 'IEA'], ['IEA'], [], ['IEA'], ['IEA'], [], [], [], [], [], ['IEA'], [], [], [], [], [], [], ['IEA'], ['TAS', 'IEA'], [], [], [], [], [], [], [], [], [], [], ['IEA'], ['IDA', 'IBA', 'TAS', 'IEA'], [], [], [], [], [], [], [], [], [], [], [], ['IDA', 'IMP', 'IEA'], [], [], [], [], ['IEA'], [], [], [], ['IEA'], [], [], ['IDA', 'IEA'], ['IDA', 'IEA'], [], [], [], [], [], [], [], [], [], ['IEA'], [], [], ['IEA'], ['IEA'], [], ['IEA'], [], [], [], ['IEA'], [], [], [], [], [], [], ['IEA'], [], [], [], ['IEA'], [], ['IDA', 'IBA', 'TAS', 'IEA'], [], ['IDA', 'IEA'], [], [], [], [], [], ['IDA', 'IBA', 'IEA'], [], ['IEA'], [], [], [], ['IBA', 'IEA'], [], [], [], [], ['IEA'], [], ['IBA', 'IEA'], [], [], [], [], [], [], []]",nucleotide binding,GO:0000166,0.001814962752739197,"['GO:1901265', 'GO:1901363']",0.24705882352941178,query_1,170,0.017456359102244388,True,GO:MF,2406,31,1
Role of phospholipids in phagocytosis,11004,42908,8,"[[], [], ['REAC'], [], ['REAC'], [], [], [], [], [], [], [], [], [], [], [], [], [], [], [], [], [], ['REAC'], [], [], [], ['REAC'], [], [], [], [], [], [], [], [], [], [], [], [], [], ['REAC'], [], [], [], [], [], [], [], [], [], [], [], [], [], [], [], [], [], [], [], ['REAC'], [], [], [], [], [], [], [], [], [], [], [], [], [], [], [], [], [], [], [], [], [], [], [], [], [], [], [], [], [], [], [], [], [], [], [], [], [], [], [], [], [], [], [], [], [], [], [], [], [], [], [], [], [], [], [], ['REAC'], [], [], [], [], [], [], [], [], [], [], [], [], [], [], ['REAC'], [], [], [], [], [], [], [], [], [], [], [], [], [], [], [], [], [], [], [], [], [], [], [], [], [], [], [], [], [], [], [], [], [], [], [], [], [], [], [], [], [], [], [], [], [], [], [], [], [], [], [], [], [], [], [], [], [], [], [], [], [], [], [], []]",Role of phospholipids in phagocytosis,REAC:R-HSA-2029485,0.0018634765790145511,['REAC:R-HSA-2029480'],0.06153846153846154,query_1,130,0.09876543209876543,True,REAC,81,2125,31
"""Organized structure of distinctive morphology and function. Includes the nucleus, mitochondria, plastids, vacuoles, vesicles, ribosomes and the cytoskeleton, and prokaryotic structures such as anammoxosomes and pirellulosomes. Excludes the plasma membrane."" [GOC:go_curators]",22149,38030,161,"[[], ['IEA'], ['HDA'], ['IDA', 'TAS', 'IEA'], ['HDA'], ['IDA', 'HTP', 'ISS', 'IBA', 'TAS', 'IEA'], [], ['IDA', 'HDA', 'TAS', 'IEA'], ['IEA'], ['IDA', 'IBA', 'TAS', 'IEA'], ['IDA', 'HTP', 'TAS', 'IEA'], ['IDA', 'ISS', 'IBA', 'TAS', 'IEA'], ['IEA'], ['IBA', 'IEA'], ['HDA'], ['IDA', 'IBA', 'IEA'], ['IEA'], ['IDA', 'HDA', 'IBA', 'IEA'], ['IDA', 'TAS', 'IEA'], ['IDA', 'IBA', 'IEA'], ['IDA', 'ISA', 'IBA', 'NAS', 'IEA'], ['IDA', 'IPI', 'IBA', 'TAS', 'NAS', 'IEA'], [], ['IDA', 'HDA', 'TAS', 'IEA'], ['IDA', 'IPI', 'HDA', 'ISS', 'IBA', 'TAS', 'IEA'], ['IDA', 'IBA', 'IEA'], ['HDA'], ['IDA', 'ISS', 'IBA', 'TAS', 'IEA'], ['HTP', 'IEA'], ['IDA', 'TAS', 'NAS', 'IEA'], ['IDA', 'IMP', 'HDA', 'IBA', 'TAS', 'IEA'], ['HDA', 'TAS', 'IEA'], ['IDA', 'IBA', 'NAS', 'IEA'], ['IDA', 'IBA', 'IEA'], ['IDA', 'IBA', 'IEA'], ['IDA', 'HDA', 'IEA'], ['IDA', 'IPI', 'ISS', 'ISA', 'IBA', 'TAS', 'NAS', 'IEA'], ['IDA', 'HDA', 'ISS', 'IBA', 'IEA'], ['IDA', 'HDA', 'ISS', 'IBA', 'TAS', 'IEA'], [], [], ['HDA', 'TAS'], ['IDA', 'NAS', 'IEA'], [], [], [], [], ['ISS', 'IEA'], [], ['HDA', 'IEA'], ['IDA', 'IEA'], ['HTP', 'IBA'], ['TAS', 'IEA'], ['TAS', 'IEA'], ['IDA', 'HDA', 'ISS', 'TAS', 'IEA'], ['IDA', 'IBA', 'IEA'], ['IDA', 'IMP', 'IBA', 'IEA'], ['IBA', 'IEA'], ['IDA', 'HDA', 'IEA'], [], [], ['IDA', 'IPI', 'HDA', 'IBA', 'IEA'], ['IDA', 'ISS'], [], ['IBA', 'IC', 'IEA'], ['ISS', 'IEA'], [], ['TAS', 'IEA'], ['IDA', 'IBA', 'IEA'], ['IDA', 'HDA', 'IBA', 'IEA'], ['IDA', 'IBA', 'TAS', 'IEA'], ['IDA', 'IBA', 'TAS', 'NAS', 'IEA'], ['IDA', 'IBA', 'TAS', 'IEA'], ['IDA', 'HDA', 'IBA', 'IEA'], ['IDA'], ['IDA', 'ISS', 'IBA', 'TAS', 'NAS', 'IEA'], ['IDA', 'HTP', 'IBA', 'TAS', 'IEA'], ['IEA'], ['IDA', 'HDA', 'IBA', 'NAS', 'IEA'], ['IEA'], ['IDA', 'IMP'], ['IEA'], ['IDA', 'HDA', 'IBA', 'TAS', 'IEA'], ['IMP', 'HTP', 'IBA', 'TAS', 'IEA'], ['IDA', 'IBA', 'IEA'], ['IDA', 'TAS', 'IEA'], ['IDA', 'HDA'], [], [], ['HDA', 'IBA', 'TAS', 'IEA'], [], ['HDA', 'TAS'], [], ['IDA'], ['IDA', 'IBA', 'TAS', 'IEA'], ['IDA', 'IPI', 'IBA', 'TAS', 'NAS', 'IEA'], ['IDA', 'ISS', 'IBA', 'TAS', 'IEA'], ['IDA', 'HTP', 'IBA', 'TAS', 'IEA'], ['ISS', 'IBA', 'IEA'], [], ['IEA'], ['IDA', 'HDA', 'IBA', 'TAS', 'IEA'], ['IDA', 'ISS', 'IBA', 'TAS', 'IEA'], ['IDA', 'IBA', 'TAS', 'IEA'], ['IBA'], [], ['IDA', 'HDA', 'IBA', 'IEA'], ['EXP', 'IDA', 'IPI', 'ISS', 'IBA', 'TAS', 'IEA'], ['IBA', 'TAS', 'IEA'], ['IDA', 'IBA', 'IEA'], ['IBA', 'TAS', 'IEA'], ['IDA', 'HTP', 'IBA', 'IEA'], ['IDA', 'TAS'], ['IBA', 'IEA'], ['IDA', 'ISS', 'IBA', 'IEA'], ['IDA', 'IEA'], ['HDA'], ['IDA', 'IPI', 'IMP', 'IBA', 'TAS', 'NAS', 'IEA'], ['IBA', 'IEA'], ['IDA', 'ISS', 'IBA', 'TAS', 'IEA'], ['IDA', 'IBA', 'IEA'], ['IDA', 'HDA', 'IBA', 'TAS', 'IEA'], ['IDA', 'IMP', 'ISS', 'IBA', 'TAS', 'IEA'], ['IDA', 'IBA', 'TAS', 'IC', 'IEA'], ['IDA', 'ISA', 'IBA', 'TAS', 'IC', 'IEA'], [], ['IBA', 'TAS', 'IEA'], ['IDA', 'ISS', 'IBA', 'IEA'], [], [], ['IDA', 'ISS', 'TAS', 'IEA'], ['IDA', 'HDA'], ['IDA', 'HTP', 'HDA', 'TAS', 'IEA'], ['IDA', 'IBA', 'IEA'], ['IDA', 'IBA', 'TAS', 'IEA'], [], [], [], ['IBA'], ['IDA', 'HTP', 'TAS', 'IEA'], ['HDA', 'IBA', 'TAS', 'IEA'], [], ['IEA'], ['TAS', 'NAS'], ['IDA', 'TAS', 'IEA'], ['IDA', 'IBA', 'TAS', 'NAS', 'IEA'], [], ['IDA', 'ISS', 'IBA', 'TAS', 'IEA'], ['IDA', 'IEA'], ['HDA', 'IBA', 'TAS', 'IEA'], ['IEA'], [], ['IDA'], ['IDA', 'IPI', 'IBA', 'TAS', 'IEA'], ['IDA', 'ISS'], ['IEA'], ['IDA', 'IBA', 'NAS', 'IEA'], ['IDA', 'IEA'], ['IDA', 'IEA'], [], ['IDA', 'IEA'], ['IDA', 'HDA', 'IEA'], [], ['IDA', 'ISS', 'IBA', 'IEA'], ['HDA', 'TAS', 'IEA'], ['ISS', 'IBA', 'IEA'], ['IDA', 'ISS', 'IBA', 'IEA'], [], ['TAS', 'NAS', 'IEA'], ['IDA', 'HDA', 'IBA'], ['HDA'], ['IDA', 'TAS', 'IEA'], ['IDA', 'IBA', 'TAS', 'IEA'], ['TAS'], ['IDA', 'IBA', 'TAS', 'IEA'], ['IDA', 'ISS', 'TAS', 'IEA'], [], ['IPI', 'IBA', 'TAS', 'IEA'], ['IDA', 'IBA', 'IEA'], ['IDA', 'ISS', 'IBA', 'TAS', 'IEA'], [], ['IDA', 'HTP', 'ISS', 'TAS', 'NAS', 'IEA'], ['IDA', 'HDA', 'TAS'], ['HDA', 'TAS'], ['IDA', 'HDA', 'TAS'], ['IDA', 'ISS', 'IBA', 'IEA'], ['IDA', 'IPI', 'HDA', 'IBA', 'TAS', 'IEA'], ['IDA', 'TAS'], ['HDA'], ['IDA', 'IEA'], ['IDA', 'IPI', 'IBA', 'TAS', 'IEA'], ['IDA', 'IPI', 'ISA', 'IBA', 'TAS', 'NAS', 'IEA'], ['IBA'], ['IDA', 'HTP', 'IBA', 'TAS', 'NAS', 'IEA'], ['IDA', 'IBA', 'TAS', 'IEA'], []]",organelle,GO:0043226,0.0019061031734825865,['GO:0110165'],0.8944444444444445,query_1,180,0.009506376948512045,True,GO:CC,16936,1840,3
"""Any process that stops, prevents, or reduces the frequency, rate or extent of a cellular process, any of those that are carried out at the cellular level, but are not necessarily restricted to a single cell. For example, cell communication occurs among more than one cell, but occurs at the cellular level."" [GOC:jid]",21026,22793,77,"[[], [], [], [], [], [], [], ['IDA'], ['IEA'], ['IDA'], [], ['IDA', 'IMP', 'IBA', 'IEA'], [], [], ['IDA'], [], [], [], ['IMP'], [], [], [], [], [], ['IMP'], ['IMP'], [], [], [], ['IDA', 'IMP', 'TAS', 'NAS', 'IEA'], ['IDA', 'IMP'], [], [], [], [], [], ['IMP', 'TAS', 'IEA'], [], [], ['IEA'], [], [], [], [], ['IEA'], ['ISS', 'IEA'], [], ['IGI', 'ISS'], [], ['IMP', 'ISS', 'IEA'], [], [], ['IDA'], [], ['IEA'], ['IDA', 'IMP', 'IEA'], [], [], ['IEA'], ['IEA'], [], ['IBA'], [], [], [], ['ISS'], ['IEA'], [], [], [], [], [], [], ['IMP', 'ISS', 'IBA', 'IEA'], [], ['IDA', 'IMP', 'TAS', 'NAS'], ['IEA'], [], ['IMP', 'NAS'], [], [], ['IDA'], ['IMP', 'TAS'], [], [], [], ['IBA', 'TAS'], [], [], ['TAS'], [], ['IDA'], ['IDA'], [], [], [], ['IEA'], [], ['ISS'], [], [], ['IMP', 'IEA'], ['IDA', 'IEA'], [], [], ['IDA', 'IMP', 'IBA', 'IEA'], ['IDA', 'ISS', 'TAS', 'IEA'], [], [], ['ISS', 'IEA'], ['ISS', 'IEA'], [], ['IMP', 'ISS'], [], ['ISS', 'IEA'], [], [], ['IDA', 'IMP', 'NAS'], ['IDA', 'IBA'], ['IDA', 'ISS', 'IEA'], [], [], [], ['IDA', 'IMP', 'ISS', 'IBA', 'TAS', 'IEA'], ['IMP', 'ISS', 'TAS', 'IEA'], [], ['IDA', 'IMP', 'TAS', 'IEA'], [], [], [], ['IEA'], ['IDA', 'IBA', 'IEA'], [], [], ['IDA', 'IMP', 'ISS', 'IEA'], [], ['IEA'], [], [], ['IMP'], [], ['IBA'], [], [], ['IDA', 'IMP', 'IC', 'IEA'], ['IDA', 'ISS', 'TAS', 'IEA'], ['IDA', 'IEA'], ['IDA', 'IMP', 'IGI', 'ISS', 'IBA', 'TAS', 'IC', 'IEA'], [], ['IDA'], ['IDA', 'IMP', 'IEA'], [], ['IEA'], [], [], ['IDA'], ['IDA'], [], [], [], ['IDA', 'IMP'], [], [], ['IBA', 'IEA'], ['TAS'], [], [], [], [], [], [], [], [], [], [], ['IDA', 'IMP', 'ISS'], [], ['IDA', 'IEA'], [], ['ISS', 'IEA'], [], [], ['IDA', 'IEA'], [], [], ['ISS'], ['IDA', 'IMP', 'ISS', 'IEA'], [], [], ['IDA'], ['IEA'], ['IDA', 'IMP', 'ISS', 'IEA'], [], [], [], []]",negative regulation of cellular process,GO:0048523,0.00199516011639233,"['GO:0009987', 'GO:0048519', 'GO:0050794']",0.4350282485875706,query_1,177,0.013679161485166104,True,GO:BP,5629,12639,13
"""Binding to a ribonucleotide, any compound consisting of a ribonucleoside that is esterified with (ortho)phosphate or an oligophosphate at any hydroxyl group on the ribose moiety."" [GOC:mah]",20246,4206,39,"[[], [], [], [], [], ['IEA'], [], [], [], [], [], ['IEA'], [], [], ['IEA'], [], [], [], [], ['TAS', 'IEA'], [], [], [], [], [], ['IEA'], [], [], [], [], [], [], [], ['IDA', 'TAS', 'IEA'], [], [], [], ['IEA'], [], [], [], [], ['IDA', 'IEA'], [], [], [], [], [], [], [], [], ['IEA'], [], ['ISS', 'IBA', 'TAS', 'IEA'], [], ['IEA'], ['IEA'], [], [], [], [], [], ['IEA'], [], [], [], [], [], [], [], [], [], [], [], [], ['IEA'], [], [], [], ['EXP', 'IDA', 'IBA', 'TAS', 'IEA'], ['IEA'], [], ['IEA'], ['IEA'], [], [], [], [], [], ['IEA'], [], [], [], [], [], [], ['IEA'], ['TAS', 'IEA'], [], [], [], [], [], [], [], [], [], [], [], ['IDA', 'IBA', 'TAS', 'IEA'], [], [], [], [], [], [], [], [], [], [], [], ['IDA', 'IMP', 'IEA'], [], [], [], [], ['IEA'], [], [], [], ['IEA'], [], [], ['IDA', 'IEA'], ['IDA', 'IEA'], [], [], [], [], [], [], [], [], [], ['IEA'], [], [], ['IEA'], ['IEA'], [], ['IEA'], [], [], [], ['IEA'], [], [], [], [], [], [], ['IEA'], [], [], [], ['IEA'], [], ['IDA', 'IBA', 'TAS', 'IEA'], [], ['IDA', 'IEA'], [], [], [], [], [], [], [], ['IEA'], [], [], [], [], [], [], [], [], ['IEA'], [], ['IBA', 'IEA'], [], [], [], [], [], [], []]",ribonucleotide binding,GO:0032553,0.002137288546630446,"['GO:0000166', 'GO:0097367']",0.22941176470588234,query_1,170,0.018022181146025877,True,GO:MF,2164,4206,1
"""Binding to nucleoside phosphate."" [GOC:TermGenie]",20246,9873,42,"[[], [], [], [], [], ['IEA'], [], [], [], [], [], ['IEA'], [], [], ['IEA'], [], [], [], [], ['TAS', 'IEA'], [], [], [], [], [], ['IEA'], [], [], [], [], [], [], [], ['IDA', 'TAS', 'IEA'], [], [], [], ['IEA'], [], [], [], [], ['IDA', 'IEA'], [], [], [], [], [], [], [], [], ['IEA'], [], ['ISS', 'IBA', 'TAS', 'IEA'], [], ['IEA'], ['IEA'], [], [], [], [], [], ['IEA'], [], [], [], [], [], [], [], [], [], [], [], [], ['IEA'], [], [], [], ['EXP', 'IDA', 'IBA', 'TAS', 'IEA'], ['IEA'], [], ['IEA'], ['IEA'], [], [], [], [], [], ['IEA'], [], [], [], [], [], [], ['IEA'], ['TAS', 'IEA'], [], [], [], [], [], [], [], [], [], [], ['IEA'], ['IDA', 'IBA', 'TAS', 'IEA'], [], [], [], [], [], [], [], [], [], [], [], ['IDA', 'IMP', 'IEA'], [], [], [], [], ['IEA'], [], [], [], ['IEA'], [], [], ['IDA', 'IEA'], ['IDA', 'IEA'], [], [], [], [], [], [], [], [], [], ['IEA'], [], [], ['IEA'], ['IEA'], [], ['IEA'], [], [], [], ['IEA'], [], [], [], [], [], [], ['IEA'], [], [], [], ['IEA'], [], ['IDA', 'IBA', 'TAS', 'IEA'], [], ['IDA', 'IEA'], [], [], [], [], [], ['IDA', 'IBA', 'IEA'], [], ['IEA'], [], [], [], ['IBA', 'IEA'], [], [], [], [], ['IEA'], [], ['IBA', 'IEA'], [], [], [], [], [], [], []]",nucleoside phosphate binding,GO:1901265,0.002197892987774522,['GO:0005488'],0.24705882352941178,query_1,170,0.017326732673267328,True,GO:MF,2424,9873,1
"""Any vesicle that is part of the extracellular region."" [GO_REF:0000064, GOC:pm, GOC:TermGenie, PMID:24769233]",22149,39847,37,"[[], [], ['HDA'], [], ['HDA'], [], [], ['HDA'], [], [], [], [], [], [], ['HDA'], [], [], ['HDA'], [], [], [], [], [], ['HDA'], [], [], ['HDA'], [], [], [], [], ['HDA'], [], [], [], ['HDA'], [], ['HDA'], ['HDA'], [], [], ['HDA'], [], [], [], [], [], [], [], ['HDA'], [], [], [], [], ['HDA'], [], [], [], [], [], [], ['HDA'], [], [], [], [], [], [], [], [], [], [], [], ['HDA'], [], [], [], [], ['HDA'], [], [], [], ['HDA'], [], [], [], ['HDA'], [], [], ['HDA'], [], ['HDA'], [], [], [], [], [], [], [], [], [], ['HDA'], [], [], [], [], ['HDA'], [], [], [], [], [], [], [], [], [], ['HDA'], [], [], [], [], ['HDA'], [], ['IDA'], [], [], [], [], [], [], [], ['HDA'], [], [], [], [], [], [], [], [], ['HDA'], [], [], [], [], [], [], [], [], ['HDA'], [], [], [], [], [], [], [], [], [], [], [], ['HDA'], [], [], ['HDA'], [], [], [], [], ['HDA'], ['HDA'], [], [], [], [], [], [], [], [], [], [], [], ['IDA', 'HDA'], ['HDA'], ['HDA'], [], [], [], ['HDA'], [], [], [], [], [], [], []]",extracellular vesicle,GO:1903561,0.0023346069718258276,"['GO:0031982', 'GO:0065010']",0.20555555555555555,query_1,180,0.017281644091546006,True,GO:CC,2141,3657,3
"""Organized structure of distinctive morphology and function, bounded by a lipid bilayer membrane and occurring outside the cell."" [GOC:isa_complete]",22149,38523,37,"[[], [], ['HDA'], [], ['HDA'], [], [], ['HDA'], [], [], [], [], [], [], ['HDA'], [], [], ['HDA'], [], [], [], [], [], ['HDA'], [], [], ['HDA'], [], [], [], [], ['HDA'], [], [], [], ['HDA'], [], ['HDA'], ['HDA'], [], [], ['HDA'], [], [], [], [], [], [], [], ['HDA'], [], [], [], [], ['HDA'], [], [], [], [], [], [], ['HDA'], [], [], [], [], [], [], [], [], [], [], [], ['HDA'], [], [], [], [], ['HDA'], [], [], [], ['HDA'], [], [], [], ['HDA'], [], [], ['HDA'], [], ['HDA'], [], [], [], [], [], [], [], [], [], ['HDA'], [], [], [], [], ['HDA'], [], [], [], [], [], [], [], [], [], ['HDA'], [], [], [], [], ['HDA'], [], ['IDA'], [], [], [], [], [], [], [], ['HDA'], [], [], [], [], [], [], [], [], ['HDA'], [], [], [], [], [], [], [], [], ['HDA'], [], [], [], [], [], [], [], [], [], [], [], ['HDA'], [], [], ['HDA'], [], [], [], [], ['HDA'], ['HDA'], [], [], [], [], [], [], [], [], [], [], [], ['IDA', 'HDA'], ['HDA'], ['HDA'], [], [], [], ['HDA'], [], [], [], [], [], [], []]",extracellular membrane-bounded organelle,GO:0065010,0.002359434853599462,"['GO:0043227', 'GO:0043230']",0.20555555555555555,query_1,180,0.01727357609710551,True,GO:CC,2142,2333,3
"""Organized structure of distinctive morphology and function, occurring outside the cell. Includes, for example, extracellular membrane vesicles (EMVs) and the cellulosomes of anaerobic bacteria and fungi."" [GOC:jl, PMID:9914479]",22149,38034,37,"[[], [], ['HDA'], [], ['HDA'], [], [], ['HDA'], [], [], [], [], [], [], ['HDA'], [], [], ['HDA'], [], [], [], [], [], ['HDA'], [], [], ['HDA'], [], [], [], [], ['HDA'], [], [], [], ['HDA'], [], ['HDA'], ['HDA'], [], [], ['HDA'], [], [], [], [], [], [], [], ['HDA'], [], [], [], [], ['HDA'], [], [], [], [], [], [], ['HDA'], [], [], [], [], [], [], [], [], [], [], [], ['HDA'], [], [], [], [], ['HDA'], [], [], [], ['HDA'], [], [], [], ['HDA'], [], [], ['HDA'], [], ['HDA'], [], [], [], [], [], [], [], [], [], ['HDA'], [], [], [], [], ['HDA'], [], [], [], [], [], [], [], [], [], ['HDA'], [], [], [], [], ['HDA'], [], ['IDA'], [], [], [], [], [], [], [], ['HDA'], [], [], [], [], [], [], [], [], ['HDA'], [], [], [], [], [], [], [], [], ['HDA'], [], [], [], [], [], [], [], [], [], [], [], ['HDA'], [], [], ['HDA'], [], [], [], [], ['HDA'], ['HDA'], [], [], [], [], [], [], [], [], [], [], [], ['IDA', 'HDA'], ['HDA'], ['HDA'], [], [], [], ['HDA'], [], [], [], [], [], [], []]",extracellular organelle,GO:0043230,0.002359434853599462,"['GO:0005576', 'GO:0043226']",0.20555555555555555,query_1,180,0.01727357609710551,True,GO:CC,2142,1844,3
"""The part of the cytoskeleton (the internal framework of a cell) composed of actin and associated proteins. Includes actin cytoskeleton-associated complexes."" [GOC:jl, ISBN:0395825172, ISBN:0815316194]",22149,36876,16,"[[], [], [], [], [], [], [], [], [], [], [], [], [], ['IBA'], [], [], [], [], [], [], [], [], [], [], [], [], [], [], [], [], [], ['TAS', 'IEA'], ['IDA', 'IBA'], ['IDA', 'IBA'], [], [], [], ['IDA', 'IBA', 'IEA'], ['ISS', 'IEA'], [], [], [], [], [], [], [], [], [], [], [], [], [], [], [], [], [], [], [], ['IEA'], [], [], [], [], [], [], [], [], [], [], ['IEA'], [], [], [], [], [], [], [], [], [], [], [], [], [], [], [], [], [], [], [], [], [], [], [], [], [], [], [], [], [], [], [], [], [], [], [], [], [], [], [], [], [], [], ['IDA'], [], [], [], [], [], [], [], [], [], [], [], [], [], [], ['ISS'], [], [], [], [], [], [], [], [], [], [], [], [], [], [], [], ['TAS'], [], [], [], [], [], [], [], [], [], [], ['ISS'], [], [], ['IDA', 'IEA'], [], [], [], [], [], [], [], [], ['IDA', 'IBA'], [], [], ['IDA', 'IBA'], [], [], [], [], [], [], [], [], [], [], [], [], [], [], [], [], [], [], [], [], ['IEA'], [], [], [], [], []]",actin cytoskeleton,GO:0015629,0.0023864008126801717,['GO:0005856'],0.08888888888888889,query_1,180,0.0299625468164794,True,GO:CC,534,686,4
CD22 mediated BCR regulation,11004,41051,7,"[[], [], ['REAC'], [], ['REAC'], [], [], [], [], [], [], [], [], [], [], [], [], [], [], [], [], [], ['REAC'], [], [], [], ['REAC'], [], [], [], [], [], [], [], [], [], [], [], [], [], ['REAC'], [], [], [], [], [], [], [], [], [], [], [], [], [], [], [], [], [], [], [], ['REAC'], [], [], [], [], [], [], [], [], [], [], [], [], [], [], [], [], [], [], [], [], [], [], [], [], [], [], [], [], [], [], [], [], [], [], [], [], [], [], [], [], [], [], [], [], [], [], [], [], [], [], [], [], [], [], [], ['REAC'], [], [], [], [], [], [], [], [], [], [], [], [], [], [], [], [], [], [], [], [], [], [], [], [], [], [], [], [], [], [], [], [], [], [], [], [], [], [], [], [], [], [], [], [], [], [], [], [], [], [], [], [], [], [], [], [], [], [], [], [], [], [], [], [], [], [], [], [], [], [], [], [], [], [], [], [], [], [], []]",CD22 mediated BCR regulation,REAC:R-HSA-5690714,0.0024485572099708958,['REAC:R-HSA-983705'],0.05384615384615385,query_1,130,0.11666666666666667,True,REAC,60,268,38
Classical antibody-mediated complement activation,11004,41156,7,"[[], [], ['REAC'], [], ['REAC'], [], [], [], [], [], [], [], [], [], [], [], [], [], [], [], [], [], ['REAC'], [], [], [], ['REAC'], [], [], [], [], [], [], [], [], [], [], [], [], [], ['REAC'], [], [], [], [], [], [], [], [], [], [], [], [], [], [], [], [], [], [], [], ['REAC'], [], [], [], [], [], [], [], [], [], [], [], [], [], [], [], [], [], [], [], [], [], [], [], [], [], [], [], [], [], [], [], [], [], [], [], [], [], [], [], [], [], [], [], [], [], [], [], [], [], [], [], [], [], [], [], ['REAC'], [], [], [], [], [], [], [], [], [], [], [], [], [], [], [], [], [], [], [], [], [], [], [], [], [], [], [], [], [], [], [], [], [], [], [], [], [], [], [], [], [], [], [], [], [], [], [], [], [], [], [], [], [], [], [], [], [], [], [], [], [], [], [], [], [], [], [], [], [], [], [], [], [], [], [], [], [], [], []]",Classical antibody-mediated complement activation,REAC:R-HSA-173623,0.0027390146598317046,['REAC:R-HSA-166786'],0.05384615384615385,query_1,130,0.11475409836065574,True,REAC,61,373,32
"""Any process in which a protein is maintained in the nucleus and prevented from moving elsewhere. These include sequestration within the nucleus, protein stabilization to prevent transport elsewhere and the active retrieval of proteins that escape the nucleus."" [GOC:ai]",21026,23686,5,"[[], [], [], [], [], [], [], [], [], [], [], [], [], [], [], [], [], [], [], [], [], [], [], [], [], [], [], [], [], [], ['IMP'], [], [], [], [], [], [], [], [], [], [], [], [], [], [], [], [], [], [], [], [], [], [], [], [], [], [], [], ['IDA'], [], [], [], [], [], [], [], [], [], [], [], [], [], [], [], [], [], [], [], [], [], [], [], [], [], [], [], [], [], [], [], [], [], [], [], [], [], [], [], [], [], [], [], [], [], [], [], [], ['IDA'], [], [], [], [], [], [], [], [], [], ['IDA'], [], [], [], [], [], [], [], [], [], [], [], [], [], [], [], [], ['IMP'], [], [], [], [], [], [], [], [], [], [], [], [], [], [], [], [], [], [], [], [], [], [], [], [], [], [], [], [], [], [], [], [], [], [], [], [], [], [], [], [], [], [], [], [], [], [], [], [], [], [], [], [], [], [], [], [], [], [], [], [], []]",maintenance of protein location in nucleus,GO:0051457,0.0027618617747704765,"['GO:0034504', 'GO:0072595']",0.02824858757062147,query_1,177,0.20833333333333334,True,GO:BP,24,13532,16
"""Any process that modulates the frequency, rate or extent of a multicellular organismal process, the processes pertinent to the function of a multicellular organism above the cellular level; includes the integrated processes of tissues and organs."" [GOC:ai, GOC:dph, GOC:tb]",21026,23561,49,"[[], [], [], ['IMP', 'IEA'], [], [], [], ['IMP'], [], [], [], ['IMP', 'IEA'], [], [], [], [], [], [], [], [], [], [], [], [], ['IMP'], [], [], [], [], [], ['IMP'], [], ['IDA', 'ISS'], [], [], [], ['ISS', 'IEA'], [], [], [], [], ['IDA'], ['IDA', 'ISS'], [], [], [], [], ['IMP', 'IGI', 'ISS', 'TAS'], [], [], [], [], [], [], ['IEA'], [], ['IEA'], [], ['IEA'], [], [], [], [], [], ['IDA'], [], [], [], [], [], ['IMP', 'IBA'], ['NAS'], ['IMP'], [], [], ['NAS'], [], [], [], ['IEA'], [], [], [], [], [], [], [], [], [], [], [], [], ['NAS'], [], [], [], [], [], [], [], [], ['IMP'], ['NAS'], [], [], [], [], [], [], [], [], [], ['IDA', 'IMP', 'ISS'], [], ['ISS', 'IEA'], [], [], [], ['IDA', 'IBA'], ['ISS', 'IEA'], [], ['IEA'], [], ['IDA', 'IMP'], ['IMP', 'ISS', 'IEA'], [], ['ISS', 'IEA'], [], [], [], ['IDA', 'IMP'], ['ISS', 'IBA', 'IEA'], [], [], [], [], [], [], [], ['IDA', 'IMP', 'ISS'], [], [], [], [], [], ['ISS', 'TAS'], ['IDA', 'IEA'], ['IDA', 'TAS'], [], [], ['IMP', 'IEA'], [], ['IEA'], [], [], [], [], [], [], [], ['IDA'], ['ISS'], [], ['IBA', 'IEA'], [], [], [], [], ['IEA'], [], [], [], [], [], [], ['IDA', 'IMP', 'ISS'], [], [], [], ['ISS', 'IEA'], [], [], ['IDA', 'IEA'], [], [], ['ISS'], ['ISS', 'IEA'], ['ISS', 'TAS', 'NAS', 'IEA'], [], [], [], ['IMP', 'ISS', 'IEA'], [], [], [], []]",regulation of multicellular organismal process,GO:0051239,0.0028134122046509463,"['GO:0032501', 'GO:0050789']",0.2768361581920904,query_1,177,0.016576454668470908,True,GO:BP,2956,13407,11
"""The internal volume enclosed by the membranes of a particular organelle; includes the volume enclosed by a single organelle membrane, e.g. endoplasmic reticulum lumen, or the volume enclosed by the innermost of the two lipid bilayers of an organelle envelope, e.g. nuclear lumen."" [GOC:jl, GOC:mah]",22149,38037,82,"[[], [], [], ['IDA', 'TAS'], [], [], [], [], ['IEA'], [], ['IDA', 'TAS'], ['IDA', 'TAS', 'IEA'], ['IEA'], [], [], [], ['IEA'], [], ['IDA', 'TAS'], [], ['IDA'], [], [], ['TAS'], ['TAS'], ['IDA', 'IBA', 'IEA'], [], [], [], ['IDA', 'TAS'], ['IDA', 'IMP', 'TAS', 'IEA'], [], [], [], [], ['IDA'], ['TAS'], [], [], [], [], ['TAS'], ['IDA', 'NAS'], [], [], [], [], [], [], [], ['IDA'], [], ['TAS', 'IEA'], [], ['IDA', 'TAS'], ['IDA', 'IBA', 'IEA'], ['IDA'], [], ['IDA'], [], [], [], [], [], [], [], [], [], [], ['IDA'], [], ['IDA', 'IBA', 'TAS'], [], [], [], ['IDA', 'TAS'], ['IDA', 'TAS', 'IEA'], ['IEA'], ['IDA', 'NAS', 'IEA'], [], ['IDA'], [], ['IDA', 'TAS', 'IEA'], ['TAS'], [], [], ['IDA'], [], [], ['TAS'], [], [], [], ['IDA'], [], [], ['IDA', 'IBA', 'TAS', 'IEA'], ['TAS'], [], [], ['IEA'], ['IDA', 'TAS', 'IEA'], ['IDA', 'TAS', 'IEA'], [], [], [], [], ['IDA', 'IPI', 'ISS', 'IBA', 'TAS', 'IEA'], ['TAS'], [], ['TAS'], [], ['TAS'], [], [], [], [], ['IDA', 'TAS', 'IEA'], [], ['IDA', 'TAS'], ['IDA', 'IEA'], [], [], ['TAS'], ['TAS'], [], ['TAS'], ['IEA'], [], [], [], [], [], [], ['IDA', 'TAS', 'IEA'], [], [], [], [], [], [], [], [], [], ['IDA', 'TAS', 'IEA'], ['TAS'], [], ['IDA', 'TAS'], ['IDA'], ['TAS'], ['IEA'], [], ['IDA'], ['IDA', 'IPI', 'IBA', 'TAS', 'IEA'], [], [], ['IDA'], [], ['IDA'], [], ['IDA'], [], [], ['IDA', 'IBA'], ['TAS', 'IEA'], [], ['IDA'], [], [], [], [], [], ['IDA', 'TAS'], ['TAS'], [], ['IDA', 'TAS'], [], [], ['IDA', 'IBA', 'IEA'], ['IDA'], [], ['IDA', 'TAS'], ['TAS'], ['TAS'], [], [], ['IDA', 'TAS', 'IEA'], ['IDA'], [], ['IDA'], ['IDA', 'TAS'], ['IDA', 'TAS'], ['IBA'], ['IDA', 'IBA', 'NAS'], ['IDA', 'IBA', 'TAS', 'IEA'], []]",organelle lumen,GO:0043233,0.0029163058718879326,"['GO:0031974', 'GO:0043226']",0.45555555555555555,query_1,180,0.012247946228528752,True,GO:CC,6695,1847,3
"""An organelle lumen that is part of an intracellular organelle."" [GOC:mah]",22149,38524,82,"[[], [], [], ['IDA', 'TAS'], [], [], [], [], ['IEA'], [], ['IDA', 'TAS'], ['IDA', 'TAS', 'IEA'], ['IEA'], [], [], [], ['IEA'], [], ['IDA', 'TAS'], [], ['IDA'], [], [], ['TAS'], ['TAS'], ['IDA', 'IBA', 'IEA'], [], [], [], ['IDA', 'TAS'], ['IDA', 'IMP', 'TAS', 'IEA'], [], [], [], [], ['IDA'], ['TAS'], [], [], [], [], ['TAS'], ['IDA', 'NAS'], [], [], [], [], [], [], [], ['IDA'], [], ['TAS', 'IEA'], [], ['IDA', 'TAS'], ['IDA', 'IBA', 'IEA'], ['IDA'], [], ['IDA'], [], [], [], [], [], [], [], [], [], [], ['IDA'], [], ['IDA', 'IBA', 'TAS'], [], [], [], ['IDA', 'TAS'], ['IDA', 'TAS', 'IEA'], ['IEA'], ['IDA', 'NAS', 'IEA'], [], ['IDA'], [], ['IDA', 'TAS', 'IEA'], ['TAS'], [], [], ['IDA'], [], [], ['TAS'], [], [], [], ['IDA'], [], [], ['IDA', 'IBA', 'TAS', 'IEA'], ['TAS'], [], [], ['IEA'], ['IDA', 'TAS', 'IEA'], ['IDA', 'TAS', 'IEA'], [], [], [], [], ['IDA', 'IPI', 'ISS', 'IBA', 'TAS', 'IEA'], ['TAS'], [], ['TAS'], [], ['TAS'], [], [], [], [], ['IDA', 'TAS', 'IEA'], [], ['IDA', 'TAS'], ['IDA', 'IEA'], [], [], ['TAS'], ['TAS'], [], ['TAS'], ['IEA'], [], [], [], [], [], [], ['IDA', 'TAS', 'IEA'], [], [], [], [], [], [], [], [], [], ['IDA', 'TAS', 'IEA'], ['TAS'], [], ['IDA', 'TAS'], ['IDA'], ['TAS'], ['IEA'], [], ['IDA'], ['IDA', 'IPI', 'IBA', 'TAS', 'IEA'], [], [], ['IDA'], [], ['IDA'], [], ['IDA'], [], [], ['IDA', 'IBA'], ['TAS', 'IEA'], [], ['IDA'], [], [], [], [], [], ['IDA', 'TAS'], ['TAS'], [], ['IDA', 'TAS'], [], [], ['IDA', 'IBA', 'IEA'], ['IDA'], [], ['IDA', 'TAS'], ['TAS'], ['TAS'], [], [], ['IDA', 'TAS', 'IEA'], ['IDA'], [], ['IDA'], ['IDA', 'TAS'], ['IDA', 'TAS'], ['IBA'], ['IDA', 'IBA', 'NAS'], ['IDA', 'IBA', 'TAS', 'IEA'], []]",intracellular organelle lumen,GO:0070013,0.0029163058718879326,"['GO:0043229', 'GO:0043233']",0.45555555555555555,query_1,180,0.012247946228528752,True,GO:CC,6695,2334,3
"""The enclosed volume within a sealed membrane or between two sealed membranes. Encompasses the volume enclosed by the membranes of a particular organelle, e.g. endoplasmic reticulum lumen, or the space between the two lipid bilayers of a double membrane surrounding an organelle, e.g. nuclear envelope lumen."" [GOC:add, GOC:mah]",22149,37383,82,"[[], [], [], ['IDA', 'TAS'], [], [], [], [], ['IEA'], [], ['IDA', 'TAS'], ['IDA', 'TAS', 'IEA'], ['IEA'], [], [], [], ['IEA'], [], ['IDA', 'TAS'], [], ['IDA'], [], [], ['TAS'], ['TAS'], ['IDA', 'IBA', 'IEA'], [], [], [], ['IDA', 'TAS'], ['IDA', 'IMP', 'TAS', 'IEA'], [], [], [], [], ['IDA'], ['TAS'], [], [], [], [], ['TAS'], ['IDA', 'NAS'], [], [], [], [], [], [], [], ['IDA'], [], ['TAS', 'IEA'], [], ['IDA', 'TAS'], ['IDA', 'IBA', 'IEA'], ['IDA'], [], ['IDA'], [], [], [], [], [], [], [], [], [], [], ['IDA'], [], ['IDA', 'IBA', 'TAS'], [], [], [], ['IDA', 'TAS'], ['IDA', 'TAS', 'IEA'], ['IEA'], ['IDA', 'NAS', 'IEA'], [], ['IDA'], [], ['IDA', 'TAS', 'IEA'], ['TAS'], [], [], ['IDA'], [], [], ['TAS'], [], [], [], ['IDA'], [], [], ['IDA', 'IBA', 'TAS', 'IEA'], ['TAS'], [], [], ['IEA'], ['IDA', 'TAS', 'IEA'], ['IDA', 'TAS', 'IEA'], [], [], [], [], ['IDA', 'IPI', 'ISS', 'IBA', 'TAS', 'IEA'], ['TAS'], [], ['TAS'], [], ['TAS'], [], [], [], [], ['IDA', 'TAS', 'IEA'], [], ['IDA', 'TAS'], ['IDA', 'IEA'], [], [], ['TAS'], ['TAS'], [], ['TAS'], ['IEA'], [], [], [], [], [], [], ['IDA', 'TAS', 'IEA'], [], [], [], [], [], [], [], [], [], ['IDA', 'TAS', 'IEA'], ['TAS'], [], ['IDA', 'TAS'], ['IDA'], ['TAS'], ['IEA'], [], ['IDA'], ['IDA', 'IPI', 'IBA', 'TAS', 'IEA'], [], [], ['IDA'], [], ['IDA'], [], ['IDA'], [], [], ['IDA', 'IBA'], ['TAS', 'IEA'], [], ['IDA'], [], [], [], [], [], ['IDA', 'TAS'], ['TAS'], [], ['IDA', 'TAS'], [], [], ['IDA', 'IBA', 'IEA'], ['IDA'], [], ['IDA', 'TAS'], ['TAS'], ['TAS'], [], [], ['IDA', 'TAS', 'IEA'], ['IDA'], [], ['IDA'], ['IDA', 'TAS'], ['IDA', 'TAS'], ['IBA'], ['IDA', 'IBA', 'NAS'], ['IDA', 'IBA', 'TAS', 'IEA'], []]",membrane-enclosed lumen,GO:0031974,0.0029163058718879326,['GO:0110165'],0.45555555555555555,query_1,180,0.012247946228528752,True,GO:CC,6695,1193,3
"""Any process in which a substance or cellular entity, such as a protein complex or organelle, is maintained in a specific location within, or in the membrane of, a cell, and is prevented from moving elsewhere."" [GOC:ai]",21026,23828,11,"[[], [], [], [], [], [], [], [], [], [], [], [], [], [], [], [], [], [], [], [], [], [], [], [], [], [], [], [], [], [], ['IMP'], [], [], [], [], [], [], [], [], [], [], [], [], [], [], [], [], ['IGI', 'ISS'], [], [], [], [], [], [], [], [], [], [], ['IDA'], [], [], [], [], [], [], [], [], [], [], [], [], [], ['IMP', 'IBA'], [], [], [], [], [], [], [], [], [], ['NAS'], [], [], [], [], [], [], [], [], [], [], [], [], [], [], [], [], [], [], [], [], [], [], [], [], ['IDA'], [], [], [], [], [], [], [], [], [], ['IDA'], [], [], [], [], [], [], [], [], [], [], [], [], [], ['IDA', 'IBA', 'IEA'], [], ['IDA'], ['IMP'], [], [], [], [], [], [], [], [], [], [], ['IDA', 'ISS', 'TAS'], [], [], [], [], [], [], [], [], [], [], [], [], [], [], [], [], [], [], [], [], [], [], [], [], [], [], [], [], [], [], [], [], [], [], [], [], [], [], [], [], [], [], [], [], [], [], [], [], [], []]",maintenance of location in cell,GO:0051651,0.0029381233017925505,"['GO:0009987', 'GO:0051235', 'GO:0051641']",0.062146892655367235,query_1,177,0.052884615384615384,True,GO:BP,208,13674,12
"""That part of the nuclear content other than the chromosomes or the nucleolus."" [GOC:ma, ISBN:0124325653]",22149,36437,59,"[[], [], [], ['IDA', 'TAS'], [], [], [], [], [], [], [], ['IDA', 'TAS'], [], [], [], [], [], [], ['IDA', 'TAS'], [], ['IDA'], [], [], [], ['TAS'], ['IDA'], [], [], [], ['IDA', 'TAS'], ['IDA', 'TAS', 'IEA'], [], [], [], [], ['IDA'], ['TAS'], [], [], [], [], [], ['IDA'], [], [], [], [], [], [], [], ['IDA'], [], ['TAS', 'IEA'], [], ['IDA'], [], ['IDA'], [], ['IDA'], [], [], [], [], [], [], [], [], [], [], ['IDA'], [], ['IDA', 'IBA', 'TAS'], [], [], [], ['IDA', 'TAS'], ['IEA'], [], ['IDA', 'NAS', 'IEA'], [], ['IDA'], [], [], [], [], [], ['IDA'], [], [], ['TAS'], [], [], [], ['IDA'], [], [], ['IDA', 'IBA', 'TAS', 'IEA'], ['TAS'], [], [], ['IEA'], ['IDA', 'TAS', 'IEA'], ['IDA', 'TAS', 'IEA'], [], [], [], [], ['IDA', 'IPI', 'ISS', 'IBA', 'TAS', 'IEA'], [], [], ['TAS'], [], [], [], [], [], [], ['IDA', 'TAS', 'IEA'], [], ['IDA', 'TAS'], ['IDA', 'IEA'], [], [], ['TAS'], ['TAS'], [], ['TAS'], [], [], [], [], [], [], [], ['IDA', 'TAS', 'IEA'], [], [], [], [], [], [], [], [], [], ['IDA', 'TAS', 'IEA'], [], [], ['IDA', 'TAS'], ['IDA'], [], ['IEA'], [], ['IDA'], ['IDA', 'IPI', 'IBA', 'TAS', 'IEA'], [], [], ['IDA'], [], ['IDA'], [], ['IDA'], [], [], ['IDA', 'IBA'], [], [], ['IDA'], [], [], [], [], [], ['IDA', 'TAS'], [], [], ['IDA', 'TAS'], [], [], [], ['IDA'], [], [], [], [], [], [], ['IDA', 'TAS'], ['IDA'], [], [], ['IDA', 'TAS'], ['IDA', 'TAS'], ['IBA'], [], ['TAS'], []]",nucleoplasm,GO:0005654,0.0030396044253210544,"['GO:0031981', 'GO:0110165']",0.3277777777777778,query_1,180,0.013866039952996475,True,GO:CC,4255,247,3
"""A cell-substrate junction that anchors the cell to the extracellular matrix and that forms a point of termination of actin filaments. In insects focal adhesion has also been referred to as hemi-adherens junction (HAJ)."" [GOC:aruk, GOC:bc, ISBN:0124325653, ISBN:0815316208, PMID:10419689, PMID:12191915, PMID:15246682, PMID:1643657, PMID:16805308, PMID:19197329, PMID:23033047, PMID:26923917, PMID:28796323, PMID:8314002]",22149,36628,14,"[[], [], [], [], [], [], [], [], [], [], [], [], [], ['IDA', 'HDA', 'IBA'], [], [], [], [], [], [], [], [], [], [], [], [], [], [], [], [], [], ['HDA', 'IEA'], [], [], [], [], [], [], ['IDA', 'HDA', 'IBA'], [], [], [], [], [], [], [], [], [], [], ['IDA', 'HDA'], [], [], [], [], [], [], [], [], [], [], [], [], [], [], [], [], [], [], [], ['HDA', 'IBA'], [], [], [], [], [], [], [], [], [], [], [], [], ['HDA'], [], [], [], [], [], [], [], [], [], [], [], [], [], [], [], [], [], [], [], [], [], [], [], ['HDA'], [], [], [], [], [], ['IDA'], [], [], [], [], [], [], [], [], ['HDA'], [], [], [], [], [], ['IDA', 'IEA'], [], [], ['HDA'], [], [], [], [], [], [], [], [], [], [], [], [], ['IEA'], [], [], [], [], [], [], [], [], [], [], [], [], [], ['IDA', 'HDA'], [], [], [], [], [], [], [], [], ['IDA', 'HDA', 'IEA'], [], [], [], [], [], [], [], [], [], [], [], [], [], [], [], [], [], [], [], [], [], [], [], [], [], [], [], [], []]",focal adhesion,GO:0005925,0.0032218935088424746,['GO:0030055'],0.07777777777777778,query_1,180,0.03286384976525822,True,GO:CC,426,438,6
Leishmania infection,11004,42106,12,"[[], [], ['REAC'], [], ['REAC'], [], [], [], [], [], [], [], [], [], [], [], [], [], [], [], [], [], ['REAC'], [], [], [], ['REAC'], [], [], [], [], [], [], [], [], [], [], ['REAC'], [], [], ['REAC'], [], [], [], [], [], [], [], [], [], [], [], [], [], [], [], [], [], [], [], ['REAC'], [], [], [], [], [], [], ['REAC'], [], [], [], [], [], [], [], [], [], [], [], [], [], [], [], [], [], [], [], [], [], [], [], [], [], [], [], [], [], [], [], [], [], [], [], [], [], [], [], [], [], [], [], [], ['REAC'], [], [], [], ['REAC'], [], [], [], [], [], [], [], [], [], [], [], [], [], [], ['REAC'], [], [], [], [], [], [], [], [], [], [], [], [], [], [], [], [], [], [], [], [], [], [], [], [], [], [], [], [], [], ['REAC'], [], [], [], [], [], [], [], [], [], [], [], [], [], [], [], [], [], [], [], [], [], [], [], [], [], [], [], [], [], [], [], [], [], []]",Leishmania infection,REAC:R-HSA-9658195,0.003226499517267984,['REAC:R-HSA-9824443'],0.09230769230769231,query_1,130,0.056074766355140186,True,REAC,214,1323,30
Parasitic Infection Pathways,11004,42513,12,"[[], [], ['REAC'], [], ['REAC'], [], [], [], [], [], [], [], [], [], [], [], [], [], [], [], [], [], ['REAC'], [], [], [], ['REAC'], [], [], [], [], [], [], [], [], [], [], ['REAC'], [], [], ['REAC'], [], [], [], [], [], [], [], [], [], [], [], [], [], [], [], [], [], [], [], ['REAC'], [], [], [], [], [], [], ['REAC'], [], [], [], [], [], [], [], [], [], [], [], [], [], [], [], [], [], [], [], [], [], [], [], [], [], [], [], [], [], [], [], [], [], [], [], [], [], [], [], [], [], [], [], [], ['REAC'], [], [], [], ['REAC'], [], [], [], [], [], [], [], [], [], [], [], [], [], [], ['REAC'], [], [], [], [], [], [], [], [], [], [], [], [], [], [], [], [], [], [], [], [], [], [], [], [], [], [], [], [], [], ['REAC'], [], [], [], [], [], [], [], [], [], [], [], [], [], [], [], [], [], [], [], [], [], [], [], [], [], [], [], [], [], [], [], [], [], []]",Parasitic Infection Pathways,REAC:R-HSA-9824443,0.003226499517267984,['REAC:R-HSA-5663205'],0.09230769230769231,query_1,130,0.056074766355140186,True,REAC,214,1730,30
"""Any complex of actin, myosin, and accessory proteins."" [GOC:go_curators]",22149,37969,7,"[[], [], [], [], [], [], [], [], [], [], [], [], [], ['IBA'], [], [], [], [], [], [], [], [], [], [], [], [], [], [], [], [], [], ['IEA'], [], [], [], [], [], [], [], [], [], [], [], [], [], [], [], [], [], [], [], [], [], [], [], [], [], [], [], [], [], [], [], [], [], [], [], [], [], ['IEA'], [], [], [], [], [], [], [], [], [], [], [], [], [], [], [], [], [], [], [], [], [], [], [], [], [], [], [], [], [], [], [], [], [], [], [], [], [], [], [], [], [], [], [], [], [], [], [], [], [], [], [], [], [], [], [], [], [], ['ISS'], [], [], [], [], [], [], [], [], [], [], [], [], [], [], [], [], [], [], [], [], [], [], [], [], [], [], [], [], [], ['IEA'], [], [], [], [], [], [], [], [], ['IDA', 'IBA'], [], [], ['IDA', 'IBA'], [], [], [], [], [], [], [], [], [], [], [], [], [], [], [], [], [], [], [], [], [], [], [], [], [], []]",actomyosin,GO:0042641,0.003260721329019875,"['GO:0015629', 'GO:0110165']",0.03888888888888889,query_1,180,0.07526881720430108,True,GO:CC,93,1779,4
"""Binding to a macromolecular complex."" [GOC:jl]",20246,5529,28,"[[], [], [], [], [], [], [], [], [], [], [], ['IDA'], [], [], [], [], [], [], [], [], [], [], [], ['IDA'], ['IEA'], [], [], [], [], [], [], ['IEA'], ['IDA', 'NAS'], [], [], [], [], ['IBA'], ['IEA'], [], [], [], [], [], [], [], [], ['IPI', 'IBA'], [], ['IMP', 'IBA', 'TAS', 'IEA'], [], [], [], [], [], [], [], [], ['ISS'], [], [], ['IBA'], ['IDA', 'IBA'], [], [], [], [], [], ['IMP', 'IBA'], ['IPI'], ['IBA'], ['IBA'], [], [], [], [], [], [], [], [], [], [], [], [], [], [], [], [], [], [], [], [], ['IPI'], [], ['IDA', 'IEA'], [], [], [], [], [], [], [], [], [], [], [], [], [], [], [], [], [], ['IPI'], [], [], [], [], [], [], [], [], [], [], [], [], [], [], [], [], [], ['IDA'], [], [], [], ['IDA'], [], [], [], [], [], [], [], ['IPI'], [], ['IDA'], [], [], [], [], [], [], [], [], [], [], [], [], [], [], [], [], ['IBA', 'IEA'], [], [], [], [], [], [], [], [], [], [], [], [], [], [], [], [], [], [], [], [], ['IDA', 'IPI', 'IMP', 'IBA', 'NAS'], [], ['IDA', 'IBA', 'IEA'], [], [], [], ['IDA'], [], [], ['IEA'], [], [], [], []]",protein-containing complex binding,GO:0044877,0.003347474594943651,['GO:0005488'],0.16470588235294117,query_1,170,0.0213089802130898,True,GO:MF,1314,5529,1
"""Binding to heterocyclic compound."" [GOC:TermGenie]",20246,9876,43,"[[], [], [], [], [], ['IEA'], [], [], [], [], [], ['IEA'], [], [], ['IEA'], [], [], [], [], ['TAS', 'IEA'], [], [], [], [], [], ['IEA'], [], [], [], [], [], [], [], ['IDA', 'TAS', 'IEA'], [], [], [], ['IEA'], [], [], [], [], ['IDA', 'IEA'], [], [], [], [], [], [], [], [], ['IEA'], [], ['ISS', 'IBA', 'TAS', 'IEA'], [], ['IEA'], ['IEA'], [], [], [], [], [], ['IEA'], [], [], [], [], [], [], [], [], [], [], [], [], ['IEA'], [], [], [], ['EXP', 'IDA', 'IBA', 'TAS', 'IEA'], ['IEA'], [], ['IEA'], ['IEA'], [], [], [], [], [], ['IEA'], [], [], [], [], [], [], ['IEA'], ['TAS', 'IEA'], [], [], [], [], [], [], [], [], [], [], ['IEA'], ['IDA', 'IBA', 'TAS', 'IEA'], [], [], [], [], [], [], [], [], [], [], [], ['IDA', 'IMP', 'IEA'], [], [], [], [], ['IEA'], [], [], [], ['IEA'], [], [], ['IDA', 'IEA'], ['IDA', 'IEA'], [], [], [], [], [], ['IEA'], [], [], [], ['IEA'], [], [], ['IEA'], ['IEA'], [], ['IEA'], [], [], [], ['IEA'], [], [], [], [], [], [], ['IEA'], [], [], [], ['IEA'], [], ['IDA', 'IBA', 'TAS', 'IEA'], [], ['IDA', 'IEA'], [], [], [], [], [], ['IDA', 'IBA', 'IEA'], [], ['IEA'], [], [], [], ['IBA', 'IEA'], [], [], [], [], ['IEA'], [], ['IBA', 'IEA'], [], [], [], [], [], [], []]",heterocyclic compound binding,GO:1901363,0.003542006185680509,['GO:0036094'],0.2529411764705882,query_1,170,0.016810007818608287,True,GO:MF,2558,9876,1
Graft-versus-host disease,8484,40700,5,"[[], ['KEGG'], [], [], [], [], [], ['KEGG'], [], [], [], [], [], [], [], [], [], [], [], [], [], [], [], [], [], [], [], [], [], [], [], [], [], [], [], [], [], [], [], [], [], [], [], [], [], [], [], [], [], [], [], [], [], [], [], [], [], [], [], [], [], [], [], [], [], [], [], [], [], [], ['KEGG'], [], [], [], [], [], [], [], [], [], [], [], [], [], [], [], ['KEGG'], [], [], [], [], [], ['KEGG'], [], [], [], [], [], [], [], [], [], [], [], [], [], [], [], [], [], [], [], [], [], [], [], [], [], [], [], [], [], [], [], [], [], [], [], [], [], [], [], [], [], [], [], [], [], [], [], [], [], [], [], [], [], [], [], [], [], [], [], [], [], [], [], [], [], [], [], [], [], [], [], [], [], [], [], [], [], [], [], [], [], [], [], [], [], [], [], [], [], [], [], [], [], [], [], [], [], [], [], [], [], [], []]",Graft-versus-host disease,KEGG:05332,0.003866548517801351,['KEGG:00000'],0.05434782608695652,query_1,92,0.13513513513513514,True,KEGG,37,487,23
"""A cell junction that forms a connection between a cell and the extracellular matrix."" [GOC:aruk, GOC:bc, GOC:hb, GOC:mah, PMID:10419689, PMID:1643657, PMID:16805308, PMID:26923917, PMID:8314002]",22149,37035,14,"[[], [], [], [], [], [], [], [], [], [], [], [], [], ['IDA', 'HDA', 'IBA'], [], [], [], [], [], [], [], [], [], [], [], [], [], [], [], [], [], ['HDA', 'IEA'], [], [], [], [], [], [], ['IDA', 'HDA', 'IBA', 'IEA'], [], [], [], [], [], [], [], [], [], [], ['IDA', 'HDA'], [], [], [], [], [], [], [], [], [], [], [], [], [], [], [], [], [], [], [], ['IDA', 'HDA', 'IBA', 'TAS', 'IEA'], [], [], [], [], [], [], [], [], [], [], [], [], ['HDA'], [], [], [], [], [], [], [], [], [], [], [], [], [], [], [], [], [], [], [], [], [], [], [], ['HDA'], [], [], [], [], [], ['IDA'], [], [], [], [], [], [], [], [], ['HDA'], [], [], [], [], [], ['IDA', 'ISS', 'IBA', 'IEA'], [], [], ['HDA'], [], [], [], [], [], [], [], [], [], [], [], [], ['IEA'], [], [], [], [], [], [], [], [], [], [], [], [], [], ['IDA', 'HDA'], [], [], [], [], [], [], [], [], ['IDA', 'HDA', 'IEA'], [], [], [], [], [], [], [], [], [], [], [], [], [], [], [], [], [], [], [], [], [], [], [], [], [], [], [], [], []]",cell-substrate junction,GO:0030055,0.004176448768089171,['GO:0070161'],0.07777777777777778,query_1,180,0.03211009174311927,True,GO:CC,436,845,6
Potential therapeutics for SARS,11004,42581,10,"[[], [], ['REAC'], [], ['REAC'], [], [], [], [], [], [], [], [], [], [], [], [], [], [], [], [], [], ['REAC'], [], [], [], ['REAC'], [], [], [], [], [], [], [], [], [], [], [], [], [], ['REAC'], [], [], [], [], [], [], [], [], [], [], [], [], [], [], [], [], [], [], [], ['REAC'], [], [], [], [], [], [], [], [], [], [], [], [], [], [], [], [], [], [], ['REAC'], [], [], [], [], [], [], [], [], [], [], [], [], [], [], [], [], [], [], [], [], [], [], [], [], [], [], [], [], [], [], [], [], [], [], [], [], ['REAC'], [], [], [], [], [], [], [], [], [], [], [], [], [], [], ['REAC'], [], [], [], [], [], [], [], [], [], [], [], [], [], [], [], [], [], [], [], [], [], [], [], [], [], [], [], [], [], [], [], [], [], [], [], [], [], [], [], [], [], [], [], ['REAC'], [], [], [], [], [], [], [], [], [], [], [], [], [], [], [], [], [], [], [], []]",Potential therapeutics for SARS,REAC:R-HSA-9679191,0.004220126430062955,['REAC:R-HSA-9679506'],0.07692307692307693,query_1,130,0.06666666666666667,True,REAC,150,1798,39
"""Any process in which a microtubule is maintained in a specific location in a cell by attachment to a centrosome."" [GOC:BHF, GOC:mah]",21026,18733,4,"[[], [], [], [], [], [], [], [], [], [], [], [], [], [], [], [], [], [], [], [], [], [], [], [], [], [], [], [], [], [], [], [], [], [], [], [], [], [], [], [], [], [], [], [], [], [], [], [], [], [], [], [], [], [], [], [], ['IMP', 'IBA', 'IEA'], [], [], [], [], [], [], [], [], [], [], [], [], [], [], [], [], [], [], [], [], [], [], [], [], [], [], [], [], [], [], [], [], [], [], [], [], [], [], [], [], [], [], [], [], [], [], [], [], [], [], [], [], [], [], [], [], [], ['ISS', 'IEA'], [], [], [], [], [], [], [], [], [], [], [], [], [], [], [], [], [], [], [], [], [], [], [], [], [], [], [], [], [], [], [], [], ['IMP'], [], [], [], [], [], [], [], [], [], [], [], [], [], [], [], [], [], [], [], [], [], [], [], [], [], [], [], [], [], [], [], ['IBA', 'IEA'], [], [], [], [], [], [], [], [], [], [], [], [], [], [], [], []]",microtubule anchoring at centrosome,GO:0034454,0.004221354052891552,['GO:0072393'],0.022598870056497175,query_1,177,0.3333333333333333,True,GO:BP,12,8579,14
"""An adaptor activity that brings together two or more macromolecules in contact, permitting those molecules to function in a coordinated way. The adaptor can bring together two proteins, or a protein and another macromolecule such as a lipid or a nucleic acid."" [GOC:bf, GOC:mah, GOC:vw]",20246,3748,24,"[[], [], [], ['IDA', 'IBA'], [], [], [], [], [], [], [], [], [], [], [], [], [], [], ['IMP'], [], [], [], [], [], [], [], [], [], [], [], [], [], [], ['IDA', 'IBA'], [], [], [], [], [], [], [], [], ['IDA'], [], [], [], [], ['ISS', 'IBA'], [], [], [], [], [], [], [], [], [], [], ['IDA'], [], [], [], [], [], ['IDA', 'IGI', 'IBA'], [], [], [], ['IDA'], [], [], ['NAS'], [], ['ISS', 'IBA', 'IEA'], [], ['IDA', 'TAS'], [], [], [], ['IDA'], [], [], [], [], [], [], [], [], [], [], [], [], [], [], ['IDA'], [], [], [], [], [], [], [], ['IDA', 'IBA', 'TAS'], [], [], [], [], [], [], [], [], [], [], [], [], [], [], [], [], [], [], [], [], [], [], [], [], ['IDA', 'ISS'], [], [], ['IDA'], [], [], [], ['IMP'], [], [], ['IMP'], [], ['IDA', 'IMP'], [], [], [], ['TAS'], ['TAS'], [], [], [], [], [], [], [], [], ['IBA'], [], [], [], [], [], [], ['IDA'], [], [], [], [], [], [], [], [], [], [], [], [], [], [], ['IDA', 'ISS'], [], [], [], [], [], [], [], [], [], [], [], [], [], [], [], [], [], [], [], []]",protein-macromolecule adaptor activity,GO:0030674,0.00424172009776121,['GO:0060090'],0.1411764705882353,query_1,170,0.02321083172147002,True,GO:MF,1034,3748,2
Hepatitis C,8484,40654,9,"[[], [], [], [], [], [], [], [], [], [], [], [], [], [], [], [], [], [], [], ['KEGG'], [], [], [], [], [], [], [], [], [], [], [], [], [], [], [], [], [], [], [], [], [], [], [], [], [], [], [], [], [], [], [], [], [], [], [], [], [], [], [], [], [], [], [], [], [], [], [], [], [], [], [], [], [], [], [], [], [], [], ['KEGG'], ['KEGG'], [], [], [], [], [], [], ['KEGG'], [], [], [], [], [], [], [], [], [], [], [], [], [], [], [], [], [], [], [], [], [], [], [], [], [], [], [], [], [], [], [], [], [], [], [], [], [], [], [], ['KEGG'], [], [], [], [], [], [], [], [], [], [], [], [], ['KEGG'], [], [], [], [], [], [], [], ['KEGG'], [], [], [], [], [], [], [], [], [], [], [], [], [], [], [], [], [], [], [], [], [], [], [], [], [], [], [], [], [], ['KEGG'], [], [], [], [], [], [], ['KEGG'], [], [], [], [], [], [], [], [], [], [], []]",Hepatitis C,KEGG:05160,0.004322403577263145,['KEGG:00000'],0.09782608695652174,query_1,92,0.056962025316455694,True,KEGG,158,441,24
"""Organized structure of distinctive morphology and function, occurring within the cell. Includes the nucleus, mitochondria, plastids, vacuoles, vesicles, ribosomes and the cytoskeleton. Excludes the plasma membrane."" [GOC:go_curators]",22149,38033,155,"[[], ['IEA'], [], ['IDA', 'TAS', 'IEA'], [], ['IDA', 'HTP', 'ISS', 'IBA', 'TAS', 'IEA'], [], ['IDA', 'TAS', 'IEA'], ['IEA'], ['IDA', 'IBA', 'TAS', 'IEA'], ['IDA', 'HTP', 'TAS', 'IEA'], ['IDA', 'ISS', 'IBA', 'TAS', 'IEA'], ['IEA'], ['IBA', 'IEA'], [], ['IDA', 'IBA', 'IEA'], ['IEA'], ['IDA', 'HDA', 'IBA', 'IEA'], ['IDA', 'TAS', 'IEA'], ['IDA', 'IBA', 'IEA'], ['IDA', 'ISA', 'IBA', 'NAS', 'IEA'], ['IDA', 'IPI', 'IBA', 'TAS', 'NAS', 'IEA'], [], ['IDA', 'TAS', 'IEA'], ['IDA', 'IPI', 'HDA', 'ISS', 'IBA', 'TAS', 'IEA'], ['IDA', 'IBA', 'IEA'], [], ['IDA', 'ISS', 'IBA', 'TAS', 'IEA'], ['HTP', 'IEA'], ['IDA', 'TAS', 'NAS', 'IEA'], ['IDA', 'IMP', 'HDA', 'IBA', 'TAS', 'IEA'], ['TAS', 'IEA'], ['IDA', 'IBA', 'NAS', 'IEA'], ['IDA', 'IBA', 'IEA'], ['IDA', 'IBA', 'IEA'], ['IDA', 'IEA'], ['IDA', 'IPI', 'ISS', 'ISA', 'IBA', 'TAS', 'NAS', 'IEA'], ['IDA', 'ISS', 'IBA', 'IEA'], ['IDA', 'ISS', 'IBA', 'TAS', 'IEA'], [], [], ['TAS'], ['IDA', 'NAS', 'IEA'], [], [], [], [], ['ISS', 'IEA'], [], ['IEA'], ['IDA', 'IEA'], ['HTP', 'IBA'], ['TAS', 'IEA'], ['TAS', 'IEA'], ['IDA', 'ISS', 'TAS', 'IEA'], ['IDA', 'IBA', 'IEA'], ['IDA', 'IMP', 'IBA', 'IEA'], ['IBA', 'IEA'], ['IDA', 'HDA', 'IEA'], [], [], ['IDA', 'IPI', 'HDA', 'IBA', 'IEA'], ['IDA', 'ISS'], [], ['IBA', 'IC', 'IEA'], ['ISS', 'IEA'], [], ['TAS', 'IEA'], ['IDA', 'IBA', 'IEA'], ['IDA', 'HDA', 'IBA', 'IEA'], ['IDA', 'IBA', 'TAS', 'IEA'], ['IDA', 'IBA', 'TAS', 'NAS', 'IEA'], ['IDA', 'IBA', 'TAS', 'IEA'], ['IDA', 'IBA', 'IEA'], ['IDA'], ['IDA', 'ISS', 'IBA', 'TAS', 'NAS', 'IEA'], ['IDA', 'HTP', 'IBA', 'TAS', 'IEA'], ['IEA'], ['IDA', 'IBA', 'NAS', 'IEA'], ['IEA'], ['IDA', 'IMP'], ['IEA'], ['IDA', 'HDA', 'IBA', 'TAS', 'IEA'], ['IMP', 'HTP', 'IBA', 'TAS', 'IEA'], ['IDA', 'IBA', 'IEA'], ['IDA', 'TAS', 'IEA'], ['IDA'], [], [], ['IBA', 'TAS', 'IEA'], [], ['TAS'], [], ['IDA'], ['IDA', 'IBA', 'TAS', 'IEA'], ['IDA', 'IPI', 'IBA', 'TAS', 'NAS', 'IEA'], ['IDA', 'ISS', 'IBA', 'TAS', 'IEA'], ['IDA', 'HTP', 'IBA', 'TAS', 'IEA'], ['ISS', 'IBA', 'IEA'], [], ['IEA'], ['IDA', 'IBA', 'TAS', 'IEA'], ['IDA', 'ISS', 'IBA', 'TAS', 'IEA'], ['IDA', 'IBA', 'TAS', 'IEA'], ['IBA'], [], ['IDA', 'IBA', 'IEA'], ['EXP', 'IDA', 'IPI', 'ISS', 'IBA', 'TAS', 'IEA'], ['IBA', 'TAS', 'IEA'], ['IDA', 'IBA', 'IEA'], ['IBA', 'TAS', 'IEA'], ['IDA', 'HTP', 'IBA', 'IEA'], ['IDA', 'TAS'], ['IBA', 'IEA'], ['IDA', 'ISS', 'IBA', 'IEA'], ['IDA', 'IEA'], [], ['IDA', 'IPI', 'IMP', 'IBA', 'TAS', 'NAS', 'IEA'], ['IBA', 'IEA'], ['IDA', 'ISS', 'IBA', 'TAS', 'IEA'], ['IDA', 'IBA', 'IEA'], ['IDA', 'IBA', 'TAS', 'IEA'], ['IDA', 'IMP', 'ISS', 'IBA', 'TAS', 'IEA'], ['IDA', 'IBA', 'TAS', 'IC', 'IEA'], ['IDA', 'ISA', 'IBA', 'TAS', 'IC', 'IEA'], [], ['IBA', 'TAS', 'IEA'], ['IDA', 'ISS', 'IBA', 'IEA'], [], [], ['IDA', 'ISS', 'TAS', 'IEA'], ['IDA'], ['IDA', 'HTP', 'HDA', 'TAS', 'IEA'], ['IDA', 'IBA', 'IEA'], ['IDA', 'IBA', 'TAS', 'IEA'], [], [], [], ['IBA'], ['IDA', 'HTP', 'TAS', 'IEA'], ['IBA', 'TAS', 'IEA'], [], ['IEA'], ['TAS', 'NAS'], ['IDA', 'TAS', 'IEA'], ['IDA', 'IBA', 'TAS', 'NAS', 'IEA'], [], ['IDA', 'ISS', 'IBA', 'TAS', 'IEA'], ['IDA', 'IEA'], ['IBA', 'TAS', 'IEA'], ['IEA'], [], ['IDA'], ['IDA', 'IPI', 'IBA', 'TAS', 'IEA'], ['IDA', 'ISS'], ['IEA'], ['IDA', 'IBA', 'NAS', 'IEA'], ['IDA', 'IEA'], ['IDA', 'IEA'], [], ['IDA', 'IEA'], ['IDA', 'IEA'], [], ['IDA', 'ISS', 'IBA', 'IEA'], ['TAS', 'IEA'], ['ISS', 'IBA', 'IEA'], ['IDA', 'ISS', 'IBA', 'IEA'], [], ['IEA'], ['IDA', 'IBA'], [], ['IDA', 'TAS', 'IEA'], ['IDA', 'IBA', 'TAS', 'IEA'], ['TAS'], ['IDA', 'IBA', 'TAS', 'IEA'], ['IDA', 'ISS', 'TAS', 'IEA'], [], ['IPI', 'IBA', 'TAS', 'IEA'], ['IDA', 'IBA', 'IEA'], ['IDA', 'ISS', 'IBA', 'TAS', 'IEA'], [], ['IDA', 'HTP', 'ISS', 'TAS', 'NAS', 'IEA'], ['IDA', 'TAS'], ['TAS'], ['IDA', 'HDA', 'TAS'], ['IDA', 'ISS', 'IBA', 'IEA'], ['IDA', 'IPI', 'HDA', 'IBA', 'TAS', 'IEA'], ['IDA', 'TAS'], ['HDA'], ['IDA', 'IEA'], ['IDA', 'IPI', 'IBA', 'TAS', 'IEA'], ['IDA', 'IPI', 'ISA', 'IBA', 'TAS', 'NAS', 'IEA'], ['IBA'], ['IDA', 'HTP', 'IBA', 'TAS', 'NAS', 'IEA'], ['IDA', 'IBA', 'TAS', 'IEA'], []]",intracellular organelle,GO:0043229,0.004567921515128984,"['GO:0005622', 'GO:0043226']",0.8611111111111112,query_1,180,0.009599306372700811,True,GO:CC,16147,1843,3
"""Any process in which a cell, substance or cellular entity, such as a protein complex or organelle, is maintained in a location and prevented from moving elsewhere."" [GOC:ai, GOC:dph, GOC:tb]",21026,23558,11,"[[], [], [], [], [], [], [], [], [], [], [], [], [], [], [], [], [], [], [], [], [], [], [], [], [], [], [], [], [], [], ['IDA', 'IMP'], [], [], [], [], [], [], [], [], [], [], [], [], [], [], [], [], ['IGI', 'ISS'], [], [], [], [], [], [], [], [], [], [], ['IDA'], [], [], [], [], [], [], [], [], [], [], [], [], [], ['IMP', 'IBA'], [], [], [], [], [], [], [], [], [], ['NAS'], [], [], [], [], [], [], [], [], [], [], [], [], [], [], [], [], [], [], [], [], [], [], [], [], ['IDA'], [], [], [], [], [], [], [], [], [], ['IDA'], [], [], [], [], [], [], [], [], [], [], [], [], [], ['IDA', 'IBA', 'IEA'], [], ['IDA'], ['IMP'], [], [], [], [], [], [], [], [], [], [], ['IDA', 'ISS', 'TAS'], [], [], [], [], [], [], [], [], [], [], [], [], [], [], [], [], [], [], [], [], [], [], [], [], [], [], [], [], [], [], [], [], [], [], [], [], [], [], [], [], [], [], [], [], [], [], [], [], [], []]",maintenance of location,GO:0051235,0.004638385616446288,['GO:0051179'],0.062146892655367235,query_1,177,0.05045871559633028,True,GO:BP,218,13404,12
FCGR3A-mediated IL10 synthesis,11004,41689,8,"[[], [], ['REAC'], [], ['REAC'], [], [], [], [], [], [], [], [], [], [], [], [], [], [], [], [], [], ['REAC'], [], [], [], ['REAC'], [], [], [], [], [], [], [], [], [], [], [], [], [], ['REAC'], [], [], [], [], [], [], [], [], [], [], [], [], [], [], [], [], [], [], [], ['REAC'], [], [], [], [], [], [], [], [], [], [], [], [], [], [], [], [], [], [], [], [], [], [], [], [], [], [], [], [], [], [], [], [], [], [], [], [], [], [], [], [], [], [], [], [], [], [], [], [], [], [], [], [], [], [], [], ['REAC'], [], [], [], [], [], [], [], [], [], [], [], [], [], [], ['REAC'], [], [], [], [], [], [], [], [], [], [], [], [], [], [], [], [], [], [], [], [], [], [], [], [], [], [], [], [], [], [], [], [], [], [], [], [], [], [], [], [], [], [], [], [], [], [], [], [], [], [], [], [], [], [], [], [], [], [], [], [], [], [], [], []]",FCGR3A-mediated IL10 synthesis,REAC:R-HSA-9664323,0.004837913526238838,['REAC:R-HSA-9662851'],0.06153846153846154,query_1,130,0.08695652173913043,True,REAC,92,906,30
"""Binding to a purine nucleotide, a compound consisting of a purine nucleoside esterified with (ortho)phosphate."" [GOC:ai]",20246,3071,39,"[[], [], [], [], [], ['IEA'], [], [], [], [], [], ['IEA'], [], [], ['IEA'], [], [], [], [], ['TAS', 'IEA'], [], [], [], [], [], ['IEA'], [], [], [], [], [], [], [], ['IDA', 'TAS', 'IEA'], [], [], [], ['IEA'], [], [], [], [], ['IDA', 'IEA'], [], [], [], [], [], [], [], [], ['IEA'], [], ['ISS', 'IBA', 'TAS', 'IEA'], [], ['IEA'], ['IEA'], [], [], [], [], [], ['IEA'], [], [], [], [], [], [], [], [], [], [], [], [], ['IEA'], [], [], [], ['EXP', 'IDA', 'IBA', 'TAS', 'IEA'], ['IEA'], [], ['IEA'], ['IEA'], [], [], [], [], [], ['IEA'], [], [], [], [], [], [], ['IEA'], ['TAS', 'IEA'], [], [], [], [], [], [], [], [], [], [], [], ['IDA', 'IBA', 'TAS', 'IEA'], [], [], [], [], [], [], [], [], [], [], [], ['IDA', 'IMP', 'IEA'], [], [], [], [], ['IEA'], [], [], [], ['IEA'], [], [], ['IDA', 'IEA'], ['IDA', 'IEA'], [], [], [], [], [], [], [], [], [], ['IEA'], [], [], ['IEA'], ['IEA'], [], ['IEA'], [], [], [], ['IEA'], [], [], [], [], [], [], ['IEA'], [], [], [], ['IEA'], [], ['IDA', 'IBA', 'TAS', 'IEA'], [], ['IDA', 'IEA'], [], [], [], [], [], [], [], ['IEA'], [], [], [], [], [], [], [], [], ['IEA'], [], ['IBA', 'IEA'], [], [], [], [], [], [], []]",purine nucleotide binding,GO:0017076,0.004945657238587885,['GO:0000166'],0.22941176470588234,query_1,170,0.01740294511378849,True,GO:MF,2241,3071,1
FCGR activation,11004,41688,7,"[[], [], ['REAC'], [], ['REAC'], [], [], [], [], [], [], [], [], [], [], [], [], [], [], [], [], [], ['REAC'], [], [], [], ['REAC'], [], [], [], [], [], [], [], [], [], [], [], [], [], ['REAC'], [], [], [], [], [], [], [], [], [], [], [], [], [], [], [], [], [], [], [], ['REAC'], [], [], [], [], [], [], [], [], [], [], [], [], [], [], [], [], [], [], [], [], [], [], [], [], [], [], [], [], [], [], [], [], [], [], [], [], [], [], [], [], [], [], [], [], [], [], [], [], [], [], [], [], [], [], [], ['REAC'], [], [], [], [], [], [], [], [], [], [], [], [], [], [], [], [], [], [], [], [], [], [], [], [], [], [], [], [], [], [], [], [], [], [], [], [], [], [], [], [], [], [], [], [], [], [], [], [], [], [], [], [], [], [], [], [], [], [], [], [], [], [], [], [], [], [], [], [], [], [], [], [], [], [], [], [], [], [], []]",FCGR activation,REAC:R-HSA-2029481,0.005148474134329345,['REAC:R-HSA-2029480'],0.05384615384615385,query_1,130,0.1044776119402985,True,REAC,67,905,31
Creation of C4 and C2 activators,11004,41198,7,"[[], [], ['REAC'], [], ['REAC'], [], [], [], [], [], [], [], [], [], [], [], [], [], [], [], [], [], ['REAC'], [], [], [], ['REAC'], [], [], [], [], [], [], [], [], [], [], [], [], [], ['REAC'], [], [], [], [], [], [], [], [], [], [], [], [], [], [], [], [], [], [], [], ['REAC'], [], [], [], [], [], [], [], [], [], [], [], [], [], [], [], [], [], [], [], [], [], [], [], [], [], [], [], [], [], [], [], [], [], [], [], [], [], [], [], [], [], [], [], [], [], [], [], [], [], [], [], [], [], [], [], ['REAC'], [], [], [], [], [], [], [], [], [], [], [], [], [], [], [], [], [], [], [], [], [], [], [], [], [], [], [], [], [], [], [], [], [], [], [], [], [], [], [], [], [], [], [], [], [], [], [], [], [], [], [], [], [], [], [], [], [], [], [], [], [], [], [], [], [], [], [], [], [], [], [], [], [], [], [], [], [], [], []]",Creation of C4 and C2 activators,REAC:R-HSA-166786,0.005683403639416504,['REAC:R-HSA-166663'],0.05384615384615385,query_1,130,0.10294117647058823,True,REAC,68,415,32
Scavenging of heme from plasma,11004,42984,7,"[[], [], ['REAC'], [], ['REAC'], [], [], [], [], [], [], [], [], [], [], [], [], [], [], [], [], [], ['REAC'], [], [], [], ['REAC'], [], [], [], [], [], [], [], [], [], [], [], [], [], ['REAC'], [], [], [], [], [], [], [], [], [], [], [], [], [], [], [], [], [], [], [], ['REAC'], [], [], [], [], [], [], [], [], [], [], [], [], [], [], [], [], [], [], [], [], [], [], [], [], [], [], [], [], [], [], [], [], [], [], [], [], [], [], [], [], [], [], [], [], [], [], [], [], [], [], [], [], [], [], [], ['REAC'], [], [], [], [], [], [], [], [], [], [], [], [], [], [], [], [], [], [], [], [], [], [], [], [], [], [], [], [], [], [], [], [], [], [], [], [], [], [], [], [], [], [], [], [], [], [], [], [], [], [], [], [], [], [], [], [], [], [], [], [], [], [], [], [], [], [], [], [], [], [], [], [], [], [], [], [], [], [], []]",Scavenging of heme from plasma,REAC:R-HSA-2168880,0.006263501785549002,['REAC:R-HSA-2173782'],0.05384615384615385,query_1,130,0.10144927536231885,True,REAC,69,2201,33
"""Binding to a carbohydrate derivative."" [GOC:pr]",20246,8439,42,"[[], [], [], [], [], ['IEA'], [], [], [], [], [], ['IEA'], [], [], ['IEA'], [], [], [], [], ['TAS', 'IEA'], [], [], [], ['IPI'], [], ['IEA'], [], [], [], [], [], [], [], ['IDA', 'TAS', 'IEA'], [], [], [], ['IEA'], [], [], [], [], ['IDA', 'IEA'], [], [], [], [], [], [], [], [], ['IEA'], [], ['ISS', 'IBA', 'TAS', 'IEA'], [], ['IEA'], ['IEA'], [], [], [], [], [], ['IEA'], [], [], [], [], [], [], [], [], [], [], [], [], ['IEA'], [], [], [], ['EXP', 'IDA', 'IBA', 'TAS', 'IEA'], ['IEA'], [], ['IEA'], ['IEA'], [], [], [], [], [], ['IEA'], [], [], [], [], [], [], ['IEA'], ['TAS', 'IEA'], [], [], [], [], [], [], [], [], [], [], [], ['IDA', 'IBA', 'TAS', 'IEA'], [], [], [], [], [], [], [], [], [], [], [], ['IDA', 'IMP', 'IEA'], [], [], [], [], ['IEA'], [], [], [], ['IEA'], [], [], ['IDA', 'IEA'], ['IDA', 'IEA'], [], [], [], [], [], [], [], [], [], ['IEA'], [], [], ['IEA'], ['IEA'], [], ['IEA'], [], [], [], ['IEA'], [], [], [], [], [], [], ['IEA'], [], [], [], ['IEA'], [], ['IDA', 'IBA', 'TAS', 'IEA'], [], ['IDA', 'IEA'], [], [], [], [], [], [], [], ['IEA'], [], [], [], [], ['IDA', 'IBA', 'NAS', 'IEA'], [], ['IDA'], [], ['IEA'], [], ['IBA', 'IEA'], [], [], [], [], [], [], []]",carbohydrate derivative binding,GO:0097367,0.006854493088279083,['GO:0005488'],0.24705882352941178,query_1,170,0.016561514195583597,True,GO:MF,2536,8439,1
"""The process whose specific outcome is the progression of the heart over time, from its formation to the mature structure. The heart is a hollow, muscular organ, which, by contracting rhythmically, keeps up the circulation of the blood."" [GOC:jid, UBERON:0000948]",21026,13133,18,"[[], [], [], [], [], [], [], [], [], [], [], ['IEA'], [], [], [], [], [], [], [], [], [], [], [], [], [], [], [], [], [], ['ISS'], [], [], [], ['ISS'], [], [], ['ISS', 'IEA'], [], ['IEA'], [], [], [], [], [], [], [], [], ['IMP'], [], [], [], [], [], [], [], [], [], [], ['IEA'], [], [], [], [], [], [], [], [], [], [], [], [], [], [], [], [], [], [], [], [], ['IEA'], [], [], [], [], [], [], [], [], [], [], [], [], [], [], [], [], [], [], [], [], [], [], [], [], [], [], [], [], [], [], [], [], [], [], [], [], [], [], [], [], [], [], [], [], [], [], [], [], [], [], [], [], [], [], ['IEA'], [], [], [], [], [], [], [], [], ['ISS'], [], [], [], ['ISS'], [], [], ['IEA'], [], [], [], [], [], [], [], [], [], [], [], [], [], [], [], [], [], [], [], [], [], [], [], [], [], [], [], [], [], [], [], ['IBA'], [], [], ['ISS'], ['IEA'], ['IEA'], [], [], [], ['ISS', 'NAS', 'IEA'], ['ISS'], [], [], []]",heart development,GO:0007507,0.0069880154950392155,"['GO:0048513', 'GO:0072359']",0.1016949152542373,query_1,177,0.02975206611570248,True,GO:BP,605,2979,11
"""The process whose specific outcome is the progression of the circulatory system over time, from its formation to the mature structure. The circulatory system is the organ system that passes nutrients (such as amino acids and electrolytes), gases, hormones, blood cells, etc. to and from cells in the body to help fight diseases and help stabilize body temperature and pH to maintain homeostasis."" [GOC:mah, UBERON:0001009]",21026,27290,26,"[[], [], [], [], [], [], [], [], [], [], [], ['IEA'], [], [], [], [], [], [], ['IMP', 'IBA', 'IEA'], [], [], [], [], [], [], [], [], [], [], ['ISS'], ['IMP'], [], [], ['ISS'], [], [], ['ISS', 'IEA'], [], ['IEA'], [], [], ['IDA', 'IEA'], [], [], [], [], [], ['IMP'], [], [], [], [], [], [], [], [], [], [], ['IEA'], [], [], [], [], [], [], [], [], [], [], [], [], [], [], [], [], [], [], [], [], ['IEA'], [], [], [], [], [], [], [], [], [], [], [], [], [], [], [], [], [], [], [], [], [], [], [], [], [], [], [], [], [], [], [], [], [], [], [], [], [], [], [], [], [], [], [], ['IDA'], [], [], [], [], [], [], [], [], [], [], ['IEA'], [], [], [], [], [], [], [], ['IDA'], ['ISS'], [], [], ['ISS', 'IBA', 'IEA'], ['ISS'], [], [], ['IEA'], [], [], [], [], [], [], [], [], [], [], [], [], [], ['IBA'], [], [], [], [], [], [], [], [], ['IMP', 'IEA'], [], [], [], [], [], [], [], [], ['IBA', 'IEA'], [], [], ['ISS'], ['IEA'], ['IEA'], [], [], [], ['ISS', 'NAS', 'IEA'], ['ISS'], [], [], []]",circulatory system development,GO:0072359,0.007048987497215501,['GO:0048731'],0.14689265536723164,query_1,177,0.022707423580786028,True,GO:BP,1145,17136,11
Antigen processing and presentation,8484,40535,6,"[[], ['KEGG'], [], [], [], [], [], ['KEGG'], [], [], [], [], [], [], [], [], [], [], [], [], [], [], [], ['KEGG'], [], [], [], [], [], [], [], [], [], [], [], [], [], [], [], [], [], [], [], [], [], [], [], [], [], [], [], [], [], [], [], [], [], [], [], [], [], [], [], [], [], [], [], [], [], [], ['KEGG'], [], [], [], [], [], [], [], [], [], [], [], [], [], [], [], [], [], [], [], [], [], ['KEGG'], [], [], [], [], [], [], [], [], [], [], [], [], [], [], [], [], [], [], [], [], [], [], [], [], [], [], [], [], [], [], [], [], [], [], [], [], [], [], [], [], [], [], [], [], [], [], [], [], [], [], [], ['KEGG'], [], [], [], [], [], [], [], [], [], [], [], [], [], [], [], [], [], [], [], [], [], [], [], [], [], [], [], [], [], [], [], [], [], [], [], [], [], [], [], [], [], [], [], [], [], [], [], [], [], [], []]",Antigen processing and presentation,KEGG:04612,0.008291442369484403,['KEGG:00000'],0.06521739130434782,query_1,92,0.08695652173913043,True,KEGG,69,322,25
"""Any process in which a microtubule is maintained in a specific location in a cell by attachment to a microtubule organizing center."" [GOC:BHF, PMID:19825938]",21026,27307,4,"[[], [], [], [], [], [], [], [], [], [], [], [], [], [], [], [], [], [], [], [], [], [], [], [], [], [], [], [], [], [], [], [], [], [], [], [], [], [], [], [], [], [], [], [], [], [], [], [], [], [], [], [], [], [], [], [], ['IMP', 'IBA', 'IEA'], [], [], [], [], [], [], [], [], [], [], [], [], [], [], [], [], [], [], [], [], [], [], [], [], [], [], [], [], [], [], [], [], [], [], [], [], [], [], [], [], [], [], [], [], [], [], [], [], [], [], [], [], [], [], [], [], [], ['ISS', 'IEA'], [], [], [], [], [], [], [], [], [], [], [], [], [], [], [], [], [], [], [], [], [], [], [], [], [], [], [], [], [], [], [], [], ['IMP'], [], [], [], [], [], [], [], [], [], [], [], [], [], [], [], [], [], [], [], [], [], [], [], [], [], [], [], [], [], [], [], ['IBA', 'IEA'], [], [], [], [], [], [], [], [], [], [], [], [], [], [], [], []]",microtubule anchoring at microtubule organizing center,GO:0072393,0.008424710434549114,['GO:0034453'],0.022598870056497175,query_1,177,0.2857142857142857,True,GO:BP,14,17153,14
Laminin interactions,11004,42099,5,"[[], [], [], [], [], [], [], [], [], [], [], [], [], [], [], [], [], [], [], [], [], [], [], [], [], [], [], [], [], [], [], [], [], [], [], [], [], [], [], [], [], ['REAC'], [], [], [], [], [], [], [], ['REAC'], [], [], [], [], [], [], [], [], [], [], [], [], [], [], [], [], [], [], [], [], [], [], [], [], [], [], [], [], [], [], [], [], [], [], [], [], [], [], [], [], [], [], [], [], [], [], [], [], [], [], [], [], [], [], [], [], [], [], [], [], [], [], [], [], [], [], [], [], [], [], [], [], [], [], [], [], [], [], [], [], [], [], [], [], [], [], [], [], [], [], [], [], [], [], [], [], [], [], [], [], [], [], [], [], [], [], [], [], [], [], [], [], [], [], ['REAC'], [], [], [], [], [], [], [], [], ['REAC'], [], [], [], [], [], [], [], [], [], ['REAC'], [], [], [], [], [], [], [], [], [], [], [], []]",Laminin interactions,REAC:R-HSA-3000157,0.009355917981000862,['REAC:R-HSA-1474244'],0.038461538461538464,query_1,130,0.16666666666666666,True,REAC,30,1316,40
"""A cellular structure that forms the internal framework of eukaryotic and prokaryotic cells. The cytoskeleton includes intermediate filaments, microfilaments, microtubules, the microtrabecular lattice, and other structures characterized by a polymeric filamentous nature and long-range order within the cell. The various elements of the cytoskeleton not only serve in the maintenance of cellular shape but also have roles in other cellular functions, including cellular movement, cell division, endocytosis, and movement of organelles."" [GOC:mah, PMID:16959967, PMID:27419875]",22149,36576,39,"[[], [], [], [], [], [], [], [], [], [], [], ['ISS', 'IEA'], [], ['IBA'], [], [], [], [], ['IEA'], ['IBA'], [], [], [], [], [], [], [], [], [], [], [], ['TAS', 'IEA'], ['IDA', 'IBA', 'NAS', 'IEA'], ['IDA', 'IBA'], [], [], [], ['IDA', 'IBA', 'IEA'], ['IDA', 'ISS', 'IBA', 'IEA'], [], [], [], [], [], [], [], [], ['IEA'], [], [], [], [], ['IEA'], ['TAS', 'IEA'], ['IDA'], [], ['IDA', 'IMP', 'IBA', 'IEA'], [], ['IEA'], [], [], [], [], [], [], [], [], [], [], ['IDA', 'IBA', 'IEA'], [], [], ['IDA', 'IBA', 'TAS', 'IEA'], [], ['IDA'], ['IDA'], ['IDA'], [], [], [], [], [], [], [], [], [], [], [], [], [], [], [], [], [], [], [], [], [], [], [], [], [], [], [], [], [], [], [], [], [], [], [], ['IDA'], [], ['ISS', 'IBA', 'IEA'], [], [], [], [], ['IDA', 'IEA'], [], [], ['IDA', 'IMP', 'ISS', 'TAS', 'IEA'], [], [], [], [], ['IDA', 'ISS', 'IEA'], [], [], [], [], [], ['IDA', 'IBA', 'IEA'], ['IDA', 'IEA'], [], [], [], [], [], [], [], [], ['TAS'], [], [], [], ['IDA'], [], [], [], [], [], [], ['ISS'], [], [], ['IDA', 'IEA'], [], [], [], [], [], [], [], [], ['IDA', 'IBA', 'IEA'], [], ['IEA'], ['IDA', 'IBA'], [], [], [], [], [], [], [], [], [], ['IDA', 'ISS', 'IBA', 'TAS', 'IEA'], [], [], [], [], [], ['IDA', 'ISS', 'IBA', 'IEA'], [], [], [], ['IDA'], ['IEA'], ['IDA'], [], [], [], []]",cytoskeleton,GO:0005856,0.01049377977394161,['GO:0043232'],0.21666666666666667,query_1,180,0.01576394502829426,True,GO:CC,2474,386,4
"""Any process that results in a change in state or activity of a cell or an organism (in terms of movement, secretion, enzyme production, gene expression, etc.) as a result of a disturbance in organismal or cellular homeostasis, usually, but not necessarily, exogenous (e.g. temperature, humidity, ionizing radiation)."" [GOC:mah]",21026,12725,58,"[[], [], [], [], [], [], [], ['IDA', 'TAS', 'IEA'], [], [], [], ['IDA', 'IMP', 'IBA', 'TAS', 'IEA'], [], [], [], [], [], [], [], ['IDA', 'IEP', 'IBA', 'TAS', 'IEA'], ['IEA'], [], [], [], ['IMP', 'ISO', 'IEA'], [], [], [], [], ['IEP'], ['IDA', 'IMP', 'IC'], ['IEA'], ['ISS', 'IBA'], [], [], [], [], [], ['IBA', 'IEA'], [], [], [], ['IDA', 'IMP', 'ISS', 'NAS', 'IEA'], [], [], [], [], [], [], [], [], [], ['IEA'], [], ['IEA'], ['IMP', 'IEA'], [], [], [], [], [], [], [], [], [], [], [], [], [], ['IDA', 'IBA'], ['IDA'], ['NAS', 'IEA'], [], [], ['IMP', 'ISS'], ['NAS'], [], [], [], ['IEA'], ['IMP'], [], ['IDA', 'IMP', 'IBA', 'TAS'], [], [], [], ['IMP', 'IBA'], [], [], ['IEA'], [], ['IMP'], ['IDA', 'IBA', 'IEA'], [], [], [], [], [], [], [], [], ['IMP'], ['IMP'], [], [], [], [], [], [], [], [], [], ['IDA', 'IMP', 'IEP'], [], [], ['IDA'], [], ['NAS', 'IEA'], ['IMP', 'IEA'], ['IDA', 'IEA'], ['TAS'], [], [], [], ['IDA', 'ISS', 'TAS', 'IEA'], [], ['IDA', 'IMP', 'IEP', 'ISS', 'IEA'], [], [], [], ['IMP', 'IEA'], ['IMP', 'ISS', 'TAS', 'IEA'], [], [], [], [], [], [], [], ['IDA', 'IMP', 'NAS', 'IEA'], ['IEP'], [], ['IMP'], [], ['IDA', 'IEA'], [], ['IEA'], ['IDA', 'TAS'], [], [], ['IMP'], [], [], [], ['TAS', 'IEA'], [], [], [], [], [], ['IDA', 'IEA'], ['IDA', 'IMP', 'TAS'], [], [], ['IEA'], ['IEA'], [], [], [], [], [], ['TAS'], [], [], ['IEA'], ['IDA', 'IMP'], [], ['TAS'], [], [], [], [], ['NAS', 'IEA'], [], ['TAS'], [], ['IDA', 'IMP', 'IBA', 'TAS', 'NAS', 'IEA'], [], [], [], [], ['IMP', 'IEA'], [], [], [], []]",response to stress,GO:0006950,0.010962997704106029,['GO:0050896'],0.327683615819209,query_1,177,0.014690982776089158,True,GO:BP,3948,2571,17
Initial triggering of complement,11004,41996,7,"[[], [], ['REAC'], [], ['REAC'], [], [], [], [], [], [], [], [], [], [], [], [], [], [], [], [], [], ['REAC'], [], [], [], ['REAC'], [], [], [], [], [], [], [], [], [], [], [], [], [], ['REAC'], [], [], [], [], [], [], [], [], [], [], [], [], [], [], [], [], [], [], [], ['REAC'], [], [], [], [], [], [], [], [], [], [], [], [], [], [], [], [], [], [], [], [], [], [], [], [], [], [], [], [], [], [], [], [], [], [], [], [], [], [], [], [], [], [], [], [], [], [], [], [], [], [], [], [], [], [], [], ['REAC'], [], [], [], [], [], [], [], [], [], [], [], [], [], [], [], [], [], [], [], [], [], [], [], [], [], [], [], [], [], [], [], [], [], [], [], [], [], [], [], [], [], [], [], [], [], [], [], [], [], [], [], [], [], [], [], [], [], [], [], [], [], [], [], [], [], [], [], [], [], [], [], [], [], [], [], [], [], [], []]",Initial triggering of complement,REAC:R-HSA-166663,0.011852113003240669,['REAC:R-HSA-166658'],0.05384615384615385,query_1,130,0.09210526315789473,True,REAC,76,1213,32
"""The biological process whose specific outcome is the progression of an anatomical structure from an initial condition to its mature state. This process begins with the formation of the structure and ends with the mature structure, whatever form that may be including its natural destruction. An anatomical structure is any biological entity that occupies space and is distinguished from its surroundings. Anatomical structures can be macroscopic such as a carpel, or microscopic such as an acrosome."" [GO_REF:0000021]",21026,23085,78,"[[], [], [], ['IMP', 'IEA'], [], ['TAS'], [], ['IMP'], [], ['IDA'], [], ['ISS', 'IEA'], [], [], [], [], [], [], ['IMP', 'IBA', 'IEA'], [], ['IEA'], [], [], ['IEP', 'IEA'], [], [], [], [], [], ['ISS'], ['IMP'], ['IEA'], ['IDA', 'ISS'], ['ISS'], [], [], ['IMP', 'ISS', 'IBA', 'TAS', 'IEA'], [], ['IEA'], [], [], ['IDA', 'IEP', 'IEA'], [], ['IEA'], [], [], [], ['IMP', 'ISS', 'IEA'], [], ['IEA'], ['IEA'], [], ['IEA'], ['ISS', 'IEA'], ['IEA'], ['IMP', 'IEA'], ['IEA'], [], ['IDA', 'IEA'], [], [], [], [], [], ['IDA', 'IBA', 'IEA'], [], [], [], ['IMP'], [], [], ['NAS', 'IEA'], [], ['IMP', 'IEA'], [], ['NAS', 'IEA'], [], [], [], ['TAS', 'IEA'], [], ['IMP', 'TAS'], [], [], [], [], [], [], [], [], [], [], [], [], [], ['IEA'], ['IMP'], [], [], [], [], ['IMP'], ['IDA', 'NAS'], [], [], ['IMP'], [], ['IEA'], [], ['ISS', 'IEA'], [], [], ['IMP', 'IEP', 'ISS'], [], ['ISS', 'IEA'], [], [], [], [], ['ISS', 'IEA'], [], ['IEA'], [], ['IDA', 'IMP', 'IEA'], ['ISS', 'IEA'], [], ['ISS', 'IEA'], [], [], [], [], ['ISS', 'IEA'], [], ['ISS', 'IEA'], ['IEA'], [], [], [], [], [], [], [], ['IDA'], ['ISS'], [], ['IEA'], ['ISS', 'IBA', 'IEA'], ['IDA', 'IMP', 'ISS', 'IBA', 'TAS', 'IEA'], ['IEA'], [], ['IEA'], [], ['IEA'], [], [], [], [], [], [], [], [], ['IDA', 'IMP'], [], [], ['IBA', 'TAS'], ['ISS', 'IEA'], [], ['IEA'], ['IEA'], [], ['IDA'], [], [], ['IMP', 'IEA'], ['IMP'], ['IDA', 'IMP', 'ISS', 'IEA'], [], ['IEA'], [], ['ISS', 'IEA'], [], ['IMP'], ['IDA', 'IBA', 'IEA'], ['IDA', 'IMP', 'IEP', 'NAS'], [], ['ISS'], ['ISS', 'IBA', 'IEA'], ['IEA'], [], [], ['IEA'], ['IMP', 'IGI', 'ISS', 'IBA', 'NAS', 'IEA'], ['ISS'], [], [], []]",anatomical structure development,GO:0048856,0.012834176396585446,['GO:0032502'],0.4406779661016949,query_1,177,0.013006503251625813,True,GO:BP,5997,12931,11
"""Any immune system process that functions in the calibrated response of an organism to a potential internal or invasive threat."" [GO_REF:0000022, GOC:add]",21026,12729,37,"[[], ['IEA'], ['IBA', 'NAS', 'IEA'], [], ['IBA', 'NAS', 'IEA'], [], [], ['IDA', 'IMP', 'IBA', 'NAS', 'IEA'], [], [], [], [], [], [], [], [], [], ['IMP', 'ISS', 'IEA'], [], ['IEP', 'TAS', 'IEA'], [], [], ['IBA', 'NAS', 'IEA'], [], ['IMP'], [], ['IBA', 'NAS', 'IEA'], [], [], [], ['IDA', 'IMP', 'IC'], ['IEA'], [], [], [], [], [], [], ['IEA'], [], ['IBA', 'NAS', 'IEA'], [], ['IDA', 'IMP', 'NAS', 'IEA'], [], [], [], [], [], [], [], [], [], [], [], ['TAS', 'IEA'], [], [], [], [], [], ['IBA', 'NAS', 'IEA'], [], [], [], [], [], [], [], [], [], ['IDA', 'IBA', 'NAS', 'IEA'], [], [], [], ['IMP'], [], [], [], [], ['TAS', 'IEA'], [], [], [], [], [], [], ['IEA'], [], [], [], [], [], ['IDA', 'IBA', 'IEA'], [], [], [], [], [], [], ['IBA', 'IEA'], [], [], [], [], [], [], [], [], [], [], [], [], ['ISS'], [], [], [], ['IBA', 'NAS', 'IEA'], [], ['IMP', 'IEA'], ['ISS', 'IEA'], [], [], [], [], ['ISS', 'TAS', 'IEA'], [], ['IDA', 'ISS', 'IEA'], [], [], [], ['IEA'], ['IDA', 'IMP', 'ISS', 'TAS', 'IEA'], [], [], [], [], [], [], [], ['IDA', 'IMP', 'ISS', 'NAS', 'IEA'], [], [], [], [], ['IDA', 'TAS', 'IEA'], [], [], [], [], [], [], [], ['IEA'], [], [], [], [], [], [], [], ['IDA', 'IEA'], ['TAS'], [], [], [], [], [], [], [], [], [], [], [], [], [], [], [], ['TAS'], [], [], [], [], [], [], [], [], ['IDA', 'IEA'], [], [], [], [], [], [], [], [], []]",immune response,GO:0006955,0.014622924741634489,"['GO:0002376', 'GO:0050896']",0.20903954802259886,query_1,177,0.017874396135265702,True,GO:BP,2070,2575,15
"""Any biological process, occurring at the level of a multicellular organism, pertinent to its function."" [GOC:curators, GOC:dph, GOC:isa_complete, GOC:tb]",21026,17711,90,"[[], [], [], ['IMP', 'IEA'], [], ['TAS'], [], ['IMP'], [], ['IDA'], [], ['IMP', 'ISS', 'IEA'], [], [], [], [], [], [], ['IMP', 'IBA', 'IEA'], [], ['IEA'], [], [], ['IEA'], ['IMP'], [], [], [], [], ['ISS'], ['IMP'], [], ['IDA', 'ISS'], ['ISS'], [], [], ['IMP', 'ISS', 'TAS', 'IEA'], [], ['IEA'], [], [], ['IDA', 'IEP', 'IEA'], ['IDA', 'ISS'], [], [], [], [], ['IMP', 'IGI', 'ISS', 'TAS', 'IEA'], [], ['IEA'], ['IEA'], [], ['IEA'], ['ISS', 'IEA'], ['IEA'], ['IMP'], ['IEA'], [], ['IEA'], [], [], [], [], [], ['IDA'], [], [], [], [], [], ['IMP', 'IBA'], ['NAS', 'IEA'], ['IMP'], ['IEA'], [], ['NAS', 'IEA'], [], [], [], ['IDA', 'TAS', 'IEA'], [], ['IMP'], [], [], [], [], ['IBA'], [], [], [], [], ['IMP'], ['NAS'], [], [], ['IEA'], [], [], [], [], [], ['IMP'], ['NAS'], [], [], [], [], ['IEA'], [], ['ISS', 'IEA'], [], ['IMP'], ['IDA', 'IMP', 'ISS'], [], ['ISS', 'IEA'], [], [], ['TAS'], ['IDA', 'IBA'], ['ISS', 'IEA'], [], ['IEA'], [], ['IDA', 'IMP', 'IEA'], ['IMP', 'ISS', 'IEA'], [], ['ISS', 'IEA'], [], [], [], ['IDA', 'IMP'], ['IDA', 'ISS', 'IBA', 'TAS', 'IEA'], [], ['ISS', 'IEA'], ['HDA', 'IEA'], [], [], [], [], ['IDA', 'IMP', 'ISS'], [], [], ['IDA'], ['ISS'], [], ['ISS', 'TAS', 'IEA'], ['IDA', 'ISS', 'IBA', 'IEA'], ['IDA', 'IMP', 'ISS', 'IBA', 'TAS', 'NAS', 'IEA'], ['IEA'], [], ['IMP', 'IEA'], [], ['IEA'], [], ['TAS', 'IEA'], [], ['IEA'], [], [], [], ['IDA'], ['IDA', 'IMP', 'ISS', 'IBA', 'TAS', 'NAS', 'IEA'], [], ['IBA', 'IEA'], ['IBA', 'TAS'], [], [], ['IEA'], ['IEA'], [], ['IDA', 'TAS'], ['TAS'], [], ['IMP', 'IEA'], ['IMP'], ['IDA', 'IMP', 'ISS', 'IEA'], [], ['IEA'], [], ['ISS', 'IEA'], [], ['IMP'], ['IDA', 'IBA', 'IEA'], ['IDA', 'IMP', 'IEP'], ['IDA', 'ISS', 'IBA', 'IEA'], ['ISS'], ['ISS', 'IBA', 'IEA'], ['ISS', 'TAS', 'NAS', 'IEA'], [], [], ['IEA'], ['IMP', 'ISS', 'NAS', 'IEA'], ['ISS'], [], [], []]",multicellular organismal process,GO:0032501,0.01494666722845687,['GO:0008150'],0.5084745762711864,query_1,177,0.012291723572794318,True,GO:BP,7322,7557,11
"""Any process in which a protein is maintained in a specific location within, or in the membrane of, a cell, and is prevented from moving elsewhere."" [GOC:isa_complete, GOC:mah]",21026,17714,6,"[[], [], [], [], [], [], [], [], [], [], [], [], [], [], [], [], [], [], [], [], [], [], [], [], [], [], [], [], [], [], ['IMP'], [], [], [], [], [], [], [], [], [], [], [], [], [], [], [], [], [], [], [], [], [], [], [], [], [], [], [], ['IDA'], [], [], [], [], [], [], [], [], [], [], [], [], [], [], [], [], [], [], [], [], [], [], [], [], [], [], [], [], [], [], [], [], [], [], [], [], [], [], [], [], [], [], [], [], [], [], [], [], ['IDA'], [], [], [], [], [], [], [], [], [], ['IDA'], [], [], [], [], [], [], [], [], [], [], [], [], [], [], [], ['IDA'], ['IMP'], [], [], [], [], [], [], [], [], [], [], [], [], [], [], [], [], [], [], [], [], [], [], [], [], [], [], [], [], [], [], [], [], [], [], [], [], [], [], [], [], [], [], [], [], [], [], [], [], [], [], [], [], [], [], [], [], [], [], [], [], []]",maintenance of protein location in cell,GO:0032507,0.015389561590431405,"['GO:0045185', 'GO:0051651']",0.03389830508474576,query_1,177,0.10526315789473684,True,GO:BP,57,7560,12
Fcgamma receptor (FCGR) dependent phagocytosis,11004,41730,9,"[[], [], ['REAC'], [], ['REAC'], [], [], [], [], [], [], [], [], [], [], [], [], [], [], [], [], [], ['REAC'], [], [], [], ['REAC'], [], [], [], [], [], [], [], [], [], [], ['REAC'], [], [], ['REAC'], [], [], [], [], [], [], [], [], [], [], [], [], [], [], [], [], [], [], [], ['REAC'], [], [], [], [], [], [], [], [], [], [], [], [], [], [], [], [], [], [], [], [], [], [], [], [], [], [], [], [], [], [], [], [], [], [], [], [], [], [], [], [], [], [], [], [], [], [], [], [], [], [], [], [], [], [], [], ['REAC'], [], [], [], [], [], [], [], [], [], [], [], [], [], [], ['REAC'], [], [], [], [], [], [], [], [], [], [], [], [], [], [], [], [], [], [], [], [], [], [], [], [], [], [], [], [], [], [], [], [], [], [], [], [], [], [], [], [], [], [], [], [], [], [], [], [], [], [], [], [], [], [], [], [], [], [], [], [], [], [], [], []]",Fcgamma receptor (FCGR) dependent phagocytosis,REAC:R-HSA-2029480,0.015769364885876633,['REAC:R-HSA-168249'],0.06923076923076923,query_1,130,0.06428571428571428,True,REAC,140,947,31
"""Binding to a protein."" [GOC:go_curators]",20246,1462,149,"[['IPI'], [], [], ['IDA', 'IPI', 'IBA', 'IEA'], [], ['IPI', 'TAS'], [], ['IDA', 'IPI', 'IBA'], [], ['IDA', 'IPI', 'IBA', 'IEA'], ['IPI'], ['IPI', 'IEA'], [], ['IPI'], ['IPI', 'NAS'], [], [], ['IDA', 'IPI'], ['IPI'], ['IPI', 'IBA'], ['IPI'], ['IPI'], [], ['IPI'], ['IPI', 'IBA', 'IEA'], ['IPI'], [], ['IPI'], [], ['IPI'], ['IPI', 'IEA'], ['IPI', 'HDA', 'NAS', 'IEA'], ['IDA', 'IPI', 'HDA', 'NAS', 'IEA'], ['IDA', 'IPI'], ['IPI'], ['IPI', 'TAS', 'IEA'], ['IPI', 'ISS', 'IBA', 'IEA'], ['IPI', 'IBA', 'IEA'], ['IPI', 'HDA', 'IBA', 'IEA'], [], [], ['IPI'], ['IPI', 'IEA'], ['IPI'], [], ['IPI', 'IEA'], [], ['IPI', 'ISS', 'IBA', 'IEA'], [], ['IPI', 'IMP', 'IBA', 'IEA'], ['IPI', 'IEA'], [], ['IPI'], ['IPI', 'IEA'], ['IPI', 'ISS', 'IEA'], ['IPI', 'ISS', 'IEA'], ['IPI', 'IEA'], ['IPI', 'IEA'], ['IDA', 'IPI', 'ISS', 'IEA'], [], [], ['IEA'], ['IDA', 'IPI'], [], ['IPI', 'HDA', 'IEA'], [], [], ['IPI', 'IEA'], ['IPI', 'IMP', 'IBA', 'IEA'], ['IDA', 'IPI', 'IBA', 'IEA'], [], ['IPI'], ['IDA', 'IPI', 'IBA', 'TAS', 'IEA'], ['IPI'], ['IPI', 'IBA', 'IEA'], ['IPI', 'IEA'], ['IDA', 'IPI', 'TAS', 'IEA'], [], ['IPI', 'HDA'], ['IPI', 'IEA'], ['IPI'], [], ['IDA', 'IPI', 'IBA', 'IEA'], ['IPI'], ['IPI'], [], ['IDA', 'IPI', 'IEA'], [], ['IPI'], ['IPI', 'IBA'], [], ['IPI'], ['IDA', 'IPI'], ['IPI'], ['IPI', 'IBA'], ['IPI'], ['IPI', 'IBA', 'IEA'], ['IDA', 'IPI'], ['IPI'], [], [], [], ['IPI'], ['IPI', 'HDA'], ['IPI'], ['IPI'], ['IPI'], ['IPI', 'IEA'], ['IPI', 'NAS'], ['IPI', 'IBA', 'IEA'], [], ['IPI'], ['IDA', 'IPI', 'IEA'], ['IPI'], ['IDA', 'IPI', 'IBA', 'IEA'], ['IPI'], [], ['IPI', 'NAS', 'IEA'], ['IPI', 'HDA'], ['IPI'], ['IPI', 'IBA'], ['IPI'], ['IDA', 'IPI', 'IBA'], ['IDA', 'IPI', 'IEA'], ['IPI'], [], ['IPI'], ['IDA', 'IPI', 'TAS', 'IEA'], [], [], ['IPI'], ['IPI', 'IEA'], ['IPI'], ['IDA', 'IPI', 'ISS', 'IBA', 'IEA'], ['IDA', 'IPI', 'ISS', 'IEA'], ['IPI'], [], ['IDA', 'IPI'], ['IPI'], ['IDA', 'IPI'], [], ['IPI', 'IEA'], ['IPI'], ['IPI', 'IEA'], ['IPI', 'IEA'], ['IPI', 'TAS', 'IEA'], ['IDA', 'IPI', 'IBA', 'TAS'], ['IDA', 'IPI', 'IBA', 'NAS', 'IEA'], ['IPI', 'IEA'], ['IPI'], ['IPI', 'IEA'], [], ['IPI', 'IBA', 'IEA'], ['IPI', 'IEA'], ['IDA', 'IPI', 'IEA'], [], ['IEA'], ['IBA', 'IEA'], ['IPI'], [], ['IDA', 'IPI'], ['IPI', 'IBA', 'IEA'], ['IPI'], ['IEA'], ['IEA'], ['IPI', 'ISS', 'IBA', 'IEA'], ['IDA', 'IPI', 'ISS', 'IBA', 'IEA'], ['IEA'], ['IPI', 'IEA'], ['IPI'], ['IPI'], [], ['IPI'], ['IDA', 'IPI'], [], ['IDA', 'IPI', 'ISS', 'IEA'], [], ['IPI', 'IEA'], ['IEA'], ['IPI', 'ISS'], [], ['IPI'], ['IDA', 'IPI', 'IMP', 'IBA', 'IEA'], ['IPI'], ['IPI', 'IEA'], ['IPI', 'IEA'], ['IPI', 'IEA'], ['IPI'], ['IPI', 'HDA', 'IBA', 'IEA'], ['IPI'], ['IPI', 'IEA'], ['IPI', 'IBA', 'IEA'], ['IPI', 'IEA'], [], ['IPI'], []]",protein binding,GO:0005515,0.01588287798631672,['GO:0005488'],0.8764705882352941,query_1,170,0.009852542484956688,True,GO:MF,15123,1462,1
"""The volume enclosed by the membranes of the endoplasmic reticulum."" [ISBN:0198547684]",22149,36530,11,"[[], [], [], [], [], [], [], [], [], [], [], [], [], [], [], [], [], [], [], [], [], [], [], [], [], [], [], [], [], [], [], [], [], [], [], [], [], [], [], [], [], ['TAS'], [], [], [], [], [], [], [], [], [], [], [], [], ['TAS'], [], [], [], [], [], [], [], [], [], [], [], [], [], [], [], [], [], [], [], [], [], [], [], [], [], [], [], ['IDA', 'TAS', 'IEA'], [], [], [], [], [], [], [], [], [], [], [], [], [], [], [], [], [], [], [], [], [], [], [], [], [], ['TAS'], [], [], [], ['TAS'], [], [], [], [], [], [], [], [], [], [], [], [], [], [], [], [], [], [], [], [], [], [], [], [], [], [], [], [], [], [], [], [], ['TAS'], [], [], [], ['TAS'], [], [], [], [], [], [], [], [], [], [], [], [], [], [], ['TAS', 'IEA'], [], [], [], [], [], [], [], [], ['TAS'], [], [], [], [], [], [], [], [], ['TAS'], ['TAS'], [], [], [], [], [], [], [], [], [], [], [], []]",endoplasmic reticulum lumen,GO:0005788,0.0159213021055253,"['GO:0005783', 'GO:0070013']",0.06111111111111111,query_1,180,0.03514376996805112,True,GO:CC,313,340,3
"""Binding to monomeric or multimeric forms of actin, including actin filaments."" [GOC:clt]",20246,348,14,"[[], [], [], [], [], [], [], [], [], [], [], [], [], [], [], [], [], [], [], [], [], [], [], [], [], [], [], [], [], [], [], ['NAS', 'IEA'], ['IDA', 'NAS', 'IEA'], [], [], [], [], ['IBA', 'IEA'], ['IEA'], [], [], [], [], [], [], [], [], [], [], [], [], [], [], [], [], [], [], [], ['IDA', 'ISS', 'IEA'], [], [], [], [], [], ['IEA'], [], [], [], ['IMP', 'IBA'], ['IEA'], [], [], [], [], [], [], [], [], [], [], [], [], [], [], [], [], [], [], [], [], [], [], [], [], [], [], [], [], [], [], [], [], [], [], [], [], [], [], [], [], [], [], [], [], [], [], [], [], [], [], [], [], [], [], [], [], [], ['TAS'], [], [], [], [], [], ['IDA'], ['IDA'], [], [], [], [], [], [], [], [], [], [], [], [], [], [], [], [], [], [], [], [], [], [], ['IEA'], [], [], [], [], [], [], [], [], ['IBA', 'IEA'], [], [], [], [], [], [], [], [], [], [], [], [], [], [], [], [], [], [], [], [], [], [], [], ['IEA'], [], [], [], [], []]",actin binding,GO:0003779,0.01615732642091839,['GO:0008092'],0.08235294117647059,query_1,170,0.03167420814479638,True,GO:MF,442,348,1
"""The directed movement of substances along cytoskeletal fibers such as microfilaments or microtubules within a cell."" [GOC:mah]",21026,17003,10,"[[], [], [], [], [], ['IEA'], [], [], [], [], [], [], [], [], [], [], [], [], [], [], [], [], [], [], [], [], [], [], [], [], [], [], [], [], [], [], [], ['IMP', 'IBA'], [], [], [], [], [], [], [], [], [], [], [], [], [], [], [], [], [], [], [], [], [], [], [], [], [], [], [], [], [], [], [], ['ISS'], [], [], [], [], [], [], ['TAS'], [], [], [], [], [], [], [], [], [], [], [], [], [], [], [], [], [], [], [], [], [], [], [], [], [], [], [], [], [], [], [], [], [], [], [], [], [], ['IBA', 'IEA'], [], [], [], [], [], [], ['IDA', 'IMP', 'IEA'], [], [], [], [], [], [], [], [], [], [], [], ['IBA', 'IEA'], ['IEA'], [], [], [], [], [], [], [], [], [], [], [], [], [], [], [], [], [], [], [], [], [], [], [], [], [], [], [], [], [], [], [], [], [], ['IMP', 'IBA', 'NAS', 'IEA'], [], [], [], [], [], [], [], [], [], [], ['IMP', 'IBA'], [], [], [], [], [], [], [], [], [], [], [], [], [], [], [], []]",cytoskeleton-dependent intracellular transport,GO:0030705,0.021369078841178942,['GO:0046907'],0.05649717514124294,query_1,177,0.04784688995215311,True,GO:BP,209,6849,18
"""The biological process whose specific outcome is the progression of a multicellular organism over time from an initial condition (e.g. a zygote or a young adult) to a later condition (e.g. a multicellular animal or an aged adult)."" [GOC:dph, GOC:ems, GOC:isa_complete, GOC:tb]",21026,12942,65,"[[], [], [], ['IMP', 'IEA'], [], ['TAS'], [], ['IMP'], [], ['IDA'], [], ['IEA'], [], [], [], [], [], [], ['IMP', 'IBA', 'IEA'], [], ['IEA'], [], [], [], [], [], [], [], [], ['ISS'], ['IMP'], [], ['IDA', 'ISS'], ['ISS'], [], [], ['IMP', 'ISS', 'TAS', 'IEA'], [], ['IEA'], [], [], ['IDA', 'IEP', 'IEA'], [], [], [], [], [], ['IMP', 'IEA'], [], ['IEA'], ['IEA'], [], ['IEA'], ['ISS', 'IEA'], ['IEA'], ['IMP'], ['IEA'], [], ['IEA'], [], [], [], [], [], [], [], [], [], [], [], [], ['NAS', 'IEA'], [], ['IEA'], [], ['NAS', 'IEA'], [], [], [], ['TAS', 'IEA'], [], ['IMP'], [], [], [], [], [], [], [], [], [], [], [], [], [], ['IEA'], [], [], [], [], [], [], ['NAS'], [], [], [], [], ['IEA'], [], ['ISS', 'IEA'], [], [], ['IMP', 'ISS'], [], ['ISS', 'IEA'], [], [], [], [], ['ISS', 'IEA'], [], ['IEA'], [], ['IDA', 'IMP', 'IEA'], ['ISS', 'IEA'], [], [], [], [], [], [], [], [], ['ISS', 'IEA'], ['IEA'], [], [], [], [], [], [], [], ['IDA'], ['ISS'], [], ['IEA'], ['ISS', 'IBA', 'IEA'], ['IDA', 'IMP', 'ISS', 'IBA', 'TAS', 'IEA'], ['IEA'], [], ['IEA'], [], ['IEA'], [], [], [], [], [], [], [], [], ['IDA', 'IMP'], [], [], ['IBA'], [], [], ['IEA'], ['IEA'], [], [], [], [], ['IMP', 'IEA'], ['IMP'], ['IMP', 'IEA'], [], ['IEA'], [], ['ISS', 'IEA'], [], ['IMP'], ['IDA', 'IBA', 'IEA'], ['IDA', 'IMP', 'IEP'], [], ['ISS'], ['ISS', 'IBA', 'IEA'], ['IEA'], [], [], [], ['IMP', 'ISS', 'NAS', 'IEA'], ['ISS'], [], [], []]",multicellular organism development,GO:0007275,0.021373161011137044,"['GO:0032501', 'GO:0048856']",0.3672316384180791,query_1,177,0.013750793314998943,True,GO:BP,4727,2788,11
Leishmania phagocytosis,11004,42108,8,"[[], [], ['REAC'], [], ['REAC'], [], [], [], [], [], [], [], [], [], [], [], [], [], [], [], [], [], ['REAC'], [], [], [], ['REAC'], [], [], [], [], [], [], [], [], [], [], ['REAC'], [], [], ['REAC'], [], [], [], [], [], [], [], [], [], [], [], [], [], [], [], [], [], [], [], ['REAC'], [], [], [], [], [], [], [], [], [], [], [], [], [], [], [], [], [], [], [], [], [], [], [], [], [], [], [], [], [], [], [], [], [], [], [], [], [], [], [], [], [], [], [], [], [], [], [], [], [], [], [], [], [], [], [], ['REAC'], [], [], [], [], [], [], [], [], [], [], [], [], [], [], [], [], [], [], [], [], [], [], [], [], [], [], [], [], [], [], [], [], [], [], [], [], [], [], [], [], [], [], [], [], [], [], [], [], [], [], [], [], [], [], [], [], [], [], [], [], [], [], [], [], [], [], [], [], [], [], [], [], [], [], [], [], [], [], []]",Leishmania phagocytosis,REAC:R-HSA-9664417,0.021622463164421648,['REAC:R-HSA-9664407'],0.06153846153846154,query_1,130,0.07079646017699115,True,REAC,113,1325,30
Parasite infection,11004,42512,8,"[[], [], ['REAC'], [], ['REAC'], [], [], [], [], [], [], [], [], [], [], [], [], [], [], [], [], [], ['REAC'], [], [], [], ['REAC'], [], [], [], [], [], [], [], [], [], [], ['REAC'], [], [], ['REAC'], [], [], [], [], [], [], [], [], [], [], [], [], [], [], [], [], [], [], [], ['REAC'], [], [], [], [], [], [], [], [], [], [], [], [], [], [], [], [], [], [], [], [], [], [], [], [], [], [], [], [], [], [], [], [], [], [], [], [], [], [], [], [], [], [], [], [], [], [], [], [], [], [], [], [], [], [], [], ['REAC'], [], [], [], [], [], [], [], [], [], [], [], [], [], [], [], [], [], [], [], [], [], [], [], [], [], [], [], [], [], [], [], [], [], [], [], [], [], [], [], [], [], [], [], [], [], [], [], [], [], [], [], [], [], [], [], [], [], [], [], [], [], [], [], [], [], [], [], [], [], [], [], [], [], [], [], [], [], [], []]",Parasite infection,REAC:R-HSA-9664407,0.021622463164421648,['REAC:R-HSA-9658195'],0.06153846153846154,query_1,130,0.07079646017699115,True,REAC,113,1729,30
FCGR3A-mediated phagocytosis,11004,41690,8,"[[], [], ['REAC'], [], ['REAC'], [], [], [], [], [], [], [], [], [], [], [], [], [], [], [], [], [], ['REAC'], [], [], [], ['REAC'], [], [], [], [], [], [], [], [], [], [], ['REAC'], [], [], ['REAC'], [], [], [], [], [], [], [], [], [], [], [], [], [], [], [], [], [], [], [], ['REAC'], [], [], [], [], [], [], [], [], [], [], [], [], [], [], [], [], [], [], [], [], [], [], [], [], [], [], [], [], [], [], [], [], [], [], [], [], [], [], [], [], [], [], [], [], [], [], [], [], [], [], [], [], [], [], [], ['REAC'], [], [], [], [], [], [], [], [], [], [], [], [], [], [], [], [], [], [], [], [], [], [], [], [], [], [], [], [], [], [], [], [], [], [], [], [], [], [], [], [], [], [], [], [], [], [], [], [], [], [], [], [], [], [], [], [], [], [], [], [], [], [], [], [], [], [], [], [], [], [], [], [], [], [], [], [], [], [], []]",FCGR3A-mediated phagocytosis,REAC:R-HSA-9664422,0.021622463164421648,['REAC:R-HSA-9664417'],0.06153846153846154,query_1,130,0.07079646017699115,True,REAC,113,907,30
"""An actin filament bundle in which the filaments are loosely packed (approximately 30-60 nm apart) and arranged with opposing polarities; the loose packing allows myosin (usually myosin-II) to enter the bundle."" [GOC:cjm, GOC:mah, ISBN:0815316194]",22149,39159,6,"[[], [], [], [], [], [], [], [], [], [], [], [], [], ['IBA'], [], [], [], [], [], [], [], [], [], [], [], [], [], [], [], [], [], ['IEA'], [], [], [], [], [], [], [], [], [], [], [], [], [], [], [], [], [], [], [], [], [], [], [], [], [], [], [], [], [], [], [], [], [], [], [], [], [], ['IEA'], [], [], [], [], [], [], [], [], [], [], [], [], [], [], [], [], [], [], [], [], [], [], [], [], [], [], [], [], [], [], [], [], [], [], [], [], [], [], [], [], [], [], [], [], [], [], [], [], [], [], [], [], [], [], [], [], [], ['ISS'], [], [], [], [], [], [], [], [], [], [], [], [], [], [], [], [], [], [], [], [], [], [], [], [], [], [], [], [], [], ['IEA'], [], [], [], [], [], [], [], [], ['IDA', 'IBA'], [], [], [], [], [], [], [], [], [], [], [], [], [], [], [], [], [], [], [], [], [], [], [], [], [], [], [], [], []]",contractile actin filament bundle,GO:0097517,0.021643824608285206,['GO:0032432'],0.03333333333333333,query_1,180,0.06976744186046512,True,GO:CC,86,2969,4
"""A contractile actin filament bundle that consists of short actin filaments with alternating polarity, cross-linked by alpha-actinin and possibly other actin bundling proteins, and with myosin present in a periodic distribution along the fiber."" [PMID:16651381]",22149,36341,6,"[[], [], [], [], [], [], [], [], [], [], [], [], [], ['IBA'], [], [], [], [], [], [], [], [], [], [], [], [], [], [], [], [], [], ['IEA'], [], [], [], [], [], [], [], [], [], [], [], [], [], [], [], [], [], [], [], [], [], [], [], [], [], [], [], [], [], [], [], [], [], [], [], [], [], ['IEA'], [], [], [], [], [], [], [], [], [], [], [], [], [], [], [], [], [], [], [], [], [], [], [], [], [], [], [], [], [], [], [], [], [], [], [], [], [], [], [], [], [], [], [], [], [], [], [], [], [], [], [], [], [], [], [], [], [], ['ISS'], [], [], [], [], [], [], [], [], [], [], [], [], [], [], [], [], [], [], [], [], [], [], [], [], [], [], [], [], [], ['IEA'], [], [], [], [], [], [], [], [], ['IDA', 'IBA'], [], [], [], [], [], [], [], [], [], [], [], [], [], [], [], [], [], [], [], [], [], [], [], [], [], [], [], [], []]",stress fiber,GO:0001725,0.021643824608285206,"['GO:0042641', 'GO:0097517']",0.03333333333333333,query_1,180,0.06976744186046512,True,GO:CC,86,151,4
"""A protein complex that in its canonical form is composed of two identical immunoglobulin heavy chains and two identical immunoglobulin light chains, held together by disulfide bonds and sometimes complexed with additional proteins. An immunoglobulin complex may be embedded in the plasma membrane or present in the extracellular space, in mucosal areas or other tissues, or circulating in the blood or lymph."" [GOC:add, GOC:jl, ISBN:0781765196]",22149,36982,8,"[[], [], ['IEA'], [], ['IEA'], [], [], [], [], [], [], [], [], [], [], [], [], [], [], [], [], [], ['IEA'], [], [], [], ['IEA'], [], [], [], [], [], [], [], [], [], [], [], [], [], ['IEA'], [], [], [], [], [], [], [], [], [], [], [], [], [], [], [], [], [], [], [], ['IEA'], [], [], [], [], [], [], [], [], [], [], [], [], [], [], [], [], [], [], [], [], [], [], [], [], [], [], [], [], [], [], [], [], [], [], [], [], [], [], ['IEA'], [], [], [], [], [], [], [], [], [], [], [], [], [], [], [], [], ['IEA'], [], [], [], [], [], [], [], [], [], [], [], [], [], [], [], [], [], [], [], [], [], [], [], [], [], [], [], [], [], [], [], [], [], [], [], [], [], [], [], [], [], [], [], [], [], [], [], [], [], [], [], [], [], [], [], [], [], [], [], [], [], [], [], [], [], [], [], [], [], [], [], [], [], [], [], [], [], [], []]",immunoglobulin complex,GO:0019814,0.022239185574079428,['GO:0032991'],0.044444444444444446,query_1,180,0.047337278106508875,True,GO:CC,169,792,7
"""The process whose specific outcome is the progression of an organismal system over time, from its formation to the mature structure. A system is a regularly interacting or interdependent group of organs or tissues that work together to carry out a given biological process."" [GOC:dph, GOC:jid]",21026,22975,58,"[[], [], [], [], [], ['TAS'], [], ['IMP'], [], ['IDA'], [], ['IEA'], [], [], [], [], [], [], ['IMP', 'IBA', 'IEA'], [], ['IEA'], [], [], [], [], [], [], [], [], ['ISS'], ['IMP'], [], ['IDA', 'ISS'], ['ISS'], [], [], ['ISS', 'IEA'], [], ['IEA'], [], [], ['IDA', 'IEA'], [], [], [], [], [], ['IMP', 'IEA'], [], ['IEA'], ['IEA'], [], ['IEA'], ['ISS', 'IEA'], ['IEA'], ['IMP'], ['IEA'], [], ['IEA'], [], [], [], [], [], [], [], [], [], [], [], [], ['IEA'], [], [], [], ['IEA'], [], [], [], ['TAS', 'IEA'], [], [], [], [], [], [], [], [], [], [], [], [], [], [], [], ['IEA'], [], [], [], [], [], [], [], [], [], [], [], [], [], ['ISS', 'IEA'], [], [], ['IMP', 'ISS'], [], ['ISS', 'IEA'], [], [], [], [], ['ISS', 'IEA'], [], ['IEA'], [], ['IDA', 'IMP'], [], [], [], [], [], [], [], [], [], ['ISS', 'IEA'], ['IEA'], [], [], [], [], [], [], [], ['IDA'], ['ISS'], [], [], ['ISS', 'IBA', 'IEA'], ['IDA', 'IMP', 'ISS', 'IBA', 'TAS', 'IEA'], ['IEA'], [], ['IEA'], [], ['IEA'], [], [], [], [], [], [], [], [], ['IDA', 'IMP'], [], [], ['IBA'], [], [], ['IEA'], ['IEA'], [], [], [], [], ['IMP', 'IEA'], ['IMP'], ['IMP', 'IEA'], [], ['IEA'], [], ['ISS', 'IEA'], [], ['IMP'], ['IDA', 'IBA', 'IEA'], ['IDA', 'IMP'], [], ['ISS'], ['IBA', 'IEA'], ['IEA'], [], [], [], ['IMP', 'ISS', 'NAS', 'IEA'], ['ISS'], [], [], []]",system development,GO:0048731,0.024991038741776713,"['GO:0007275', 'GO:0048856']",0.327683615819209,query_1,177,0.014310387367382186,True,GO:BP,4053,12821,11
"""Binding and bringing together two or more macromolecules in contact, permitting those molecules to organize as a molecular condensate."" [PMID:28225081]",20246,9476,5,"[[], [], [], [], [], [], [], [], [], [], [], [], [], [], [], [], [], [], [], [], [], [], [], [], [], [], [], [], [], [], [], [], [], [], [], [], [], [], [], [], [], [], ['IDA'], [], [], [], [], [], [], [], [], [], [], [], [], [], [], [], [], [], [], [], [], [], [], [], [], [], [], [], [], [], [], [], [], [], [], [], [], ['IDA'], [], [], [], [], [], [], [], [], [], [], [], [], [], [], [], [], [], [], [], [], [], [], [], [], [], [], [], [], [], [], [], [], [], [], [], [], [], [], [], [], [], [], [], [], [], [], [], [], [], [], ['IDA'], [], [], [], [], [], [], [], [], ['IDA'], [], [], [], [], [], [], [], [], [], [], [], [], [], [], [], [], [], [], [], [], ['IDA'], [], [], [], [], [], [], [], [], [], [], [], [], [], [], [], [], [], [], [], [], [], [], [], [], [], [], [], [], [], [], [], [], [], [], []]",molecular condensate scaffold activity,GO:0140693,0.025801045167127966,['GO:0030674'],0.029411764705882353,query_1,170,0.1111111111111111,True,GO:MF,45,9476,2
Regulation of actin dynamics for phagocytic cup formation,11004,42819,8,"[[], [], ['REAC'], [], ['REAC'], [], [], [], [], [], [], [], [], [], [], [], [], [], [], [], [], [], ['REAC'], [], [], [], ['REAC'], [], [], [], [], [], [], [], [], [], [], ['REAC'], [], [], ['REAC'], [], [], [], [], [], [], [], [], [], [], [], [], [], [], [], [], [], [], [], ['REAC'], [], [], [], [], [], [], [], [], [], [], [], [], [], [], [], [], [], [], [], [], [], [], [], [], [], [], [], [], [], [], [], [], [], [], [], [], [], [], [], [], [], [], [], [], [], [], [], [], [], [], [], [], [], [], [], ['REAC'], [], [], [], [], [], [], [], [], [], [], [], [], [], [], [], [], [], [], [], [], [], [], [], [], [], [], [], [], [], [], [], [], [], [], [], [], [], [], [], [], [], [], [], [], [], [], [], [], [], [], [], [], [], [], [], [], [], [], [], [], [], [], [], [], [], [], [], [], [], [], [], [], [], [], [], [], [], [], []]",Regulation of actin dynamics for phagocytic cup formation,REAC:R-HSA-2029482,0.02606254990312473,['REAC:R-HSA-2029480'],0.06153846153846154,query_1,130,0.06896551724137931,True,REAC,116,2036,31
Focal adhesion,8484,40526,9,"[[], [], [], [], [], [], [], [], [], [], [], [], [], [], [], [], [], [], [], [], [], [], [], [], [], [], [], [], [], [], [], ['KEGG'], [], [], [], [], [], [], [], [], [], ['KEGG'], [], [], [], [], [], [], [], ['KEGG'], [], [], [], [], [], [], [], [], [], [], [], [], [], [], [], [], [], [], [], [], [], [], [], [], [], [], [], [], [], ['KEGG'], [], [], [], [], [], [], [], [], [], [], [], [], [], [], [], [], [], [], [], [], [], [], [], [], [], [], [], [], [], [], [], [], [], [], [], [], [], [], [], [], [], [], [], [], [], [], [], [], [], [], [], [], [], [], [], [], [], [], [], [], [], [], [], [], [], [], [], ['KEGG'], [], [], [], [], [], [], [], [], [], [], [], [], [], [], [], [], [], [], [], [], [], [], [], [], [], ['KEGG'], [], [], [], ['KEGG'], [], [], [], [], ['KEGG'], ['KEGG'], [], [], [], [], [], [], [], [], [], [], [], []]",Focal adhesion,KEGG:04510,0.028117793803326744,['KEGG:00000'],0.09782608695652174,query_1,92,0.04455445544554455,True,KEGG,202,313,26
"""The volume enclosed by the nuclear inner membrane."" [GOC:mah, GOC:pz]",22149,37388,68,"[[], [], [], ['IDA', 'TAS'], [], [], [], [], ['IEA'], [], [], ['IDA', 'TAS'], ['IEA'], [], [], [], ['IEA'], [], ['IDA', 'TAS'], [], ['IDA'], [], [], [], ['TAS'], ['IDA', 'IBA', 'IEA'], [], [], [], ['IDA', 'TAS'], ['IDA', 'IMP', 'TAS', 'IEA'], [], [], [], [], ['IDA'], ['TAS'], [], [], [], [], [], ['IDA', 'NAS'], [], [], [], [], [], [], [], ['IDA'], [], ['TAS', 'IEA'], [], ['IDA'], ['IDA', 'IBA', 'IEA'], ['IDA'], [], ['IDA'], [], [], [], [], [], [], [], [], [], [], ['IDA'], [], ['IDA', 'IBA', 'TAS'], [], [], [], ['IDA', 'TAS'], ['IDA', 'IEA'], ['IEA'], ['IDA', 'NAS', 'IEA'], [], ['IDA'], [], [], [], [], [], ['IDA'], [], [], ['TAS'], [], [], [], ['IDA'], [], [], ['IDA', 'IBA', 'TAS', 'IEA'], ['TAS'], [], [], ['IEA'], ['IDA', 'TAS', 'IEA'], ['IDA', 'TAS', 'IEA'], [], [], [], [], ['IDA', 'IPI', 'ISS', 'IBA', 'TAS', 'IEA'], [], [], ['TAS'], [], [], [], [], [], [], ['IDA', 'TAS', 'IEA'], [], ['IDA', 'TAS'], ['IDA', 'IEA'], [], [], ['TAS'], ['TAS'], [], ['TAS'], ['IEA'], [], [], [], [], [], [], ['IDA', 'TAS', 'IEA'], [], [], [], [], [], [], [], [], [], ['IDA', 'TAS', 'IEA'], [], [], ['IDA', 'TAS'], ['IDA'], [], ['IEA'], [], ['IDA'], ['IDA', 'IPI', 'IBA', 'TAS', 'IEA'], [], [], ['IDA'], [], ['IDA'], [], ['IDA'], [], [], ['IDA', 'IBA'], [], [], ['IDA'], [], [], [], [], [], ['IDA', 'TAS'], [], [], ['IDA', 'TAS'], [], [], ['IDA', 'IBA', 'IEA'], ['IDA'], [], ['IDA'], [], [], [], [], ['IDA', 'TAS', 'IEA'], ['IDA'], [], ['IDA'], ['IDA', 'TAS'], ['IDA', 'TAS'], ['IBA'], [], ['IDA', 'IBA', 'TAS', 'IEA'], []]",nuclear lumen,GO:0031981,0.028731435109546805,"['GO:0005634', 'GO:0070013']",0.37777777777777777,query_1,180,0.01227436823104693,True,GO:CC,5540,1198,3
"""Any process that modulates the frequency, rate or extent of the chemical reactions and pathways within a cell or an organism involving those compounds formed as a part of the normal anabolic and catabolic processes. These processes take place in most, if not all, cells of the organism."" [PMID:19211694]",21026,27719,71,"[[], [], [], ['IMP', 'IBA'], [], [], [], [], [], [], [], ['IMP', 'IGI', 'ISS', 'IEA'], [], [], [], [], [], [], [], [], ['IDA', 'IBA', 'NAS', 'IEA'], [], [], [], [], ['IMP'], [], [], [], ['IDA', 'IMP', 'NAS'], ['IDA', 'IMP', 'IBA', 'IEA'], [], [], [], [], ['IDA'], ['IDA', 'IMP', 'ISS', 'IBA', 'NAS', 'IEA'], [], [], [], [], [], [], [], [], ['ISS', 'IEA'], [], [], [], [], [], [], ['IDA'], [], ['ISS', 'IEA'], ['IMP'], [], ['IBA'], [], [], [], [], [], [], ['IDA', 'IGI', 'IBA', 'IEA'], ['ISS', 'IBA', 'IEA'], [], [], [], [], [], ['IBA', 'NAS'], ['IMP'], ['ISS', 'IBA', 'IEA'], [], ['IDA', 'IMP', 'IBA', 'TAS', 'NAS', 'IEA'], ['IBA', 'IEA'], [], ['IPI', 'ISS', 'NAS'], ['IDA'], [], ['IDA', 'IBA', 'IEA'], [], [], [], [], ['IMP'], [], [], ['TAS'], [], ['IDA'], [], [], [], [], ['IDA', 'IBA'], [], ['ISS', 'IBA', 'IEA'], [], [], ['IDA', 'IMP', 'IBA', 'TAS', 'IEA'], ['IDA', 'ISS', 'IBA', 'IEA'], [], [], [], ['IDA', 'ISS', 'TAS'], ['IDA'], [], [], ['ISS', 'IEA'], [], ['IDA', 'IMP'], ['IBA', 'IEA'], [], [], [], ['NAS'], ['IDA', 'IBA'], ['IDA', 'ISS', 'IEA'], [], [], [], ['IDA', 'IMP', 'ISS', 'IEA'], ['IDA', 'IMP', 'ISS', 'IBA', 'IEA'], [], ['IDA', 'IMP'], ['ISS'], [], [], [], ['IMP', 'ISS', 'IEA'], [], ['IDA'], ['IDA', 'IMP', 'ISS', 'IBA', 'IEA'], [], [], [], [], ['IDA'], [], [], [], [], ['IDA', 'IMP', 'IBA', 'IEA'], ['IDA', 'IMP'], [], ['IDA', 'IMP', 'ISS', 'IBA', 'TAS', 'IC'], [], ['IDA'], ['IEA'], [], ['IEA'], ['IBA', 'IEA'], [], ['IDA'], ['IDA', 'IBA', 'NAS'], [], [], [], ['IMP'], [], ['IEA'], ['ISS', 'IBA', 'IEA'], [], [], ['IDA'], [], ['IMP'], [], [], [], [], [], [], ['IDA', 'IMP', 'ISS', 'IEA'], [], ['IDA', 'IEA'], [], [], [], [], ['IDA'], [], ['ISS', 'IEA'], ['ISS'], ['IDA', 'IMP', 'ISS', 'IEA'], [], [], ['IDA', 'IBA'], ['NAS'], ['IDA', 'ISS', 'IBA', 'TAS', 'NAS', 'IEA'], ['ISS'], [], ['IMP', 'IBA'], []]",regulation of primary metabolic process,GO:0080090,0.03001032739108087,"['GO:0019222', 'GO:0044238']",0.4011299435028249,query_1,177,0.013172541743970315,True,GO:BP,5390,17565,10
"""A process that is carried out at the cellular level which results in the assembly, arrangement of constituent parts, or disassembly of an organelle within a cell. An organelle is an organized structure of distinctive morphology and function. Includes the nucleus, mitochondria, plastids, vacuoles, vesicles, ribosomes and the cytoskeleton. Excludes the plasma membrane."" [GOC:mah]",21026,12752,53,"[[], [], [], [], [], ['IMP', 'IEA'], [], [], [], ['IMP'], ['IMP', 'IBA', 'IEA'], ['IMP', 'IGI', 'ISS', 'IBA', 'TAS', 'IC', 'IEA'], [], [], [], [], [], [], [], [], ['IEA'], [], [], [], ['ISS', 'IEA'], ['IMP'], [], [], [], [], ['IMP'], ['TAS', 'IEA'], ['IBA', 'IEA'], ['ISS'], [], [], [], ['IBA'], ['IBA', 'IEA'], [], [], [], [], [], [], [], [], ['IEA'], [], [], [], [], ['IEA'], ['IEA'], [], ['IEA'], ['IMP', 'IBA', 'IEA'], [], ['IDA', 'NAS', 'IEA'], [], [], [], [], [], [], [], [], ['IMP', 'IEA'], ['IMP'], ['IMP', 'IEP', 'IBA', 'NAS', 'IEA'], [], ['NAS'], ['IDA', 'IMP', 'IBA'], [], ['ISS'], ['NAS'], [], [], [], [], [], [], ['IDA'], [], [], [], [], [], [], [], [], [], [], [], ['IDA', 'IMP', 'IBA', 'IEA'], [], [], ['IDA'], [], [], [], [], ['TAS'], ['IEA'], [], ['IDA', 'IBA', 'IEA'], [], [], [], [], [], [], [], [], ['IMP', 'ISS', 'IBA', 'IEA'], [], [], [], [], ['IDA', 'ISS', 'IBA', 'IEA'], [], [], ['IMP', 'IBA'], ['IDA'], [], [], [], ['ISS'], [], [], ['IDA', 'IMP'], [], [], ['IMP', 'IBA'], ['IMP'], [], [], [], [], ['IMP'], [], [], [], ['IEA'], [], [], [], ['IMP', 'ISS', 'IBA', 'IEA'], [], [], ['TAS'], [], [], [], [], [], [], [], [], [], [], [], [], [], [], [], ['IDA', 'IBA'], [], ['IMP', 'IBA', 'NAS', 'IEA'], ['IDA', 'IMP', 'IBA', 'IEA'], [], [], ['IMP'], [], [], [], [], ['IEA'], [], ['IMP', 'ISS', 'IBA', 'IEA'], [], [], [], [], [], ['ISS', 'IBA'], ['IDA', 'IMP', 'IBA', 'IEA'], [], [], [], [], ['ISS', 'IEA'], [], [], [], []]",organelle organization,GO:0006996,0.03022315451019558,['GO:0016043'],0.2994350282485876,query_1,177,0.01474680022259321,True,GO:BP,3594,2598,19
"""Any process in which a protein is maintained in a location and prevented from moving elsewhere. These include sequestration, stabilization to prevent transport elsewhere and the active retrieval of proteins that do move away."" [GOC:bf]",21026,21314,6,"[[], [], [], [], [], [], [], [], [], [], [], [], [], [], [], [], [], [], [], [], [], [], [], [], [], [], [], [], [], [], ['IDA', 'IMP'], [], [], [], [], [], [], [], [], [], [], [], [], [], [], [], [], [], [], [], [], [], [], [], [], [], [], [], ['IDA'], [], [], [], [], [], [], [], [], [], [], [], [], [], [], [], [], [], [], [], [], [], [], [], [], [], [], [], [], [], [], [], [], [], [], [], [], [], [], [], [], [], [], [], [], [], [], [], [], ['IDA'], [], [], [], [], [], [], [], [], [], ['IDA'], [], [], [], [], [], [], [], [], [], [], [], [], [], [], [], ['IDA'], ['IMP'], [], [], [], [], [], [], [], [], [], [], [], [], [], [], [], [], [], [], [], [], [], [], [], [], [], [], [], [], [], [], [], [], [], [], [], [], [], [], [], [], [], [], [], [], [], [], [], [], [], [], [], [], [], [], [], [], [], [], [], [], []]",maintenance of protein location,GO:0045185,0.033133721230706514,"['GO:0008104', 'GO:0051235']",0.03389830508474576,query_1,177,0.09230769230769231,True,GO:BP,65,11160,12
"""A collagen-containing extracellular matrix consisting of a thin layer of dense material found in various animal tissues interposed between the cells and the adjacent connective tissue. It consists of the basal lamina plus an associated layer of reticulin fibers."" [PMID:22505934, PMID:33605520, PMID:39223427]",22149,36408,6,"[[], [], [], [], [], [], [], [], [], [], [], [], [], [], [], [], [], [], [], [], [], [], [], [], [], [], [], [], [], [], [], [], [], [], [], [], [], [], [], [], [], ['IBA', 'TAS', 'IEA'], [], [], [], [], [], [], [], [], [], [], [], [], [], [], [], [], [], [], [], [], [], [], [], [], [], [], [], ['TAS'], [], [], [], [], [], [], [], [], [], [], [], [], [], [], [], [], [], [], [], [], [], [], [], [], [], [], [], [], [], [], [], [], [], [], [], [], [], [], [], [], [], [], [], [], [], [], [], [], [], [], [], [], [], [], [], [], [], [], [], [], [], [], [], [], [], [], [], [], [], [], [], [], [], [], [], [], [], [], [], [], [], [], [], [], [], [], [], [], [], [], [], [], [], [], ['IEA'], [], [], [], [], [], [], [], [], ['IMP', 'IBA', 'IC', 'IEA'], [], [], [], [], [], [], [], [], ['IEA'], ['IDA', 'IPI', 'TAS', 'NAS', 'IEA'], [], [], [], [], [], [], [], [], [], [], [], []]",basement membrane,GO:0005604,0.03348353948980051,['GO:0031012'],0.03333333333333333,query_1,180,0.06451612903225806,True,GO:CC,93,218,9
Cell surface interactions at the vascular wall,11004,41112,10,"[[], [], ['REAC'], [], ['REAC'], [], [], [], [], [], [], [], [], [], [], [], [], [], [], [], [], [], ['REAC'], [], [], [], ['REAC'], [], [], [], [], [], [], [], [], [], [], [], [], [], ['REAC'], [], [], [], [], [], [], [], [], [], [], [], [], [], [], [], [], [], [], [], ['REAC'], [], [], [], [], [], [], [], [], [], [], [], [], [], [], [], [], [], [], ['REAC'], [], [], [], [], [], [], [], [], [], [], [], [], [], [], [], [], [], [], [], [], [], [], [], [], [], [], [], [], [], [], [], [], [], [], [], [], ['REAC'], [], [], [], [], [], [], [], [], [], [], [], [], [], [], [], [], [], [], [], [], [], [], [], [], [], [], [], [], [], ['REAC'], [], [], [], [], [], [], [], [], [], [], [], [], [], [], [], [], [], [], [], [], [], [], [], [], [], [], [], [], [], [], [], [], [], [], [], ['REAC'], [], [], [], [], [], [], [], [], [], [], [], [], []]",Cell surface interactions at the vascular wall,REAC:R-HSA-202733,0.03511764077853331,['REAC:R-HSA-109582'],0.07692307692307693,query_1,130,0.052083333333333336,True,REAC,192,329,41
Hepatocellular carcinoma,8484,40689,8,"[[], [], [], [], [], [], [], [], [], [], [], [], [], [], [], [], [], [], [], [], [], [], [], [], [], [], [], [], [], [], [], [], [], [], [], [], ['KEGG'], [], [], [], [], [], [], [], [], [], [], [], [], [], [], [], [], [], [], [], [], [], [], [], [], [], [], [], [], [], [], [], [], [], [], ['KEGG'], [], [], [], ['KEGG'], [], [], [], ['KEGG'], [], [], [], [], [], [], [], [], [], [], [], [], [], [], [], [], [], [], [], [], [], [], [], [], [], [], [], [], [], [], [], [], [], [], [], [], [], [], [], [], [], [], [], [], [], [], [], [], [], [], [], ['KEGG'], [], [], [], [], [], [], [], [], [], [], [], [], [], [], [], ['KEGG'], [], [], [], [], [], [], [], [], [], [], [], [], [], [], [], [], [], [], [], [], [], [], [], [], [], [], [], [], [], ['KEGG'], [], [], [], [], [], [], [], [], [], [], [], [], [], ['KEGG'], [], [], [], []]",Hepatocellular carcinoma,KEGG:05225,0.036320098918784745,['KEGG:00000'],0.08695652173913043,query_1,92,0.04819277108433735,True,KEGG,166,476,27
"""Any process involved in the development or functioning of the immune system, an organismal system for calibrated responses to potential internal or invasive threats."" [GO_REF:0000022, GOC:add]",21026,11058,45,"[[], ['IEA'], ['IBA', 'NAS', 'IEA'], ['IMP', 'IEA'], ['IBA', 'NAS', 'IEA'], [], [], ['IDA', 'IMP', 'IBA', 'NAS', 'IEA'], [], [], [], ['IMP', 'ISS', 'IEA'], [], [], [], [], [], ['IMP', 'ISS', 'IEA'], [], ['IEP', 'TAS', 'IEA'], [], [], ['IBA', 'NAS', 'IEA'], [], ['IMP'], [], ['IBA', 'NAS', 'IEA'], [], [], [], ['IDA', 'IMP', 'IC'], ['IEA'], [], [], [], [], [], [], ['IEA'], [], ['IBA', 'NAS', 'IEA'], [], ['IDA', 'IMP', 'NAS', 'IEA'], [], [], [], [], [], [], ['IEA'], [], [], [], [], ['TAS', 'IEA'], [], [], [], [], [], ['IBA', 'NAS', 'IEA'], [], [], [], [], [], [], [], [], [], ['IDA', 'IMP', 'IBA', 'NAS', 'IEA'], ['NAS'], [], [], ['IMP', 'ISS'], ['NAS'], [], [], [], ['IDA', 'TAS', 'IEA'], [], [], [], [], [], [], ['IBA', 'IEA'], [], [], [], [], [], ['IDA', 'IBA', 'NAS', 'IEA'], [], [], [], [], [], [], ['IBA', 'IEA'], [], [], ['NAS'], [], [], [], [], [], [], [], [], [], ['IMP', 'ISS', 'IC'], [], [], [], ['IBA', 'NAS', 'IEA'], [], ['IMP', 'IEA'], ['ISS', 'IEA'], [], [], [], [], ['ISS', 'IBA', 'TAS', 'IEA'], [], ['IDA', 'ISS', 'IEA'], [], [], [], ['IEA'], ['IDA', 'IMP', 'ISS', 'TAS', 'IEA'], [], [], [], [], [], [], [], ['IDA', 'IMP', 'ISS', 'NAS', 'IEA'], [], [], [], [], ['IDA', 'TAS', 'IEA'], [], [], [], [], [], [], [], ['IEA'], [], [], [], [], [], [], [], ['IDA', 'IEA'], ['TAS'], [], ['IBA'], [], [], [], [], [], [], [], [], [], [], [], [], [], ['TAS', 'IEA'], [], [], [], [], ['IDA', 'IEA'], [], [], [], ['IDA', 'ISS', 'IBA', 'IEA'], [], [], [], [], [], [], [], [], []]",immune system process,GO:0002376,0.03745748223018967,['GO:0008150'],0.2542372881355932,query_1,177,0.01567398119122257,True,GO:BP,2871,904,15
"""An assembly of actin filaments that are on the same axis but may be oriented with the same or opposite polarities and may be packed with different levels of tightness."" [GOC:mah]",22149,37460,6,"[[], [], [], [], [], [], [], [], [], [], [], [], [], ['IBA'], [], [], [], [], [], [], [], [], [], [], [], [], [], [], [], [], [], ['IEA'], [], [], [], [], [], [], [], [], [], [], [], [], [], [], [], [], [], [], [], [], [], [], [], [], [], [], [], [], [], [], [], [], [], [], [], [], [], ['IEA'], [], [], [], [], [], [], [], [], [], [], [], [], [], [], [], [], [], [], [], [], [], [], [], [], [], [], [], [], [], [], [], [], [], [], [], [], [], [], [], [], [], [], [], [], [], [], [], [], [], [], [], [], [], [], [], [], [], ['ISS'], [], [], [], [], [], [], [], [], [], [], [], [], [], [], [], [], [], [], [], [], [], [], [], [], [], [], [], [], [], ['IEA'], [], [], [], [], [], [], [], [], ['IDA', 'IBA'], [], [], [], [], [], [], [], [], [], [], [], [], [], [], [], [], [], [], [], [], [], [], [], [], [], [], [], [], []]",actin filament bundle,GO:0032432,0.03767013826886026,"['GO:0015629', 'GO:0110165']",0.03333333333333333,query_1,180,0.06315789473684211,True,GO:CC,95,1270,4
Influenza A,8484,40658,8,"[[], ['KEGG'], [], [], [], [], [], [], [], [], [], [], [], [], [], [], [], [], [], ['KEGG'], [], [], [], [], [], [], [], [], [], [], [], [], [], [], [], [], [], [], [], [], [], [], [], [], [], [], [], [], [], [], [], [], [], [], [], [], [], [], [], [], [], [], [], [], [], [], [], [], [], [], ['KEGG'], [], [], [], [], [], [], [], [], [], [], [], [], [], [], [], ['KEGG'], [], [], [], [], [], [], [], [], [], [], [], [], [], [], [], [], [], [], [], [], [], [], [], [], [], [], [], [], [], [], [], [], [], [], [], [], [], [], [], ['KEGG'], [], [], [], [], [], [], [], [], [], [], [], [], ['KEGG'], [], [], [], [], ['KEGG'], [], [], [], [], [], [], [], [], [], [], [], [], [], [], [], [], [], [], [], [], [], [], [], [], [], [], [], [], [], [], [], [], ['KEGG'], [], [], [], [], [], [], [], [], [], [], [], [], [], [], [], [], [], []]",Influenza A,KEGG:05164,0.03781267551741345,['KEGG:00000'],0.08695652173913043,query_1,92,0.04790419161676647,True,KEGG,167,445,28
"""Binding to an identical protein or proteins."" [GOC:jl]",20246,5147,36,"[[], [], [], [], [], [], [], [], [], [], [], ['IPI'], [], [], [], [], [], ['IDA'], [], ['IPI'], [], [], [], [], [], [], [], [], [], [], ['IPI'], ['IPI'], [], [], [], ['IPI', 'IEA'], ['IPI', 'IEA'], [], [], [], [], [], [], [], [], [], [], [], [], [], [], [], ['IPI'], [], ['IEA'], ['ISS', 'IEA'], [], [], ['ISS'], [], [], [], [], [], [], [], [], [], [], [], [], [], [], [], [], [], [], [], [], [], [], [], [], [], [], [], ['IPI'], [], [], [], [], [], [], [], [], [], [], ['IDA'], [], [], [], [], [], ['IPI'], [], [], [], [], [], [], [], ['IPI'], [], [], ['IPI'], [], [], ['IPI'], [], [], [], [], ['IPI'], [], [], [], ['IPI'], [], [], [], [], [], [], ['IPI'], ['IDA'], [], [], [], [], ['IDA'], [], [], [], ['IPI'], [], [], [], [], [], [], ['IPI', 'IEA'], [], [], [], ['IPI'], [], [], [], ['IPI'], [], ['IDA'], [], [], [], [], [], [], [], [], ['IPI'], [], [], [], [], [], ['IPI'], [], ['IPI'], [], ['ISS'], [], [], ['IPI'], [], [], ['IPI'], [], [], ['IPI', 'IBA', 'IEA'], ['IPI'], [], ['IPI', 'IEA'], [], [], [], []]",identical protein binding,GO:0042802,0.03800683707490615,['GO:0005515'],0.21176470588235294,query_1,170,0.016498625114573784,True,GO:MF,2182,5147,1
"""Any process that modulates the frequency, rate or extent of the chemical reactions and pathways within a cell or an organism."" [GOC:go_curators]",21026,15723,86,"[[], [], [], ['IMP', 'IBA'], [], [], [], ['IMP'], ['IEA'], ['IDA'], [], ['IDA', 'IMP', 'IGI', 'ISS', 'IEA'], [], [], [], [], [], [], [], [], ['IDA', 'IBA', 'NAS', 'IEA'], [], [], [], ['IMP'], ['IMP'], [], [], [], ['IDA', 'IMP', 'NAS'], ['IDA', 'IMP', 'IBA', 'IEA'], [], [], [], [], ['IDA', 'ISS', 'IEA'], ['IDA', 'IMP', 'ISS', 'IBA', 'TAS', 'NAS', 'IEA'], [], [], ['IEA'], [], [], ['IDA', 'ISS'], [], ['IEA'], ['ISS', 'IEA'], [], ['IGI'], [], [], [], [], ['IDA', 'IEA'], [], ['ISS', 'IEA'], ['IDA', 'IMP', 'IEA'], [], ['IBA'], [], [], [], ['IBA'], [], [], ['IDA', 'IGI', 'IBA', 'IEA'], ['ISS', 'IBA', 'IEA'], ['IEA'], [], [], [], ['IMP'], ['IBA', 'NAS'], ['IMP'], ['ISS', 'IBA', 'IEA'], [], ['IDA', 'IMP', 'IBA', 'TAS', 'NAS', 'IEA'], ['IBA', 'IEA'], [], ['IPI', 'IMP', 'ISS', 'NAS'], ['IDA'], [], ['IDA', 'IBA', 'IEA'], [], [], [], [], ['IMP'], [], [], ['TAS'], [], ['IDA'], [], [], [], [], ['IDA', 'IBA'], [], ['ISS', 'IBA', 'IEA'], [], [], ['IDA', 'IMP', 'IBA', 'TAS', 'IEA'], ['IDA', 'ISS', 'IBA', 'IEA'], [], [], [], ['IDA', 'ISS', 'TAS', 'IEA'], ['IDA'], [], [], ['ISS', 'IEA'], [], ['IDA', 'IMP', 'ISS'], ['IBA', 'IEA'], [], [], [], ['IMP', 'NAS'], ['IDA', 'IBA'], ['IDA', 'ISS', 'IEA'], [], [], [], ['IDA', 'IMP', 'ISS', 'IBA', 'TAS', 'IEA'], ['IDA', 'IMP', 'ISS', 'IBA', 'IEA'], [], ['IDA', 'IMP', 'ISS', 'IEA'], ['ISS'], [], [], ['IDA', 'IMP'], ['IMP', 'ISS', 'IEA'], [], ['IDA'], ['IDA', 'IMP', 'ISS', 'IBA', 'IEA'], [], ['IEA'], [], [], ['IDA', 'IMP', 'ISS'], [], [], [], [], ['IDA', 'IMP', 'IBA', 'IC', 'IEA'], ['IDA', 'IMP'], [], ['IDA', 'IMP', 'ISS', 'IBA', 'TAS', 'IC'], [], ['IDA'], ['IEA'], [], ['IEA'], ['IBA', 'IEA'], [], ['IDA', 'IMP'], ['IDA', 'IBA', 'NAS'], [], [], [], ['IDA', 'IMP'], ['ISS'], ['IEA'], ['ISS', 'IBA', 'IEA'], [], [], ['IDA'], [], ['IMP', 'IEA'], [], ['IDA'], [], [], [], [], ['IDA', 'IMP', 'ISS', 'IEA'], [], ['IDA', 'IEA'], [], [], [], [], ['IDA'], [], ['ISS', 'IEA'], ['ISS'], ['IDA', 'IMP', 'ISS', 'IEA'], [], [], ['IDA', 'IBA'], ['NAS'], ['IDA', 'IMP', 'ISS', 'IBA', 'TAS', 'NAS', 'IEA'], ['ISS'], [], ['IMP', 'IBA'], []]",regulation of metabolic process,GO:0019222,0.038499479338905164,"['GO:0008152', 'GO:0050794']",0.4858757062146893,query_1,177,0.01222459132906894,True,GO:BP,7035,5569,10
"""A stable assembly of two or more macromolecules, i.e. proteins, nucleic acids, carbohydrates or lipids, in which at least one component is a protein and the constituent parts function together."" [GOC:dos, GOC:mah]",22149,37501,89,"[[], ['IEA'], ['IEA'], ['IPI'], ['IEA'], ['IDA', 'IBA', 'IEA'], [], ['IDA', 'IEA'], [], [], ['IDA', 'IMP', 'NAS'], ['IDA'], [], [], [], [], [], [], [], [], [], ['IDA', 'IPI', 'IBA', 'NAS', 'IEA'], ['IEA'], ['IPI'], ['IDA', 'IPI', 'ISS', 'IEA'], ['IDA'], ['IEA'], [], [], ['IPI'], ['IDA'], [], [], [], [], [], ['IDA', 'IPI', 'IMP', 'ISS', 'IBA', 'NAS', 'IEA'], ['IEA'], [], ['IEA'], ['IEA'], ['IBA', 'TAS', 'IEA'], ['IDA', 'IPI', 'IBA', 'TAS', 'IEA'], [], ['IEA'], [], [], [], [], ['IDA', 'IBA', 'TAS', 'NAS', 'IEA'], [], [], [], [], [], [], ['IDA', 'IBA', 'IEA'], [], ['IDA'], [], ['IEA'], ['IPI', 'IBA', 'IEA'], [], [], [], [], ['IEA'], ['IDA', 'TAS'], ['IDA', 'IBA', 'IEA'], [], ['IDA', 'IBA', 'IEA'], ['IDA', 'IBA', 'NAS', 'IEA'], ['IDA'], ['IDA'], [], ['IDA', 'ISS', 'NAS', 'IEA'], ['IEA'], [], ['IDA', 'IPI', 'IBA', 'NAS', 'IEA'], ['IPI', 'IEA'], ['IDA', 'IEA'], [], ['IDA', 'IEA'], [], ['IEA'], [], ['IDA', 'IBA'], [], [], ['IBA'], [], ['IDA'], ['IDA', 'IPI', 'ISS'], [], [], ['IDA', 'IPI', 'IBA', 'TAS', 'IEA'], ['IPI', 'ISS', 'IBA', 'IEA'], [], [], ['IEA'], [], [], ['IDA', 'ISS', 'IBA', 'IEA'], [], [], [], ['IDA', 'IPI', 'IBA', 'IEA'], ['IDA', 'IPI', 'ISS', 'IBA', 'IEA'], [], ['IDA'], [], [], [], [], ['IDA'], [], ['IEA'], ['IDA', 'IPI', 'IBA', 'NAS'], [], [], ['IDA', 'IBA', 'TAS'], [], [], ['IDA', 'IPI', 'IGI', 'IBA', 'IEA'], [], [], [], ['ISS'], [], [], ['IBA', 'IEA'], [], ['IDA', 'IMP', 'IBA', 'NAS'], [], ['IDA', 'IPI', 'IBA', 'IEA'], [], ['IEA'], [], [], ['NAS'], [], [], [], [], [], ['TAS'], [], ['IDA', 'IBA', 'TAS', 'NAS', 'IEA'], [], [], [], [], [], ['IDA', 'IPI', 'IBA', 'IEA'], ['IDA'], ['IEA'], [], [], [], [], ['IDA', 'IBA', 'IEA'], ['ISS', 'IBA', 'TAS', 'IEA'], [], [], ['IBA', 'TAS', 'IEA'], [], [], [], ['IDA', 'IPI', 'IBA', 'IEA'], [], [], [], ['IBA', 'IEA'], ['IMP', 'IEA'], [], ['IDA', 'ISS'], [], [], ['IBA'], ['IDA'], [], ['IDA', 'ISS', 'IBA', 'TAS'], ['IDA', 'IPI'], ['IDA', 'IPI', 'TAS', 'NAS'], [], ['ISS'], ['IDA', 'IPI', 'IMP'], ['ISS', 'IBA', 'IEA'], ['IBA'], [], ['IPI', 'IBA'], ['IDA', 'IPI', 'IMP', 'IBA', 'NAS', 'IEA'], [], ['IDA', 'IBA', 'NAS', 'IEA'], ['IDA', 'IBA', 'IEA'], []]",protein-containing complex,GO:0032991,0.03873579097010485,['GO:0005575'],0.49444444444444446,query_1,180,0.011186525892408246,True,GO:CC,7956,1311,7
"""Any process that modulates the frequency, rate or extent of the chemical reactions and pathways involving macromolecules, any molecule of high relative molecular mass, the structure of which essentially comprises the multiple repetition of units derived, actually or conceptually, from molecules of low relative molecular mass."" [GOC:dph, GOC:tb]",21026,24418,81,"[[], [], [], ['IMP', 'IBA'], [], [], [], ['IMP'], ['IEA'], [], [], ['IDA', 'IMP', 'IGI', 'ISS', 'IEA'], [], [], [], [], [], [], [], [], ['IDA', 'IBA', 'NAS', 'IEA'], [], [], [], ['IMP'], ['IMP'], [], [], [], ['IDA', 'IMP', 'NAS'], ['IDA', 'IMP', 'IBA', 'IEA'], [], [], [], [], ['IDA', 'ISS', 'IEA'], ['IDA', 'IMP', 'ISS', 'IBA', 'TAS', 'NAS', 'IEA'], [], [], ['IEA'], [], [], ['IDA', 'ISS'], [], ['IEA'], ['ISS', 'IEA'], [], ['IGI'], [], [], [], [], ['IDA', 'IEA'], [], ['ISS', 'IEA'], ['IDA', 'IMP', 'IEA'], [], ['IBA'], [], [], [], ['IBA'], [], [], ['IDA', 'IGI', 'IBA', 'IEA'], ['ISS', 'IBA', 'IEA'], ['IEA'], [], [], [], ['IMP'], ['IBA', 'NAS'], ['IMP'], ['ISS', 'IBA', 'IEA'], [], ['IDA', 'IMP', 'IBA', 'TAS', 'NAS', 'IEA'], ['IBA', 'IEA'], [], ['IPI', 'IMP', 'ISS', 'NAS'], ['IDA'], [], ['IDA', 'IBA', 'IEA'], [], [], [], [], ['IMP'], [], [], ['TAS'], [], ['IDA'], [], [], [], [], ['IDA', 'IBA'], [], ['ISS', 'IBA', 'IEA'], [], [], ['IDA', 'IMP', 'IBA', 'TAS', 'IEA'], ['IDA', 'ISS', 'IBA', 'IEA'], [], [], [], ['IDA', 'ISS', 'TAS', 'IEA'], ['IDA'], [], [], ['ISS', 'IEA'], [], ['IDA', 'IMP'], ['IBA', 'IEA'], [], [], [], ['NAS'], ['IDA', 'IBA'], ['IDA', 'ISS', 'IEA'], [], [], [], ['IDA', 'IMP', 'ISS', 'IBA', 'TAS', 'IEA'], ['IDA', 'IMP', 'ISS', 'IBA', 'IEA'], [], ['IDA', 'IMP', 'ISS', 'IEA'], ['ISS'], [], [], ['IDA', 'IMP'], ['IMP', 'ISS', 'IEA'], [], ['IDA'], ['IDA', 'IMP', 'ISS', 'IBA', 'IEA'], [], ['IEA'], [], [], ['IDA', 'IMP', 'ISS'], [], [], [], [], ['IDA', 'IMP', 'IBA', 'IC', 'IEA'], ['IDA', 'IMP'], [], ['IDA', 'IMP', 'ISS', 'IBA', 'TAS', 'IC'], [], ['IDA'], [], [], ['IEA'], ['IBA', 'IEA'], [], ['IDA', 'IMP'], ['IDA', 'IBA', 'NAS'], [], [], [], ['IDA', 'IMP'], [], ['IEA'], ['IBA', 'IEA'], [], [], ['IDA'], [], ['IMP', 'IEA'], [], [], [], [], [], [], ['IDA', 'IMP', 'ISS', 'IEA'], [], ['IDA', 'IEA'], [], [], [], [], ['IDA'], [], [], ['ISS'], ['IDA', 'IMP', 'ISS', 'IEA'], [], [], ['IDA', 'IBA'], ['NAS'], ['IDA', 'IMP', 'ISS', 'IBA', 'TAS', 'NAS', 'IEA'], ['ISS'], [], ['IMP', 'IBA'], []]",regulation of macromolecule metabolic process,GO:0060255,0.03917290261642344,"['GO:0019222', 'GO:0043170']",0.4576271186440678,query_1,177,0.012476894639556377,True,GO:BP,6492,14264,10
Allograft rejection,8484,40699,4,"[[], ['KEGG'], [], [], [], [], [], ['KEGG'], [], [], [], [], [], [], [], [], [], [], [], [], [], [], [], [], [], [], [], [], [], [], [], [], [], [], [], [], [], [], [], [], [], [], [], [], [], [], [], [], [], [], [], [], [], [], [], [], [], [], [], [], [], [], [], [], [], [], [], [], [], [], ['KEGG'], [], [], [], [], [], [], [], [], [], [], [], [], [], [], [], ['KEGG'], [], [], [], [], [], [], [], [], [], [], [], [], [], [], [], [], [], [], [], [], [], [], [], [], [], [], [], [], [], [], [], [], [], [], [], [], [], [], [], [], [], [], [], [], [], [], [], [], [], [], [], [], [], [], [], [], [], [], [], [], [], [], [], [], [], [], [], [], [], [], [], [], [], [], [], [], [], [], [], [], [], [], [], [], [], [], [], [], [], [], [], [], [], [], [], [], [], [], [], [], [], [], [], [], [], [], [], [], []]",Allograft rejection,KEGG:05330,0.040644321284286335,['KEGG:00000'],0.043478260869565216,query_1,92,0.11764705882352941,True,KEGG,34,486,29
"""Any process that modulates the frequency, rate or extent of a process involved in the formation, arrangement of constituent parts, or disassembly of cell structures, including the plasma membrane and any external encapsulating structures such as the cell wall and cell envelope."" [GOC:ai]",21026,23486,40,"[[], [], [], [], [], [], [], [], [], [], [], ['IMP', 'IGI', 'ISS', 'IC', 'IEA'], [], [], [], [], [], [], [], [], [], [], [], [], [], ['IMP'], [], [], [], [], [], [], ['IDA', 'ISS', 'IBA'], ['ISS'], [], [], [], [], [], [], [], [], [], [], [], [], [], [], [], [], [], [], ['IEA'], ['IEA'], [], [], ['IEA'], [], ['IEA'], ['IEA'], [], [], ['IDA', 'IMP', 'IBA'], [], ['IEA'], [], [], [], [], [], [], ['NAS'], ['IDA', 'IMP', 'IBA'], [], [], ['IMP', 'NAS'], [], [], [], [], [], [], [], [], [], [], [], [], [], [], [], [], [], [], [], [], [], [], [], [], [], ['IMP'], [], [], [], ['IDA', 'IMP', 'IBA', 'IEA'], [], [], [], ['ISS', 'IEA'], [], [], ['IMP', 'IEA'], [], [], [], [], [], [], [], [], ['IMP', 'IEA'], ['IMP', 'IBA'], ['IDA', 'IMP'], [], [], ['ISS', 'IEA'], [], [], [], ['IMP'], ['IMP', 'IEA'], [], ['IMP', 'ISS'], ['IMP'], [], [], [], [], ['IDA', 'IMP'], [], [], [], [], [], ['IEA'], [], ['IDA', 'IMP', 'ISS', 'IBA', 'IEA'], [], ['IDA'], [], [], ['IEA'], [], [], [], [], [], [], [], ['IDA'], [], [], [], [], [], ['IDA', 'IBA'], [], [], [], [], [], [], [], [], ['IEA'], [], ['IDA'], [], [], [], [], ['IEA'], ['NAS'], ['IC'], ['ISS'], [], [], [], [], [], ['IDA', 'IMP', 'ISS', 'IEA'], [], [], [], []]",regulation of cellular component organization,GO:0051128,0.041966127409595044,"['GO:0016043', 'GO:0050794']",0.22598870056497175,query_1,177,0.016440608302507192,True,GO:BP,2433,13332,20
"""Binding to ATP, adenosine 5'-triphosphate, a universally important coenzyme and enzyme regulator."" [ISBN:0198506732]",20246,1470,28,"[[], [], [], [], [], ['IEA'], [], [], [], [], [], ['IEA'], [], [], ['IEA'], [], [], [], [], [], [], [], [], [], [], [], [], [], [], [], [], [], [], [], [], [], [], ['IEA'], [], [], [], [], ['IDA', 'IEA'], [], [], [], [], [], [], [], [], ['IEA'], [], [], [], ['IEA'], [], [], [], [], [], [], ['IEA'], [], [], [], [], [], [], [], [], [], [], [], [], ['IEA'], [], [], [], [], ['IEA'], [], ['IEA'], ['IEA'], [], [], [], [], [], ['IEA'], [], [], [], [], [], [], ['IEA'], ['TAS', 'IEA'], [], [], [], [], [], [], [], [], [], [], [], [], [], [], [], [], [], [], [], [], [], [], [], [], [], [], [], [], ['IEA'], [], [], [], ['IEA'], [], [], [], ['IDA', 'IEA'], [], [], [], [], [], [], [], [], [], ['IEA'], [], [], ['IEA'], ['IEA'], [], ['IEA'], [], [], [], ['IEA'], [], [], [], [], [], [], [], [], [], [], ['IEA'], [], [], [], ['IDA', 'IEA'], [], [], [], [], [], [], [], ['IEA'], [], [], [], [], [], [], [], [], ['IEA'], [], ['IBA', 'IEA'], [], [], [], [], [], [], []]",ATP binding,GO:0005524,0.044963354075656915,"['GO:0032559', 'GO:0035639']",0.16470588235294117,query_1,170,0.018469656992084433,True,GO:MF,1516,1470,1
"""Any small, fluid-filled, spherical organelle enclosed by membrane."" [GOC:mah, GOC:pz, GOC:vesicles]",22149,37389,53,"[[], ['IEA'], ['HDA'], [], ['HDA'], [], [], ['HDA', 'TAS', 'IEA'], [], [], [], ['IEA'], [], [], ['HDA'], ['IDA', 'IBA', 'IEA'], [], ['IDA', 'HDA', 'IBA', 'IEA'], [], [], [], ['IDA', 'IPI', 'IBA', 'NAS', 'IEA'], [], ['HDA', 'TAS', 'IEA'], [], [], ['HDA'], [], [], [], [], ['HDA', 'IEA'], [], [], [], ['HDA'], [], ['IDA', 'HDA', 'ISS'], ['HDA'], [], [], ['HDA'], [], [], [], [], [], ['IEA'], [], ['HDA', 'IEA'], [], [], [], [], ['HDA', 'TAS'], [], [], [], [], [], [], ['HDA'], ['ISS'], [], [], [], [], [], [], ['IDA'], ['IBA', 'TAS', 'IEA'], [], [], ['HDA'], [], [], [], [], ['HDA'], [], [], [], ['HDA', 'TAS', 'IEA'], [], [], ['IEA'], ['HDA'], [], [], ['HDA', 'IEA'], [], ['HDA', 'TAS'], [], [], [], ['IEA'], ['TAS'], [], [], [], [], ['HDA'], [], [], [], [], ['HDA'], [], [], [], [], [], [], [], [], [], ['HDA'], [], [], [], [], ['IDA', 'HDA', 'IBA', 'TAS', 'IEA'], ['IDA', 'IEA'], ['IDA'], [], [], [], [], [], [], [], ['IDA', 'HDA'], [], ['IDA', 'IEA'], [], [], [], [], [], [], ['HDA'], [], ['IEA'], [], [], [], [], [], [], ['HDA', 'IBA', 'IEA'], ['IEA'], [], [], [], ['IDA'], [], [], [], [], [], [], ['HDA', 'IEA'], [], [], ['HDA'], [], [], [], [], ['HDA'], ['HDA'], [], [], [], [], [], [], [], [], [], [], [], ['IDA', 'HDA', 'TAS'], ['HDA'], ['HDA', 'TAS'], [], [], [], ['HDA'], [], [], [], [], [], [], []]",vesicle,GO:0031982,0.045509669930851246,['GO:0043227'],0.29444444444444445,query_1,180,0.0131415819489214,True,GO:CC,4033,1199,3
"""The aggregation, arrangement and bonding together of a set of components to form an inflammasome complex."" [PMID:33420028, PMID:33420033, PMID:33542150]",21026,29737,5,"[[], [], [], [], [], [], [], [], [], [], [], [], [], [], [], [], [], [], [], [], [], [], [], [], [], [], [], [], [], [], [], [], [], [], [], [], [], [], [], [], [], [], ['IDA', 'IMP'], [], [], [], [], [], [], [], [], [], [], [], [], [], [], [], [], [], [], [], [], [], [], [], [], [], [], [], [], [], [], [], [], [], [], [], [], [], [], [], [], [], [], [], [], [], [], [], [], [], [], [], [], [], [], [], [], [], [], [], [], [], [], [], [], [], [], [], [], [], [], [], [], [], [], [], [], [], [], [], [], [], [], [], ['ISS', 'IEA'], [], [], [], [], ['IMP'], [], [], [], [], [], [], [], ['IDA'], [], [], [], [], [], [], [], [], [], [], [], [], [], [], [], [], [], [], [], [], ['IDA'], [], [], [], [], [], [], [], [], [], [], [], [], [], [], [], [], [], [], [], [], [], [], [], [], [], [], [], [], [], [], [], [], [], [], []]",canonical inflammasome complex assembly,GO:0140632,0.04889703372553554,"['GO:0065003', 'GO:0141084']",0.02824858757062147,query_1,177,0.11904761904761904,True,GO:BP,42,19583,21
