gene,coef,abs_coef
SF3A1,-0.004381952339706054,0.004381952339706054
KHDC1-AS1,-0.004240476151596732,0.004240476151596732
MLKL,-0.004178326468110648,0.004178326468110648
WWC2,-0.004074242199941708,0.004074242199941708
ENSG00000230333,-0.0040276962179560975,0.0040276962179560975
CDYL2,-0.004009844585875298,0.004009844585875298
ANGPT2,-0.0040098105825793215,0.0040098105825793215
PBX1,-0.004001979987967945,0.004001979987967945
FZD2,-0.003989532811230581,0.003989532811230581
NHEJ1,-0.00398911163470498,0.00398911163470498
TRAF3IP2-AS1,-0.003985897723098785,0.003985897723098785
PDLIM3,-0.003971210000369909,0.003971210000369909
LRRC47,-0.0039695216302784815,0.0039695216302784815
ELF3-AS1,-0.003967351839091814,0.003967351839091814
ENSG00000291136,-0.003941416108542902,0.003941416108542902
PSMG4,-0.003941375470901123,0.003941375470901123
N4BP2L2,-0.003922501484338668,0.003922501484338668
SSBP3,0.0039161439210895635,0.0039161439210895635
EML1,-0.0039071276660056576,0.0039071276660056576
GABPB1-AS1,-0.003905680797119501,0.003905680797119501
ETFBKMT,-0.003895619436080337,0.003895619436080337
MRPS30,-0.003875567230554888,0.003875567230554888
ZNF587,-0.0038324584046607866,0.0038324584046607866
ENSG00000228343,-0.003831477817461644,0.003831477817461644
PRKAG1,-0.003831477817461644,0.003831477817461644
Y_RNA,-0.003810761985413681,0.003810761985413681
GPALPP1,-0.0037778405597126163,0.0037778405597126163
SCO1,-0.0037746233776342598,0.0037746233776342598
MYO5A,-0.003772188228654969,0.003772188228654969
ENSG00000224905,-0.003752708353817419,0.003752708353817419
CFAP251,-0.003744214556774116,0.003744214556774116
LUC7L3,-0.0037412257756856268,0.0037412257756856268
ATG4B,-0.0037377109927782225,0.0037377109927782225
ZSCAN30,-0.003737245020174186,0.003737245020174186
ARSA,-0.0037204598724871344,0.0037204598724871344
GFM1,-0.003720145952991461,0.003720145952991461
ENSG00000244055,-0.003715906968829363,0.003715906968829363
AARS1,-0.0036903953556874473,0.0036903953556874473
ENSG00000278963,-0.003678650234324037,0.003678650234324037
TAB3,-0.0036769213453836996,0.0036769213453836996
HERC4,-0.0036681129020739623,0.0036681129020739623
SULF1,-0.0036670693508912694,0.0036670693508912694
ANAPC5,-0.003664793208330993,0.003664793208330993
FASTKD2,-0.00366244210385623,0.00366244210385623
ENSG00000275964,-0.00366244210385623,0.00366244210385623
ENSG00000272420,-0.00366244210385623,0.00366244210385623
HHAT,-0.00366244210385623,0.00366244210385623
ENSG00000285857,-0.00366244210385623,0.00366244210385623
PTPRG,-0.003662440177467812,0.003662440177467812
CIT,-0.003640595450715102,0.003640595450715102
ARF6,0.0036372068274237983,0.0036372068274237983
RSPH3,-0.003635675872960903,0.003635675872960903
AVL9,-0.003620037394366134,0.003620037394366134
TYK2,-0.003618866241910447,0.003618866241910447
NFE2L2,-0.0036032900879888643,0.0036032900879888643
RAB30,-0.003599163209450846,0.003599163209450846
LIMS2,-0.003594990559509458,0.003594990559509458
BLZF2P,-0.003584866920159875,0.003584866920159875
PTK2,-0.003582813990485792,0.003582813990485792
CNIH1,-0.0035736255098700086,0.0035736255098700086
ANXA2R-OT1,-0.0035726448663249465,0.0035726448663249465
ENSG00000286458,-0.00357054101133349,0.00357054101133349
AJAP1,-0.0035700942861675343,0.0035700942861675343
SH3RF1,-0.0035595446485538903,0.0035595446485538903
MBD5,-0.0035557131012189727,0.0035557131012189727
NPAS3,-0.0035528773666043062,0.0035528773666043062
CCDC68,-0.0035528773666043062,0.0035528773666043062
ALS2,-0.0035505477968427544,0.0035505477968427544
ENSG00000283175,-0.0035459860646592863,0.0035459860646592863
SLC3A1,-0.003527005107906095,0.003527005107906095
FKBP14,-0.003521425293099495,0.003521425293099495
ZNF107,-0.0035160103555334846,0.0035160103555334846
ENSG00000285664,-0.003507587803201031,0.003507587803201031
DDX18,-0.0035062497084760455,0.0035062497084760455
NAXD,0.00350298442586085,0.00350298442586085
ZNF611,-0.0034998516501541397,0.0034998516501541397
NPTXR,-0.0034952461921804964,0.0034952461921804964
ACTBP2,-0.0034949798545536423,0.0034949798545536423
ZNF148,-0.0034883149793665793,0.0034883149793665793
ENSG00000183308,-0.0034848491258655666,0.0034848491258655666
KLC1-AS1,-0.003484518445061906,0.003484518445061906
TBC1D8,-0.0034828674040139436,0.0034828674040139436
TAB2,-0.0034827466851339623,0.0034827466851339623
ITGA9,-0.0034818415121939984,0.0034818415121939984
CEP135,-0.0034779561059364713,0.0034779561059364713
ARHGAP29,-0.0034700742087596186,0.0034700742087596186
NALF1,-0.0034605373979362327,0.0034605373979362327
NIPA2,-0.0034594150650350893,0.0034594150650350893
MSX2,-0.0034534693271736244,0.0034534693271736244
MPRIP-AS1,-0.0034534693271736244,0.0034534693271736244
BTG2,0.0034401937970736005,0.0034401937970736005
ATP8B1-AS1,-0.003427918152194053,0.003427918152194053
TTC28-AS1,-0.0034276992664264722,0.0034276992664264722
ENSG00000257531,-0.003427486393864749,0.003427486393864749
RMDN1,-0.003426999608688544,0.003426999608688544
ZMIZ1,-0.0034230197536130997,0.0034230197536130997
COL4A2,-0.0034224654766232994,0.0034224654766232994
IFNAR1,-0.0034217699473496795,0.0034217699473496795
MAPKAP1,-0.003420504424092057,0.003420504424092057
LEMD2,-0.003415426448153108,0.003415426448153108
Metazoa_SRP,-0.003404602092395616,0.003404602092395616
ITGA1,-0.003403360884253604,0.003403360884253604
ENSG00000287855,-0.0034030471703894566,0.0034030471703894566
DSG3,-0.0034028983744918027,0.0034028983744918027
BORCS7-ASMT,-0.0034028983744918027,0.0034028983744918027
AS3MT,-0.0034028983744918027,0.0034028983744918027
FAM104A,-0.0034028983744918027,0.0034028983744918027
PROK2,-0.0034028983744918027,0.0034028983744918027
CWC27,-0.003402418917037956,0.003402418917037956
ENSG00000197815,-0.003394912717088542,0.003394912717088542
KALRN,-0.003392072173830406,0.003392072173830406
TNFRSF10B,-0.0033907730745621305,0.0033907730745621305
ZNF385A,0.003388287065627773,0.003388287065627773
ASL,-0.0033865641206386058,0.0033865641206386058
HFE,-0.0033865641206386058,0.0033865641206386058
GEN1,-0.0033831504141195925,0.0033831504141195925
RFX3,-0.0033793668026786106,0.0033793668026786106
RNF213-AS1,-0.0033772072375778707,0.0033772072375778707
CCDC88A,-0.0033631127960351793,0.0033631127960351793
TANGO6,-0.0033607544786301864,0.0033607544786301864
PRSS23-AS1,-0.0033607544786301864,0.0033607544786301864
PCA3,-0.0033590904877348142,0.0033590904877348142
SFT2D3,-0.0033538631766852544,0.0033538631766852544
RPS10P7,-0.0033538631766852544,0.0033538631766852544
RPS20P14,-0.0033538631766852544,0.0033538631766852544
SAMSN1,-0.003350748449833224,0.003350748449833224
AGGF1,-0.003350748449833224,0.003350748449833224
ZNF891,-0.0033484676489929366,0.0033484676489929366
PPWD1,-0.0033463796432938874,0.0033463796432938874
SAXO1,-0.00334590772162138,0.00334590772162138
ANXA2R-AS1,-0.003342238022813063,0.003342238022813063
FANCL,-0.0033398374363682796,0.0033398374363682796
GLT8D1,-0.00333619319137567,0.00333619319137567
NUP58,-0.003335150968439212,0.003335150968439212
RBM12B,-0.003335074498261837,0.003335074498261837
ENSG00000285646,0.0033250171778769627,0.0033250171778769627
SMAD2,-0.003321378739883287,0.003321378739883287
NBAS,-0.0033099289508106977,0.0033099289508106977
GJB6,-0.0033044817017356624,0.0033044817017356624
ENSG00000280304,-0.0033044817017356624,0.0033044817017356624
KCNB1,-0.0033044817017356624,0.0033044817017356624
ENSG00000240695,-0.0033044817017356624,0.0033044817017356624
ENSG00000273797,-0.0033044817017356624,0.0033044817017356624
RAP1BP1,-0.0033044817017356624,0.0033044817017356624
HEATR4,-0.0033044817017356624,0.0033044817017356624
GEMIN8,-0.0033044817017356624,0.0033044817017356624
LINC02577,-0.0033044817017356624,0.0033044817017356624
KRBOX5,-0.0033044817017356624,0.0033044817017356624
RAP2A,-0.0033044817017356624,0.0033044817017356624
PRRG1,-0.0033044817017356624,0.0033044817017356624
ATP2A2,-0.0032893416164419833,0.0032893416164419833
SRGN,0.003288446903712281,0.003288446903712281
ENSG00000287906,0.003287952754381649,0.003287952754381649
PDXDC2P-NPIPB14P,-0.0032804574656826856,0.0032804574656826856
CDC16,0.0032774023831727323,0.0032774023831727323
SSTR2,-0.0032650533023466425,0.0032650533023466425
PRPF18,-0.003263089753061628,0.003263089753061628
NAXE,-0.0032575098430921,0.0032575098430921
CPXM2,-0.0032569961772248948,0.0032569961772248948
GLIS3,-0.003255715260267276,0.003255715260267276
AFAP1,-0.00325358620293208,0.00325358620293208
RAB30-DT,-0.0032535687092832004,0.0032535687092832004
PGGT1B,-0.0032475916935975537,0.0032475916935975537
ARHGEF12,-0.0032440528079920195,0.0032440528079920195
NOVA2,-0.0032360044990947666,0.0032360044990947666
INSR,-0.003230301687945898,0.003230301687945898
GJC1,-0.003230073648457194,0.003230073648457194
PHIP,-0.003228254797404578,0.003228254797404578
TIAM2,-0.0032276850093574476,0.0032276850093574476
CEP164,-0.0032239300976362965,0.0032239300976362965
DSTN,-0.0032234987070907987,0.0032234987070907987
ENSG00000270304,-0.0032215848341464633,0.0032215848341464633
SIRT3,-0.003221584834146391,0.003221584834146391
ENSG00000289183,-0.003221584834146391,0.003221584834146391
ENSG00000255629,-0.003221584834146391,0.003221584834146391
TBX15,-0.003221584834146391,0.003221584834146391
ENSG00000267248,-0.003221584834146391,0.003221584834146391
ENSG00000283563,-0.0032088573622645064,0.0032088573622645064
LINC01252,-0.0032088573622645064,0.0032088573622645064
LINC02157,-0.0032088573622645064,0.0032088573622645064
ENSG00000276672,-0.003201344997835738,0.003201344997835738
NOL11,-0.0032003536107738377,0.0032003536107738377
OR51E1,-0.0032003536107738377,0.0032003536107738377
ENSG00000240401,-0.0031994329066657077,0.0031994329066657077
ENOX1,-0.0031983051206938813,0.0031983051206938813
NPHP1,-0.0031932794343756945,0.0031932794343756945
NRSN2-AS1,-0.003192145468234009,0.003192145468234009
ENSG00000287134,-0.003190282344613391,0.003190282344613391
LAMB1,-0.003190211958147376,0.003190211958147376
SLC35F5,-0.0031853135227514575,0.0031853135227514575
ENSG00000280353,-0.003185231454705528,0.003185231454705528
SYT11,-0.0031808446840633476,0.0031808446840633476
ETFA,-0.003180652362829013,0.003180652362829013
PREPL,-0.003180157549472053,0.003180157549472053
ATP5MGP2,-0.0031761828904664003,0.0031761828904664003
PIK3AP1,0.0031754135135286204,0.0031754135135286204
BNIP3,-0.0031725685386585715,0.0031725685386585715
TMC7,-0.0031686072946110313,0.0031686072946110313
ENSG00000278716,-0.0031670790231045952,0.0031670790231045952
SYTL4,-0.003162556656102301,0.003162556656102301
GALK2,-0.0031620201537879045,0.0031620201537879045
CAPZA1,-0.003160358544532538,0.003160358544532538
ENSG00000279789,-0.003158378557031169,0.003158378557031169
AVPR1A,0.003155665378454976,0.003155665378454976
IDH1,-0.0031496758634820335,0.0031496758634820335
NIPSNAP2,-0.0031450382817335295,0.0031450382817335295
ZNF708,-0.0031442602583729535,0.0031442602583729535
HTR7P1,-0.0031413721286240766,0.0031413721286240766
TLCD5,-0.0031388859911764006,0.0031388859911764006
ENTPD1,-0.003138427488443712,0.003138427488443712
PITX1,-0.003136926597629542,0.003136926597629542
LTBR,0.0031350420067130917,0.0031350420067130917
AP3S2,-0.003130529951076687,0.003130529951076687
MARK3,-0.0031303165594091346,0.0031303165594091346
ZBTB38,-0.003128404635284503,0.003128404635284503
RSKR,-0.003126939806551081,0.003126939806551081
RBM28,-0.0031262668138917443,0.0031262668138917443
ZNF814,-0.0031246513336115702,0.0031246513336115702
PRKAR2B,-0.003123252427789292,0.003123252427789292
COQ7-DT,-0.003120405061303382,0.003120405061303382
ENSG00000242858,-0.003120405061303382,0.003120405061303382
ENSG00000286093,-0.003120405061303382,0.003120405061303382
SYBU,-0.003120405061303382,0.003120405061303382
OR2A1,-0.003120405061303382,0.003120405061303382
MYCT1,-0.003120405061303382,0.003120405061303382
ENSG00000289574,-0.003120405061303382,0.003120405061303382
ENSG00000285748,-0.003120405061303382,0.003120405061303382
WASL-DT,-0.003120405061303382,0.003120405061303382
INPP5F,-0.003119913233082713,0.003119913233082713
ENSG00000275216,-0.003119913233082713,0.003119913233082713
SMARCE1P1,-0.003119913233082713,0.003119913233082713
ENSG00000259659,-0.003119913233082713,0.003119913233082713
COX5BP7,-0.003119913233082713,0.003119913233082713
ENSG00000286004,-0.003119913233082713,0.003119913233082713
LPCAT3,-0.003119913233082713,0.003119913233082713
ENSG00000272175,-0.003119913233082713,0.003119913233082713
KCNK3,-0.003119913233082713,0.003119913233082713
KIAA1328,-0.0031162920754784743,0.0031162920754784743
GCNT1,-0.0031156695982106457,0.0031156695982106457
ENSG00000267787,-0.0031107246355417265,0.0031107246355417265
ENSG00000267505,-0.003109330532972602,0.003109330532972602
AFAP1-AS1,-0.0031053967166535844,0.0031053967166535844
FAM135A,-0.003103617278212351,0.003103617278212351
HMG20A,-0.00310317055304632,0.00310317055304632
KCTD7,-0.00310317055304632,0.00310317055304632
ARSB,-0.003102536375326917,0.003102536375326917
PLCB4,-0.003102414985105766,0.003102414985105766
ZNF207,-0.0030968400234994723,0.0030968400234994723
NPAT,-0.0030946015491563877,0.0030946015491563877
LINC01772,-0.003094307641938932,0.003094307641938932
DCAF6,-0.003094307641938932,0.003094307641938932
FBXL18,-0.0030939018104653012,0.0030939018104653012
SLC25A35,-0.0030938609167729587,0.0030938609167729587
TRMT5,-0.0030938609167729587,0.0030938609167729587
PCSK1,-0.0030938609167729587,0.0030938609167729587
PI15,-0.0030926018584199726,0.0030926018584199726
ZNF354B,-0.0030886806119859033,0.0030886806119859033
CREBBP,-0.00308789374685843,0.00308789374685843
SUPV3L1,0.003080241904434887,0.003080241904434887
TIFA,-0.0030793053754340385,0.0030793053754340385
TRMT1L,-0.0030770084576577056,0.0030770084576577056
ZNF320,-0.0030746666866126033,0.0030746666866126033
ENSG00000254428,-0.003072368770918676,0.003072368770918676
LINC03033,-0.003070254537645072,0.003070254537645072
TMEM37,-0.0030699304491469195,0.0030699304491469195
CDH3,-0.003067279649306628,0.003067279649306628
ENSG00000280035,-0.0030672478683099955,0.0030672478683099955
RMND1,-0.00306621199789361,0.00306621199789361
MID1,-0.003063496695673471,0.003063496695673471
CEP85L,-0.003061348311314167,0.003061348311314167
ZNF24,-0.0030568461544833786,0.0030568461544833786
FAM20C,-0.0030543922044284034,0.0030543922044284034
MYO1D,-0.0030528221313398407,0.0030528221313398407
MYO18A,-0.003048494959047806,0.003048494959047806
CROCCP3,-0.0030475244295351915,0.0030475244295351915
HIP1,-0.003045643155090009,0.003045643155090009
FAM161A,-0.003045643155090009,0.003045643155090009
ALG1L1P,-0.003045643155090009,0.003045643155090009
ENSG00000291096,-0.003045643155090009,0.003045643155090009
ZNF117,-0.0030388050086611303,0.0030388050086611303
FBXO22,-0.0030387138288509,0.0030387138288509
ERRFI1-DT,-0.003033569979125387,0.003033569979125387
USHBP1,-0.003033532895172038,0.003033532895172038
FCGR2A,-0.003033490135127317,0.003033490135127317
MIR99AHG,-0.003031316736651146,0.003031316736651146
TNFAIP8L1,-0.003027740697962303,0.003027740697962303
ENSG00000269688,-0.00302760540067376,0.00302760540067376
SPPL3,-0.003027158283829374,0.003027158283829374
ENSG00000289758,-0.0030258847445630986,0.0030258847445630986
BRD4,-0.003019781145944581,0.003019781145944581
ENSG00000286145,-0.003018806736051272,0.003018806736051272
ENSG00000239809,-0.0030173265269926113,0.0030173265269926113
PRDM15,-0.003017106771831671,0.003017106771831671
TRIM66,-0.003014382074958586,0.003014382074958586
SLC5A4-AS1,-0.0030138124883448874,0.0030138124883448874
ENSG00000290073,-0.003011269460523643,0.003011269460523643
TNK1,-0.003011269460523643,0.003011269460523643
CD83,-0.003011269460523643,0.003011269460523643
GPN1,-0.003011269460523643,0.003011269460523643
SNX14,-0.0030111840368781686,0.0030111840368781686
WIPI1,-0.003004453199506873,0.003004453199506873
CLIC4,0.0030041915803937975,0.0030041915803937975
RASSF4,-0.003003368462894905,0.003003368462894905
ZNF646,-0.0030019598242501735,0.0030019598242501735
CLPB,-0.0030018558518857,0.0030018558518857
PLOD2,-0.003000152652543385,0.003000152652543385
ZC3H12C,0.0029976092785801945,0.0029976092785801945
PDE10A,-0.002996928192591738,0.002996928192591738
RND1,-0.0029945445418553206,0.0029945445418553206
PCDH17,-0.0029937120981348236,0.0029937120981348236
RPL6P10,-0.0029937120981348236,0.0029937120981348236
SNCG,0.0029926729827684405,0.0029926729827684405
NDUFC1,-0.002991207672153116,0.002991207672153116
LARP1B,-0.0029901847231720933,0.0029901847231720933
ENSG00000280339,-0.002985849033805331,0.002985849033805331
ENSG00000273218,-0.0029858474116339355,0.0029858474116339355
CFAP298-TCP10L,-0.002983133778645294,0.002983133778645294
PAFAH1B1,-0.002981823822552897,0.002981823822552897
UROS,-0.0029809682009394028,0.0029809682009394028
ENOSF1,-0.0029798981017764153,0.0029798981017764153
PLEKHG4B,-0.0029793133895497158,0.0029793133895497158
EPB41,-0.0029742628551913805,0.0029742628551913805
PDHX,0.0029729169661188415,0.0029729169661188415
LHFPL2,-0.0029707655162477466,0.0029707655162477466
GLG1,-0.002970415085611251,0.002970415085611251
ENSG00000291144,0.002968460029230725,0.002968460029230725
STXBP4,-0.002967265115210056,0.002967265115210056
DNAJC21,-0.002965907115894534,0.002965907115894534
SFT2D2,-0.0029638701142234436,0.0029638701142234436
CARMN,-0.0029549692406343835,0.0029549692406343835
BRWD1,-0.002953175914596789,0.002953175914596789
SCP2,-0.0029527550170529416,0.0029527550170529416
WARS1,-0.0029521346760668543,0.0029521346760668543
TUBGCP2,-0.002949667283069987,0.002949667283069987
FAM177A1,-0.0029484368107333026,0.0029484368107333026
TRAF3IP2,-0.0029472278285233933,0.0029472278285233933
CFH,-0.0029467815679994408,0.0029467815679994408
PROSER3,-0.0029459580031161955,0.0029459580031161955
PRKCH-AS1,-0.0029423562104684644,0.0029423562104684644
ZNF329,-0.0029420010488926465,0.0029420010488926465
NDUFV2,-0.0029402024820610164,0.0029402024820610164
ENSG00000226899,-0.0029398718012573835,0.0029398718012573835
NCAPG,-0.0029398718012573835,0.0029398718012573835
NDUFV3,-0.0029382046292620867,0.0029382046292620867
CSF1,0.0029362801484496687,0.0029362801484496687
ENSG00000255836,-0.0029362254905191403,0.0029362254905191403
ABCA11P,-0.0029359746413706376,0.0029359746413706376
HPS4,-0.0029359197103141924,0.0029359197103141924
ENSG00000278893,-0.0029341641319690923,0.0029341641319690923
CACHD1,0.0029340393858787624,0.0029340393858787624
CR1,-0.0029332472720614983,0.0029332472720614983
POGLUT3,-0.0029274995450838445,0.0029274995450838445
ABCB8,-0.002926665005097212,0.002926665005097212
IST1,-0.002925784408303753,0.002925784408303753
ENSG00000273108,-0.0029242989074923106,0.0029242989074923106
RIBC1,-0.0029242989074923106,0.0029242989074923106
RGL4,-0.0029242989074923106,0.0029242989074923106
ENSG00000280274,-0.0029242989074923106,0.0029242989074923106
OPN4,-0.0029242989074923106,0.0029242989074923106
GIMAP1-GIMAP5,-0.0029242989074923106,0.0029242989074923106
LSM3P5,-0.0029242989074923106,0.0029242989074923106
TAFAZZIN,-0.0029242989074923106,0.0029242989074923106
LMOD1,-0.0029242989074923106,0.0029242989074923106
ENSG00000250397,-0.0029242989074923106,0.0029242989074923106
FAM222A-AS1,-0.0029242989074923106,0.0029242989074923106
OVCH1,-0.0029242989074923106,0.0029242989074923106
DNAAF5,-0.0029242989074923106,0.0029242989074923106
RBFOX3,-0.0029242989074923106,0.0029242989074923106
ENSG00000273183,-0.0029242989074923106,0.0029242989074923106
COLQ,-0.0029242989074923106,0.0029242989074923106
ENSG00000236478,-0.0029242989074923106,0.0029242989074923106
ALG3,-0.0029242989074923106,0.0029242989074923106
RUNDC3B,-0.0029242989074923106,0.0029242989074923106
ZNF449,-0.0029242989074923106,0.0029242989074923106
KCNE1,-0.0029242989074923106,0.0029242989074923106
EIF1,-0.0029242989074923106,0.0029242989074923106
LINC00630,-0.0029242989074923106,0.0029242989074923106
LIN9,-0.0029242989074923106,0.0029242989074923106
ENSG00000286457,-0.0029242989074923106,0.0029242989074923106
ENSG00000253854,-0.0029242989074923106,0.0029242989074923106
LDLRAD2,-0.0029242989074923106,0.0029242989074923106
PKP4-AS1,-0.0029242989074923106,0.0029242989074923106
CITED1,-0.0029242989074923106,0.0029242989074923106
ENSG00000276593,-0.0029242989074923106,0.0029242989074923106
ENSG00000286757,-0.0029242989074923106,0.0029242989074923106
TTC39A,-0.0029242989074923106,0.0029242989074923106
STEAP1B,-0.0029242989074923106,0.0029242989074923106
PNRC1,-0.0029242989074923106,0.0029242989074923106
ENSG00000230732,-0.0029242989074923106,0.0029242989074923106
KIF4A,-0.0029242989074923106,0.0029242989074923106
EDNRB,-0.0029242989074923106,0.0029242989074923106
POLR3K,-0.0029242989074923106,0.0029242989074923106
KIAA0087,-0.0029242989074923106,0.0029242989074923106
PGS1,-0.0029242989074923106,0.0029242989074923106
ENSG00000286787,-0.0029242989074923106,0.0029242989074923106
COA6-AS1,-0.0029242989074923106,0.0029242989074923106
FASTK,-0.0029242989074923106,0.0029242989074923106
LIPT2-AS1,-0.0029242989074923106,0.0029242989074923106
ENSG00000287458,-0.0029242989074923106,0.0029242989074923106
TAF1,-0.0029242989074923106,0.0029242989074923106
LINC02958,-0.0029242989074923106,0.0029242989074923106
LINC02751,-0.0029242989074923106,0.0029242989074923106
LINC02605,-0.0029242989074923106,0.0029242989074923106
LINC02371,-0.0029242989074923106,0.0029242989074923106
SMAD9-IT1,-0.0029242989074923106,0.0029242989074923106
EIF2S2P3,-0.0029242989074923106,0.0029242989074923106
LINC01116,-0.0029242989074923106,0.0029242989074923106
DPP9,-0.0029242989074923106,0.0029242989074923106
ENSG00000237596,-0.0029242989074923106,0.0029242989074923106
ENSG00000287040,-0.0029242989074923106,0.0029242989074923106
CLYBL,-0.0029242989074923106,0.0029242989074923106
SMNDC1,-0.0029242989074923106,0.0029242989074923106
SMYD5,-0.0029242989074923106,0.0029242989074923106
ENSG00000259463,-0.0029242989074923106,0.0029242989074923106
LINC01144,-0.0029242989074923106,0.0029242989074923106
SLC16A4-AS1,-0.0029242989074923106,0.0029242989074923106
USP9Y,-0.0029242989074923106,0.0029242989074923106
VCAN-AS1,-0.0029242989074923106,0.0029242989074923106
ENSG00000268683,-0.0029242989074923106,0.0029242989074923106
ENSG00000289412,-0.0029242989074923106,0.0029242989074923106
RPGRIP1L,-0.0029242989074923106,0.0029242989074923106
CST11,-0.0029242989074923106,0.0029242989074923106
HMGN1P1,-0.0029242989074923106,0.0029242989074923106
ENSG00000260361,-0.0029242989074923106,0.0029242989074923106
ENSG00000268947,-0.0029242989074923106,0.0029242989074923106
ENSG00000279528,-0.0029242989074923106,0.0029242989074923106
ENSG00000289397,-0.0029242989074923106,0.0029242989074923106
CCM2L,-0.0029242989074923106,0.0029242989074923106
ADCY6,-0.0029242989074923106,0.0029242989074923106
RNU6-729P,-0.0029242989074923106,0.0029242989074923106
AIFM1,-0.0029242989074923106,0.0029242989074923106
ENSG00000289156,-0.0029242989074923106,0.0029242989074923106
ENSG00000289137,-0.0029242989074923106,0.0029242989074923106
ENSG00000279393,-0.0029242989074923106,0.0029242989074923106
ENSG00000248840,-0.0029242989074923106,0.0029242989074923106
TCF7L1-IT1,-0.0029242989074923106,0.0029242989074923106
ENSG00000272416,-0.0029242989074923106,0.0029242989074923106
ENSG00000269376,-0.0029242989074923106,0.0029242989074923106
RPL7P21,-0.0029242989074923106,0.0029242989074923106
RN7SL757P,-0.0029242989074923106,0.0029242989074923106
ENSG00000279803,-0.0029242989074923106,0.0029242989074923106
MTBP,-0.0029242989074923106,0.0029242989074923106
MTCH2,-0.0029242989074923106,0.0029242989074923106
HAPLN1,-0.0029242989074923106,0.0029242989074923106
CAMK2N1,-0.0029242989074923106,0.0029242989074923106
ENSG00000214770,-0.0029242989074923106,0.0029242989074923106
HADHAP1,-0.0029242989074923106,0.0029242989074923106
CYP27A1,-0.0029242989074923106,0.0029242989074923106
RPSAP28,-0.0029242989074923106,0.0029242989074923106
CACNA2D3,-0.0029242989074923106,0.0029242989074923106
ENSG00000280106,-0.0029242989074923106,0.0029242989074923106
RPS7P4,-0.0029242989074923106,0.0029242989074923106
DACH2,-0.0029242989074923106,0.0029242989074923106
MPND,-0.0029242989074923106,0.0029242989074923106
ENSG00000270426,-0.0029242989074923106,0.0029242989074923106
RPS25P3,-0.0029242989074923106,0.0029242989074923106
ENSG00000270681,-0.0029242989074923106,0.0029242989074923106
SCAT1,-0.0029242989074923106,0.0029242989074923106
MMADHC-DT,-0.0029242989074923106,0.0029242989074923106
ENSG00000260884,-0.0029242989074923106,0.0029242989074923106
ENSG00000231521,-0.0029242989074923106,0.0029242989074923106
ARHGAP39,-0.0029242989074923106,0.0029242989074923106
HSPD1P16,-0.0029242989074923106,0.0029242989074923106
CRADD-AS1,-0.0029242989074923106,0.0029242989074923106
ENSG00000226239,-0.0029242989074923106,0.0029242989074923106
TMEM88B,-0.0029242989074923106,0.0029242989074923106
HSF1,-0.0029242989074923106,0.0029242989074923106
ENSG00000237903,-0.0029242989074923106,0.0029242989074923106
GLIPR1L1,-0.0029242989074923106,0.0029242989074923106
ENSG00000288539,-0.0029242989074923106,0.0029242989074923106
RN7SKP42,-0.0029242989074923106,0.0029242989074923106
TCEAL4P1,-0.0029242989074923106,0.0029242989074923106
ENSG00000226197,-0.0029242989074923106,0.0029242989074923106
RN7SL526P,-0.0029242989074923106,0.0029242989074923106
NSRP1P1,-0.0029242989074923106,0.0029242989074923106
BTNL12P,-0.0029242989074923106,0.0029242989074923106
ENSG00000260948,-0.0029242989074923106,0.0029242989074923106
RPA1,-0.002924192025179167,0.002924192025179167
SCYL3,-0.00292396361608789,0.00292396361608789
ENTPD1-AS1,-0.002923076309270206,0.002923076309270206
DHX37,0.0029209791212404163,0.0029209791212404163
SNAP25,-0.0029194333673981817,0.0029194333673981817
TOMM40,-0.0029183178757882814,0.0029183178757882814
FGF9,0.0029176576747295246,0.0029176576747295246
NRP2,-0.0029176492133665445,0.0029176492133665445
MCPH1,-0.0029170933594668148,0.0029170933594668148
VPS8,-0.002910057167636935,0.002910057167636935
ZSCAN12,-0.002909094225427694,0.002909094225427694
PRMT9,-0.00290630873763757,0.00290630873763757
IL1R1,-0.002904891879520545,0.002904891879520545
YIPF4,-0.002904270224228955,0.002904270224228955
YTHDC2,-0.002903572761043503,0.002903572761043503
SCIN,-0.0029030288628329034,0.0029030288628329034
EPS8,-0.0028995548176229645,0.0028995548176229645
N4BP2L1,-0.002899202230672274,0.002899202230672274
ACP1,-0.002898781054146654,0.002898781054146654
CHMP4BP1,0.0028966645973610857,0.0028966645973610857
MRAS,-0.0028952216878684943,0.0028952216878684943
ENSG00000258926,-0.0028928265381099128,0.0028928265381099128
PLEKHN1,0.0028905632288760996,0.0028905632288760996
HIF1A-AS3,-0.0028904152207640515,0.0028904152207640515
DNAJC2,-0.0028902713165786663,0.0028902713165786663
ZC3H18,-0.0028887205866390438,0.0028887205866390438
ZNF785,-0.0028882252005597254,0.0028882252005597254
WLS,-0.0028865450350491874,0.0028865450350491874
C1QTNF12,0.002886247253623416,0.002886247253623416
ZBTB25,-0.0028849531398150614,0.0028849531398150614
RAD52,-0.0028844977252558937,0.0028844977252558937
RN7SKP23,-0.0028835848608968315,0.0028835848608968315
LONP2,-0.002883057624020974,0.002883057624020974
MAP3K21,0.002882980489190172,0.002882980489190172
USP14,-0.002882730090242985,0.002882730090242985
UBE3D,-0.0028822209617507,0.0028822209617507
DCLRE1B,0.0028806622680560075,0.0028806622680560075
DISC1,-0.002879820453723564,0.002879820453723564
SPG7,-0.0028796221766297704,0.0028796221766297704
MON2,-0.0028781489776917475,0.0028781489776917475
LRRC37B,-0.0028777258363377146,0.0028777258363377146
CNPPD1,-0.002877458741629001,0.002877458741629001
RCOR3,-0.0028756148322363353,0.0028756148322363353
HECW2,-0.0028694057142452413,0.0028694057142452413
S100A5,0.0028648901911849573,0.0028648901911849573
USP48,-0.002864376476684712,0.002864376476684712
LRRN4CL,0.0028639363614031514,0.0028639363614031514
DDX3P2,-0.0028607137500211927,0.0028607137500211927
APOL4,-0.002859485639377834,0.002859485639377834
IGHMBP2,-0.0028579629045308165,0.0028579629045308165
NEU3,-0.0028562802191647156,0.0028562802191647156
NR2F2-AS1,-0.002856076230474349,0.002856076230474349
DAAM2-AS1,-0.002856014669543162,0.002856014669543162
ZNF233,-0.002856014669543162,0.002856014669543162
ZNF321P,-0.002856014669543162,0.002856014669543162
IPMK,0.002844028750388252,0.002844028750388252
ENSG00000285517,-0.002842702616697997,0.002842702616697997
ENSG00000273729,-0.0028417356031685166,0.0028417356031685166
HNRNPDL,-0.0028394769386429815,0.0028394769386429815
ADARB1,-0.0028385145128134765,0.0028385145128134765
ERLEC1,-0.002837705720121206,0.002837705720121206
PSMC1,-0.002836082973407289,0.002836082973407289
ENSG00000280077,-0.0028355373398975085,0.0028355373398975085
EIPR1,-0.002834148405552211,0.002834148405552211
R3HDM1,-0.0028338288545238146,0.0028338288545238146
OGA,0.0028317118388271347,0.0028317118388271347
ENSG00000255438,-0.002831304720192009,0.002831304720192009
TAF1D,0.0028289781415125675,0.0028289781415125675
GPATCH4,-0.0028282135943904912,0.0028282135943904912
SLC16A1-AS1,-0.002827215427276282,0.002827215427276282
DLGAP5,-0.0028271317733574402,0.0028271317733574402
MEDAG,-0.0028271317733574402,0.0028271317733574402
WDR74,0.0028186345342823406,0.0028186345342823406
PWWP3A,-0.0028179909776533613,0.0028179909776533613
TCF25,-0.002817864410992437,0.002817864410992437
LRRK1,-0.002817145284202626,0.002817145284202626
FAM162A,-0.002816374924450315,0.002816374924450315
COG5,-0.0028163097505759104,0.0028163097505759104
ECD,-0.0028120707236432628,0.0028120707236432628
RPL22,0.002810568289774754,0.002810568289774754
MLH3,-0.002809601229451307,0.002809601229451307
ENSG00000285331,-0.002807710689588565,0.002807710689588565
PEDS1,-0.0028070227129523852,0.0028070227129523852
TRPM7,-0.0028068690013036473,0.0028068690013036473
RPL17P50,-0.0028054192866159627,0.0028054192866159627
ZFP64,-0.002805122882979819,0.002805122882979819
TSHZ2,-0.002801016275855956,0.002801016275855956
MST1P2,-0.0028009752831885688,0.0028009752831885688
RASSF2,-0.0028009065173863687,0.0028009065173863687
PCSK7,-0.002798844190775863,0.002798844190775863
NHLRC3,-0.002798617798389576,0.002798617798389576
KLF7,-0.0027973376369946562,0.0027973376369946562
GOPC,-0.0027973367385592677,0.0027973367385592677
MTERF2,0.0027964760564273944,0.0027964760564273944
ZNF219,0.0027956884370473286,0.0027956884370473286
RBMS2,-0.0027948250994834015,0.0027948250994834015
EDIL3-DT,-0.0027933059309737385,0.0027933059309737385
SLC9A3,-0.002793090654090433,0.002793090654090433
HSPBAP1,-0.0027925883550087827,0.0027925883550087827
ENSG00000285796,-0.00279188824896283,0.00279188824896283
RELL1,-0.002791369943316431,0.002791369943316431
ENSG00000287629,-0.002790415590491305,0.002790415590491305
RIMKLB,-0.002790415590491305,0.002790415590491305
SSB,-0.002790415590491305,0.002790415590491305
ATAD1,-0.002790415590491305,0.002790415590491305
PEX19,-0.002790415590491305,0.002790415590491305
ENSG00000268087,-0.002790415590491305,0.002790415590491305
UNC5C,-0.002790415590491305,0.002790415590491305
PIP4P2,-0.002790415590491305,0.002790415590491305
ADM2,-0.002790415590491305,0.002790415590491305
MYL9,-0.002790415590491305,0.002790415590491305
NOVA1,-0.002790415590491305,0.002790415590491305
ADIPOR1,-0.002790415590491305,0.002790415590491305
UTP6,-0.002790415590491305,0.002790415590491305
VCPIP1,-0.002790415590491305,0.002790415590491305
A2ML1-AS1,-0.002790415590491305,0.002790415590491305
NAGPA,-0.002790415590491305,0.002790415590491305
CDKL1,0.0027863201754013507,0.0027863201754013507
SAMD11,0.0027849980204954572,0.0027849980204954572
IRAG1,0.002782911732499891,0.002782911732499891
ENSG00000268575,-0.0027813987627295735,0.0027813987627295735
STX8,-0.002780756944444038,0.002780756944444038
TECPR1,-0.002780678576159737,0.002780678576159737
LINC00638,-0.00278016601828699,0.00278016601828699
MRPS17,-0.00278016601828699,0.00278016601828699
COL5A1-AS1,-0.00278016601828699,0.00278016601828699
MMUT,-0.00278016601828699,0.00278016601828699
ENSG00000280326,-0.00278016601828699,0.00278016601828699
DOP1B,-0.00278016601828699,0.00278016601828699
ENSG00000283445,-0.00278016601828699,0.00278016601828699
SEPTIN7P13,-0.00278016601828699,0.00278016601828699
ENSG00000250790,-0.00278016601828699,0.00278016601828699
ENSG00000242488,-0.00278016601828699,0.00278016601828699
SPRYD7,-0.00278016601828699,0.00278016601828699
KLHL12,-0.00278016601828699,0.00278016601828699
ENSG00000227218,-0.0027798016142045684,0.0027798016142045684
TMEM176A,-0.0027798016142045684,0.0027798016142045684
C9orf85,-0.0027780636292499576,0.0027780636292499576
ENSG00000291177,-0.0027777409423746925,0.0027777409423746925
MTARC1,-0.0027742689550043715,0.0027742689550043715
VPS35L,-0.0027691123136142056,0.0027691123136142056
CCDC66,-0.002767537918142591,0.002767537918142591
SLC7A2,-0.002766626115232249,0.002766626115232249
PTS,-0.0027662040061274614,0.0027662040061274614
PRKCQ,0.002765953892708457,0.002765953892708457
ZNF414,-0.0027646490609233372,0.0027646490609233372
ZNF778,-0.0027634656234136724,0.0027634656234136724
MPP7,0.002762636876798112,0.002762636876798112
PRUNE2,-0.002760196162665308,0.002760196162665308
TTL,-0.0027598099307054864,0.0027598099307054864
PDZD2,-0.0027589799092428203,0.0027589799092428203
USP45,-0.0027580994852836405,0.0027580994852836405
ZNF506,-0.0027565059188869607,0.0027565059188869607
SOCS5,-0.002755537567309006,0.002755537567309006
ENSG00000287986,-0.002755169307506807,0.002755169307506807
ENSG00000285770,-0.002755169307506807,0.002755169307506807
RAE1,-0.002755169307506807,0.002755169307506807
B3GNTL1,-0.002755169307506807,0.002755169307506807
ENSG00000279344,-0.002755169307506807,0.002755169307506807
ENSG00000272732,-0.002755169307506807,0.002755169307506807
ENSG00000267986,-0.002755169307506807,0.002755169307506807
GTF2F2P1,-0.002755169307506807,0.002755169307506807
RN7SL750P,-0.002755169307506807,0.002755169307506807
GGA1,-0.002755169307506807,0.002755169307506807
RNU6-1176P,-0.002755169307506807,0.002755169307506807
ENSG00000288890,-0.002755169307506807,0.002755169307506807
ZNF90,-0.0027551560109678307,0.0027551560109678307
ENSG00000267383,-0.0027551560109678307,0.0027551560109678307
SCART1,-0.0027538388200666003,0.0027538388200666003
ENSG00000259453,-0.0027520659116575634,0.0027520659116575634
SLC35D2,-0.0027505558753257264,0.0027505558753257264
RPRD1A,-0.0027491055501501546,0.0027491055501501546
LINC02693,-0.0027491055501501546,0.0027491055501501546
LINC01063,-0.0027476305844087385,0.0027476305844087385
CRCT1,-0.0027476305844087385,0.0027476305844087385
MBOAT2,-0.0027476305844087385,0.0027476305844087385
ENSG00000260862,-0.0027476305844087385,0.0027476305844087385
ENSG00000264083,-0.0027476305844087385,0.0027476305844087385
NUDT13,-0.0027476305844087385,0.0027476305844087385
SFTPD-AS1,-0.0027476305844087385,0.0027476305844087385
CCDC142,-0.0027476305844087385,0.0027476305844087385
YAE1,-0.0027476305844087385,0.0027476305844087385
ENSG00000286883,-0.0027476305844087385,0.0027476305844087385
ENSG00000279357,-0.0027476305844087385,0.0027476305844087385
ANTKMT,-0.0027476305844087385,0.0027476305844087385
PI3,-0.0027476305844087385,0.0027476305844087385
IFIT5,-0.002744795257443127,0.002744795257443127
TYMS,-0.002744609729275138,0.002744609729275138
NF2,-0.002743937932096893,0.002743937932096893
PCGF6,-0.0027411472369032555,0.0027411472369032555
LARGE1,-0.0027411472369032555,0.0027411472369032555
VLDLR,-0.0027411472369032555,0.0027411472369032555
PODXL,-0.002740684870953868,0.002740684870953868
LHX6,-0.002740486592395825,0.002740486592395825
SOWAHCP2,-0.0027400654158701984,0.0027400654158701984
ENTPD3-AS1,-0.0027372655700108974,0.0027372655700108974
SAMM50,-0.0027364924336978104,0.0027364924336978104
FARP1,-0.0027347573139706485,0.0027347573139706485
E2F5,-0.0027337954101850585,0.0027337954101850585
ZNF346,-0.002732824966904673,0.002732824966904673
PHACTR1,-0.0027316533680078864,0.0027316533680078864
THUMPD1,-0.0027311887008483657,0.0027311887008483657
HMGN1P38,-0.0027309971592941085,0.0027309971592941085
ENSG00000258168,-0.0027288094782699627,0.0027288094782699627
ALG6,-0.0027274546003637668,0.0027274546003637668
TNFSF12,-0.0027265509152741224,0.0027265509152741224
CCDC65,-0.0027240159064666394,0.0027240159064666394
PPP2R5E,-0.002723526606802797,0.002723526606802797
NFIA,-0.002723427552040868,0.002723427552040868
AARS2,-0.0027212291548179912,0.0027212291548179912
FN1,-0.002720680598479945,0.002720680598479945
ENSG00000260244,-0.0027186646754107937,0.0027186646754107937
ENSG00000225399,-0.0027158018714783295,0.0027158018714783295
GARS1-DT,-0.002714643833894281,0.002714643833894281
VPS13A,-0.0027128635068009222,0.0027128635068009222
ATP9B,-0.0027127086158512895,0.0027127086158512895
KLF3,-0.0027124967840439222,0.0027124967840439222
ANKRD26,-0.0027119326425254966,0.0027119326425254966
FAM111A,0.0027118955961118957,0.0027118955961118957
LINC01415,-0.002711884785787026,0.002711884785787026
ZNF101,-0.002710080049973774,0.002710080049973774
ZSCAN21,-0.0027100799007374653,0.0027100799007374653
PEX26,-0.0027096218239112207,0.0027096218239112207
ODF2L,-0.0027089529000226807,0.0027089529000226807
COL4A1,-0.00270882293847499,0.00270882293847499
SYNE1,-0.0027082936369267185,0.0027082936369267185
UGDH,-0.0027071200760744045,0.0027071200760744045
RIMOC1,-0.002704767553462396,0.002704767553462396
LINC01278,-0.002704767553462396,0.002704767553462396
HEATR5A,-0.002704767553462396,0.002704767553462396
ENSG00000284762,-0.002704767553462396,0.002704767553462396
ZNF584,-0.002704767553462396,0.002704767553462396
CLCN6,-0.002704346591121591,0.002704346591121591
TMEM106B,-0.002703284607387951,0.002703284607387951
ZNF709,-0.0026998506706110673,0.0026998506706110673
CYSLTR1,-0.002698809150855061,0.002698809150855061
TMEM253,0.0026977059683526033,0.0026977059683526033
PPFIBP2,0.0026970865688553444,0.0026970865688553444
MRTFB,-0.0026967598531922603,0.0026967598531922603
GSN,-0.0026926696190666716,0.0026926696190666716
A4GALT,-0.0026923650361414786,0.0026923650361414786
ERGIC3,-0.0026920492132296017,0.0026920492132296017
PHYKPL,-0.002690816580270931,0.002690816580270931
TRMT44,-0.0026891874101793614,0.0026891874101793614
CORIN,-0.0026887439894276205,0.0026887439894276205
LINC01355,-0.0026887439894276205,0.0026887439894276205
SPICE1,-0.002688260798463526,0.002688260798463526
PPP5D1P,-0.0026880330544590348,0.0026880330544590348
NEXN-AS1,-0.002686595319433963,0.002686595319433963
ACSF3,-0.002685248928547754,0.002685248928547754
LINC01303,-0.002684676639267848,0.002684676639267848
CLPX,-0.0026833768743729,0.0026833768743729
ALDH7A1,-0.0026804034532212704,0.0026804034532212704
PTGR2,-0.002679827753273536,0.002679827753273536
RPL35AP21,-0.0026789862454438926,0.0026789862454438926
ENSG00000237774,-0.0026789862454438926,0.0026789862454438926
ANKEF1,-0.0026784944172232607,0.0026784944172232607
TAPT1-AS1,-0.0026784944172232607,0.0026784944172232607
UVRAG,-0.0026784124912913486,0.0026784124912913486
ABHD5,-0.002677832516472257,0.002677832516472257
NCK2,-0.002674810356027782,0.002674810356027782
TMEM245,-0.002673192971057412,0.002673192971057412
TPD52L1,-0.0026722077413886235,0.0026722077413886235
WDR33,-0.0026721424521493004,0.0026721424521493004
HPS5,0.0026707962861056084,0.0026707962861056084
PRXL2A,-0.002670512116581034,0.002670512116581034
SNHG20,-0.0026691942907333685,0.0026691942907333685
PRORSD1P,-0.00266894641046752,0.00266894641046752
SPATA7,-0.00266884964384661,0.00266884964384661
TAPT1,-0.0026682567075967485,0.0026682567075967485
TRHDE-AS1,0.0026667717856520205,0.0026667717856520205
SLC12A2-DT,-0.0026623108761764003,0.0026623108761764003
ACVR2B,-0.0026613654056517637,0.0026613654056517637
KRT7,0.0026612157660606483,0.0026612157660606483
TIMM17A,0.0026612157660606483,0.0026612157660606483
GOT1,0.0026612157660606483,0.0026612157660606483
ENSG00000258471,0.0026612157660606483,0.0026612157660606483
ENSG00000274818,0.0026612157660606483,0.0026612157660606483
HOXC9,0.0026612157660606483,0.0026612157660606483
ADGRL2,-0.0026611763559805605,0.0026611763559805605
ENSG00000227885,-0.002658888545047355,0.002658888545047355
LRIG3,0.0026571965851677174,0.0026571965851677174
SMARCA4,-0.0026568608460110477,0.0026568608460110477
ACIN1,0.002656212724045118,0.002656212724045118
LRRC57,-0.0026551839851519186,0.0026551839851519186
RPL35AP31,0.0026545291497729762,0.0026545291497729762
TSEN2,-0.0026531701928167156,0.0026531701928167156
COG3,-0.002651793704459216,0.002651793704459216
DLEU2,-0.0026510226625208575,0.0026510226625208575
RNF115,-0.002650781938579809,0.002650781938579809
POLR1A,-0.00265034486416269,0.00265034486416269
SLF2,-0.0026503057538684108,0.0026503057538684108
MFF-DT,-0.0026499750730646985,0.0026499750730646985
AP1G1,-0.002645594771047627,0.002645594771047627
NUDT3,-0.0026436184715508573,0.0026436184715508573
ENSG00000279059,-0.0026434144519234064,0.0026434144519234064
TLR6,-0.0026428395985210484,0.0026428395985210484
SCIMP,-0.002641339029329725,0.002641339029329725
IL10RB,-0.0026405501596706163,0.0026405501596706163
SEC31A,-0.0026396698052716305,0.0026396698052716305
ZNF33A,0.0026392145456741725,0.0026392145456741725
CWF19L1,0.0026388709689715607,0.0026388709689715607
C15orf40,-0.002636635474776261,0.002636635474776261
GGT5,-0.00263403057274186,0.00263403057274186
LINC00472,-0.002631395025024985,0.002631395025024985
B3GNT3,-0.002630074853634902,0.002630074853634902
MAGEF1,-0.002628810480321109,0.002628810480321109
BRCA2,-0.0026254803554866648,0.0026254803554866648
ACCS,0.0026246179543674584,0.0026246179543674584
GPATCH1,-0.002623642452395928,0.002623642452395928
TMEM106C,0.00262330268025381,0.00262330268025381
UBA6,-0.002620560426594242,0.002620560426594242
RPS27AP2,-0.00261989480891694,0.00261989480891694
ENSG00000273599,-0.002618345014107999,0.002618345014107999
ENSG00000289983,-0.002617044078922442,0.002617044078922442
SAA2,-0.0026143688030166408,0.0026143688030166408
PGF,-0.002613830817609638,0.002613830817609638
PRKAR2A,-0.002613243268151702,0.002613243268151702
PAWR,-0.0026126284421625306,0.0026126284421625306
ENSG00000283321,-0.002612227171940298,0.002612227171940298
YLPM1,-0.0026119526761757893,0.0026119526761757893
RPS20P21,-0.002611645483150901,0.002611645483150901
LIMCH1,-0.002610388357131358,0.002610388357131358
EFCAB7,-0.002610246536403365,0.002610246536403365
ENSG00000230325,-0.002610246536403365,0.002610246536403365
ENSG00000225300,-0.0026097351970521105,0.0026097351970521105
ENSG00000279377,-0.0026095612912794865,0.0026095612912794865
RNF24,-0.002609378353176291,0.002609378353176291
DICER1,-0.002608811665850831,0.002608811665850831
SNHG30,-0.0026063389500590463,0.0026063389500590463
RFTN2,-0.0026063389500590463,0.0026063389500590463
ENSG00000289272,-0.0026063389500590463,0.0026063389500590463
ZNF438,-0.002605847121838369,0.002605847121838369
RPL7AP16,-0.002605847121838369,0.002605847121838369
LINC02918,-0.002602763748760431,0.002602763748760431
ENSG00000291132,-0.002602763748760431,0.002602763748760431
HEYL,-0.002602763748760431,0.002602763748760431
UBE2F-SCLY,-0.0026016076995197678,0.0026016076995197678
RSF1,-0.0025981454854606535,0.0025981454854606535
RPL9,-0.0025972337534072,0.0025972337534072
FMO5,0.0025971221436339414,0.0025971221436339414
SGO2,-0.002596559784311057,0.002596559784311057
ENSG00000268069,-0.002596089377854687,0.002596089377854687
ZFP91,-0.0025959375987841277,0.0025959375987841277
METTL17,0.0025958608652464667,0.0025958608652464667
S100A14,0.0025958229361316572,0.0025958229361316572
ASH1L,0.0025958229361316572,0.0025958229361316572
SLC2A10,-0.0025955975496339684,0.0025955975496339684
UBL4A,-0.0025942393473717953,0.0025942393473717953
IGLJ2,-0.0025941216355103657,0.0025941216355103657
GSDME,-0.0025932639351275437,0.0025932639351275437
XRCC3,-0.0025932639351275437,0.0025932639351275437
ENSG00000290854,-0.0025914543006726777,0.0025914543006726777
DDIT4,0.0025888215747039444,0.0025888215747039444
PCAT1,-0.0025877901385516627,0.0025877901385516627
TBCK,-0.0025873480454268716,0.0025873480454268716
TTLL5,-0.0025873480454268716,0.0025873480454268716
GTF2H5,-0.0025864688366320897,0.0025864688366320897
POMK,-0.0025857813638453042,0.0025857813638453042
CEP76,-0.0025851384765512146,0.0025851384765512146
SEMA4C,-0.002584770584196083,0.002584770584196083
ENSG00000283156,-0.0025844464956978563,0.0025844464956978563
SGIP1,-0.002584261099893764,0.002584261099893764
CAST,-0.002583901352970459,0.002583901352970459
ACVRL1,-0.0025824315986267307,0.0025824315986267307
YRDC,-0.0025824315986267307,0.0025824315986267307
RPAIN,-0.0025824315986267307,0.0025824315986267307
FOSL1,-0.0025824315986267307,0.0025824315986267307
ENSG00000228170,-0.0025824315986267307,0.0025824315986267307
RABGAP1,-0.0025824315986267307,0.0025824315986267307
HYCC2,-0.0025817478539841444,0.0025817478539841444
TMEM192,-0.002580189827836797,0.002580189827836797
NRDE2,-0.0025801718050981583,0.0025801718050981583
CTDSP2,0.002579925606520248,0.002579925606520248
RPAP3-DT,-0.0025783275075574033,0.0025783275075574033
LDB2,-0.0025783275075574033,0.0025783275075574033
ENSG00000285730,-0.0025783275075574033,0.0025783275075574033
MEF2C-AS1,-0.0025767021580091875,0.0025767021580091875
KIDINS220,-0.002575502011015644,0.002575502011015644
DZIP1,0.002575371255049161,0.002575371255049161
SEH1L,-0.002573598545226186,0.002573598545226186
COL8A1,-0.0025733419409582326,0.0025733419409582326
PPIP5K2,-0.002572924501935366,0.002572924501935366
PUM1,-0.0025727250552754835,0.0025727250552754835
BAD,0.0025706683015960406,0.0025706683015960406
MTATP6P1,0.0025706683015960406,0.0025706683015960406
TOGARAM1,0.0025706683015960406,0.0025706683015960406
PAPLN-AS1,0.0025706683015960406,0.0025706683015960406
ENSG00000289862,0.0025706683015960406,0.0025706683015960406
NR4A1,-0.002570634763035299,0.002570634763035299
UFM1,0.002569065671455741,0.002569065671455741
CNTNAP3B,-0.0025689376667272757,0.0025689376667272757
CAB39,0.002567297516913411,0.002567297516913411
PDE5A,-0.002567253082841266,0.002567253082841266
ATP6V0D1-DT,-0.002566738072774676,0.002566738072774676
RAB31,-0.002566733115484191,0.002566733115484191
NR2F2,-0.00256614896283189,0.00256614896283189
NHLRC2,-0.002565266776499025,0.002565266776499025
TMEM123-DT,0.0025629177496205324,0.0025629177496205324
ENSG00000286231,0.0025629177496205324,0.0025629177496205324
DACT3,-0.0025591842826347133,0.0025591842826347133
FCGR3A,0.0025547695739713667,0.0025547695739713667
CLDN10-AS1,0.0025533406184103232,0.0025533406184103232
HPS6,0.0025533406184103232,0.0025533406184103232
PACS2,0.0025513626116072273,0.0025513626116072273
SNX13,-0.0025513613221436983,0.0025513613221436983
CAB39L,0.0025498900489559382,0.0025498900489559382
VPS45,-0.002549109551742551,0.002549109551742551
BMAL2,-0.002548065964454691,0.002548065964454691
SCLY,-0.0025473919148755876,0.0025473919148755876
PROX1,0.002545542458131803,0.002545542458131803
PDIA3,-0.0025441620603614554,0.0025441620603614554
ZNF518A,0.0025410068585278436,0.0025410068585278436
ALKBH2,0.0025410068585278436,0.0025410068585278436
LINC00862,-0.0025407148019806155,0.0025407148019806155
SNF8,-0.002540044392737043,0.002540044392737043
ENSG00000260417,-0.0025391872827259655,0.0025391872827259655
IL15,-0.002538670391700801,0.002538670391700801
ZFP30,-0.0025356333260528655,0.0025356333260528655
CSTF2T,-0.00253503609112899,0.00253503609112899
LNCAROD,-0.00253503609112899,0.00253503609112899
FHAD1-AS1,-0.00253503609112899,0.00253503609112899
EGFL6,-0.00253503609112899,0.00253503609112899
IMP3,-0.00253503609112899,0.00253503609112899
DNALI1,-0.00253503609112899,0.00253503609112899
ALG9,-0.00253503609112899,0.00253503609112899
LINC02257,-0.00253503609112899,0.00253503609112899
MTIF2,-0.00253503609112899,0.00253503609112899
SNHG8,-0.00253503609112899,0.00253503609112899
ENSG00000253284,-0.00253503609112899,0.00253503609112899
ENSG00000285901,-0.00253503609112899,0.00253503609112899
SGCE,-0.00253503609112899,0.00253503609112899
GJB2,-0.00253503609112899,0.00253503609112899
POLR1F,-0.00253503609112899,0.00253503609112899
SRP14,-0.00253503609112899,0.00253503609112899
ENSG00000278177,-0.00253503609112899,0.00253503609112899
PIGN,-0.00253356342347329,0.00253356342347329
CRELD2,-0.002532191812810966,0.002532191812810966
RNF139-DT,-0.002531184384252994,0.002531184384252994
ENSG00000279549,-0.0025290109764326144,0.0025290109764326144
DPY19L3,-0.0025284567640833228,0.0025284567640833228
CACNB2,0.0025275318139685045,0.0025275318139685045
WNK1,-0.0025270732119101334,0.0025270732119101334
RAB11A,-0.00252523527058301,0.00252523527058301
WNT4,0.002524451883190508,0.002524451883190508
XIAP,-0.002522961557729545,0.002522961557729545
ITGA9-AS1,-0.002522134254395644,0.002522134254395644
PLCG2,-0.0025217736607302497,0.0025217736607302497
PLA2R1,-0.0025209924235643387,0.0025209924235643387
PPP1R12A-AS1,0.0025206844443707997,0.0025206844443707997
CD226,-0.002520147412149947,0.002520147412149947
TULP4,-0.002519748917268074,0.002519748917268074
POLR2M,-0.002519257066067215,0.002519257066067215
TMEM201,0.002518358148551705,0.002518358148551705
AP1G2,0.002518358148551705,0.002518358148551705
NCR3LG1,0.002518358148551705,0.002518358148551705
MARVELD1,0.002518358148551705,0.002518358148551705
OS9,0.002518358148551705,0.002518358148551705
IQCD,0.002518358148551705,0.002518358148551705
GLDC,-0.0025177849766145023,0.0025177849766145023
SND1-IT1,-0.0025170152861927002,0.0025170152861927002
GASK1A,-0.0025170152861927002,0.0025170152861927002
BTD,-0.002515369020890472,0.002515369020890472
MT1X,-0.002514904162743734,0.002514904162743734
ENSG00000230751,-0.002514904162743734,0.002514904162743734
NBEA,-0.002514904162743734,0.002514904162743734
SLC26A2,-0.002514867021097933,0.002514867021097933
TKT,-0.002514834555124986,0.002514834555124986
POLI,-0.0025140405576905703,0.0025140405576905703
PDP2,-0.0025137455959276093,0.0025137455959276093
MIRLET7IHG,-0.0025135186779805018,0.0025135186779805018
EFHC1,-0.0025113441104702224,0.0025113441104702224
MIB1,-0.002508857408940731,0.002508857408940731
BNIPL,-0.002508599201704949,0.002508599201704949
ENSG00000239920,-0.002508599201704949,0.002508599201704949
ZNF287,-0.002508599201704949,0.002508599201704949
NMRK1,-0.0025065038094881625,0.0025065038094881625
ITPR2,-0.0025064999847413975,0.0025064999847413975
ENSG00000279110,-0.002505205822362459,0.002505205822362459
MFF,-0.0025050499338354066,0.0025050499338354066
WDR25,-0.0025046673489953954,0.0025046673489953954
ENSG00000253194,-0.0025046673489953954,0.0025046673489953954
HAS3,-0.0025046673489953954,0.0025046673489953954
FALEC,-0.0025046673489953954,0.0025046673489953954
RBL2,-0.0025046673489953954,0.0025046673489953954
DNAH17,-0.0025046673489953954,0.0025046673489953954
RPL21P90,-0.0025046673489953954,0.0025046673489953954
RNA5SP319,-0.0025046673489953954,0.0025046673489953954
NDUFA4P1,-0.0025046673489953954,0.0025046673489953954
ENSG00000267249,-0.0025046673489953954,0.0025046673489953954
TRMT2A,-0.0025046673489953954,0.0025046673489953954
COL5A3,-0.002504300526996366,0.002504300526996366
ENSG00000258515,-0.002501459036623903,0.002501459036623903
WDR5B,-0.002501459036623903,0.002501459036623903
ZNF655,-0.0025012502965760137,0.0025012502965760137
HSPA2,-0.0025009164761296177,0.0025009164761296177
PTER,0.002500843231472036,0.002500843231472036
CIBAR1,-0.002499424049680786,0.002499424049680786
UBE2N,0.002499019133629409,0.002499019133629409
ENSG00000279175,-0.0024977933218125943,0.0024977933218125943
FAM3A,-0.0024977427275761498,0.0024977427275761498
RYR3,-0.0024974180604602422,0.0024974180604602422
SLC37A3,-0.0024954882470336467,0.0024954882470336467
RPSAP53,-0.002494417776790995,0.002494417776790995
CIDECP1,-0.002494417776790995,0.002494417776790995
ENSG00000254765,-0.002494417776790995,0.002494417776790995
GRIK1,-0.002494417776790995,0.002494417776790995
MTND1P23,-0.002494417776790995,0.002494417776790995
ZFP37,-0.002494417776790995,0.002494417776790995
TRIM32,-0.002494417776790995,0.002494417776790995
ENSG00000225505,-0.002494417776790995,0.002494417776790995
ENSG00000213942,-0.002494417776790995,0.002494417776790995
EIF4A1P2,-0.002494417776790995,0.002494417776790995
LINC02256,-0.002494417776790995,0.002494417776790995
MRPS33,-0.002494417776790995,0.002494417776790995
FARSB,-0.002494417776790995,0.002494417776790995
ENSG00000258768,-0.002494417776790995,0.002494417776790995
RIOK1,-0.002494417776790995,0.002494417776790995
ENSG00000273320,-0.002494417776790995,0.002494417776790995
ENSG00000288398,-0.002494417776790995,0.002494417776790995
LRRC17,-0.002494417776790995,0.002494417776790995
RPLP0P9,-0.0024944177767909914,0.0024944177767909914
MAGI2-AS3,-0.0024932345462331173,0.0024932345462331173
ZNF257,-0.0024929893162656115,0.0024929893162656115
PYGO1,-0.002492176057986341,0.002492176057986341
SNX16,-0.002490988980648245,0.002490988980648245
SIRT5,-0.002490515293841997,0.002490515293841997
CALCOCO2,-0.002490413628704976,0.002490413628704976
BBIP1,-0.002489680413054615,0.002489680413054615
ASPA,-0.0024892163636369246,0.0024892163636369246
VPS53,-0.0024891732656756277,0.0024891732656756277
SERTM1,0.0024877472599728495,0.0024877472599728495
SPAG1,0.0024877472599728495,0.0024877472599728495
MFAP5,0.002487639973152673,0.002487639973152673
EMC10,-0.0024863120096374337,0.0024863120096374337
ENSG00000276115,-0.0024856368805085726,0.0024856368805085726
TTLL7,-0.002484493536827823,0.002484493536827823
PDS5A,-0.002484008640768972,0.002484008640768972
ENSG00000280219,-0.002482339020398809,0.002482339020398809
OVGP1,0.002480899619009216,0.002480899619009216
ENSG00000287356,0.002480899619009216,0.002480899619009216
KCNQ1OT1,-0.0024802253171410165,0.0024802253171410165
ALOX12-AS1,-0.002478367096304774,0.002478367096304774
ENSG00000279696,-0.002477749004287957,0.002477749004287957
CASP8AP2,-0.002477749004287957,0.002477749004287957
ZNF284,-0.002477749004287957,0.002477749004287957
RAB33B-AS1,-0.0024772600731634135,0.0024772600731634135
CENPN,-0.0024772147334412727,0.0024772147334412727
MSR1,-0.0024743544540092957,0.0024743544540092957
CD300LB,-0.0024743544540092957,0.0024743544540092957
ZNF33B,-0.002473584828983012,0.002473584828983012
LINC01013,-0.002473043147587672,0.002473043147587672
BIRC6,-0.0024729229003809233,0.0024729229003809233
MEAK7,-0.0024720472064785693,0.0024720472064785693
ROR2,-0.002469729229803301,0.002469729229803301
CCBE1,-0.0024694790968611932,0.0024694790968611932
TSTD3,-0.002468576216126718,0.002468576216126718
ENSG00000289222,-0.0024684957437278183,0.0024684957437278183
CCDC30,-0.0024684957437278183,0.0024684957437278183
RTN2,-0.0024684957437278183,0.0024684957437278183
THBS3,-0.0024683733351841927,0.0024683733351841927
CD160,-0.0024673854016970674,0.0024673854016970674
DNAAF11,-0.0024673854016970674,0.0024673854016970674
NPIPB14P,-0.0024673854016970674,0.0024673854016970674
ENSG00000291006,-0.002467243232517507,0.002467243232517507
SELENON,-0.0024658356840573906,0.0024658356840573906
CPM,-0.0024650112848184722,0.0024650112848184722
FMO2,-0.0024646481483553747,0.0024646481483553747
PRKCA,-0.0024641947573759496,0.0024641947573759496
FDX1,0.002463787885804473,0.002463787885804473
MARS1,0.0024637041100149712,0.0024637041100149712
PPIL2,-0.00246176019742539,0.00246176019742539
LINC02328,-0.0024603385068998223,0.0024603385068998223
RETREG3,-0.0024603385068998223,0.0024603385068998223
BIVM,-0.002459984792276666,0.002459984792276666
ELK4,0.0024576117402859065,0.0024576117402859065
TAF2,-0.0024572690417747566,0.0024572690417747566
SEC14L1,-0.0024558240796821516,0.0024558240796821516
RPL4P2,0.0024558030684188677,0.0024558030684188677
CLHC1,-0.0024557672672110794,0.0024557672672110794
TDP2,0.0024556009865349666,0.0024556009865349666
COL11A1,-0.0024554986736730036,0.0024554986736730036
ZNF587B,-0.0024549423827084447,0.0024549423827084447
HEG1,-0.0024526124420899357,0.0024526124420899357
RP9,-0.002451409313171012,0.002451409313171012
LRP3,-0.002450850711572951,0.002450850711572951
GTF2E1,0.0024504682971905785,0.0024504682971905785
CCNL1,0.002448207818195964,0.002448207818195964
WDR77,-0.002448111712330842,0.002448111712330842
BNIP3L,-0.0024478282624643857,0.0024478282624643857
OR51E2,-0.002446833861898042,0.002446833861898042
SPECC1,-0.0024438303664245428,0.0024438303664245428
EDA2R,-0.0024437105464919138,0.0024437105464919138
KLRG1,-0.0024437105464919138,0.0024437105464919138
PPP6C,-0.0024437105464919138,0.0024437105464919138
ADORA3,-0.0024437105464919138,0.0024437105464919138
PTGFR,-0.0024435903060871593,0.0024435903060871593
ENSG00000291081,-0.0024435479776710334,0.0024435479776710334
TCP11L1,0.0024432196567908426,0.0024432196567908426
RCC2,0.0024432196567908426,0.0024432196567908426
TRIP11,0.0024432196567908426,0.0024432196567908426
TDRKH-AS1,0.0024432196567908426,0.0024432196567908426
MYL12A,-0.0024415510911895938,0.0024415510911895938
OLR1,-0.002441170342272542,0.002441170342272542
PCF11,0.002440962035044754,0.002440962035044754
CCPG1,-0.0024405435968388894,0.0024405435968388894
ZFAS1,-0.0024402515611195346,0.0024402515611195346
SPATA5L1,0.002440177315279666,0.002440177315279666
PRR5L,-0.002438725059494936,0.002438725059494936
EEF2KMT,-0.002438725059494936,0.002438725059494936
ZRSR2,-0.002438725059494936,0.002438725059494936
LARP7,-0.002438725059494936,0.002438725059494936
FHAD1,-0.002438725059494936,0.002438725059494936
CA6,0.0024384258360934065,0.0024384258360934065
RNASE1,0.0024384258360934065,0.0024384258360934065
B4GAT1-DT,0.0024384258360934065,0.0024384258360934065
ATF7-NPFF,0.0024384258360934065,0.0024384258360934065
MTA1-DT,0.0024384258360934065,0.0024384258360934065
LGR5,0.0024384258360934065,0.0024384258360934065
HECTD2,0.0024384258360934065,0.0024384258360934065
COMMD6,0.0024384258360934065,0.0024384258360934065
ECHDC2,-0.0024380374827612347,0.0024380374827612347
CARF,-0.0024367407490310656,0.0024367407490310656
SLFN5,-0.002436403451342181,0.002436403451342181
ZNF419,-0.0024363383755832938,0.0024363383755832938
ENSG00000242318,-0.002435610995520893,0.002435610995520893
BPHL,-0.002433908883927544,0.002433908883927544
MTR,-0.002433581091529183,0.002433581091529183
ADAMTS14,-0.0024335120294074262,0.0024335120294074262
ENSG00000272033,-0.002433245984646854,0.002433245984646854
XPA,-0.002433245984646854,0.002433245984646854
NARF-IT1,-0.002433245984646854,0.002433245984646854
PON2,-0.002433245984646854,0.002433245984646854
RWDD4P1,-0.002433245984646854,0.002433245984646854
RPL32P31,-0.002433245984646854,0.002433245984646854
ZDHHC11B,0.0024321851688129275,0.0024321851688129275
NHSL1-AS1,0.0024317847250823325,0.0024317847250823325
ENSG00000291203,-0.0024317128839372658,0.0024317128839372658
HS3ST3A1,-0.0024306314936602,0.0024306314936602
PRRC2C,-0.0024298937242051935,0.0024298937242051935
UBE3C,-0.0024291005354847785,0.0024291005354847785
PP7080,-0.0024285044463952794,0.0024285044463952794
MCCC2,-0.002428045158222137,0.002428045158222137
MIATNB,-0.0024268950300843097,0.0024268950300843097
C3orf62,-0.002426068023451762,0.002426068023451762
PTPN2,-0.002425114193669911,0.002425114193669911
FUBP3,-0.002425114193669911,0.002425114193669911
CSF3R,0.0024248483047174924,0.0024248483047174924
GHRLOS,-0.0024229600365671343,0.0024229600365671343
CETP,-0.0024215459644685283,0.0024215459644685283
ENSG00000289138,-0.0024215459644685283,0.0024215459644685283
NSMCE4A,-0.0024215459644685283,0.0024215459644685283
ZNF835,-0.002418708153595106,0.002418708153595106
LSM11,-0.002418708153595106,0.002418708153595106
HABP4,-0.002418708153595106,0.002418708153595106
LINC02984,-0.002418708153595106,0.002418708153595106
CDADC1,-0.002418708153595106,0.002418708153595106
ENSG00000272402,-0.002418708153595106,0.002418708153595106
ZNF605,-0.0024179739951513536,0.0024179739951513536
IRF3,-0.002417566983963646,0.002417566983963646
FAM98A,-0.0024171736092085637,0.0024171736092085637
LRRC32,0.00241716495938484,0.00241716495938484
ZNF766,-0.00241704894040699,0.00241704894040699
BMP8A,-0.0024163900206257308,0.0024163900206257308
MRC2,-0.002415977689687532,0.002415977689687532
OSBPL10,-0.0024153590275969266,0.0024153590275969266
ZDHHC24,-0.002415287558374024,0.002415287558374024
NTM,0.002415098656292196,0.002415098656292196
PICK1,-0.002413825420661675,0.002413825420661675
ENSG00000243423,-0.0024134042441361168,0.0024134042441361168
ENGASE,-0.0024126996575794175,0.0024126996575794175
FAT4,-0.00240949683516702,0.00240949683516702
CC2D2B,-0.0024089295437943,0.0024089295437943
LNX1,-0.0024083978129567276,0.0024083978129567276
RAD50,-0.0024077981875992092,0.0024077981875992092
ENSG00000283782,-0.0024077981875992092,0.0024077981875992092
OPA3,-0.002407498712052673,0.002407498712052673
DZANK1,-0.002407221482909576,0.002407221482909576
ENSG00000242951,-0.0024066894648460406,0.0024066894648460406
ACAD9-DT,-0.0024066894648460406,0.0024066894648460406
OR7E128P,-0.0024066894648460406,0.0024066894648460406
HEXD-IT1,-0.0024066894648460406,0.0024066894648460406
ZNF846,-0.0024066894648460406,0.0024066894648460406
ENSG00000256973,-0.0024066894648460406,0.0024066894648460406
RPS21P4,-0.0024066894648460406,0.0024066894648460406
ATPAF1,0.0024063569689053233,0.0024063569689053233
LINC00324,-0.0024061201333915967,0.0024061201333915967
ISCU,-0.002405924089390258,0.002405924089390258
ARHGEF28,-0.0024058261265260564,0.0024058261265260564
IGLV2-11,-0.0024053228063424612,0.0024053228063424612
PRKG1,-0.0024051065379221306,0.0024051065379221306
ENSG00000258891,-0.0024047508665385416,0.0024047508665385416
LDHA,0.00240393759537823,0.00240393759537823
KBTBD7,0.0024022517576747604,0.0024022517576747604
SFI1,-0.002402219623728331,0.002402219623728331
ENSG00000291228,-0.002401315064236074,0.002401315064236074
GLI3,-0.0024010235141180437,0.0024010235141180437
RHOF,-0.002397991925726746,0.002397991925726746
CASC15,-0.0023972488210230176,0.0023972488210230176
TMEM181,0.0023964441823089433,0.0023964441823089433
REV3L,-0.0023929973423440216,0.0023929973423440216
ENSG00000272078,0.0023926023275592204,0.0023926023275592204
CCDC24,-0.0023921245581770417,0.0023921245581770417
NNT-AS1,-0.002392090582544043,0.002392090582544043
PPAT,-0.0023919961585065755,0.0023919961585065755
PRSS53,-0.0023911038233262825,0.0023911038233262825
UBE3B,-0.0023905453278067488,0.0023905453278067488
HSPB8,0.00239053754488104,0.00239053754488104
CDHR3,-0.0023902743451936293,0.0023902743451936293
DOK5,-0.002387732115114291,0.002387732115114291
NARS2,-0.002386558794947283,0.002386558794947283
SORT1,-0.002386449739399003,0.002386449739399003
N6AMT1,-0.0023842928709439945,0.0023842928709439945
ZNF544,-0.0023838233427429727,0.0023838233427429727
ERGIC2,0.00238198598252472,0.00238198598252472
RAD23B,-0.0023814533742103823,0.0023814533742103823
C11orf58,0.0023809808092223137,0.0023809808092223137
PPP1CC,0.002380820576465345,0.002380820576465345
ENO4,0.002380820576465345,0.002380820576465345
SHTN1,0.002380820576465345,0.002380820576465345
EBNA1BP2,0.002380820576465345,0.002380820576465345
ANXA8L1,0.0023797704444374805,0.0023797704444374805
ENSG00000289904,0.0023797704444374805,0.0023797704444374805
ENSG00000273058,0.0023797704444374805,0.0023797704444374805
FAIM2,0.0023797704444374805,0.0023797704444374805
VAPB,-0.0023789342404651813,0.0023789342404651813
DMAC2L,0.002378811621790678,0.002378811621790678
PADI2,0.002376058457501688,0.002376058457501688
ENTPD5,-0.0023760058455731883,0.0023760058455731883
NEMP2,-0.002375567834016623,0.002375567834016623
RBM26,-0.0023749715921224223,0.0023749715921224223
GLRX2,-0.002374940348684425,0.002374940348684425
SERINC3,-0.00237375338961632,0.00237375338961632
RAB2A,-0.0023725395199372936,0.0023725395199372936
NUDT6,-0.0023713407912823066,0.0023713407912823066
ECE1,-0.002369496301878628,0.002369496301878628
SHPRH,-0.002369070921493947,0.002369070921493947
DPP7,0.002369067840513505,0.002369067840513505
TMEM80,0.00236851118723541,0.00236851118723541
AP4S1,-0.0023684374143771226,0.0023684374143771226
ENSG00000232611,-0.0023684374143771226,0.0023684374143771226
CUL4A,-0.0023680851730436114,0.0023680851730436114
WWOX,-0.0023677825180647713,0.0023677825180647713
SEPTIN1,-0.0023675637677022547,0.0023675637677022547
CAAP1,0.002367075719790885,0.002367075719790885
SRA1,0.002367075719790885,0.002367075719790885
AHCYL2,-0.0023670010797413924,0.0023670010797413924
ENSG00000224114,0.002366981393238153,0.002366981393238153
MDH1,-0.002365810238775668,0.002365810238775668
RTRAF,0.0023649793921157293,0.0023649793921157293
RPLP1,-0.002364742344180454,0.002364742344180454
SP3,-0.0023644439718893194,0.0023644439718893194
MASP1,-0.0023642675481330105,0.0023642675481330105
SH3PXD2B,-0.0023626056382698023,0.0023626056382698023
TXNL1,-0.0023616792071298196,0.0023616792071298196
POGZ,-0.002361427077166759,0.002361427077166759
ATP7A,-0.002361308320314296,0.002361308320314296
ATMIN,-0.0023583600654998693,0.0023583600654998693
MAVS,-0.0023578576334400093,0.0023578576334400093
LINC00926,-0.002357323641918614,0.002357323641918614
TEX41,-0.0023569461179774034,0.0023569461179774034
FIGNL2,0.002355939861120606,0.002355939861120606
CNST,0.002354404795851533,0.002354404795851533
ENSG00000287969,0.002354404795851533,0.002354404795851533
PLCXD2,0.0023540542527640896,0.0023540542527640896
GOSR2,-0.002352630998166646,0.002352630998166646
LPIN2,-0.00235162623734463,0.00235162623734463
DYNC1H1,0.00235022686958366,0.00235022686958366
RPL13P6,0.002348164402425825,0.002348164402425825
RAD54L2,-0.0023449784855243266,0.0023449784855243266
FAM118A,-0.0023434717204908547,0.0023434717204908547
ERV3-1,-0.002343232019149633,0.002343232019149633
SLC35E3,-0.0023402508494842073,0.0023402508494842073
NUP133,-0.0023401778363424572,0.0023401778363424572
DPH5,0.002339110643079929,0.002339110643079929
HSP90AA2P,-0.002339062827121646,0.002339062827121646
ZNF528-AS1,-0.0023376285268262055,0.0023376285268262055
RPSAP36,-0.0023376285268262055,0.0023376285268262055
FBXO17,-0.0023376285268262055,0.0023376285268262055
MFSD4A,0.0023374335045882755,0.0023374335045882755
CES4A,-0.0023374046447343067,0.0023374046447343067
PRICKLE1,-0.0023369795649119374,0.0023369795649119374
CBX7,-0.0023365969474247986,0.0023365969474247986
ITGB6,-0.0023363881669329354,0.0023363881669329354
CASP7,-0.0023358987286382265,0.0023358987286382265
SBF2,-0.0023354001924915106,0.0023354001924915106
SLC13A4,-0.0023350345568493615,0.0023350345568493615
ENSG00000260488,-0.0023347575096623824,0.0023347575096623824
RTEL1-TNFRSF6B,-0.0023347575096623824,0.0023347575096623824
ALDH18A1,-0.0023347575096623824,0.0023347575096623824
TNFRSF6B,-0.0023347575096623824,0.0023347575096623824
SLC25A37,-0.0023347161262189955,0.0023347161262189955
ZKSCAN1,-0.002332536336887945,0.002332536336887945
ZNF160,-0.002331097241879135,0.002331097241879135
TCERG1,-0.0023296946123856385,0.0023296946123856385
OPHN1,-0.0023295457758912303,0.0023295457758912303
ERGIC1,-0.002329270956169327,0.002329270956169327
GPRIN2,0.002328830547117275,0.002328830547117275
LOXL2,-0.0023284675270295063,0.0023284675270295063
APOLD1,0.002328132342355013,0.002328132342355013
MEG9,-0.002328074822059569,0.002328074822059569
GUCY1A1,-0.002327910280163436,0.002327910280163436
HERC6,-0.0023275891216278373,0.0023275891216278373
CDC42SE2,0.00232737155181463,0.00232737155181463
GPC6,-0.002327048483697801,0.002327048483697801
LGI4,-0.0023265732401291104,0.0023265732401291104
EMCN,0.0023253804609573675,0.0023253804609573675
APOBEC3C,-0.0023251814255572135,0.0023251814255572135
QSOX1,-0.0023249259305059616,0.0023249259305059616
ARSJ,-0.0023240999201218763,0.0023240999201218763
ZNF626,-0.0023232885408945624,0.0023232885408945624
KRT5,-0.0023225333661613507,0.0023225333661613507
NINL,-0.002322274678477341,0.002322274678477341
GFRA1,0.002322015528427621,0.002322015528427621
A2M-AS1,-0.0023215029600498704,0.0023215029600498704
ENSG00000275805,-0.0023215029600498704,0.0023215029600498704
ENSG00000274297,-0.0023215029600498704,0.0023215029600498704
ENSG00000273035,-0.0023215029600498704,0.0023215029600498704
TFAP4,-0.0023215029600498704,0.0023215029600498704
CLCN4,-0.0023215029600498704,0.0023215029600498704
RN7SL269P,-0.0023215029600498704,0.0023215029600498704
NLRC3,-0.0023192056082206184,0.0023192056082206184
CTSD,-0.002319049738860583,0.002319049738860583
L3MBTL3,-0.0023185132916294445,0.0023185132916294445
AKAP12,-0.0023184421999659205,0.0023184421999659205
PPARGC1A,-0.002317684548042519,0.002317684548042519
PIK3C2A,0.002317525471066911,0.002317525471066911
P3H3,-0.0023168532015614834,0.0023168532015614834
IFT46,-0.002316611248739465,0.002316611248739465
MYEOV,0.0023133842138659774,0.0023133842138659774
ERP29,0.002312845160641114,0.002312845160641114
UBR3,-0.0023120473600633986,0.0023120473600633986
ZNF555,-0.002311581492759726,0.002311581492759726
ARHGEF2,-0.0023110177705754935,0.0023110177705754935
NSD1,-0.0023108302438790175,0.0023108302438790175
DELE1,-0.0023107354530335685,0.0023107354530335685
ENSG00000291159,-0.0023103296386479074,0.0023103296386479074
NUDT16-DT,-0.002309484271300899,0.002309484271300899
ENSG00000268030,-0.002309484271300899,0.002309484271300899
EXOC1,-0.002309484271300899,0.002309484271300899
ENSG00000290653,-0.002309484271300899,0.002309484271300899
C1orf162,-0.002309484271300899,0.002309484271300899
UBE2V1P1,-0.002309484271300899,0.002309484271300899
IFT74,-0.002309484271300899,0.002309484271300899
ZNF418,-0.002309484271300899,0.002309484271300899
ENSG00000268230,-0.002309484271300899,0.002309484271300899
STYK1,-0.002309484271300899,0.002309484271300899
ENSG00000249098,-0.002309484271300899,0.002309484271300899
SSRP1,-0.002309484271300899,0.002309484271300899
MAP3K7,-0.002309255627437515,0.002309255627437515
HYLS1,-0.002309195625645616,0.002309195625645616
RUNX3,0.0023090915538470907,0.0023090915538470907
KLHL3,-0.0023085652438450694,0.0023085652438450694
TUBE1,-0.0023077861631906173,0.0023077861631906173
MKI67,0.0023074156541550536,0.0023074156541550536
CALHM5,-0.002307134166536766,0.002307134166536766
GALNS,-0.002306055765152004,0.002306055765152004
GMDS-DT,-0.002305040795905144,0.002305040795905144
ZNF280D,-0.002303633931184569,0.002303633931184569
IGLV3-21,-0.002303366692772977,0.002303366692772977
ARL14EP,-0.002302740705688455,0.002302740705688455
VENTXP7,-0.0023026982186582987,0.0023026982186582987
EMC8,-0.002302646190983556,0.002302646190983556
SERPINH1,-0.002302491961449563,0.002302491961449563
CHM,-0.002302445225078756,0.002302445225078756
ENSG00000285658,-0.0023022844435180447,0.0023022844435180447
ENSG00000279598,-0.0023022844435180447,0.0023022844435180447
UBA52P6,-0.0023022844435180447,0.0023022844435180447
SATB2,-0.0023020554605646154,0.0023020554605646154
GART,-0.002301891637543059,0.002301891637543059
ENSG00000278600,-0.00230162228269892,0.00230162228269892
ATG9A,-0.002300189490021299,0.002300189490021299
ENSG00000279502,-0.002300189490021299,0.002300189490021299
DTNBP1,-0.002300189490021299,0.002300189490021299
TBX2-AS1,-0.002300189490021299,0.002300189490021299
ZC3H15,-0.002299742764855337,0.002299742764855337
ENSG00000277511,-0.002299742764855337,0.002299742764855337
RPL10AP2,-0.002299742764855337,0.002299742764855337
NCK1-DT,-0.0022996134132791087,0.0022996134132791087
STYX,0.0022989284296600246,0.0022989284296600246
NACA3P,-0.002298359534109686,0.002298359534109686
FRMD6,-0.0022977819980368897,0.0022977819980368897
ENSG00000280135,-0.0022977819980368897,0.0022977819980368897
SNX11,-0.0022977819980368897,0.0022977819980368897
PRKCG,-0.0022977819980368897,0.0022977819980368897
PRSS48,-0.0022974513172332113,0.0022974513172332113
LIPG,-0.0022961241250429205,0.0022961241250429205
MAF,-0.0022953695261726565,0.0022953695261726565
CC2D2A,-0.0022951858408818368,0.0022951858408818368
ENSG00000289238,-0.002294356194161557,0.002294356194161557
XPC-AS1,-0.0022926135018539653,0.0022926135018539653
VDR,0.0022922393275197693,0.0022922393275197693
FCN1,-0.0022917493223541655,0.0022917493223541655
WDR5,-0.0022910682893005387,0.0022910682893005387
LRCH1,-0.002289649646234718,0.002289649646234718
BGN,-0.0022895181736571108,0.0022895181736571108
EDDM13,-0.0022895181736571108,0.0022895181736571108
MKKS,-0.0022893083107177743,0.0022893083107177743
ENSG00000278769,-0.0022893083107177743,0.0022893083107177743
DPH5-DT,-0.0022893083107177743,0.0022893083107177743
ETV5,-0.0022879391611884603,0.0022879391611884603
SMAD6,-0.0022877638733427613,0.0022877638733427613
PITPNC1,-0.0022873530490213705,0.0022873530490213705
ENSG00000225616,-0.0022872069973239434,0.0022872069973239434
APOBEC3F,-0.002287066542989986,0.002287066542989986
SMIM8,-0.002286929989534826,0.002286929989534826
SEMA5A,-0.002285246269980447,0.002285246269980447
ZNF3,-0.002285055967431309,0.002285055967431309
LINC02660,0.00228471519007247,0.00228471519007247
AKR1C2,0.00228471519007247,0.00228471519007247
ECHS1,0.00228471519007247,0.00228471519007247
C12orf29,0.00228471519007247,0.00228471519007247
CPLANE2,0.00228471519007247,0.00228471519007247
SPRR1A,0.00228471519007247,0.00228471519007247
ENSG00000257921,0.00228471519007247,0.00228471519007247
KMT5B,-0.0022843129153509905,0.0022843129153509905
ENSG00000281468,-0.0022839926389748725,0.0022839926389748725
RAF1,-0.0022830050414452334,0.0022830050414452334
SRD5A1,-0.0022828545973364845,0.0022828545973364845
ENSG00000213488,-0.0022824778566533674,0.0022824778566533674
ARMC1,-0.0022806865917449535,0.0022806865917449535
ZFC3H1,0.0022805268234330316,0.0022805268234330316
SPEN-AS1,0.0022791174225449554,0.0022791174225449554
ST7L,-0.002278427151653602,0.002278427151653602
ENSG00000232176,-0.0022779129519231757,0.0022779129519231757
RIC8A,-0.0022777628715648663,0.0022777628715648663
TSPAN11,-0.0022775275436288716,0.0022775275436288716
ZNF431,-0.002277453450425464,0.002277453450425464
AKAP9,-0.0022765627759152238,0.0022765627759152238
PGGHG,0.0022755343842721016,0.0022755343842721016
ENSG00000283696,-0.00227541832942756,0.00227541832942756
ARPC2,-0.0022750197474003856,0.0022750197474003856
ZBTB37,-0.0022748308303775842,0.0022748308303775842
GPATCH2L,-0.0022739733733600875,0.0022739733733600875
PRSS23,-0.00227271560415528,0.00227271560415528
CCDC102B,-0.0022724495162848176,0.0022724495162848176
NDUFB4P3,-0.002271648508167656,0.002271648508167656
CTSB,-0.0022715956440663206,0.0022715956440663206
RFX8,-0.0022710538252046675,0.0022710538252046675
SORBS1,0.002270845362617211,0.002270845362617211
OSCP1,-0.002270265431175121,0.002270265431175121
ZC3H13,0.0022696593782645727,0.0022696593782645727
TBC1D20,-0.0022693749688733745,0.0022693749688733745
SRP14P2,-0.00226914751081085,0.00226914751081085
ENSG00000291202,-0.0022688416777555697,0.0022688416777555697
OSBPL9,0.0022680243005197124,0.0022680243005197124
ENSG00000286242,-0.0022679683586791792,0.0022679683586791792
L3HYPDH,-0.002267953249264475,0.002267953249264475
ZNF765,-0.0022670886590409655,0.0022670886590409655
RPL23P2,-0.0022658908221333644,0.0022658908221333644
TGOLN2,-0.0022657008346577885,0.0022657008346577885
SCD5,-0.002264547636146079,0.002264547636146079
MTATP8P1,0.0022635692807276456,0.0022635692807276456
SAP18,0.0022635692807276456,0.0022635692807276456
TMEM272,0.0022635692807276456,0.0022635692807276456
ST14,0.0022635692807276456,0.0022635692807276456
CALML5,0.0022635692807276456,0.0022635692807276456
UBIAD1,0.0022635692807276456,0.0022635692807276456
MFRP,0.0022635692807276456,0.0022635692807276456
CRIP2,0.0022635692807276456,0.0022635692807276456
ENSG00000257341,0.0022635692807276456,0.0022635692807276456
NR1H3,0.0022635692807276456,0.0022635692807276456
THAP2,0.0022635692807276456,0.0022635692807276456
ENSG00000278784,0.0022635692807276456,0.0022635692807276456
ENSG00000257342,0.0022635692807276456,0.0022635692807276456
TMEM69,0.0022635692807276456,0.0022635692807276456
TEX22,0.0022635692807276456,0.0022635692807276456
ENSG00000279283,0.0022635692807276456,0.0022635692807276456
TAFA2,0.0022635692807276456,0.0022635692807276456
ENSG00000259001,0.0022635692807276456,0.0022635692807276456
PHC1,0.0022635692807276456,0.0022635692807276456
RGS16,0.0022635692807276456,0.0022635692807276456
ARHGAP20,0.0022635692807276456,0.0022635692807276456
TMEM9B,0.0022635692807276456,0.0022635692807276456
HES2,0.0022635692807276456,0.0022635692807276456
LRRC42,0.0022635692807276456,0.0022635692807276456
KRT7-AS,0.0022635692807276456,0.0022635692807276456
METTL1,0.0022635692807276456,0.0022635692807276456
GCSAML,0.0022635692807276456,0.0022635692807276456
CYP27B1,0.0022635692807276456,0.0022635692807276456
SNORD25,0.0022635692807276456,0.0022635692807276456
AVPI1,0.0022635692807276456,0.0022635692807276456
XCL2,0.0022635692807276456,0.0022635692807276456
GPR12,0.0022635692807276456,0.0022635692807276456
SLC10A1,0.0022635692807276456,0.0022635692807276456
TSSC4,0.0022635692807276456,0.0022635692807276456
RPL31P47,0.0022635692807276456,0.0022635692807276456
C1QTNF5,0.0022635692807276456,0.0022635692807276456
CDNF,0.0022635692807276456,0.0022635692807276456
LINC02757,0.0022635692807276456,0.0022635692807276456
CTNNBIP1,0.0022635692807276456,0.0022635692807276456
NENF,0.0022635692807276456,0.0022635692807276456
TSPAN15,0.0022635692807276456,0.0022635692807276456
NEXN,0.0022635692807276456,0.0022635692807276456
S1PR1-DT,0.0022635692807276456,0.0022635692807276456
WDR20,0.0022635692807276456,0.0022635692807276456
SNORD114-16,0.0022635692807276456,0.0022635692807276456
LIN7A,0.0022635692807276456,0.0022635692807276456
COX7CP1,0.0022635692807276456,0.0022635692807276456
LAMTOR1,0.0022635692807276456,0.0022635692807276456
PIFO,0.0022635692807276456,0.0022635692807276456
IKBKE,0.0022635692807276456,0.0022635692807276456
RPPH1,0.0022635692807276456,0.0022635692807276456
FMO6P,0.0022635692807276456,0.0022635692807276456
TUB,0.0022635692807276456,0.0022635692807276456
ENSG00000231856,0.0022635692807276456,0.0022635692807276456
ENSG00000286943,0.0022635692807276456,0.0022635692807276456
ENSG00000289901,0.0022635692807276456,0.0022635692807276456
DUSP10,0.0022635692807276456,0.0022635692807276456
C1orf53,0.0022635692807276456,0.0022635692807276456
MYBPC1,0.0022635692807276456,0.0022635692807276456
RCC2-AS1,0.0022635692807276456,0.0022635692807276456
ENSG00000232807,0.0022635692807276456,0.0022635692807276456
USP21,0.0022635692807276456,0.0022635692807276456
IGF2-AS,0.0022635692807276456,0.0022635692807276456
RPL4P1,0.002263569280727629,0.002263569280727629
MRPS25,-0.0022628987621649108,0.0022628987621649108
ZNF701,-0.0022628843250259998,0.0022628843250259998
ENSG00000290102,-0.0022623337076732005,0.0022623337076732005
ENSG00000281195,-0.0022623337076732005,0.0022623337076732005
ZNF75A,-0.0022623337076732005,0.0022623337076732005
CDKN2C,-0.0022623337076732005,0.0022623337076732005
ENSG00000290450,-0.002261896602365901,0.002261896602365901
ERICH1,-0.0022601783709251446,0.0022601783709251446
LINC00662,-0.002259558348737226,0.002259558348737226
PPIL3,0.0022591814262117793,0.0022591814262117793
ENSG00000280434,-0.002258405536252403,0.002258405536252403
NPHP3,-0.0022572243302408494,0.0022572243302408494
UBAP2,-0.002257069324001282,0.002257069324001282
DTWD1,-0.0022567139927510524,0.0022567139927510524
XPO4,-0.0022557704268926196,0.0022557704268926196
ZNF26,-0.0022548304806538663,0.0022548304806538663
ENSG00000260483,-0.0022544288551268237,0.0022544288551268237
ENSG00000246090,-0.0022540769654014487,0.0022540769654014487
C1RL,-0.0022536056110444903,0.0022536056110444903
FYCO1,0.0022524192977320394,0.0022524192977320394
RAD51B,-0.002252247816352596,0.002252247816352596
TNS3,-0.0022514525151940456,0.0022514525151940456
GLE1,-0.0022492966375244365,0.0022492966375244365
IDH3A,-0.002249153526180876,0.002249153526180876
EBF2,-0.0022489729683162043,0.0022489729683162043
RDH5,0.0022484368043227078,0.0022484368043227078
XAB2,-0.0022479964846664475,0.0022479964846664475
SARS1,0.0022467318856779295,0.0022467318856779295
ZNF658,0.0022467318856779295,0.0022467318856779295
ZMYND11,-0.002246097278462547,0.002246097278462547
PTHLH,-0.002245596828596364,0.002245596828596364
FUT1,-0.0022451076512715914,0.0022451076512715914
TRIM3,-0.0022451076512715914,0.0022451076512715914
STX18,-0.0022451037687536805,0.0022451037687536805
ENSG00000270048,-0.002244992215556468,0.002244992215556468
IRGQ,-0.0022429855171567327,0.0022429855171567327
LMO7,-0.0022429460925248454,0.0022429460925248454
ENSG00000268401,-0.0022416924702129745,0.0022416924702129745
RAB3IP,-0.0022405700196593014,0.0022405700196593014
ABCD4,-0.002240516241646298,0.002240516241646298
DLG1,-0.002240437541225379,0.002240437541225379
GLA,0.0022401259547409295,0.0022401259547409295
NOP14-AS1,0.002239060031813009,0.002239060031813009
CD46,-0.002239027256401364,0.002239027256401364
FRMD4B,-0.002238986899559237,0.002238986899559237
TMBIM1,0.002238262413262954,0.002238262413262954
DNAJC15,-0.0022381700405812734,0.0022381700405812734
INPP5B,-0.002237185685887634,0.002237185685887634
FCF1,-0.0022366932115252596,0.0022366932115252596
COG1,-0.0022356000142012273,0.0022356000142012273
CHKB-DT,-0.0022353195716474502,0.0022353195716474502
MYSM1,-0.0022338114486517217,0.0022338114486517217
RASSF8-AS1,-0.002232068031848863,0.002232068031848863
TOP1MT,0.002230877097922048,0.002230877097922048
TATDN3,0.0022308099960252356,0.0022308099960252356
ENSG00000282980,-0.002230477391220463,0.002230477391220463
AZGP1,-0.0022301051704766567,0.0022301051704766567
PARP11,-0.0022300017003750606,0.0022300017003750606
RPL10P16,-0.002229878107693388,0.002229878107693388
ZNF121,-0.002229567735054992,0.002229567735054992
TMEM217B,0.0022295199831435853,0.0022295199831435853
TMEM217,0.0022295199831435853,0.0022295199831435853
TRAV8-2,0.0022295199831435853,0.0022295199831435853
FGL2,0.0022295199831435853,0.0022295199831435853
RAN,0.0022295199831435853,0.0022295199831435853
RNU5E-4P,0.0022295199831435853,0.0022295199831435853
TUBA4A,0.0022295199831435853,0.0022295199831435853
LRP1B,0.0022295199831435853,0.0022295199831435853
POC1B,0.0022295199831435853,0.0022295199831435853
LRTOMT,0.0022295199831435853,0.0022295199831435853
ARL5B,0.0022295116498742182,0.0022295116498742182
FGF10-AS1,-0.0022294985280003603,0.0022294985280003603
TPK1,-0.0022294985280003603,0.0022294985280003603
PHLDA3,-0.0022290553110461313,0.0022290553110461313
KIT,0.002228463501589586,0.002228463501589586
PTP4A2,-0.0022278787802963635,0.0022278787802963635
F3,-0.0022272212324772446,0.0022272212324772446
ENSG00000285653,-0.002227193336218634,0.002227193336218634
STARD9,-0.0022268321243963103,0.0022268321243963103
SPAG9,-0.0022259955172150413,0.0022259955172150413
SEPHS1,0.002225746607821202,0.002225746607821202
TREHP1,0.0022252765223848736,0.0022252765223848736
LDB3,0.0022252765223848736,0.0022252765223848736
ENSG00000230490,0.0022252765223848736,0.0022252765223848736
PI4KB,0.0022252765223848736,0.0022252765223848736
TRHDE,0.0022252765223848736,0.0022252765223848736
CLBA1,0.0022252765223848736,0.0022252765223848736
SMARCA5,-0.002224369730609235,0.002224369730609235
SLC6A6,-0.0022232602186361776,0.0022232602186361776
RASA4B,-0.0022232384406334392,0.0022232384406334392
ADAMTS2,-0.0022227007592878307,0.0022227007592878307
ANAPC16,-0.0022224521718159722,0.0022224521718159722
ARHGAP28,-0.002219437657323459,0.002219437657323459
TMEM120B,0.0022183516504355964,0.0022183516504355964
NEDD8,0.0022176167783914784,0.0022176167783914784
DDX60L,-0.002217098197535904,0.002217098197535904
AKR1C1,0.002216163096528512,0.002216163096528512
RMI1,-0.0022160348875301405,0.0022160348875301405
ENSG00000279198,-0.002215476470823392,0.002215476470823392
AK5,-0.0022147683812798395,0.0022147683812798395
ZNF395,-0.0022129600765323884,0.0022129600765323884
SH3TC1,0.0022125696578018947,0.0022125696578018947
ENSG00000269934,-0.0022120409932007506,0.0022120409932007506
AGAP11,-0.002211706254517346,0.002211706254517346
CYP7B1,-0.0022112399935197446,0.0022112399935197446
GMPR,0.0022103522022380263,0.0022103522022380263
ENSG00000288969,0.0022103522022380263,0.0022103522022380263
ENSG00000289694,0.0022103522022380263,0.0022103522022380263
FAM107A,0.0022103522022380263,0.0022103522022380263
PDPR,-0.0022102888312040534,0.0022102888312040534
HBS1L,-0.0022099689745586036,0.0022099689745586036
MOCS2,-0.0022091921762620245,0.0022091921762620245
RASGRP3,-0.0022091730021144853,0.0022091730021144853
SH3YL1,-0.002208977972494534,0.002208977972494534
SAMD8,0.0022086394684423865,0.0022086394684423865
RTN4,-0.002207819501376766,0.002207819501376766
SRPK2,-0.002207294243185654,0.002207294243185654
LINC02313,0.0022064684476316644,0.0022064684476316644
AKR1E2,0.0022064684476316644,0.0022064684476316644
ENSG00000288927,0.0022064684476316644,0.0022064684476316644
NPFF,0.0022064684476316644,0.0022064684476316644
ENSG00000289046,0.0022064684476316644,0.0022064684476316644
NOS1,0.0022064684476316644,0.0022064684476316644
TSNAX,0.0022064684476316644,0.0022064684476316644
ENSG00000279140,0.0022064684476316644,0.0022064684476316644
ENSG00000251194,0.0022064684476316644,0.0022064684476316644
MALRD1,0.0022064684476316644,0.0022064684476316644
RNU6-1237P,0.0022064684476316644,0.0022064684476316644
ENSG00000255202,0.0022064684476316644,0.0022064684476316644
ADARB2,0.0022064684476316644,0.0022064684476316644
DCAF11,0.0022064684476316644,0.0022064684476316644
HHLA3,0.0022064684476316644,0.0022064684476316644
ELF5,0.0022064684476316644,0.0022064684476316644
MRPL35P3,0.0022064684476316644,0.0022064684476316644
CTH,0.0022064684476316644,0.0022064684476316644
ENSG00000283393,0.0022064684476316644,0.0022064684476316644
ADORA1,0.0022064684476316644,0.0022064684476316644
PTPRQ,0.0022064684476316644,0.0022064684476316644
LMO4,0.0022064684476316644,0.0022064684476316644
SLC1A7,0.0022064684476316644,0.0022064684476316644
RPL23AP63,0.0022064684476316644,0.0022064684476316644
ENSG00000271437,0.0022064684476316644,0.0022064684476316644
ALDH3B1,0.0022064684476316644,0.0022064684476316644
LINC00958,0.0022064684476316644,0.0022064684476316644
C1orf210,0.0022064684476316644,0.0022064684476316644
PPME1,0.0022064684476316644,0.0022064684476316644
DPM3,0.0022064684476316644,0.0022064684476316644
DYDC2,0.0022064684476316644,0.0022064684476316644
ENSG00000259053,0.0022064684476316644,0.0022064684476316644
ENSG00000289367,0.0022064684476316644,0.0022064684476316644
ENSG00000289258,0.0022064684476316644,0.0022064684476316644
ENSG00000290535,0.0022064684476316644,0.0022064684476316644
UTF1,0.0022064684476316644,0.0022064684476316644
ENSG00000289228,0.0022064684476316644,0.0022064684476316644
ENSG00000273485,0.0022064684476316644,0.0022064684476316644
PRKCQ-AS1,0.0022064684476316644,0.0022064684476316644
COPZ1,0.0022064684476316644,0.0022064684476316644
ENSG00000232342,0.0022064684476316644,0.0022064684476316644
PER1,-0.0022061226538839665,0.0022061226538839665
ENSG00000253917,-0.0022061226538839665,0.0022061226538839665
HLX,0.0022056567895941456,0.0022056567895941456
INTS11,-0.0022053972744950994,0.0022053972744950994
TRMU,-0.002204910847893653,0.002204910847893653
RGL1,-0.002204423108338828,0.002204423108338828
NBR1,-0.002202859159770344,0.002202859159770344
ENSG00000262766,-0.002202859159770344,0.002202859159770344
HNRNPKP2,-0.002202859159770344,0.002202859159770344
SAMD9L,-0.002202859159770344,0.002202859159770344
USO1,-0.002202859159770344,0.002202859159770344
RPL37P23,-0.002202859159770344,0.002202859159770344
ENSG00000274425,-0.002202859159770344,0.002202859159770344
FAM184A,-0.002202859159770344,0.002202859159770344
LSM4,-0.002202859159770344,0.002202859159770344
ENSG00000261451,-0.002202859159770344,0.002202859159770344
ENSG00000267058,-0.002202859159770344,0.002202859159770344
U2AF1,-0.002202859159770344,0.002202859159770344
ENSG00000287965,-0.002202859159770344,0.002202859159770344
MTND5P2,-0.002202859159770344,0.002202859159770344
ENSG00000289611,-0.002202859159770344,0.002202859159770344
RPS20P12,-0.00220285915977032,0.00220285915977032
UBE2D3-AS1,0.0022026773468234967,0.0022026773468234967
ENSG00000271452,-0.0022022824400609498,0.0022022824400609498
GAPDHP40,-0.0022022824400609498,0.0022022824400609498
ENSG00000280383,-0.0022022824400609498,0.0022022824400609498
ENSG00000285824,-0.0022022824400609498,0.0022022824400609498
TIMMDC1,-0.0022022824400609498,0.0022022824400609498
TXLNA,-0.0022022824400609498,0.0022022824400609498
SUGCT,-0.0022022824400609498,0.0022022824400609498
HSD3BP5,-0.0022022824400609498,0.0022022824400609498
ENSG00000231747,-0.0022022824400609498,0.0022022824400609498
ENSG00000278875,-0.0022022824400609498,0.0022022824400609498
MYL6,-0.0022022441396129656,0.0022022441396129656
ITGA5,0.0022018166688441954,0.0022018166688441954
FAR2,-0.0022006809772788932,0.0022006809772788932
ENSG00000290957,-0.0021999040478102427,0.0021999040478102427
ENSG00000289045,-0.0021999040478102427,0.0021999040478102427
MYCBP2-AS1,-0.0021999040478102427,0.0021999040478102427
YPEL5P2,-0.0021999040478102427,0.0021999040478102427
SLC35C1,-0.0021985128053862717,0.0021985128053862717
ENO1,0.0021976522688206004,0.0021976522688206004
PLRG1,-0.002197442090829009,0.002197442090829009
PLXNA4,-0.0021971511746911553,0.0021971511746911553
ANKRD16,-0.0021956349001448438,0.0021956349001448438
NUP214,-0.0021954445176402865,0.0021954445176402865
POLR1B,-0.0021951811979645723,0.0021951811979645723
RPL34P18,-0.0021950194561914226,0.0021950194561914226
WIPF2,-0.002194539047271291,0.002194539047271291
G6PC3,-0.0021938881480113148,0.0021938881480113148
SREK1IP1,-0.002193379763396071,0.002193379763396071
ENSG00000286221,-0.0021927638827291917,0.0021927638827291917
TTBK2-AS1,-0.0021927638827291917,0.0021927638827291917
MCM6,-0.0021927638827291917,0.0021927638827291917
GOLGA4,-0.0021927638827291917,0.0021927638827291917
ENSG00000251867,-0.0021927638827291917,0.0021927638827291917
TGFBI,-0.0021919588811991214,0.0021919588811991214
ROBO4,-0.0021918107571265383,0.0021918107571265383
TXK,0.002190933501855996,0.002190933501855996
MANSC1,0.002190933501855996,0.002190933501855996
TUBG2,-0.0021908404710213403,0.0021908404710213403
POMGNT1,-0.0021908404710213403,0.0021908404710213403
PPP4R1,-0.0021908404710213403,0.0021908404710213403
C18orf54,-0.0021908404710213403,0.0021908404710213403
ENSG00000289013,-0.0021908404710213403,0.0021908404710213403
TRIM68,-0.0021908404710213403,0.0021908404710213403
PAXBP1-AS1,-0.0021908404710213403,0.0021908404710213403
ASAH1-AS1,-0.0021908404710213403,0.0021908404710213403
RTN3,-0.0021908404710213403,0.0021908404710213403
CYP24A1,-0.0021908404710213403,0.0021908404710213403
LZTS1,-0.0021902637513120013,0.0021902637513120013
MIR605,-0.0021902637513120013,0.0021902637513120013
SERBP1P1,-0.0021902637513120013,0.0021902637513120013
ENSG00000257279,-0.0021902637513120013,0.0021902637513120013
ENSG00000243314,-0.0021902637513120013,0.0021902637513120013
ENSG00000279692,-0.0021902637513120013,0.0021902637513120013
FAM43A,-0.0021902637513120013,0.0021902637513120013
ENSG00000289075,-0.0021902637513120013,0.0021902637513120013
COPS7B,-0.0021902637513120013,0.0021902637513120013
NBPF15,-0.0021902637513120013,0.0021902637513120013
LINC01560,-0.0021902637513120013,0.0021902637513120013
ENSG00000259986,-0.0021902637513120013,0.0021902637513120013
FBXL7,-0.0021902637513120013,0.0021902637513120013
RFC1,-0.0021902637513120013,0.0021902637513120013
ISY1-RAB43,-0.0021902637513120013,0.0021902637513120013
ENSG00000213669,-0.0021902637513120013,0.0021902637513120013
RPL35AP7,-0.0021902637513119467,0.0021902637513119467
CRACR2B,0.002189960312998551,0.002189960312998551
ENSG00000289528,-0.0021894822198508528,0.0021894822198508528
CTSZ,-0.0021888771714544523,0.0021888771714544523
NELFCD,-0.0021888771714544523,0.0021888771714544523
MTHFSD,-0.002188679657988585,0.002188679657988585
ADGRE1,-0.002187274600670963,0.002187274600670963
DCUN1D4,-0.002186455592946488,0.002186455592946488
HDAC9,-0.002186170249616349,0.002186170249616349
EPAS1,0.002186048784004706,0.002186048784004706
VN1R83P,-0.0021849236757146475,0.0021849236757146475
DYNC1LI2,-0.0021847266109627814,0.0021847266109627814
PDIK1L,0.002184422501771629,0.002184422501771629
ADIPOR2,0.0021832375468004623,0.0021832375468004623
CCDC7,-0.0021821904678006833,0.0021821904678006833
FGF7,-0.0021810207458724156,0.0021810207458724156
CARD19,-0.0021809622151119446,0.0021809622151119446
SIAH1,-0.0021809622151119446,0.0021809622151119446
ENSG00000285979,-0.0021809622151119446,0.0021809622151119446
BIN3,0.0021808799932163435,0.0021808799932163435
FLNA,0.0021808799932163435,0.0021808799932163435
GORAB,-0.0021799384627933655,0.0021799384627933655
ZDHHC17,-0.002179440864232267,0.002179440864232267
RPL14,-0.0021789493639530412,0.0021789493639530412
ENSG00000225885,-0.002178505395430383,0.002178505395430383
PLPP6,-0.002178112872718967,0.002178112872718967
RAD51C,0.0021779137852637014,0.0021779137852637014
MRPS10,-0.0021766049133341075,0.0021766049133341075
IFNGR1,-0.002176022492211945,0.002176022492211945
FGF12,-0.002175534190731409,0.002175534190731409
AQP7,-0.002175534190731409,0.002175534190731409
C2CD2L,-0.0021754817231717355,0.0021754817231717355
SHANK3,-0.002175181131768349,0.002175181131768349
CCNC,-0.0021740620234033566,0.0021740620234033566
SNORD13D,-0.0021738220500309266,0.0021738220500309266
ADAMTSL2,-0.0021738220500309266,0.0021738220500309266
CKAP2L,-0.0021738220500309266,0.0021738220500309266
ENSG00000224864,-0.0021736042192385162,0.0021736042192385162
PXDN,-0.002173072918659464,0.002173072918659464
LDLRAD4,-0.0021724905913333664,0.0021724905913333664
NCBP3,-0.0021723294015665584,0.0021723294015665584
DHX32,-0.002170432615150493,0.002170432615150493
SNORA73,-0.002170432615150493,0.002170432615150493
ENSG00000261845,-0.0021699858899845077,0.0021699858899845077
ENSG00000286360,-0.0021699858899845077,0.0021699858899845077
RUNDC1,-0.002169183623053945,0.002169183623053945
TOPBP1,-0.0021672381419824346,0.0021672381419824346
USP34,-0.002165340656329415,0.002165340656329415
MMP13,-0.002164920134199612,0.002164920134199612
ENSG00000261327,-0.002164920134199612,0.002164920134199612
ENSG00000262420,-0.002164920134199612,0.002164920134199612
WAPL-DT,-0.002164920134199612,0.002164920134199612
GPLD1,-0.002164920134199612,0.002164920134199612
ENSG00000278989,-0.002164920134199612,0.002164920134199612
LEAP2,-0.002164920134199612,0.002164920134199612
HYAL1,-0.002164920134199612,0.002164920134199612
ADPGK-AS1,-0.002164920134199612,0.002164920134199612
FAP,-0.002164920134199612,0.002164920134199612
POLR3B,-0.002164920134199612,0.002164920134199612
ORC4,-0.002164920134199612,0.002164920134199612
DNAJC30,-0.002164920134199612,0.002164920134199612
PLPP2,-0.002164920134199612,0.002164920134199612
ENSG00000260162,-0.002164920134199612,0.002164920134199612
ENSG00000277978,-0.002164920134199612,0.002164920134199612
ENSG00000268583,-0.002164920134199612,0.002164920134199612
ZNF549,-0.002164920134199612,0.002164920134199612
ENSG00000248367,-0.002164920134199612,0.002164920134199612
MZF1-AS1,-0.002164920134199612,0.002164920134199612
HMGN2,-0.002164920134199612,0.002164920134199612
LINC01655,-0.002164920134199612,0.002164920134199612
TRMT10A,-0.002164920134199612,0.002164920134199612
ENSG00000286947,-0.002164920134199612,0.002164920134199612
ZHX2,-0.0021646484583794042,0.0021646484583794042
EXOSC1,-0.002164428305978932,0.002164428305978932
REXO2,-0.002164428305978932,0.002164428305978932
ACAT2,-0.002164428305978932,0.002164428305978932
PTMAP4,-0.002164428305978932,0.002164428305978932
CSPG4,-0.002164428305978932,0.002164428305978932
ENSG00000266718,-0.002164428305978932,0.002164428305978932
FXYD6,-0.002164428305978932,0.002164428305978932
ENSG00000286136,-0.002164428305978932,0.002164428305978932
SECTM1,-0.002164428305978932,0.002164428305978932
SCAMP1-AS1,-0.002164428305978932,0.002164428305978932
LINC01929,-0.002164428305978932,0.002164428305978932
DPH2,-0.002164428305978932,0.002164428305978932
FBXL22,-0.002164428305978932,0.002164428305978932
ATF3,-0.002164428305978932,0.002164428305978932
ENSG00000228150,-0.002164428305978932,0.002164428305978932
SLC22A4,-0.002164428305978932,0.002164428305978932
BASP1-AS1,-0.002164428305978932,0.002164428305978932
SPATA18,-0.002164428305978932,0.002164428305978932
HOXB5,-0.002164428305978932,0.002164428305978932
ENSG00000261790,-0.002164428305978932,0.002164428305978932
ENSG00000267694,-0.002164428305978932,0.002164428305978932
RN7SL338P,-0.002164428305978932,0.002164428305978932
BLOC1S4,-0.002164428305978932,0.002164428305978932
SERTAD2,-0.002164428305978932,0.002164428305978932
ENSG00000232220,-0.002164428305978932,0.002164428305978932
ENSG00000254680,-0.002164428305978932,0.002164428305978932
RPL31P46,-0.002164428305978932,0.002164428305978932
PLA1A,-0.002164428305978932,0.002164428305978932
GUCA1B,-0.002164428305978932,0.002164428305978932
ENSG00000257390,-0.002164428305978932,0.002164428305978932
GORAB-AS1,-0.002164428305978932,0.002164428305978932
NUF2,-0.002164428305978932,0.002164428305978932
CROCC,0.002164411164678614,0.002164411164678614
ZNF225-AS1,-0.0021639737253902848,0.0021639737253902848
ATG2A,0.0021639698871927676,0.0021639698871927676
GAS2L3,-0.0021639468780418345,0.0021639468780418345
FLNB,-0.002162494854515039,0.002162494854515039
COX20,-0.002162108583418224,0.002162108583418224
CTSL,-0.002161821103524858,0.002161821103524858
ARRDC4,-0.002161574286183478,0.002161574286183478
ELAVL1,-0.0021611603497759127,0.0021611603497759127
C17orf58,-0.002160835923832679,0.002160835923832679
BCL10,0.0021601577313153345,0.0021601577313153345
PDE12,-0.0021600883189030183,0.0021600883189030183
RAP1GAP2,0.002159159095679894,0.002159159095679894
SIGLEC17P,0.002159159095679894,0.002159159095679894
ENSG00000254343,0.002159159095679894,0.002159159095679894
SERPINA3,0.002159159095679894,0.002159159095679894
SLC25A36,0.0021586693398722807,0.0021586693398722807
S1PR3,-0.0021586466177674255,0.0021586466177674255
ACTBP9,-0.0021582227884567,0.0021582227884567
PMPCA,-0.0021567373184164696,0.0021567373184164696
NOSIP,-0.0021532509064377124,0.0021532509064377124
CMC1,-0.0021524884406019496,0.0021524884406019496
EXOC3L4,0.0021521071149455603,0.0021521071149455603
ENSG00000261586,0.0021521071149455603,0.0021521071149455603
DDX46,0.00215193423458284,0.00215193423458284
POU3F1,0.00215087572599221,0.00215087572599221
ITGB2,0.002150761991473859,0.002150761991473859
ANK2,0.002150526766421546,0.002150526766421546
CFI,-0.0021504893107759807,0.0021504893107759807
AEN,-0.0021495216423153486,0.0021495216423153486
HIBCH,-0.002148819053096672,0.002148819053096672
TCP1,-0.002148644679640654,0.002148644679640654
JRK,-0.002147562982993551,0.002147562982993551
RNU4-47P,-0.002147485640820537,0.002147485640820537
DYM,-0.0021462298821396868,0.0021462298821396868
ACACB,-0.0021449803645328834,0.0021449803645328834
AGTR1,0.002144861693633191,0.002144861693633191
EXPH5,0.00214456012590677,0.00214456012590677
ENSG00000279738,-0.0021444903150801757,0.0021444903150801757
FGD6,-0.0021442489578911788,0.0021442489578911788
MTCO1P12,0.0021423598277661906,0.0021423598277661906
PRR14L,-0.002141825297983755,0.002141825297983755
CACNB3,-0.002141825297983755,0.002141825297983755
SLC2A3,0.0021417947056404643,0.0021417947056404643
BUD13,0.0021417434062878066,0.0021417434062878066
ANKRD28,-0.002141105282157322,0.002141105282157322
SLC12A8,-0.002140369486949377,0.002140369486949377
RSRC1,-0.0021398822166809077,0.0021398822166809077
TMEM248,-0.0021369976840209907,0.0021369976840209907
GLRX,-0.002133753050107975,0.002133753050107975
ACSL3-AS1,-0.002133434472057055,0.002133434472057055
AMFR,-0.002133434472057055,0.002133434472057055
GBP1,-0.0021322974796643378,0.0021322974796643378
TMEM254-AS1,0.0021314645314819184,0.0021314645314819184
LSM8,-0.002131010068658194,0.002131010068658194
DMPK,-0.0021305013657371896,0.0021305013657371896
DYRK2,0.0021301288956589925,0.0021301288956589925
RENO1,-0.002129899248286888,0.002129899248286888
APOL6,-0.0021298002259428593,0.0021298002259428593
TPR,-0.002129741956555468,0.002129741956555468
ASAH1,-0.0021293049211067424,0.0021293049211067424
HACD4,-0.0021280889956174927,0.0021280889956174927
SLC35G1,-0.00212745100374786,0.00212745100374786
TRIM2,0.002127019394720532,0.002127019394720532
ENSG00000289865,-0.002126819735654462,0.002126819735654462
SEC24D,-0.0021267268431832687,0.0021267268431832687
ENSG00000289701,-0.0021260665538676664,0.0021260665538676664
DNLZ,-0.0021260665538676664,0.0021260665538676664
NABP1,-0.0021259575450912186,0.0021259575450912186
COL6A6,0.002125580251986234,0.002125580251986234
CCM2,0.002125580251986234,0.002125580251986234
ZDHHC21,-0.0021255510351220496,0.0021255510351220496
STUM,-0.002125386372224463,0.002125386372224463
LINC00921,-0.002125352804900436,0.002125352804900436
RFK,-0.0021253270193391095,0.0021253270193391095
AGPAT4,-0.0021249288431464037,0.0021249288431464037
C8orf48,-0.002124794680290908,0.002124794680290908
TAOK2,-0.002123279382988528,0.002123279382988528
ST6GALNAC5,-0.0021232257862946772,0.0021232257862946772
KLHDC4,-0.002122931276475298,0.002122931276475298
SYPL1,-0.002122931276475298,0.002122931276475298
SOX4,-0.002122858129701013,0.002122858129701013
MED13L,-0.0021225831077476207,0.0021225831077476207
ANKRD6,-0.0021216144883708667,0.0021216144883708667
EXT2,-0.0021214309234193875,0.0021214309234193875
KCNJ15,-0.0021208696160998526,0.0021208696160998526
RAB33B,-0.002120326994901661,0.002120326994901661
RPS24,0.0021197765679686186,0.0021197765679686186
DGKH,-0.0021194503493737245,0.0021194503493737245
CREBZF,-0.002118185133514475,0.002118185133514475
SVIL-AS1,-0.0021174026516657357,0.0021174026516657357
CD2AP,-0.002117098981344033,0.002117098981344033
GGPS1,-0.002117030565731942,0.002117030565731942
HNRNPA3,-0.002117030565731942,0.002117030565731942
HSPA4,-0.0021168179063682053,0.0021168179063682053
TIPIN,-0.0021168179063682053,0.0021168179063682053
HOTAIR,-0.0021168179063682053,0.0021168179063682053
ZNF8-DT,-0.002116536774727226,0.002116536774727226
ENSG00000229271,-0.002116536774727226,0.002116536774727226
ENSG00000257607,-0.002116536774727226,0.002116536774727226
GPR146,-0.002116536774727226,0.002116536774727226
BTBD2,-0.0021164874759595515,0.0021164874759595515
RARG,0.0021162709425106697,0.0021162709425106697
PCBP3,-0.0021160767359500693,0.0021160767359500693
ENSG00000223901,-0.0021160767359500693,0.0021160767359500693
ABI1,0.002115951484761035,0.002115951484761035
IGHV3-33,-0.0021149642679634496,0.0021149642679634496
KDM3A,0.002114674279447581,0.002114674279447581
KIF3C,-0.0021143423345227255,0.0021143423345227255
SPON1,-0.0021143423345227255,0.0021143423345227255
ZNF383,-0.002113366934918631,0.002113366934918631
RFNG,-0.0021129185415114738,0.0021129185415114738
ZC3HAV1,0.0021123842418412603,0.0021123842418412603
IPO8,-0.0021123377198056154,0.0021123377198056154
TRMT10B,-0.002111647487338502,0.002111647487338502
KRAS,-0.002111383755795826,0.002111383755795826
TTLL3,-0.002109844199871065,0.002109844199871065
ENSG00000273891,-0.002109133751685596,0.002109133751685596
ENSG00000267199,-0.0021075068354627653,0.0021075068354627653
PCNX4,-0.0021064364734289126,0.0021064364734289126
SNHG1,0.002104919775525378,0.002104919775525378
CDK5RAP2,-0.0021047681904227855,0.0021047681904227855
PHTF2,0.0021045952794949674,0.0021045952794949674
GIMAP6,0.0021044066073997885,0.0021044066073997885
NME2P1,-0.0021042681933234305,0.0021042681933234305
ACVR1,-0.002104101660323289,0.002104101660323289
NOP14,0.002103641449713129,0.002103641449713129
GPRC5A,0.002102996399315377,0.002102996399315377
PCSK4,-0.0021025582403191496,0.0021025582403191496
SERINC2,-0.0021023469122584764,0.0021023469122584764
CELF2,0.0021019431561257263,0.0021019431561257263
STX10,0.002101528486605163,0.002101528486605163
TECR,0.002101528486605163,0.002101528486605163
ENSG00000286153,-0.002101422485074866,0.002101422485074866
ZNF221,-0.00210140356690905,0.00210140356690905
FHL2,-0.0021013083053400042,0.0021013083053400042
TMEM68,-0.002101204237360113,0.002101204237360113
ENSG00000279707,-0.0021003850677217897,0.0021003850677217897
CXCL9,-0.0021003850677217897,0.0021003850677217897
COQ10B,-0.0021003850677217897,0.0021003850677217897
MAP7D1,0.002099773998381944,0.002099773998381944
EIF4A1P10,-0.002099595605497886,0.002099595605497886
STXBP3,-0.002098964803860867,0.002098964803860867
MXRA8,0.0020976385639062895,0.0020976385639062895
DIS3L2,0.002097500308268768,0.002097500308268768
SLC33A1,-0.0020968684309718723,0.0020968684309718723
EFNA5,0.0020967249909262685,0.0020967249909262685
CDK13,-0.0020963750608639226,0.0020963750608639226
LINC00944,-0.0020961105475376766,0.0020961105475376766
LYSMD4,0.002096033010072882,0.002096033010072882
CLIP1,-0.002094624432135046,0.002094624432135046
PLEKHA8,-0.0020932449026407262,0.0020932449026407262
ENSG00000267934,-0.0020932449026407262,0.0020932449026407262
ENSG00000269356,-0.0020932449026407262,0.0020932449026407262
ENSG00000287081,-0.0020932449026407262,0.0020932449026407262
CTNNAL1,-0.0020928265451090754,0.0020928265451090754
FTX,-0.0020927123604573285,0.0020927123604573285
ITGA2,-0.002092357392649659,0.002092357392649659
SACM1L,-0.0020899958012415144,0.0020899958012415144
RPL36AP40,-0.0020886911746176183,0.0020886911746176183
PAX8-AS1,-0.002086271667112746,0.002086271667112746
ZFYVE16,-0.0020851322509921064,0.0020851322509921064
CBX6,0.0020842876245679674,0.0020842876245679674
NUP43,-0.0020841433679789256,0.0020841433679789256
CINP,-0.0020841338109391047,0.0020841338109391047
PARP14,-0.0020840459112962577,0.0020840459112962577
ST6GALNAC6,0.0020837601741394048,0.0020837601741394048
SOCS2-AS1,0.0020832546860675514,0.0020832546860675514
TBCD,-0.002079973092790821,0.002079973092790821
KCTD15,-0.0020788561601454655,0.0020788561601454655
ATE1,-0.002078738777548235,0.002078738777548235
ENSG00000267303,-0.0020786003192598337,0.0020786003192598337
TSC2,-0.002078383730001631,0.002078383730001631
CTSA,-0.002078346962567064,0.002078346962567064
MRPL10,-0.0020781611856906645,0.0020781611856906645
SF3A3,-0.0020779145231380218,0.0020779145231380218
ENSG00000256195,-0.0020771843648122058,0.0020771843648122058
CDK2AP1,-0.002077145753138608,0.002077145753138608
STRN,-0.0020767814360029566,0.0020767814360029566
VCAN,-0.0020760712317451353,0.0020760712317451353
SLC25A45,0.0020757167174362723,0.0020757167174362723
ZNF354C,-0.0020756048314481555,0.0020756048314481555
PTPN14,-0.0020746460263977194,0.0020746460263977194
TBC1D15,0.002073656740303489,0.002073656740303489
ENSG00000271933,0.0020733529189670566,0.0020733529189670566
NCL,0.0020731329243385724,0.0020731329243385724
MFSD14B,-0.002073097556316906,0.002073097556316906
PCNP,-0.0020728599604564104,0.0020728599604564104
PCDHB12,-0.0020728599604564104,0.0020728599604564104
SKP2,-0.0020728599604564104,0.0020728599604564104
RARS1,-0.0020728599604564104,0.0020728599604564104
KEAP1,0.002072820873318874,0.002072820873318874
ZDHHC7,0.002072820873318874,0.002072820873318874
TCIRG1,0.002072820873318874,0.002072820873318874
SORCS2,-0.0020725173378944423,0.0020725173378944423
GXYLT2,-0.0020725173378944423,0.0020725173378944423
CENPC,-0.0020724727279646574,0.0020724727279646574
ENSG00000145075,0.002072358333727453,0.002072358333727453
MYRIP,0.0020721537049891003,0.0020721537049891003
CYB5B,-0.0020720932783571335,0.0020720932783571335
STK10,0.0020719011170131484,0.0020719011170131484
RAB11B-AS1,-0.002071723358472979,0.002071723358472979
ENSG00000255197,-0.0020710565823220065,0.0020710565823220065
RBPJ,-0.0020707251951267132,0.0020707251951267132
GAS8,-0.002070716217747536,0.002070716217747536
UBASH3B,-0.002070121842723585,0.002070121842723585
NMI,-0.002070121842723585,0.002070121842723585
ENSG00000236510,-0.002070121842723585,0.002070121842723585
LRRC15,-0.0020696397916271174,0.0020696397916271174
ZNF248,0.0020687249256666476,0.0020687249256666476
ENSG00000279933,-0.002068709592931635,0.002068709592931635
MRPS23,-0.002068709592931635,0.002068709592931635
ARNT,-0.0020685860499630696,0.0020685860499630696
STEAP2,-0.002067681762303896,0.002067681762303896
SERPINB2,0.0020675258521686167,0.0020675258521686167
CDCA7L,-0.0020672796047311657,0.0020672796047311657
CASP4,-0.0020663289541313842,0.0020663289541313842
ZNF175,-0.0020657688498669034,0.0020657688498669034
FAAP100,-0.0020649494630780637,0.0020649494630780637
ENSG00000218472,-0.0020641235021117985,0.0020641235021117985
FANCF,-0.002063248533135891,0.002063248533135891
RUNX2,-0.002063248533135891,0.002063248533135891
ENSG00000276101,-0.002063248533135891,0.002063248533135891
RMND5A,-0.002063248533135891,0.002063248533135891
NKAPP1,-0.002063248533135891,0.002063248533135891
ENSG00000259735,-0.002063248533135891,0.002063248533135891
CHRNB1,-0.002063248533135891,0.002063248533135891
SNX30,-0.002063248533135891,0.002063248533135891
ENSG00000276334,-0.002063248533135891,0.002063248533135891
BVES-AS1,-0.002063248533135891,0.002063248533135891
ADO,-0.002063248533135891,0.002063248533135891
TRMT12,-0.002063248533135891,0.002063248533135891
MORC3,-0.002063248533135891,0.002063248533135891
RPL23AP44,-0.002063248533135891,0.002063248533135891
ENSG00000287837,-0.002063248533135891,0.002063248533135891
EFCAB6,-0.002063248533135891,0.002063248533135891
MRM3,-0.002063248533135891,0.002063248533135891
ZBED5-AS1,-0.002063248533135891,0.002063248533135891
WDR86,-0.002063248533135891,0.002063248533135891
SLC29A4,-0.002063248533135891,0.002063248533135891
VEGFB,-0.002063248533135891,0.002063248533135891
SIX3,-0.002063248533135891,0.002063248533135891
ENSG00000247033,-0.002063248533135891,0.002063248533135891
MAGOHB,-0.002063248533135891,0.002063248533135891
CEBPB,-0.002063248533135891,0.002063248533135891
ENSG00000217455,-0.002063248533135891,0.002063248533135891
ATE1OSP,-0.002063248533135891,0.002063248533135891
CMBL,-0.002063248533135891,0.002063248533135891
ARFGAP1,-0.002063248533135891,0.002063248533135891
BAHCC1,-0.002063248533135891,0.002063248533135891
RHOXF1,-0.002063248533135891,0.002063248533135891
CABIN1,-0.002063248533135891,0.002063248533135891
LEO1,-0.002062881095110493,0.002062881095110493
TCEA3,-0.0020625739122946516,0.0020625739122946516
FNIP2,-0.002061553858291633,0.002061553858291633
CD81,0.002061176626985183,0.002061176626985183
SYT8,0.002060283791012209,0.002060283791012209
ENSG00000280385,-0.002060135059177411,0.002060135059177411
ENSG00000261707,-0.00205939995665726,0.00205939995665726
HSP90AA1,0.0020592823501079023,0.0020592823501079023
FAM86C2P,0.0020592823501079023,0.0020592823501079023
ENSG00000230001,-0.002058983007154369,0.002058983007154369
ENSG00000286502,-0.002058983007154369,0.002058983007154369
KMO,0.0020581355588264864,0.0020581355588264864
SOS1,-0.002057188061082157,0.002057188061082157
C21orf91,-0.002057082749307252,0.002057082749307252
ZBTB47,-0.0020570190455042017,0.0020570190455042017
SENP8,-0.0020556826103496225,0.0020556826103496225
LYRM2,-0.0020556588934696482,0.0020556588934696482
ZNF12,0.0020556479252164155,0.0020556479252164155
EVC,-0.0020552158881990247,0.0020552158881990247
MFSD6,-0.0020543992184867093,0.0020543992184867093
SPATS2,0.0020517947277368504,0.0020517947277368504
ABI2,-0.002051704789787176,0.002051704789787176
AMPD3,-0.002051231870912762,0.002051231870912762
MMP1,-0.002050674621073983,0.002050674621073983
RXRA,-0.002050674621073983,0.002050674621073983
CCDC180,-0.0020499843191087268,0.0020499843191087268
BANP,-0.002047066717834058,0.002047066717834058
ENSG00000285906,0.002046964670420306,0.002046964670420306
TRIM62,0.002046964670420306,0.002046964670420306
PDLIM2,0.002046964670420306,0.002046964670420306
CENATAC,-0.0020467084229020558,0.0020467084229020558
PALMD,-0.002046280715797495,0.002046280715797495
PATJ,0.0020461710905408364,0.0020461710905408364
RESF1,-0.002045705526035407,0.002045705526035407
MCAM,0.0020456930582572874,0.0020456930582572874
AP5M1,-0.002045506201599943,0.002045506201599943
YES1,-0.0020448656255022696,0.0020448656255022696
ZFYVE9,-0.002044458411910909,0.002044458411910909
ENSG00000205959,-0.002044458411910909,0.002044458411910909
H2BC6,-0.0020440674640966423,0.0020440674640966423
GEMIN7,-0.0020440674640966423,0.0020440674640966423
NUP153,-0.0020440674640966423,0.0020440674640966423
RRN3P3,-0.002043408279883037,0.002043408279883037
CFDP1,-0.002043408279883037,0.002043408279883037
ENSG00000289858,-0.002043408279883037,0.002043408279883037
ENSG00000256325,-0.002043408279883037,0.002043408279883037
SYDE2,-0.002043408279883037,0.002043408279883037
ENSG00000288075,-0.002043408279883037,0.002043408279883037
ENSG00000267026,-0.002043408279883037,0.002043408279883037
TBC1D8B,-0.002043408279883037,0.002043408279883037
RPL21P16,-0.002043408279883037,0.002043408279883037
SLC37A4,-0.002043408279883037,0.002043408279883037
BLK,-0.002043408279883037,0.002043408279883037
MSANTD7,0.002043172197157462,0.002043172197157462
ZBED6,0.002042954934163596,0.002042954934163596
SETDB2,-0.0020429504778036018,0.0020429504778036018
UBE2NL,-0.002042694157673801,0.002042694157673801
ENSG00000269825,-0.0020425814425399217,0.0020425814425399217
CHD1,-0.002042402849014236,0.002042402849014236
SLC12A9,-0.0020423910239521868,0.0020423910239521868
IGKV1D-17,0.002042311241569212,0.002042311241569212
SIX4,-0.0020412410590691784,0.0020412410590691784
PLD1,-0.0020398908858809926,0.0020398908858809926
COL5A1,-0.0020390603180234106,0.0020390603180234106
GANC,-0.0020390481498634557,0.0020390481498634557
NRARP,-0.0020390481498634557,0.0020390481498634557
RFT1,-0.0020390481498634557,0.0020390481498634557
OGFRL1,-0.0020387153584644335,0.0020387153584644335
SOCS2,0.0020380880893901285,0.0020380880893901285
STX5,0.0020378309790144407,0.0020378309790144407
GTF3C4,-0.002035340411596996,0.002035340411596996
PFDN5,-0.002034952428982589,0.002034952428982589
PTPN9,-0.002034439109483581,0.002034439109483581
ST8SIA4,-0.0020334900871682884,0.0020334900871682884
PRKRIP1,-0.002033485279701723,0.002033485279701723
VAMP1,-0.0020323902323268676,0.0020323902323268676
CLCA2,-0.0020313444356960873,0.0020313444356960873
METTL5,-0.0020297385135890607,0.0020297385135890607
ANGPT1,-0.0020297385135890607,0.0020297385135890607
KLHL5,-0.0020289359591918943,0.0020289359591918943
ABCA8,0.0020287699600019613,0.0020287699600019613
KIF3A,-0.002028543652182268,0.002028543652182268
PLEKHA5,-0.0020277883109085532,0.0020277883109085532
ZNF557,-0.0020253280288870406,0.0020253280288870406
ARID3A,-0.002024682748043255,0.002024682748043255
KLHL42,-0.002024438163110056,0.002024438163110056
LAMA4,-0.002023726240775326,0.002023726240775326
SMU1,-0.002023056746780643,0.002023056746780643
PRR11,-0.002022980928771991,0.002022980928771991
LDAH,0.0020224885385730492,0.0020224885385730492
RPS4XP19,-0.002021427522656646,0.002021427522656646
METTL7A,0.0020210869026111937,0.0020210869026111937
RNF41,-0.0020209506873965907,0.0020209506873965907
ERVK3-1,0.0020207209023063253,0.0020207209023063253
GLYR1,-0.002020619878015025,0.002020619878015025
UEVLD,-0.002020619878015025,0.002020619878015025
SLC25A16,0.00202057438952979,0.00202057438952979
ZNF737,-0.0020203464796411962,0.0020203464796411962
KIF13A,-0.0020189613389237433,0.0020189613389237433
USP8,-0.002018917255984505,0.002018917255984505
PLCG1-AS1,-0.0020188636458688416,0.0020188636458688416
EIF2AK4,-0.0020188636458688416,0.0020188636458688416
UFD1,-0.0020184807971191927,0.0020184807971191927
ENSG00000285756,0.0020177582860881034,0.0020177582860881034
PTGR3,-0.0020176619157279523,0.0020176619157279523
RPL5P4,0.0020169534648396058,0.0020169534648396058
PLEKHM2,0.002015392925978251,0.002015392925978251
TPP1,0.002015190264244199,0.002015190264244199
LETM1,0.002015190264244199,0.002015190264244199
JCHAIN,0.002015190264244199,0.002015190264244199
THOC6,0.002015190264244199,0.002015190264244199
CKMT2,0.002015190264244199,0.002015190264244199
GIMAP4,0.002015190264244199,0.002015190264244199
TPSG1,0.002015190264244199,0.002015190264244199
CPD,0.002015190264244199,0.002015190264244199
GOLGA2P5,0.002015190264244199,0.002015190264244199
PRKCD,0.002015190264244199,0.002015190264244199
RAB5C,0.002015190264244199,0.002015190264244199
MAPRE1,0.002015190264244199,0.002015190264244199
PAK1IP1,0.002015190264244199,0.002015190264244199
PHF10P1,0.002015190264244199,0.002015190264244199
ENSG00000267261,0.002015190264244199,0.002015190264244199
ENSG00000288957,-0.0020151114703243376,0.0020151114703243376
ENSG00000261770,-0.0020151114703243376,0.0020151114703243376
R3HCC1,-0.0020151114703243376,0.0020151114703243376
LIPI,-0.0020151114703243376,0.0020151114703243376
SAGSIN1,-0.0020149558828237895,0.0020149558828237895
FAM220A,-0.0020149558828237895,0.0020149558828237895
SPIN3,-0.0020147688477624446,0.0020147688477624446
ZNF343,-0.0020147688477624446,0.0020147688477624446
TMTC2,0.0020141788358283364,0.0020141788358283364
KCTD12,-0.0020137756056223042,0.0020137756056223042
PEX1,-0.0020137285760700404,0.0020137285760700404
COL6A5,-0.0020137285760700404,0.0020137285760700404
EPM2A-DT,-0.0020135099286098202,0.0020135099286098202
GXYLT1,-0.0020134261651144026,0.0020134261651144026
NADSYN1,-0.002012901565018085,0.002012901565018085
NARF,-0.0020123757482911546,0.0020123757482911546
ADPGK,-0.0020123369095321297,0.0020123369095321297
ERO1B,0.002012224308818126,0.002012224308818126
ENSG00000279434,-0.002012184100161084,0.002012184100161084
GRIP2,-0.0020115987143510387,0.0020115987143510387
GOLPH3L,-0.0020115987143510387,0.0020115987143510387
RPRD2,-0.0020095697503650107,0.0020095697503650107
NOX4,-0.002008754697799905,0.002008754697799905
RPL36A,-0.0020087168055048813,0.0020087168055048813
ENTPD4,-0.002008693927923694,0.002008693927923694
BCKDHB,-0.0020084289096280773,0.0020084289096280773
ADAMTSL1,-0.002008273228558074,0.002008273228558074
CA5B,-0.0020081509947470983,0.0020081509947470983
SLC30A1,0.002006271194698423,0.002006271194698423
MBNL1-AS1,-0.0020060579761263407,0.0020060579761263407
LEPROT,-0.0020057524546762523,0.0020057524546762523
C12orf43,-0.0020052399750500535,0.0020052399750500535
SRPK1,-0.0020052185653184553,0.0020052185653184553
ETAA1,-0.0020050152076100977,0.0020050152076100977
LONRF1,-0.0020048823644621483,0.0020048823644621483
SLC66A1L,-0.0020043192859761074,0.0020043192859761074
ENSG00000262967,-0.0020043192859761074,0.0020043192859761074
ENSG00000286207,-0.0020043192859761074,0.0020043192859761074
DEK,-0.002003246768276713,0.002003246768276713
RPP38,0.0020020897317945046,0.0020020897317945046
NFE2L3,-0.0020020324174927122,0.0020020324174927122
FGD4,0.0020018704187304195,0.0020018704187304195
SVIL,-0.0020017002999564676,0.0020017002999564676
ENSG00000276517,-0.0020009882857704546,0.0020009882857704546
TYW5,-0.0020007205868747906,0.0020007205868747906
LOX,-0.0020004616685758096,0.0020004616685758096
EFEMP2,-0.0020004616685758096,0.0020004616685758096
PIGT,-0.0019983220784469866,0.0019983220784469866
MAP4K4,-0.0019981183025145842,0.0019981183025145842
PRRC1,-0.0019979238421729936,0.0019979238421729936
NAV1,-0.0019977092652252748,0.0019977092652252748
ENSG00000278133,-0.001996727859566526,0.001996727859566526
ENSG00000291239,-0.001996383957813718,0.001996383957813718
DHX33,-0.00199543056296497,0.00199543056296497
MOB1A,0.0019953882241386845,0.0019953882241386845
ENSG00000213750,-0.0019953783377343578,0.0019953783377343578
ENSG00000260464,0.0019951736781220293,0.0019951736781220293
REPIN1,0.0019951736781220293,0.0019951736781220293
HAND2-AS1,0.0019951736781220293,0.0019951736781220293
ENSG00000286670,-0.001994834987508032,0.001994834987508032
RCAN3AS,-0.001994834987508032,0.001994834987508032
ARFGEF3,-0.001994834987508032,0.001994834987508032
CAHM,-0.001994834987508032,0.001994834987508032
ARFIP2,-0.001994834987508032,0.001994834987508032
ENSG00000227486,-0.001994834987508032,0.001994834987508032
ABHD14A-ACY1,-0.001994834987508032,0.001994834987508032
MTCO2P12,-0.001994834987508032,0.001994834987508032
IFITM3P4,-0.001994834987508032,0.001994834987508032
TM9SF4,-0.001994834987508032,0.001994834987508032
LURAP1,-0.001994834987508032,0.001994834987508032
CFAP298,-0.001994834987508032,0.001994834987508032
ENSG00000279670,-0.001994834987508032,0.001994834987508032
BRPF3-AS1,-0.001994834987508032,0.001994834987508032
LINC01089,-0.001994834987508032,0.001994834987508032
SLC25A21,-0.001994834987508032,0.001994834987508032
RSPO4,-0.001994834987508032,0.001994834987508032
RHEBP1,-0.001994834987508032,0.001994834987508032
ELL3,-0.001994834987508032,0.001994834987508032
GRPR,-0.001994834987508032,0.001994834987508032
CASC19,-0.001994834987508032,0.001994834987508032
JMJD7,-0.001994834987508032,0.001994834987508032
NALF2,-0.001994834987508032,0.001994834987508032
ENSG00000279033,-0.001994834987508032,0.001994834987508032
UNC5C-AS1,-0.001994834987508032,0.001994834987508032
RP1L1,-0.001994834987508032,0.001994834987508032
MANF,-0.001994834987508032,0.001994834987508032
ENSG00000280117,-0.001994834987508032,0.001994834987508032
ENSG00000259598,-0.001994834987508032,0.001994834987508032
ENSG00000279040,-0.001994834987508032,0.001994834987508032
H2AJ,-0.001994834987508032,0.001994834987508032
ENSG00000274292,-0.001994834987508032,0.001994834987508032
ENSG00000261349,-0.001994834987508032,0.001994834987508032
SNORC,-0.001994834987508032,0.001994834987508032
PAX9,-0.001994834987508032,0.001994834987508032
ENSG00000290913,-0.001994834987508032,0.001994834987508032
ARHGAP27P1-BPTFP1-KPNA2P3,-0.001994834987508032,0.001994834987508032
CYB561D1,-0.001994834987508032,0.001994834987508032
ENSG00000277806,-0.001994834987508032,0.001994834987508032
COL4A2-AS2,-0.001994834987508032,0.001994834987508032
ENSG00000228061,-0.001994834987508032,0.001994834987508032
MTMR14,-0.001994834987508032,0.001994834987508032
LINC00639,-0.001994834987508032,0.001994834987508032
ENSG00000277840,-0.001994834987508032,0.001994834987508032
PDCL,-0.001994834987508032,0.001994834987508032
ABHD11,-0.001994834987508032,0.001994834987508032
FH,-0.001994834987508032,0.001994834987508032
GCNT7,-0.001994834987508032,0.001994834987508032
RBMS3-AS1,-0.001994834987508032,0.001994834987508032
ENSG00000267317,-0.001994834987508032,0.001994834987508032
ENSG00000288048,-0.001994834987508032,0.001994834987508032
RHOC,-0.001994834987508032,0.001994834987508032
ENSG00000235795,-0.001994834987508032,0.001994834987508032
RASL12,-0.001994834987508032,0.001994834987508032
BSN,-0.001994834987508032,0.001994834987508032
RPS20P10,-0.001994834987508032,0.001994834987508032
SIX1,-0.001994834987508032,0.001994834987508032
ENSG00000248896,-0.001994834987508032,0.001994834987508032
GLIPR2,-0.001994834987508032,0.001994834987508032
FBXO5,-0.001994834987508032,0.001994834987508032
F10,-0.001994834987508032,0.001994834987508032
SIRPB2,-0.001994834987508032,0.001994834987508032
SOX9-AS1,-0.001994834987508032,0.001994834987508032
ENSG00000278351,-0.001994834987508032,0.001994834987508032
NR4A1AS,-0.001994834987508032,0.001994834987508032
EIF5A2,-0.001994834987508032,0.001994834987508032
LINC02532,-0.001994834987508032,0.001994834987508032
ENSG00000261117,-0.001994834987508032,0.001994834987508032
NQO2,-0.001994834987508032,0.001994834987508032
BCHE,-0.001994834987508032,0.001994834987508032
ZNF415,-0.001994834987508032,0.001994834987508032
SIM1,-0.001994834987508032,0.001994834987508032
LINC02637,-0.001994834987508032,0.001994834987508032
RPL14P1,-0.001994834987508032,0.001994834987508032
ZNF473CR,-0.001994834987508032,0.001994834987508032
SUGT1P2,-0.001994834987508032,0.001994834987508032
APC2,-0.001994834987508032,0.001994834987508032
PRR19,-0.001994834987508032,0.001994834987508032
RPS2P46,-0.001994834987508032,0.001994834987508032
RETSAT,-0.001994834987508032,0.001994834987508032
ENSG00000236665,-0.001994834987508032,0.001994834987508032
AIMP1P1,-0.001994834987508032,0.001994834987508032
ENSG00000280211,-0.001994834987508032,0.001994834987508032
ENSG00000290588,-0.001994834987508032,0.001994834987508032
NDUFV2-AS1,-0.001994834987508032,0.001994834987508032
ZNF404,-0.001994834987508032,0.001994834987508032
NAV2-AS3,-0.001994834987508032,0.001994834987508032
ENSG00000286608,-0.001994834987508032,0.001994834987508032
OR52H1,-0.001994834987508032,0.001994834987508032
ENSG00000279900,-0.001994834987508032,0.001994834987508032
COPS8-DT,-0.001994834987508032,0.001994834987508032
IGFL2-AS1,-0.001994834987508032,0.001994834987508032
DLX4,-0.001994834987508032,0.001994834987508032
ACSBG1,-0.001994834987508032,0.001994834987508032
ENSG00000288591,-0.001994834987508032,0.001994834987508032
ENSG00000254943,-0.001994834987508032,0.001994834987508032
CBX3P2,-0.001994834987508032,0.001994834987508032
GHRHR,-0.001994834987508032,0.001994834987508032
C1S,-0.001994834987508032,0.001994834987508032
LINC01476,-0.001994834987508032,0.001994834987508032
ENSG00000253932,-0.001994834987508032,0.001994834987508032
CCNJL,-0.001994834987508032,0.001994834987508032
ENSG00000278202,-0.001994834987508032,0.001994834987508032
GPRC5C,-0.001994834987508032,0.001994834987508032
EIF2B5-DT,-0.001994834987508032,0.001994834987508032
BTC,-0.001994834987508032,0.001994834987508032
CEBPA-DT,-0.001994834987508032,0.001994834987508032
SLAMF8,-0.001994834987508032,0.001994834987508032
LINC01993,-0.001994834987508032,0.001994834987508032
ENSG00000271725,-0.001994834987508032,0.001994834987508032
ENSG00000279204,-0.001994834987508032,0.001994834987508032
ENSG00000271789,-0.001994834987508032,0.001994834987508032
RPL12P11,-0.001994834987508032,0.001994834987508032
CECR2,-0.001994834987508032,0.001994834987508032
NDUFB4P8,-0.001994834987508032,0.001994834987508032
ENSG00000290674,-0.001994834987508032,0.001994834987508032
ENSG00000266490,-0.001994834987508032,0.001994834987508032
ZNF705EP,-0.001994834987508032,0.001994834987508032
ENSG00000287096,-0.001994834987508032,0.001994834987508032
HOXB-AS1,-0.001994834987508032,0.001994834987508032
KCNJ2,-0.001994834987508032,0.001994834987508032
ENSG00000229065,-0.001994834987508032,0.001994834987508032
HSD17B1,-0.001994834987508032,0.001994834987508032
ENSG00000259294,-0.001994834987508032,0.001994834987508032
TSPAN13,-0.001994834987508032,0.001994834987508032
KRT18,-0.001994834987508032,0.001994834987508032
MPST,-0.001994834987508032,0.001994834987508032
POM121L9P,-0.001994834987508032,0.001994834987508032
MIR4733HG,-0.001994834987508032,0.001994834987508032
ENSG00000261864,-0.001994834987508032,0.001994834987508032
RPL32P11,-0.001994834987508032,0.001994834987508032
ENSG00000260661,-0.001994834987508032,0.001994834987508032
ZNF792,-0.001994834987508032,0.001994834987508032
HMGN1P8,-0.001994834987508032,0.001994834987508032
MBLAC2,-0.001994834987508032,0.001994834987508032
TSPYL6,-0.001994834987508032,0.001994834987508032
SCNM1,-0.001994834987508032,0.001994834987508032
GABARAPL2,-0.001994834987508032,0.001994834987508032
ENSG00000279330,-0.001994834987508032,0.001994834987508032
TTC36-AS1,-0.001994834987508032,0.001994834987508032
ATXN7L3,-0.001994834987508032,0.001994834987508032
RARB,-0.001994834987508032,0.001994834987508032
PGAP4,-0.001994834987508032,0.001994834987508032
RAD21L1,-0.001994834987508032,0.001994834987508032
ENSG00000280048,-0.001994834987508032,0.001994834987508032
MPLKIP,-0.001994834987508032,0.001994834987508032
ENSG00000286977,-0.001994834987508032,0.001994834987508032
ENSG00000279488,-0.001994834987508032,0.001994834987508032
DEFB1,-0.001994834987508032,0.001994834987508032
CKAP5,-0.001994834987508032,0.001994834987508032
TSPAN7,-0.001994834987508032,0.001994834987508032
ENSG00000259354,-0.001994834987508032,0.001994834987508032
RNA5SP353,-0.001994834987508032,0.001994834987508032
FLJ20021,-0.001994834987508032,0.001994834987508032
TUBBP5,-0.001994834987508032,0.001994834987508032
ENSG00000203327,-0.001994834987508032,0.001994834987508032
RAMACL,-0.001994834987508032,0.001994834987508032
ATP5F1D,-0.001994834987508032,0.001994834987508032
SMIM10L2B,-0.001994834987508032,0.001994834987508032
E2F8,-0.001994834987508032,0.001994834987508032
ANKRD42-DT,-0.001994834987508032,0.001994834987508032
ADAM3B,-0.001994834987508032,0.001994834987508032
ENSG00000229519,-0.001994834987508032,0.001994834987508032
EEF1A1P25,-0.001994834987508032,0.001994834987508032
ENSG00000277342,-0.001994834987508032,0.001994834987508032
CLDN22,-0.001994834987508032,0.001994834987508032
ENSG00000279337,-0.001994834987508032,0.001994834987508032
KPNA2P3,-0.001994834987508032,0.001994834987508032
ENSG00000251330,-0.001994834987508032,0.001994834987508032
PDRG1,-0.001994834987508032,0.001994834987508032
ENSG00000255237,-0.001994834987508032,0.001994834987508032
MAST3-AS1,-0.001994834987508032,0.001994834987508032
SCN1A-AS1,-0.001994834987508032,0.001994834987508032
SCPEP1,-0.001994834987508032,0.001994834987508032
RPL35AP34,-0.001994834987508032,0.001994834987508032
MAST3,-0.001994834987508032,0.001994834987508032
SLC7A2-IT1,-0.001994834987508032,0.001994834987508032
MAP6,-0.001994834987508032,0.001994834987508032
ENSG00000250614,-0.001994834987508032,0.001994834987508032
HTR2B,-0.001994834987508032,0.001994834987508032
ANXA2R,-0.001994834987508032,0.001994834987508032
JMJD7-PLA2G4B,-0.001994834987508032,0.001994834987508032
TNS1-AS1,-0.001994834987508032,0.001994834987508032
MRPS35,-0.001994834987508032,0.001994834987508032
RNU6-1093P,-0.001994834987508032,0.001994834987508032
BEX3,-0.001994834987508032,0.001994834987508032
ENSG00000167774,-0.001994834987508032,0.001994834987508032
ADAMTS18,-0.001994834987508032,0.001994834987508032
VPS26C,-0.001994320473783845,0.001994320473783845
TEX2,0.0019936095926570904,0.0019936095926570904
ZNRF2,0.0019926586029939677,0.0019926586029939677
GARIN4,0.0019926586029939677,0.0019926586029939677
ENSG00000235862,0.0019926586029939677,0.0019926586029939677
PPP2R5C,0.0019922724998406166,0.0019922724998406166
PRND,-0.0019919395325564133,0.0019919395325564133
H4C3,-0.001991772190848855,0.001991772190848855
ENSG00000176593,-0.001991550765422926,0.001991550765422926
ISM1,-0.001991152032301447,0.001991152032301447
ENSG00000254936,-0.001991152032301447,0.001991152032301447
ENSG00000285336,0.001989012127322157,0.001989012127322157
ZNF551,-0.0019836138867879386,0.0019836138867879386
SET,0.00198355287081865,0.00198355287081865
EME2,-0.0019835486706619872,0.0019835486706619872
SOAT1,-0.001983249232647688,0.001983249232647688
C11orf91,0.001983089430425951,0.001983089430425951
CRCP,0.00198246527153402,0.00198246527153402
ENSG00000290921,-0.0019823736483729317,0.0019823736483729317
COL1A1,-0.0019823078827036138,0.0019823078827036138
STAU2,-0.001982102021057435,0.001982102021057435
ENSG00000258311,0.0019820827017667975,0.0019820827017667975
LPIN1,-0.0019813592711846696,0.0019813592711846696
WNT2,-0.0019813561448718073,0.0019813561448718073
LINGO1,-0.001981144791676958,0.001981144791676958
C21orf58,-0.001981009199557517,0.001981009199557517
LINC01431,-0.001981009199557517,0.001981009199557517
SFR1,-0.001981009199557517,0.001981009199557517
RAPGEF4,-0.001981009199557517,0.001981009199557517
ENSG00000285639,-0.001981009199557517,0.001981009199557517
NGFR,-0.001981009199557517,0.001981009199557517
SORBS2-AS1,-0.001981009199557517,0.001981009199557517
ENSG00000290075,-0.001981009199557517,0.001981009199557517
COA6,-0.001981009199557517,0.001981009199557517
RERG,-0.001981009199557517,0.001981009199557517
LINC02560,-0.001981009199557517,0.001981009199557517
ENSG00000265091,-0.001981009199557517,0.001981009199557517
CNTN4,-0.001981009199557517,0.001981009199557517
ENSG00000277575,-0.001981009199557517,0.001981009199557517
ENSG00000234718,-0.001980351665546651,0.001980351665546651
ENSG00000289727,-0.001980351665546651,0.001980351665546651
C1R,-0.001980351665546651,0.001980351665546651
BTN2A3P,-0.001980351665546651,0.001980351665546651
ENSG00000258691,-0.001980351665546651,0.001980351665546651
LINC01705,-0.001980351665546651,0.001980351665546651
ARMT1,-0.001980351665546651,0.001980351665546651
CCNDBP1,-0.001980351665546651,0.001980351665546651
AASS,-0.001980351665546651,0.001980351665546651
RNASEL,-0.001980351665546651,0.001980351665546651
TAFA5,-0.001980351665546651,0.001980351665546651
FOXJ2,-0.001980351665546651,0.001980351665546651
ENSG00000242262,-0.001980351665546651,0.001980351665546651
SPINK6,-0.001980351665546651,0.001980351665546651
CUEDC2,-0.001980351665546651,0.001980351665546651
UFSP1,-0.001980351665546651,0.001980351665546651
WDR31,-0.001980351665546651,0.001980351665546651
TMEM92,-0.001980351665546651,0.001980351665546651
DGUOK-AS1,-0.001980351665546651,0.001980351665546651
CHRAC1,-0.001980351665546651,0.001980351665546651
MUL1,-0.001980351665546651,0.001980351665546651
RNFT2,-0.001980351665546651,0.001980351665546651
CXXC1,-0.001980351665546651,0.001980351665546651
MZT1,-0.001980351665546651,0.001980351665546651
ENSG00000291201,-0.001980351665546651,0.001980351665546651
ENSG00000287917,-0.001980351665546651,0.001980351665546651
PRDM1,-0.001980351665546651,0.001980351665546651
SELENOI,-0.001980351665546651,0.001980351665546651
SLFNL1-AS1,-0.001980351665546651,0.001980351665546651
TBC1D2B,-0.001980351665546651,0.001980351665546651
TMEM8B,-0.001980351665546651,0.001980351665546651
MOV10,-0.001980351665546651,0.001980351665546651
HELQ,-0.001980351665546651,0.001980351665546651
NAP1L4P3,-0.001980351665546651,0.001980351665546651
VPS35,-0.001980351665546651,0.001980351665546651
SLC11A2,-0.0019798212270120278,0.0019798212270120278
CLEC1A,-0.001979634098530218,0.001979634098530218
CEP57L1,-0.00197940830558472,0.00197940830558472
POLG,-0.0019793028701862686,0.0019793028701862686
CSGALNACT1,-0.0019792396404737555,0.0019792396404737555
ENSG00000257239,-0.0019785048052061347,0.0019785048052061347
LRP5L,-0.0019785048052061347,0.0019785048052061347
PRSS51,-0.0019785048052061347,0.0019785048052061347
ENSG00000268555,-0.0019785048052061347,0.0019785048052061347
ENSG00000251455,-0.0019785048052061347,0.0019785048052061347
ENSG00000288877,-0.0019785048052061347,0.0019785048052061347
ZNF517,-0.0019785048052061347,0.0019785048052061347
ENSG00000267234,-0.0019785048052061347,0.0019785048052061347
METTL9,-0.0019785048052061347,0.0019785048052061347
ENSG00000232696,-0.0019785048052061347,0.0019785048052061347
ENSG00000287044,-0.0019785048052061347,0.0019785048052061347
CCT8P1,-0.0019785048052061347,0.0019785048052061347
SUGP2,-0.0019785048052061347,0.0019785048052061347
DDX41,-0.0019785048052061347,0.0019785048052061347
HMGN1P37,-0.0019785048052061347,0.0019785048052061347
PRUNE1,-0.0019785048052061347,0.0019785048052061347
ENSG00000291101,-0.0019785048052061347,0.0019785048052061347
ENSG00000279103,-0.0019785048052061347,0.0019785048052061347
SIN3B,-0.0019785048052061347,0.0019785048052061347
HMGB3P22,-0.0019785048052061347,0.0019785048052061347
MIR548AA2,-0.0019785048052061347,0.0019785048052061347
MIR7844,-0.0019785048052061347,0.0019785048052061347
MIR548D2,-0.0019785048052061347,0.0019785048052061347
WDR90,-0.0019785048052061347,0.0019785048052061347
BCCIP,-0.0019785048052061347,0.0019785048052061347
SLC39A4,-0.0019785048052061347,0.0019785048052061347
ENSG00000290735,-0.0019785048052061347,0.0019785048052061347
YWHAQP5,-0.0019785048052061347,0.0019785048052061347
H2BP2,-0.0019785048052061347,0.0019785048052061347
BEND7,-0.0019785048052061347,0.0019785048052061347
H2BC17,-0.0019785048052061347,0.0019785048052061347
MXD3,-0.0019785048052061347,0.0019785048052061347
ENSG00000283355,-0.0019785048052061347,0.0019785048052061347
ENSG00000272374,-0.0019785048052061347,0.0019785048052061347
ZDHHC16,-0.0019785048052061347,0.0019785048052061347
MRPL53,-0.0019785048052061347,0.0019785048052061347
ENSG00000271741,-0.0019785048052061347,0.0019785048052061347
GUCY2C-AS1,-0.0019785048052061347,0.0019785048052061347
DAPK1-IT1,-0.0019785048052061347,0.0019785048052061347
IFI16,-0.0019785048052061347,0.0019785048052061347
ENSG00000219329,-0.0019785048052061347,0.0019785048052061347
ENSG00000233538,-0.0019785048052061347,0.0019785048052061347
RAD51AP1P1,-0.0019785048052061347,0.0019785048052061347
CASD1,-0.0019785048052061347,0.0019785048052061347
ENSG00000215840,-0.0019785048052061347,0.0019785048052061347
H3-7,-0.0019785048052061347,0.0019785048052061347
RPL26P9,-0.0019785048052061347,0.0019785048052061347
SNORA16B,-0.0019785048052061347,0.0019785048052061347
RPL26P35,-0.0019785048052061347,0.0019785048052061347
RABL6,-0.0019785048052061347,0.0019785048052061347
ENSG00000234353,-0.0019785048052061347,0.0019785048052061347
ENSG00000270059,-0.0019785048052061347,0.0019785048052061347
BET1P1,-0.0019785048052061347,0.0019785048052061347
ENSG00000267734,-0.0019785048052061347,0.0019785048052061347
FAM98B,-0.0019785048052061347,0.0019785048052061347
HCFC2,-0.0019785048052061347,0.0019785048052061347
SLC52A3,-0.0019785048052061347,0.0019785048052061347
ZBTB18,-0.0019785048052061347,0.0019785048052061347
ENSG00000287714,-0.0019785048052061347,0.0019785048052061347
SUSD2,-0.0019785048052061347,0.0019785048052061347
RAC1P3,-0.0019785048052061347,0.0019785048052061347
ENSG00000255342,-0.0019785048052061347,0.0019785048052061347
HACL1,-0.0019785048052061347,0.0019785048052061347
YIPF1,-0.0019785048052061347,0.0019785048052061347
ENSG00000255097,-0.0019785048052061347,0.0019785048052061347
BMPER,-0.0019785048052061347,0.0019785048052061347
TCEA1,-0.0019785048052061347,0.0019785048052061347
HSD11B1-AS1,-0.0019785048052061347,0.0019785048052061347
ENSG00000286656,-0.0019785048052061347,0.0019785048052061347
XIAPP2,-0.0019785048052061347,0.0019785048052061347
ENSG00000267283,-0.0019785048052061347,0.0019785048052061347
MMP24,-0.0019785048052061347,0.0019785048052061347
ZNF132,-0.0019785048052061347,0.0019785048052061347
XDH,-0.0019785048052061347,0.0019785048052061347
ENSG00000203635,-0.0019785048052061347,0.0019785048052061347
ATP5MC1P4,-0.0019785048052061347,0.0019785048052061347
LRRC4,-0.0019785048052061347,0.0019785048052061347
ENSG00000260744,-0.0019785048052061347,0.0019785048052061347
FAM185BP,-0.0019785048052061347,0.0019785048052061347
SMIM15-AS1,-0.0019785048052061347,0.0019785048052061347
HOXC10,-0.0019785048052061347,0.0019785048052061347
ENSG00000260425,-0.0019785048052061347,0.0019785048052061347
MOB1B,-0.0019785048052061347,0.0019785048052061347
ENSG00000280255,-0.0019785048052061347,0.0019785048052061347
LZTS1-AS1,-0.0019785048052061347,0.0019785048052061347
NAV2-AS1,-0.0019785048052061347,0.0019785048052061347
ENSG00000235880,-0.0019785048052061347,0.0019785048052061347
LYRM9,-0.0019785048052061347,0.0019785048052061347
XRN2,-0.0019785048052061347,0.0019785048052061347
ENSG00000288050,-0.0019785048052061347,0.0019785048052061347
BMP8B,-0.0019785048052061347,0.0019785048052061347
DBNDD2,-0.0019785048052061347,0.0019785048052061347
SYT2,-0.0019785048052061347,0.0019785048052061347
ENSG00000286724,-0.0019785048052061347,0.0019785048052061347
ENSG00000284874,-0.0019785048052061347,0.0019785048052061347
ZFAND1,-0.0019785048052061347,0.0019785048052061347
ENSG00000290796,-0.0019785048052061347,0.0019785048052061347
NAT8B,-0.0019785048052061347,0.0019785048052061347
MDH1B,-0.0019785048052061347,0.0019785048052061347
ENSG00000269578,-0.0019785048052061347,0.0019785048052061347
ENSG00000291121,-0.0019785048052061347,0.0019785048052061347
C11orf21,-0.0019785048052061347,0.0019785048052061347
ADORA2B,-0.0019785048052061347,0.0019785048052061347
NPAS2-AS1,-0.0019785048052061347,0.0019785048052061347
TINAGL1,-0.0019785048052061347,0.0019785048052061347
TERLR1,-0.0019785048052061347,0.0019785048052061347
TMEM35B,-0.0019785048052061347,0.0019785048052061347
ENSG00000262580,-0.0019785048052061347,0.0019785048052061347
ENSG00000277938,-0.0019785048052061347,0.0019785048052061347
COMMD8,-0.0019785048052061347,0.0019785048052061347
ENSG00000262633,-0.0019785048052061347,0.0019785048052061347
OXR1-AS1,-0.0019785048052061347,0.0019785048052061347
ENSG00000231236,-0.0019785048052061347,0.0019785048052061347
ENSG00000289433,-0.0019785048052061347,0.0019785048052061347
RN7SL760P,-0.0019785048052061347,0.0019785048052061347
ENSG00000259732,-0.0019785048052061347,0.0019785048052061347
ABHD17A,-0.0019785048052061347,0.0019785048052061347
ENSG00000280110,-0.0019785048052061347,0.0019785048052061347
RHOBTB1,-0.0019785048052061347,0.0019785048052061347
PHF14,-0.0019785048052061347,0.0019785048052061347
ENSG00000279332,-0.0019785048052061347,0.0019785048052061347
ENSG00000275632,-0.0019785048052061347,0.0019785048052061347
IRX4,-0.0019785048052061347,0.0019785048052061347
ENSG00000253980,-0.0019785048052061347,0.0019785048052061347
KCNK15,-0.0019785048052061347,0.0019785048052061347
ENSG00000243705,-0.0019785048052061347,0.0019785048052061347
ENSG00000231138,-0.0019785048052061347,0.0019785048052061347
RPS4XP4,-0.0019785048052061347,0.0019785048052061347
PRKN,-0.0019785048052061347,0.0019785048052061347
ENSG00000240731,-0.0019785048052061347,0.0019785048052061347
NUP210L,-0.0019785048052061347,0.0019785048052061347
STXBP5-AS1,-0.0019785048052061347,0.0019785048052061347
LINC01635,-0.0019785048052061347,0.0019785048052061347
ENSG00000273066,-0.0019785048052061347,0.0019785048052061347
ENSG00000261668,-0.0019785048052061347,0.0019785048052061347
ENSG00000248491,-0.0019785048052061347,0.0019785048052061347
ENSG00000259959,-0.0019785048052061347,0.0019785048052061347
RRM2,-0.0019785048052061347,0.0019785048052061347
ENSG00000257438,-0.0019785048052061347,0.0019785048052061347
ENSG00000266538,-0.0019785048052061347,0.0019785048052061347
ENSG00000266171,-0.0019785048052061347,0.0019785048052061347
SEPTIN5,-0.0019785048052061347,0.0019785048052061347
ENSG00000291230,-0.0019785048052061347,0.0019785048052061347
ENSG00000264666,-0.0019785048052061347,0.0019785048052061347
URI1,-0.0019785048052061347,0.0019785048052061347
ENSG00000273771,-0.0019785048052061347,0.0019785048052061347
ENSG00000275580,-0.0019785048052061347,0.0019785048052061347
LINC00304,-0.0019785048052061347,0.0019785048052061347
PPP1R27,-0.0019785048052061347,0.0019785048052061347
ARHGAP26-AS1,-0.0019785048052061347,0.0019785048052061347
SDHAF2,-0.0019785048052061347,0.0019785048052061347
ENSG00000228487,-0.0019785048052061347,0.0019785048052061347
ARHGAP26-IT1,-0.0019785048052061347,0.0019785048052061347
ENSG00000275092,-0.0019785048052061347,0.0019785048052061347
PDP1,-0.0019785048052061347,0.0019785048052061347
ENSG00000279960,-0.0019785048052061347,0.0019785048052061347
GAPDHP59,-0.0019785048052061347,0.0019785048052061347
CCDC148,-0.0019785048052061347,0.0019785048052061347
SEC62-AS1,-0.0019785048052061347,0.0019785048052061347
BAALC-AS1,-0.0019785048052061347,0.0019785048052061347
PDCL3P5,-0.0019785048052061347,0.0019785048052061347
RP1,-0.0019785048052061347,0.0019785048052061347
ENSG00000258400,-0.0019785048052061347,0.0019785048052061347
PDGFRL2P,-0.0019785048052061347,0.0019785048052061347
ENSG00000279989,-0.0019785048052061347,0.0019785048052061347
CFL1P2,-0.0019785048052061347,0.0019785048052061347
TEX21P,-0.0019785048052061347,0.0019785048052061347
GABRP,-0.0019785048052061347,0.0019785048052061347
ALX3,-0.0019785048052061347,0.0019785048052061347
GDF5-AS1,-0.0019785048052061347,0.0019785048052061347
ANKRD13C,-0.0019785048052061347,0.0019785048052061347
TMEM14B,-0.0019785048052061347,0.0019785048052061347
EGFLAM-AS4,-0.0019785048052061347,0.0019785048052061347
PARK7P1,-0.0019785048052061347,0.0019785048052061347
SRGAP2B,-0.0019785048052061347,0.0019785048052061347
ARRDC3-AS1,-0.0019785048052061347,0.0019785048052061347
ENSG00000228729,-0.0019785048052061347,0.0019785048052061347
PARTICL,-0.0019785048052061347,0.0019785048052061347
ENSG00000285595,-0.0019785048052061347,0.0019785048052061347
ARHGAP44,-0.0019785048052061347,0.0019785048052061347
PAX5,-0.0019785048052061347,0.0019785048052061347
ENSG00000256588,-0.0019785048052061347,0.0019785048052061347
CLTA,-0.0019785048052061347,0.0019785048052061347
GADD45A,-0.0019785048052061347,0.0019785048052061347
TSPAN33,-0.0019785048052061347,0.0019785048052061347
ENSG00000278107,-0.0019785048052061347,0.0019785048052061347
VDAC3,-0.0019785048052061347,0.0019785048052061347
EIF3EP1,-0.0019785048052061347,0.0019785048052061347
ENSG00000261889,-0.0019785048052061347,0.0019785048052061347
KCTD1,-0.0019785048052061347,0.0019785048052061347
TSPAN6,-0.0019785048052061347,0.0019785048052061347
SPAAR,-0.0019785048052061347,0.0019785048052061347
ENSG00000258461,-0.0019785048052061347,0.0019785048052061347
ENSG00000260012,-0.0019785048052061347,0.0019785048052061347
ENSG00000249049,-0.0019785048052061347,0.0019785048052061347
GLIS1,-0.0019785048052061347,0.0019785048052061347
FOXL1,-0.0019785048052061347,0.0019785048052061347
LINC02345,-0.0019785048052061347,0.0019785048052061347
FOXF2,-0.0019785048052061347,0.0019785048052061347
ENSG00000254915,-0.0019785048052061347,0.0019785048052061347
ENSG00000272754,-0.0019785048052061347,0.0019785048052061347
FOLH1,-0.0019785048052061347,0.0019785048052061347
SGCB,-0.0019785048052061347,0.0019785048052061347
ENSG00000243305,-0.0019785048052061347,0.0019785048052061347
RPL12P12,-0.0019785048052061347,0.0019785048052061347
ENSG00000288994,-0.0019785048052061347,0.0019785048052061347
ENSG00000288975,-0.0019785048052061347,0.0019785048052061347
PRR16,-0.0019785048052061347,0.0019785048052061347
SH3PXD2A-AS1,-0.0019785048052061347,0.0019785048052061347
ENSG00000272382,-0.0019785048052061347,0.0019785048052061347
RPS27AP17,-0.0019785048052061347,0.0019785048052061347
POC1A,-0.0019785048052061347,0.0019785048052061347
GNAI2P1,-0.0019785048052061347,0.0019785048052061347
SETMAR,-0.0019785048052061347,0.0019785048052061347
ENSG00000261535,-0.0019785048052061347,0.0019785048052061347
NUDC,-0.0019785048052061347,0.0019785048052061347
ENSG00000289488,-0.0019785048052061347,0.0019785048052061347
FRY-AS1,-0.0019785048052061347,0.0019785048052061347
ENSG00000280166,-0.0019785048052061347,0.0019785048052061347
ENSG00000262362,-0.0019785048052061347,0.0019785048052061347
SPANXA2-OT1,-0.0019785048052061347,0.0019785048052061347
UBBP3,-0.0019785048052061286,0.0019785048052061286
POPDC3,-0.001978212019570376,0.001978212019570376
ZNF561-AS1,0.001978209845411217,0.001978209845411217
PRO1804,-0.0019778165670930564,0.0019778165670930564
GNB4,0.0019775610661570053,0.0019775610661570053
RGS9,0.0019775421644709964,0.0019775421644709964
HIPK3,0.0019769172877506062,0.0019769172877506062
MCTP1,-0.0019766479483064284,0.0019766479483064284
LZTS2,0.0019766037829564826,0.0019766037829564826
TOP2B,0.001976259344112986,0.001976259344112986
ITGA2-AS1,-0.001975731848982983,0.001975731848982983
ENSG00000289003,-0.001975722083702532,0.001975722083702532
CNP,-0.0019749821230969234,0.0019749821230969234
SCLT1,0.0019745662558016525,0.0019745662558016525
ZDBF2,0.001974094534223038,0.001974094534223038
RHOT2,0.0019740877543983,0.0019740877543983
NPAS2,-0.001973570634261914,0.001973570634261914
ZNF594-DT,-0.0019731666703963033,0.0019731666703963033
SRGAP1,-0.001973129907419644,0.001973129907419644
PYGO2,0.0019723441393113875,0.0019723441393113875
SNX18,-0.001971442079666959,0.001971442079666959
TEFM,-0.001971309334457945,0.001971309334457945
MFSD4B,-0.0019704400066285987,0.0019704400066285987
HIVEP1,-0.001970300589014808,0.001970300589014808
TRAF3IP3,0.001969381392779502,0.001969381392779502
MRI1,-0.00196825973329226,0.00196825973329226
EPDR1,-0.001967415218893872,0.001967415218893872
DNAJA4,-0.0019651041173780314,0.0019651041173780314
MITF,0.001965046597744132,0.001965046597744132
MLX,-0.0019648106858082214,0.0019648106858082214
ASPH,-0.0019647415879986267,0.0019647415879986267
ENSG00000289545,0.0019647133875298852,0.0019647133875298852
TCTA,-0.001964578666905967,0.001964578666905967
FAM149B1,-0.0019632091959348222,0.0019632091959348222
CTC-338M12.4,-0.0019627122013714813,0.0019627122013714813
C7orf50,-0.001962698711520426,0.001962698711520426
PELP1,-0.0019625762346047277,0.0019625762346047277
NUAK1,0.0019612771737661295,0.0019612771737661295
FMNL1-DT,-0.0019597085924289766,0.0019597085924289766
RPLP0,-0.0019593776261253395,0.0019593776261253395
KLC1,-0.0019586101539061686,0.0019586101539061686
NFATC3,-0.001958385702093771,0.001958385702093771
NPEPPS,-0.00195784655514569,0.00195784655514569
PLCB1,-0.001957789175412614,0.001957789175412614
RBM26-AS1,-0.001957601580906124,0.001957601580906124
C1orf115,0.0019572117593943798,0.0019572117593943798
RORA-AS1,-0.0019571200755875372,0.0019571200755875372
ZNF568,-0.001957024239029661,0.001957024239029661
CSNK2A2,0.001956798378283596,0.001956798378283596
LINC00174,-0.0019566811887212383,0.0019566811887212383
ARPP19,-0.001956615592785669,0.001956615592785669
UPF2,-0.0019561990469777963,0.0019561990469777963
MEF2D,-0.0019558490901024307,0.0019558490901024307
LINC01465,-0.0019555250016041765,0.0019555250016041765
NUBPL,0.0019551343249020288,0.0019551343249020288
MTMR2,-0.001954104495623784,0.001954104495623784
PRNCR1,-0.0019530721670594237,0.0019530721670594237
SLC30A7,0.0019522305923725903,0.0019522305923725903
ENSG00000264290,-0.0019518821507182966,0.0019518821507182966
MYLIP,0.00195147299964804,0.00195147299964804
FBXO33,0.00195147299964804,0.00195147299964804
CRYL1,0.0019514107111165738,0.0019514107111165738
SMCR5,-0.0019508839060109796,0.0019508839060109796
SCAMP2,-0.0019508839060109796,0.0019508839060109796
CDIN1,-0.0019508839060109796,0.0019508839060109796
IER2,-0.0019508839060109796,0.0019508839060109796
SEZ6L2,-0.0019508839060109796,0.0019508839060109796
SWAP70,-0.001950645043578574,0.001950645043578574
VPS4A,-0.0019505361067334343,0.0019505361067334343
RARS2,-0.0019503913479076837,0.0019503913479076837
ZNF283,-0.0019502596821558884,0.0019502596821558884
MLF2,0.001949972197239728,0.001949972197239728
SNED1,-0.001949628537945047,0.001949628537945047
CHD2,-0.0019493255840551688,0.0019493255840551688
RETREG1,-0.0019492326312473285,0.0019492326312473285
ASPHD2,-0.0019483530255179765,0.0019483530255179765
RNF6,-0.0019483530255179765,0.0019483530255179765
ENSG00000287260,-0.0019483530255179765,0.0019483530255179765
ENSG00000286535,-0.0019483530255179765,0.0019483530255179765
PCDHGB6,-0.0019483530255179765,0.0019483530255179765
PCSK5,-0.0019479660547904406,0.0019479660547904406
RPL23AP77,-0.0019476378650288009,0.0019476378650288009
C12orf73,-0.001947592759953484,0.001947592759953484
KNOP1,-0.0019471753583349437,0.0019471753583349437
STAG2-AS1,0.0019469423398883895,0.0019469423398883895
SKA2,0.0019469423398883895,0.0019469423398883895
ZNF597,-0.0019457837332765432,0.0019457837332765432
STK24,-0.001944862891270519,0.001944862891270519
ENSG00000257042,-0.0019446265499226583,0.0019446265499226583
DDX19A,-0.0019446265499226583,0.0019446265499226583
MAP2K5,-0.001944533147882958,0.001944533147882958
ENSG00000255206,-0.0019440072428062558,0.0019440072428062558
LINC00707,-0.0019439413047987648,0.0019439413047987648
MAN2B2,-0.0019435544111674678,0.0019435544111674678
WDCP,0.0019417794269617889,0.0019417794269617889
OXGR1,0.0019417794269617889,0.0019417794269617889
ZC3H14,-0.0019414697571060481,0.0019414697571060481
CCAR1,0.0019399731696340173,0.0019399731696340173
RAB4A,-0.0019395279669612206,0.0019395279669612206
SPOCK2,0.0019392002784166676,0.0019392002784166676
FBXL19-AS1,-0.0019391853215406545,0.0019391853215406545
NCAPD2,0.0019391193167886342,0.0019391193167886342
ENSG00000257225,-0.0019389551373409962,0.0019389551373409962
TMEM263,0.001938941495193428,0.001938941495193428
PMM2,-0.001938757035591838,0.001938757035591838
PIAS2,-0.0019381784152353145,0.0019381784152353145
C20orf96,-0.0019373906959004104,0.0019373906959004104
PDC-AS1,-0.00193680263686564,0.00193680263686564
ENSG00000225339,-0.0019363200385607096,0.0019363200385607096
ANAPC13,0.0019362519233365114,0.0019362519233365114
STXBP1,0.0019362519233365114,0.0019362519233365114
MOB2,0.0019362519233365114,0.0019362519233365114
ZNF202,0.001934999147617756,0.001934999147617756
MCPH1-DT,-0.0019348174706219487,0.0019348174706219487
GPR155,-0.001934683533793241,0.001934683533793241
ENSG00000257176,-0.0019333257284358002,0.0019333257284358002
ERAP1,-0.001932244169338729,0.001932244169338729
PTGES2,-0.0019318477667657737,0.0019318477667657737
ENSG00000264635,-0.0019314842283100337,0.0019314842283100337
ARFIP1,-0.0019311992636843027,0.0019311992636843027
GOLGB1,-0.0019308122955042613,0.0019308122955042613
ENSG00000273711,-0.0019303364602407242,0.0019303364602407242
MEAF6,-0.001929785875542108,0.001929785875542108
CXCL8,-0.0019290781490907958,0.0019290781490907958
RBBP8,0.0019289931166749461,0.0019289931166749461
ENSG00000277901,0.0019289931166749461,0.0019289931166749461
SLC25A30,-0.0019289789588180868,0.0019289789588180868
ENSG00000234810,0.0019289736918266616,0.0019289736918266616
ATL1,-0.0019286368597695141,0.0019286368597695141
NKTR,-0.001928617069247544,0.001928617069247544
ERCC8,-0.0019282626141818352,0.0019282626141818352
LAD1,0.0019278618476167978,0.0019278618476167978
KDM4B,-0.001927536317582443,0.001927536317582443
TRPT1,0.0019273407841826076,0.0019273407841826076
PCDHGA6,-0.001927141075384945,0.001927141075384945
APTR,0.0019257274051340135,0.0019257274051340135
ARL10,-0.0019251823848095387,0.0019251823848095387
ENSG00000286431,-0.001924878623423442,0.001924878623423442
GNG2,0.0019248786146382165,0.0019248786146382165
PILRB,-0.0019239837645890663,0.0019239837645890663
ZNF417,-0.001923981524164862,0.001923981524164862
INTS1,0.001923869988215235,0.001923869988215235
MAGI1,0.0019235613646508946,0.0019235613646508946
BLTP3B,0.0019233216466531475,0.0019233216466531475
SOBP,-0.0019229188292989822,0.0019229188292989822
ACOT8,-0.0019229188292989822,0.0019229188292989822
CYB5R3,-0.0019227262125364544,0.0019227262125364544
ITM2B,0.0019216126702329792,0.0019216126702329792
ENSG00000273557,0.0019210797153126325,0.0019210797153126325
NMT1,-0.0019200858788938735,0.0019200858788938735
DICER1-AS1,-0.0019193951184767355,0.0019193951184767355
ELP2,-0.0019193928475100784,0.0019193928475100784
ENSG00000272768,-0.0019172400572351612,0.0019172400572351612
ENSG00000275202,0.0019172077955495138,0.0019172077955495138
FMC1,0.001916866564546174,0.001916866564546174
EIF1P3,-0.0019168107023729449,0.0019168107023729449
MAN1A2,-0.0019161487734524682,0.0019161487734524682
HEATR3,-0.0019158591182537612,0.0019158591182537612
CHURC1,-0.0019140394519393518,0.0019140394519393518
HUWE1,-0.0019137153634410905,0.0019137153634410905
KIAA1614,-0.0019137153634410905,0.0019137153634410905
BCL2L12,-0.0019135532082068215,0.0019135532082068215
DCBLD1,-0.0019131405100790296,0.0019131405100790296
FBXL20,-0.0019123598856375559,0.0019123598856375559
VCPKMT,-0.0019109547919396945,0.0019109547919396945
PDE7A,-0.001909269175319761,0.001909269175319761
KICS2,0.0019092503620222676,0.0019092503620222676
HOXA-AS3,0.0019086809996464967,0.0019086809996464967
C2orf49-DT,-0.0019085605760531027,0.0019085605760531027
PRMT2,-0.0019076946266119292,0.0019076946266119292
COL25A1,0.0019075473701606264,0.0019075473701606264
GALNT5,-0.0019060983906928274,0.0019060983906928274
SAV1,-0.0019058707077967095,0.0019058707077967095
ENSG00000267262,-0.0019058707077967095,0.0019058707077967095
IPO11,-0.0019058707077967095,0.0019058707077967095
MMP24OS,-0.0019058707077967095,0.0019058707077967095
LINC02207,-0.0019058707077967095,0.0019058707077967095
BMERB1,-0.0019058707077967095,0.0019058707077967095
NOLC1,-0.0019058707077967095,0.0019058707077967095
ENSG00000290459,-0.0019058707077967095,0.0019058707077967095
POLR1C,-0.0019058707077967095,0.0019058707077967095
ENSG00000260289,-0.0019058707077967095,0.0019058707077967095
ENSG00000272936,-0.0019058707077967095,0.0019058707077967095
ENSG00000269110,-0.0019058707077967095,0.0019058707077967095
ENSG00000254690,-0.0019058707077967095,0.0019058707077967095
POLD3,-0.0019058707077967095,0.0019058707077967095
RPS23P6,-0.0019058707077967095,0.0019058707077967095
MED4,-0.0019058707077967095,0.0019058707077967095
IMPDH1,-0.0019058707077967095,0.0019058707077967095
ENSG00000239291,-0.0019058707077967095,0.0019058707077967095
LINC02603,-0.0019058707077967095,0.0019058707077967095
ENSG00000274400,-0.0019058707077967095,0.0019058707077967095
ENSG00000279262,-0.0019058707077967095,0.0019058707077967095
RBCK1,-0.0019058707077967095,0.0019058707077967095
SLC25A11,-0.0019058707077967095,0.0019058707077967095
TEX56P,-0.0019058707077967095,0.0019058707077967095
MAFB,-0.0019058707077967095,0.0019058707077967095
ENSG00000275413,-0.0019058707077967095,0.0019058707077967095
NAA16,-0.0019058707077967095,0.0019058707077967095
NAB1,-0.0019058707077967095,0.0019058707077967095
CDK2,-0.0019058707077967095,0.0019058707077967095
ENSG00000285943,-0.0019058707077967095,0.0019058707077967095
FXR2,-0.0019058707077967095,0.0019058707077967095
SELENOS,-0.0019058707077967095,0.0019058707077967095
ENSG00000222043,-0.0019058707077967095,0.0019058707077967095
GCSHP3,-0.0019058707077967095,0.0019058707077967095
TXN,-0.0019058707077967095,0.0019058707077967095
ENSG00000286872,-0.0019058707077967095,0.0019058707077967095
RAB5C-AS1,-0.0019058707077967095,0.0019058707077967095
ETF1P3,-0.0019058707077967095,0.0019058707077967095
ATF2,-0.0019058707077967095,0.0019058707077967095
ENSG00000247679,-0.0019058707077967095,0.0019058707077967095
CALHM6,-0.0019058707077967095,0.0019058707077967095
PPP6R3,-0.0019058707077967095,0.0019058707077967095
PPID,-0.0019058707077967095,0.0019058707077967095
ENSG00000246477,-0.0019058707077967095,0.0019058707077967095
ENSG00000280121,-0.0019058707077967095,0.0019058707077967095
ENSG00000229595,-0.001905870707796684,0.001905870707796684
ENSG00000271009,-0.0019058172590518613,0.0019058172590518613
SYNPO2,-0.0019054109199949433,0.0019054109199949433
MMP19,0.0019053941915134272,0.0019053941915134272
PRPF40A,-0.001904930731716786,0.001904930731716786
SYT7,0.001904662637465484,0.001904662637465484
ENSG00000214917,0.0019044775171603947,0.0019044775171603947
SUGT1P3,-0.0019040855198543603,0.0019040855198543603
REEP3,-0.0019039242773112423,0.0019039242773112423
ENSG00000228205,-0.0019037370745219877,0.0019037370745219877
CLMP,0.001903583764634429,0.001903583764634429
CCDC152,-0.0019035191599681034,0.0019035191599681034
CHRM3-AS2,0.0019023958634363002,0.0019023958634363002
PARVG,-0.0019015136812558198,0.0019015136812558198
DOCK9,-0.0019013683937752607,0.0019013683937752607
GTF2A2,-0.0019008975308144585,0.0019008975308144585
CD276,0.001900723214285687,0.001900723214285687
DCP1B,-0.0019001127069134002,0.0019001127069134002
C1orf112,-0.0018999246936975138,0.0018999246936975138
DDX3X,-0.0018982037215807726,0.0018982037215807726
ENSG00000274322,-0.0018980858989831933,0.0018980858989831933
RNF213,-0.001897850270507212,0.001897850270507212
TSC22D2,-0.0018969818672854306,0.0018969818672854306
RCSD1,-0.001896855911583392,0.001896855911583392
MMRN2,-0.0018964118373805195,0.0018964118373805195
FBXL3,-0.001895426187046715,0.001895426187046715
SERPINE1,-0.001895426187046715,0.001895426187046715
SLC25A15,-0.0018953666526413295,0.0018953666526413295
DDX1,-0.0018953666526413295,0.0018953666526413295
SEC13,-0.0018953666526413295,0.0018953666526413295
METTL6,-0.0018944744388533796,0.0018944744388533796
MUC3A,-0.0018939656022027255,0.0018939656022027255
PRSS12,-0.0018925207794496953,0.0018925207794496953
ZFP3,-0.0018922040449814758,0.0018922040449814758
MYO5C,-0.0018921216154823882,0.0018921216154823882
BRCA1,-0.0018917573198155252,0.0018917573198155252
MIR4458HG,-0.0018915767215412858,0.0018915767215412858
ELOBP2,0.0018914670978146366,0.0018914670978146366
STAT6,0.0018912958439794903,0.0018912958439794903
SDF4,0.0018898859090763747,0.0018898859090763747
ENSG00000203395,0.0018896471214175903,0.0018896471214175903
CDH11,-0.0018890707905290204,0.0018890707905290204
ENSG00000284554,-0.0018889528901028076,0.0018889528901028076
STAM,0.0018887763979383793,0.0018887763979383793
ADAMTS12,-0.0018873169118935093,0.0018873169118935093
SVBP,0.0018871060103621128,0.0018871060103621128
ENSG00000279148,-0.0018871022243452356,0.0018871022243452356
FTSJ3,0.0018870390823953632,0.0018870390823953632
ANO1,0.001886962954912533,0.001886962954912533
RTL5,-0.0018865354372287386,0.0018865354372287386
CBX4,-0.0018865354372287386,0.0018865354372287386
DCT,0.0018849225955918309,0.0018849225955918309
TMEM161B-DT,-0.001884785017271005,0.001884785017271005
PPP1R9A,0.0018837011470562775,0.0018837011470562775
ANXA5,-0.0018825371472001532,0.0018825371472001532
BRAF,-0.0018823404086252588,0.0018823404086252588
CCNT2,-0.0018821522759435538,0.0018821522759435538
OTUD6B-AS1,-0.0018821202951980593,0.0018821202951980593
ENSG00000261079,-0.0018821183196840304,0.0018821183196840304
RASSF8,-0.001881344852157932,0.001881344852157932
PITRM1,-0.001881273869256712,0.001881273869256712
PTGES,0.0018808147299218053,0.0018808147299218053
MDM2,-0.0018801195902743543,0.0018801195902743543
DHRS4-AS1,0.001879930766798663,0.001879930766798663
BFSP1,-0.0018798533304241968,0.0018798533304241968
FCER1G,0.0018791797930210997,0.0018791797930210997
ZDHHC13,-0.001878932092983504,0.001878932092983504
AP2M1,-0.001878683874060243,0.001878683874060243
SEPTIN10,0.0018786213142618286,0.0018786213142618286
EEFSEC,0.0018786213142618286,0.0018786213142618286
ADAT2,0.0018786213142618286,0.0018786213142618286
RPL10A,0.0018786213142618286,0.0018786213142618286
POLR2K,0.0018786213142618286,0.0018786213142618286
ENSG00000236740,0.0018786213142618286,0.0018786213142618286
SLC22A23,-0.0018783757710621799,0.0018783757710621799
VPS50,-0.0018776720945925013,0.0018776720945925013
GUSBP11,-0.0018774573060442127,0.0018774573060442127
PMS2P4,-0.0018756749330605495,0.0018756749330605495
WDR12,-0.0018739596075838009,0.0018739596075838009
ENSG00000287277,-0.0018737990069590262,0.0018737990069590262
ENSG00000271980,-0.0018737990069590262,0.0018737990069590262
PEX14,-0.0018737990069590262,0.0018737990069590262
RTL8B,-0.0018737990069590262,0.0018737990069590262
PLCL2,-0.001873456384397067,0.001873456384397067
DCK,-0.001873456384397067,0.001873456384397067
PAPPA-AS1,-0.001873456384397067,0.001873456384397067
DSP,-0.0018733760847767537,0.0018733760847767537
NADK,-0.0018728526651969753,0.0018728526651969753
CPEB2,0.001872841202545925,0.001872841202545925
MEX3C,0.0018723144651802625,0.0018723144651802625
ZC3H7A,-0.0018718531742722769,0.0018718531742722769
ENSG00000196826,-0.0018718522381876734,0.0018718522381876734
KRT6C,-0.0018718150720601723,0.0018718150720601723
DENND2B,-0.001871645409118734,0.001871645409118734
TMCO3,0.0018714954042135404,0.0018714954042135404
NUCB1,-0.0018711586373830512,0.0018711586373830512
MARCHF1,-0.0018710072425829614,0.0018710072425829614
PGM5,-0.001870888237938046,0.001870888237938046
ENSG00000289295,-0.001870888237938046,0.001870888237938046
SAA2-SAA4,-0.001870888237938046,0.001870888237938046
SAMD13,-0.001870888237938046,0.001870888237938046
LINC00938,-0.0018708263999982328,0.0018708263999982328
ENSG00000289276,-0.0018707047937049695,0.0018707047937049695
SYCP3,-0.0018707047937049695,0.0018707047937049695
ZFHX3,-0.00187060294299221,0.00187060294299221
CLDN1,0.0018701579105170718,0.0018701579105170718
VEPH1,-0.001869935419212389,0.001869935419212389
ENSG00000288725,-0.001869935419212389,0.001869935419212389
AMN,-0.0018695489680284763,0.0018695489680284763
CARD8,-0.0018689164437329707,0.0018689164437329707
VEGFA,-0.001868724912334074,0.001868724912334074
STARD13-AS,-0.001868693758921671,0.001868693758921671
EVL,0.0018685140012101656,0.0018685140012101656
MRPL35,-0.0018676575278642616,0.0018676575278642616
CDKN2B-AS1,-0.0018675067770688794,0.0018675067770688794
CYTH1,-0.0018674123499922424,0.0018674123499922424
THBS2-AS1,-0.0018671795797366333,0.0018671795797366333
GOLGA6L9,-0.0018667964726418104,0.0018667964726418104
TLR5,0.0018666409352009312,0.0018666409352009312
PROX1-AS1,0.0018666409352009312,0.0018666409352009312
ENSG00000289191,0.0018666409352009312,0.0018666409352009312
SELENBP1,0.0018666409352009312,0.0018666409352009312
PTPN6,0.0018666409352009312,0.0018666409352009312
ENSG00000288741,0.0018666409352009312,0.0018666409352009312
PDE4DIP,0.0018666409352009312,0.0018666409352009312
TSTD2,0.0018666409352009312,0.0018666409352009312
POLE2,0.0018666409352009312,0.0018666409352009312
KIF17,0.0018666409352009312,0.0018666409352009312
ADAMTS16,0.0018666409352009312,0.0018666409352009312
FAM53C,0.0018666409352009312,0.0018666409352009312
RB1,0.0018666409352009312,0.0018666409352009312
CYP4V2,0.0018653344064794635,0.0018653344064794635
ITGA8,0.001865215267367234,0.001865215267367234
RAMP2,0.0018643146393818727,0.0018643146393818727
RAB19,0.0018643146393818727,0.0018643146393818727
YWHAZ,0.0018643146393818727,0.0018643146393818727
TRIM11,0.0018643146393818727,0.0018643146393818727
APOC1,0.0018643146393818727,0.0018643146393818727
ZNF76,0.0018643146393818727,0.0018643146393818727
ZUP1,0.0018643146393818727,0.0018643146393818727
ENSG00000253496,0.0018643146393818727,0.0018643146393818727
MEST,0.0018643146393818727,0.0018643146393818727
RPS7P15,0.0018643146393818727,0.0018643146393818727
RPL23A,0.0018643146393818727,0.0018643146393818727
ENSG00000258881,0.0018643146393818727,0.0018643146393818727
SEMA3C,0.0018643146393818727,0.0018643146393818727
ATP6V0D1,0.0018643146393818727,0.0018643146393818727
FHDC1,-0.0018642031152016913,0.0018642031152016913
TNS2-AS1,0.001864101170880362,0.001864101170880362
SRSF10,-0.001863986373252806,0.001863986373252806
C2orf74-DT,-0.0018639585744216556,0.0018639585744216556
MFN2,0.0018637744549352465,0.0018637744549352465
FAM172A,0.0018637346255443697,0.0018637346255443697
RBM39,-0.0018636191628230588,0.0018636191628230588
SCARF2,-0.0018635539394292779,0.0018635539394292779
C8orf44,-0.0018630456903085365,0.0018630456903085365
SMPD4BP,0.0018627774659745466,0.0018627774659745466
TLK1,-0.001861590302183202,0.001861590302183202
ENSG00000285897,-0.001861395157430637,0.001861395157430637
DSCC1,-0.001861395157430637,0.001861395157430637
ENSG00000289695,-0.001861395157430637,0.001861395157430637
SUPT4H1,-0.001861395157430637,0.001861395157430637
RAP1A,-0.0018596876167494506,0.0018596876167494506
MED10,-0.0018574868363674408,0.0018574868363674408
FECH,-0.0018572926992774738,0.0018572926992774738
ENSG00000256028,-0.0018569731215182846,0.0018569731215182846
NUDCD2,-0.0018566493124360078,0.0018566493124360078
ARL6IP4,-0.0018565330065856032,0.0018565330065856032
TRAPPC9,0.0018562385054729002,0.0018562385054729002
PCYOX1,-0.0018557157093713594,0.0018557157093713594
EIF5B,0.0018556503610002656,0.0018556503610002656
TNRC18,-0.0018552818033838682,0.0018552818033838682
ACOT11,-0.0018548663328583383,0.0018548663328583383
RPL7AP30,0.0018545805520779454,0.0018545805520779454
LCORL,-0.0018543308850310614,0.0018543308850310614
SP110,-0.0018541599000099548,0.0018541599000099548
HMCN1,-0.001853781214343154,0.001853781214343154
ZBED3-AS1,-0.0018531104598932516,0.0018531104598932516
PAFAH1B2,-0.0018526328701373006,0.0018526328701373006
OR2B11,0.0018525748493897303,0.0018525748493897303
MVP,-0.0018524948928588126,0.0018524948928588126
ENSG00000290928,-0.0018517092514548587,0.0018517092514548587
STARD10,0.001850946412648837,0.001850946412648837
ZNF518B,-0.0018501417659813034,0.0018501417659813034
C9orf72,0.001849933525408249,0.001849933525408249
MCTP2,0.0018498997175417642,0.0018498997175417642
ANKMY1,0.0018489598711936709,0.0018489598711936709
CDK1,0.0018489598711936709,0.0018489598711936709
SPRY2,0.0018489598711936709,0.0018489598711936709
HOXA10-AS,0.0018489598711936709,0.0018489598711936709
IP6K1,0.0018489598711936709,0.0018489598711936709
GLTP,0.0018489598711936709,0.0018489598711936709
PTPN12,0.0018489598711936709,0.0018489598711936709
RNF10,0.0018489598711936709,0.0018489598711936709
ZFAND2B,0.0018489598711936709,0.0018489598711936709
PEA15,0.0018489598711936709,0.0018489598711936709
USP5,0.0018485195290744501,0.0018485195290744501
RIF1,-0.001848240814725844,0.001848240814725844
DANT2,-0.001848147826561113,0.001848147826561113
RPL9P16,-0.0018479823598379994,0.0018479823598379994
WDR18,-0.0018479823598379994,0.0018479823598379994
ENSG00000223583,-0.0018479454140608634,0.0018479454140608634
ENTR1,-0.001847146190593018,0.001847146190593018
HIVEP3,-0.0018469201739916069,0.0018469201739916069
DSTNP2,0.001846846908085747,0.001846846908085747
PPM1G,0.001846846908085747,0.001846846908085747
SRGAP2,-0.001846707082350455,0.001846707082350455
CHPT1,-0.001846567542190813,0.001846567542190813
UBA5,-0.0018450686245561965,0.0018450686245561965
COG8,-0.0018449912374456363,0.0018449912374456363
ASXL2,-0.0018445946020637604,0.0018445946020637604
PLEKHG1,-0.0018443826198538736,0.0018443826198538736
XYLT1,0.0018431301122121952,0.0018431301122121952
CEMIP,-0.0018430773407441974,0.0018430773407441974
ABCC4,-0.001842945618586711,0.001842945618586711
ARAP1,0.0018428557000221126,0.0018428557000221126
CCP110,-0.0018426051855567928,0.0018426051855567928
ENSG00000279806,-0.0018425843513632093,0.0018425843513632093
RAB3GAP2,-0.0018423544534073148,0.0018423544534073148
ENSG00000248544,-0.0018420454302791782,0.0018420454302791782
COX6A1P2,-0.0018418608564322336,0.0018418608564322336
VN1R81P,-0.0018418608564322336,0.0018418608564322336
MTPAP,-0.0018418608564322336,0.0018418608564322336
GOLM2,-0.0018417898920439198,0.0018417898920439198
RBM33,-0.0018416128730929366,0.0018416128730929366
RPL8,-0.0018407547468105145,0.0018407547468105145
ICMT,-0.0018404207423296825,0.0018404207423296825
CERKL,-0.0018401524881427199,0.0018401524881427199
ADAM28,-0.0018396770566610078,0.0018396770566610078
GLIDR,-0.0018395666851444255,0.0018395666851444255
TRAF6,-0.0018374901807850928,0.0018374901807850928
IFFO1,0.0018366300113453213,0.0018366300113453213
ZNF558,-0.0018364401222270934,0.0018364401222270934
HMGN4,-0.0018355761468371243,0.0018355761468371243
ESD,-0.0018350456282661388,0.0018350456282661388
TTC23,-0.0018347447965363262,0.0018347447965363262
RPL3,0.0018341202528930865,0.0018341202528930865
NCAPD3,0.0018323981427096731,0.0018323981427096731
ENSG00000260927,0.0018320921139243923,0.0018320921139243923
SEC24A,-0.0018320520055384421,0.0018320520055384421
C1QTNF6,-0.001832044496850418,0.001832044496850418
TOM1,0.001831658465342313,0.001831658465342313
ENSG00000255872,0.001831658465342313,0.001831658465342313
ENSG00000289571,0.001831658465342313,0.001831658465342313
NONO,0.001831658465342313,0.001831658465342313
INTS9,0.001831658465342313,0.001831658465342313
ENSG00000236514,0.001831658465342313,0.001831658465342313
ENSG00000289018,0.001831658465342313,0.001831658465342313
FOXO3B,0.001831658465342313,0.001831658465342313
TRMT61A,0.001831658465342313,0.001831658465342313
ZNF81,0.001831658465342313,0.001831658465342313
RLIMP1,0.001831658465342313,0.001831658465342313
B3GNT7,0.001831658465342313,0.001831658465342313
MAP4K2,0.001831658465342313,0.001831658465342313
ENSG00000228782,0.001831658465342313,0.001831658465342313
TMC8,0.001831658465342313,0.001831658465342313
TPGS1,0.001831658465342313,0.001831658465342313
ENSG00000290033,0.001831658465342313,0.001831658465342313
MAP2,0.0018315707911826112,0.0018315707911826112
ENSG00000267745,-0.001831329327644092,0.001831329327644092
NUFIP2,-0.001830498799138005,0.001830498799138005
POLA1,-0.0018303454149242089,0.0018303454149242089
RPUSD1,0.0018299130925683114,0.0018299130925683114
TSC22D1,-0.001829894406365243,0.001829894406365243
SCAND1,-0.0018293171129400683,0.0018293171129400683
ENSG00000271420,0.0018291495798713894,0.0018291495798713894
ZNF451,-0.0018289522517972426,0.0018289522517972426
HSP90B1,-0.0018288411275044158,0.0018288411275044158
FBLIM1,-0.001828670099088248,0.001828670099088248
SMC2,-0.001828670099088248,0.001828670099088248
PAICS,0.0018277663420656095,0.0018277663420656095
TENT5C,0.0018270816625410144,0.0018270816625410144
TSPYL1,0.0018269640976832347,0.0018269640976832347
TXNRD1,0.0018269441333592308,0.0018269441333592308
PURB,-0.0018247054303332409,0.0018247054303332409
PNPLA6,-0.0018239561206256755,0.0018239561206256755
TNFRSF19,-0.0018236602624261391,0.0018236602624261391
STX16-NPEPL1,-0.0018234908811606953,0.0018234908811606953
CCNB1IP1,0.00182320593658498,0.00182320593658498
CYCS,-0.0018230695122982011,0.0018230695122982011
MFGE8,-0.0018228483869795957,0.0018228483869795957
PLA2G4C,-0.001822562516169053,0.001822562516169053
AQR,-0.0018218432566449267,0.0018218432566449267
NFATC4,-0.0018215863410794507,0.0018215863410794507
ZCCHC9,-0.001821333466577894,0.001821333466577894
RPP30,0.0018213272857638368,0.0018213272857638368
TMEM240,0.001821045985140483,0.001821045985140483
NIPAL3,0.001821045985140483,0.001821045985140483
ENSG00000289401,0.001821045985140483,0.001821045985140483
NREP,-0.0018204461137342402,0.0018204461137342402
TGFBR2,-0.0018203408988876487,0.0018203408988876487
SMURF1,-0.0018201827498496221,0.0018201827498496221
TNKS2,-0.0018200225956158187,0.0018200225956158187
CYSTM1,-0.0018197615733240573,0.0018197615733240573
ENSG00000279289,-0.0018191577176492689,0.0018191577176492689
AKIP1,0.001818858086006273,0.001818858086006273
BORCS8,-0.001817936010383644,0.001817936010383644
ETV6,0.0018178123102614188,0.0018178123102614188
TCTN3,-0.0018174955178497539,0.0018174955178497539
GGCX,-0.0018169504665250795,0.0018169504665250795
TRAM2,-0.0018167730085540455,0.0018167730085540455
ENSG00000278576,-0.0018160505168270471,0.0018160505168270471
RNU6-1098P,-0.0018160505168270471,0.0018160505168270471
PRELID1P1,-0.0018160505168270471,0.0018160505168270471
ENSG00000244464,-0.0018160505168270471,0.0018160505168270471
NUP205,-0.001815707894265104,0.001815707894265104
DEPDC7,-0.001815707894265104,0.001815707894265104
FAM171A1,-0.001815707894265104,0.001815707894265104
ELOVL2,-0.001815707894265104,0.001815707894265104
SULT1C4,-0.0018153573527995319,0.0018153573527995319
FBLN1,-0.0018145207494820758,0.0018145207494820758
MCM4,-0.0018141884918470076,0.0018141884918470076
MLPH,0.0018138163588664138,0.0018138163588664138
ROCK2,-0.001813564501547452,0.001813564501547452
SKAP2,-0.0018135469667139301,0.0018135469667139301
LINC01359,-0.001812986420298814,0.001812986420298814
ZRANB1,-0.0018128774003842664,0.0018128774003842664
ZNF43,-0.0018123851657529126,0.0018123851657529126
SMIM14,-0.0018122431761950645,0.0018122431761950645
CCDC71L,-0.001812103298617692,0.001812103298617692
DHX40,-0.001811862077395782,0.001811862077395782
CRACR2A,0.0018118470737125743,0.0018118470737125743
OMA1,-0.0018116327269768185,0.0018116327269768185
SIN3A,-0.0018110631378005367,0.0018110631378005367
ENSG00000289251,-0.0018090257874605624,0.0018090257874605624
ZNF316,0.0018087314288255081,0.0018087314288255081
FLRT2,-0.0018087259153418168,0.0018087259153418168
PAN3,0.0018078621803678126,0.0018078621803678126
ENSG00000277152,0.0018078621803678126,0.0018078621803678126
PTGDR,0.0018078621803678126,0.0018078621803678126
KAT14,0.0018072506508647415,0.0018072506508647415
MVK,0.0018071580531631463,0.0018071580531631463
FUT10,-0.001806999679266879,0.001806999679266879
FAUP1,-0.001806625988973156,0.001806625988973156
COL1A2,-0.0018062762857685767,0.0018062762857685767
ENSG00000286289,0.0018060838765532742,0.0018060838765532742
LINC01750,0.0018060838765532742,0.0018060838765532742
BTBD9,-0.0018060726976839962,0.0018060726976839962
RN7SKP292,-0.0018051054018928911,0.0018051054018928911
GLMP,-0.001804920740155265,0.001804920740155265
SRSF8,0.0018042418548754465,0.0018042418548754465
ENSG00000236364,0.001803930267792526,0.001803930267792526
IGKV1-27,-0.001803893517402679,0.001803893517402679
NUPR2,-0.0018038935174026728,0.0018038935174026728
IGHV1OR15-2,-0.0018038935174026728,0.0018038935174026728
ENSG00000269895,-0.0018038935174026658,0.0018038935174026658
ENSG00000287691,-0.0018038935174026658,0.0018038935174026658
ENSG00000254721,-0.0018038935174026658,0.0018038935174026658
ENSG00000251409,-0.0018038935174026658,0.0018038935174026658
KHK,-0.0018038935174026658,0.0018038935174026658
ENOX1-AS1,-0.0018038935174026658,0.0018038935174026658
ENSG00000203546,-0.0018038935174026658,0.0018038935174026658
ENSG00000257732,-0.0018038935174026658,0.0018038935174026658
ENSG00000285636,-0.0018038935174026658,0.0018038935174026658
ENSG00000259269,-0.0018038935174026658,0.0018038935174026658
ENSG00000287666,-0.0018038935174026658,0.0018038935174026658
ENSG00000235237,-0.0018038935174026658,0.0018038935174026658
ENSG00000261472,-0.0018038935174026658,0.0018038935174026658
FZD1,-0.0018038935174026658,0.0018038935174026658
FAM237B,-0.0018038935174026658,0.0018038935174026658
ENSG00000267762,-0.0018038935174026658,0.0018038935174026658
HMCN2,-0.0018038935174026658,0.0018038935174026658
ENSG00000289852,-0.0018038935174026658,0.0018038935174026658
FMO4,-0.0018038935174026658,0.0018038935174026658
ENSG00000284461,-0.0018038935174026658,0.0018038935174026658
ENSG00000285840,-0.0018038935174026658,0.0018038935174026658
ENSG00000254536,-0.0018038935174026658,0.0018038935174026658
FAM227A,-0.0018038935174026658,0.0018038935174026658
HAS2-AS1,-0.0018038935174026658,0.0018038935174026658
ENSG00000268707,-0.0018038935174026658,0.0018038935174026658
HMGB3P4,-0.0018038935174026658,0.0018038935174026658
ENSG00000270055,-0.0018038935174026658,0.0018038935174026658
ENSG00000269172,-0.0018038935174026658,0.0018038935174026658
FAM87B,-0.0018038935174026658,0.0018038935174026658
ERMAP,-0.0018038935174026658,0.0018038935174026658
ENSG00000270019,-0.0018038935174026658,0.0018038935174026658
EEF1AKMT2,-0.0018038935174026658,0.0018038935174026658
GABRB2,-0.0018038935174026658,0.0018038935174026658
ENSG00000291054,-0.0018038935174026658,0.0018038935174026658
ENSG00000231353,-0.0018038935174026658,0.0018038935174026658
ENSG00000275693,-0.0018038935174026658,0.0018038935174026658
ENSG00000253106,-0.0018038935174026658,0.0018038935174026658
HSDL2-AS1,-0.0018038935174026658,0.0018038935174026658
FTH1P1,-0.0018038935174026658,0.0018038935174026658
ENSG00000234459,-0.0018038935174026658,0.0018038935174026658
ENSG00000276412,-0.0018038935174026658,0.0018038935174026658
ENSG00000235085,-0.0018038935174026658,0.0018038935174026658
ENSG00000257207,-0.0018038935174026658,0.0018038935174026658
ENSG00000289304,-0.0018038935174026658,0.0018038935174026658
ENSG00000279333,-0.0018038935174026658,0.0018038935174026658
ENSG00000279649,-0.0018038935174026658,0.0018038935174026658
ENSG00000289618,-0.0018038935174026658,0.0018038935174026658
ENSG00000229717,-0.0018038935174026658,0.0018038935174026658
ENSG00000285751,-0.0018038935174026658,0.0018038935174026658
ENSG00000234589,-0.0018038935174026658,0.0018038935174026658
ENSG00000287133,-0.0018038935174026658,0.0018038935174026658
ENSG00000289470,-0.0018038935174026658,0.0018038935174026658
ENSG00000287145,-0.0018038935174026658,0.0018038935174026658
HIGD1C,-0.0018038935174026658,0.0018038935174026658
ENSG00000280011,-0.0018038935174026658,0.0018038935174026658
ENSG00000280010,-0.0018038935174026658,0.0018038935174026658
ENSG00000290931,-0.0018038935174026658,0.0018038935174026658
EEF1E1,-0.0018038935174026658,0.0018038935174026658
ENSG00000258663,-0.0018038935174026658,0.0018038935174026658
ENSG00000234428,-0.0018038935174026658,0.0018038935174026658
ENSG00000286938,-0.0018038935174026658,0.0018038935174026658
ENSG00000290989,-0.0018038935174026658,0.0018038935174026658
ENSG00000285708,-0.0018038935174026658,0.0018038935174026658
KDM7A-DT,-0.0018038935174026658,0.0018038935174026658
ENSG00000279353,-0.0018038935174026658,0.0018038935174026658
ENSG00000256204,-0.0018038935174026658,0.0018038935174026658
FUT8-AS1,-0.0018038935174026658,0.0018038935174026658
ENSG00000276261,-0.0018038935174026658,0.0018038935174026658
ENSG00000272498,-0.0018038935174026658,0.0018038935174026658
ENSG00000270574,-0.0018038935174026658,0.0018038935174026658
ENSG00000267484,-0.0018038935174026658,0.0018038935174026658
ENSG00000288773,-0.0018038935174026658,0.0018038935174026658
ENSG00000253507,-0.0018038935174026658,0.0018038935174026658
ENSG00000278703,-0.0018038935174026658,0.0018038935174026658
ENSG00000288827,-0.0018038935174026658,0.0018038935174026658
GJA5,-0.0018038935174026658,0.0018038935174026658
ENSG00000261218,-0.0018038935174026658,0.0018038935174026658
IGKV1-33,-0.0018038935174026658,0.0018038935174026658
ENSG00000224797,-0.0018038935174026658,0.0018038935174026658
ENSG00000257368,-0.0018038935174026658,0.0018038935174026658
ELAPOR2,-0.0018038935174026658,0.0018038935174026658
ENSG00000271947,-0.0018038935174026658,0.0018038935174026658
IQSEC3,-0.0018038935174026658,0.0018038935174026658
ENSG00000273141,-0.0018038935174026658,0.0018038935174026658
ENSG00000289164,-0.0018038935174026658,0.0018038935174026658
ENSG00000290733,-0.0018038935174026658,0.0018038935174026658
ENSG00000273338,-0.0018038935174026658,0.0018038935174026658
ENSG00000242628,-0.0018038935174026658,0.0018038935174026658
ENSG00000286606,-0.0018038935174026658,0.0018038935174026658
ENSG00000265801,-0.0018038935174026658,0.0018038935174026658
ENSG00000290048,-0.0018038935174026658,0.0018038935174026658
ENSG00000273471,-0.0018038935174026658,0.0018038935174026658
ENSG00000240739,-0.0018038935174026658,0.0018038935174026658
ENSG00000288835,-0.0018038935174026658,0.0018038935174026658
ENSG00000285560,-0.0018038935174026658,0.0018038935174026658
ENSG00000272368,-0.0018038935174026658,0.0018038935174026658
INCA1,-0.0018038935174026658,0.0018038935174026658
ENSG00000240898,-0.0018038935174026658,0.0018038935174026658
ENSG00000272656,-0.0018038935174026658,0.0018038935174026658
GNA15-DT,-0.0018038935174026658,0.0018038935174026658
ENSG00000278518,-0.0018038935174026658,0.0018038935174026658
FCGR1BP,-0.0018038935174026658,0.0018038935174026658
INSRR,-0.0018038935174026658,0.0018038935174026658
ENSG00000249621,-0.0018038935174026658,0.0018038935174026658
GLO1,-0.0018038935174026658,0.0018038935174026658
GNG8,-0.0018038935174026658,0.0018038935174026658
IGKV2-28,-0.0018038935174026658,0.0018038935174026658
ENSG00000248863,-0.0018038935174026658,0.0018038935174026658
GOLGA5,-0.0018038935174026658,0.0018038935174026658
ENSG00000272103,-0.0018038935174026658,0.0018038935174026658
GOLM1,-0.0018038935174026658,0.0018038935174026658
ENSG00000226266,-0.0018038935174026658,0.0018038935174026658
ENSG00000266953,-0.0018038935174026658,0.0018038935174026658
ENSG00000225057,-0.0018038935174026658,0.0018038935174026658
IGLC7,-0.0018038935174026658,0.0018038935174026658
GK,-0.0018038935174026658,0.0018038935174026658
ENSG00000264668,-0.0018038935174026658,0.0018038935174026658
ENSG00000261312,-0.0018038935174026658,0.0018038935174026658
IGHV3OR16-6,-0.0018038935174026658,0.0018038935174026658
ENSG00000288032,-0.0018038935174026658,0.0018038935174026658
GSTO3P,-0.0018038935174026658,0.0018038935174026658
ENSG00000231873,-0.0018038935174026658,0.0018038935174026658
ENSG00000289269,-0.0018038935174026658,0.0018038935174026658
ENSG00000279594,-0.0018038935174026658,0.0018038935174026658
ENSG00000257384,-0.0018038935174026658,0.0018038935174026658
GTF2A1L,-0.0018038935174026658,0.0018038935174026658
ENSG00000264007,-0.0018038935174026658,0.0018038935174026658
ENSG00000256557,-0.0018038935174026658,0.0018038935174026658
ENSG00000233388,-0.0018038935174026658,0.0018038935174026658
EHBP1,-0.0018038935174026658,0.0018038935174026658
ENSG00000288598,-0.0018038935174026658,0.0018038935174026658
ENSG00000270130,-0.0018038935174026658,0.0018038935174026658
ENSG00000288000,-0.0018038935174026658,0.0018038935174026658
GUCY1B1,-0.0018038935174026658,0.0018038935174026658
ENSG00000231703,-0.0018038935174026658,0.0018038935174026658
ENSG00000274415,-0.0018038935174026658,0.0018038935174026658
ENSG00000267412,-0.0018038935174026658,0.0018038935174026658
ENSG00000237768,-0.0018038935174026658,0.0018038935174026658
IARS2,-0.0018038935174026658,0.0018038935174026658
ENSG00000279663,-0.0018038935174026658,0.0018038935174026658
ENSG00000274220,-0.0018038935174026658,0.0018038935174026658
ENSG00000264112,-0.0018038935174026658,0.0018038935174026658
GBAP1,-0.0018038935174026658,0.0018038935174026658
ENSG00000253335,-0.0018038935174026658,0.0018038935174026658
ENSG00000273691,-0.0018038935174026658,0.0018038935174026658
ERVFRD-1,-0.0018038935174026658,0.0018038935174026658
F2R,-0.0018038935174026658,0.0018038935174026658
ENSG00000227400,-0.0018038935174026658,0.0018038935174026658
GPX8,-0.0018038935174026658,0.0018038935174026658
ENSG00000267271,-0.0018038935174026658,0.0018038935174026658
FGF1,-0.0018038935174026658,0.0018038935174026658
ENSG00000232063,-0.0018038935174026658,0.0018038935174026658
ENSG00000273828,-0.0018038935174026658,0.0018038935174026658
ENSG00000291165,-0.0018038935174026658,0.0018038935174026658
GRASLND,-0.0018038935174026658,0.0018038935174026658
GCC2-AS1,-0.0018038935174026658,0.0018038935174026658
GBP7,-0.0018038935174026658,0.0018038935174026658
ENSG00000286667,-0.0018038935174026658,0.0018038935174026658
ENSG00000267298,-0.0018038935174026658,0.0018038935174026658
ENSG00000232031,-0.0018038935174026658,0.0018038935174026658
FADD,-0.0018038935174026658,0.0018038935174026658
ENSG00000253370,-0.0018038935174026658,0.0018038935174026658
ENSG00000285909,-0.0018038935174026658,0.0018038935174026658
ENSG00000286411,-0.0018038935174026658,0.0018038935174026658
5S_rRNA,-0.0018038935174026658,0.0018038935174026658
RHBDL2,-0.0018038935174026658,0.0018038935174026658
ASPSCR1,-0.0018038935174026658,0.0018038935174026658
ZFP41,-0.0018038935174026658,0.0018038935174026658
MIR3680-2,-0.0018038935174026658,0.0018038935174026658
MIR302CHG,-0.0018038935174026658,0.0018038935174026658
LRRC2,-0.0018038935174026658,0.0018038935174026658
MXRA5Y,-0.0018038935174026658,0.0018038935174026658
MILR1,-0.0018038935174026658,0.0018038935174026658
LRRC37A,-0.0018038935174026658,0.0018038935174026658
RN7SKP55,-0.0018038935174026658,0.0018038935174026658
ZC3H4,-0.0018038935174026658,0.0018038935174026658
RN7SKP227,-0.0018038935174026658,0.0018038935174026658
RHO,-0.0018038935174026658,0.0018038935174026658
TCEANC2,-0.0018038935174026658,0.0018038935174026658
BCLAF1,-0.0018038935174026658,0.0018038935174026658
YTHDF2,-0.0018038935174026658,0.0018038935174026658
CCNJ,-0.0018038935174026658,0.0018038935174026658
AP2A2,-0.0018038935174026658,0.0018038935174026658
SNX2,-0.0018038935174026658,0.0018038935174026658
SNX24,-0.0018038935174026658,0.0018038935174026658
SOCAR,-0.0018038935174026658,0.0018038935174026658
BCDIN3D-AS1,-0.0018038935174026658,0.0018038935174026658
LYPD1,-0.0018038935174026658,0.0018038935174026658
DDX28,-0.0018038935174026658,0.0018038935174026658
ATP1B1P1,-0.0018038935174026658,0.0018038935174026658
RN7SKP93,-0.0018038935174026658,0.0018038935174026658
LONP1,-0.0018038935174026658,0.0018038935174026658
DNAJC13,-0.0018038935174026658,0.0018038935174026658
RPL12P10,-0.0018038935174026658,0.0018038935174026658
PLBD1,-0.0018038935174026658,0.0018038935174026658
RNVU1-19,-0.0018038935174026658,0.0018038935174026658
RNU6-853P,-0.0018038935174026658,0.0018038935174026658
RNU6-22P,-0.0018038935174026658,0.0018038935174026658
ZNF214,-0.0018038935174026658,0.0018038935174026658
RNU6-2,-0.0018038935174026658,0.0018038935174026658
CCDC200,-0.0018038935174026658,0.0018038935174026658
RNU4-9P,-0.0018038935174026658,0.0018038935174026658
LINC02696,-0.0018038935174026658,0.0018038935174026658
RNU1-11P,-0.0018038935174026658,0.0018038935174026658
OACYLP,-0.0018038935174026658,0.0018038935174026658
TM9SF5P,-0.0018038935174026658,0.0018038935174026658
APOE,-0.0018038935174026658,0.0018038935174026658
RNF175,-0.0018038935174026658,0.0018038935174026658
RNASE2CP,-0.0018038935174026658,0.0018038935174026658
BDNF,-0.0018038935174026658,0.0018038935174026658
RNA5SP226,-0.0018038935174026658,0.0018038935174026658
CGREF1,-0.0018038935174026658,0.0018038935174026658
CYB561,-0.0018038935174026658,0.0018038935174026658
TRIM21,-0.0018038935174026658,0.0018038935174026658
MFSD14A,-0.0018038935174026658,0.0018038935174026658
PCBP1,-0.0018038935174026658,0.0018038935174026658
MUSK,-0.0018038935174026658,0.0018038935174026658
MTND1P10,-0.0018038935174026658,0.0018038935174026658
MAPK6P3,-0.0018038935174026658,0.0018038935174026658
PDSS1,-0.0018038935174026658,0.0018038935174026658
SSUH2,-0.0018038935174026658,0.0018038935174026658
CYP46A1,-0.0018038935174026658,0.0018038935174026658
CDK20,-0.0018038935174026658,0.0018038935174026658
MTHFD1L,-0.0018038935174026658,0.0018038935174026658
PENK,-0.0018038935174026658,0.0018038935174026658
DGCR6L,-0.0018038935174026658,0.0018038935174026658
CDK5R1,-0.0018038935174026658,0.0018038935174026658
STAG3L4,-0.0018038935174026658,0.0018038935174026658
SUCLG2-DT,-0.0018038935174026658,0.0018038935174026658
VIPR2,-0.0018038935174026658,0.0018038935174026658
CYP4F35P,-0.0018038935174026658,0.0018038935174026658
SULT1C2,-0.0018038935174026658,0.0018038935174026658
ATP5MK,-0.0018038935174026658,0.0018038935174026658
CLEC2B,-0.0018038935174026658,0.0018038935174026658
TUBAP13,-0.0018038935174026658,0.0018038935174026658
CLEC9A,-0.0018038935174026658,0.0018038935174026658
ALG1,-0.0018038935174026658,0.0018038935174026658
PRPF38B,-0.0018038935174026658,0.0018038935174026658
ASAP3,-0.0018038935174026658,0.0018038935174026658
RAB1A,-0.0018038935174026658,0.0018038935174026658
AGTRAP,-0.0018038935174026658,0.0018038935174026658
SPCS2,-0.0018038935174026658,0.0018038935174026658
PRKCE,-0.0018038935174026658,0.0018038935174026658
ALKBH4,-0.0018038935174026658,0.0018038935174026658
SPDYE5,-0.0018038935174026658,0.0018038935174026658
CD300C,-0.0018038935174026658,0.0018038935174026658
MAGEL2,-0.0018038935174026658,0.0018038935174026658
AGBL2,-0.0018038935174026658,0.0018038935174026658
TSHR,-0.0018038935174026658,0.0018038935174026658
PRADX,-0.0018038935174026658,0.0018038935174026658
TIE1,-0.0018038935174026658,0.0018038935174026658
RBM6,-0.0018038935174026658,0.0018038935174026658
MAGIX,-0.0018038935174026658,0.0018038935174026658
RBM4B,-0.0018038935174026658,0.0018038935174026658
CNOT11,-0.0018038935174026658,0.0018038935174026658
PDE4DIPP6,-0.0018038935174026658,0.0018038935174026658
RBAK-RBAKDN,-0.0018038935174026658,0.0018038935174026658
MTND4P7,-0.0018038935174026658,0.0018038935174026658
WTAPP1,-0.0018038935174026658,0.0018038935174026658
WT1-AS,-0.0018038935174026658,0.0018038935174026658
SYF2P2,-0.0018038935174026658,0.0018038935174026658
NDUFAF8,-0.0018038935174026658,0.0018038935174026658
RAMP3,-0.0018038935174026658,0.0018038935174026658
THUMPD3,-0.0018038935174026658,0.0018038935174026658
DOCK9-DT,-0.0018038935174026658,0.0018038935174026658
CEP85,-0.0018038935174026658,0.0018038935174026658
C2orf66,-0.0018038935174026658,0.0018038935174026658
KLF2,-0.0018038935174026658,0.0018038935174026658
AMPH,-0.0018038935174026658,0.0018038935174026658
KRT8P47,-0.0018038935174026658,0.0018038935174026658
TNPO2,-0.0018038935174026658,0.0018038935174026658
RPL22L1,-0.0018038935174026658,0.0018038935174026658
CHRDL2,-0.0018038935174026658,0.0018038935174026658
DUXA,-0.0018038935174026658,0.0018038935174026658
RPS3AP5,-0.0018038935174026658,0.0018038935174026658
CSRP1-AS1,-0.0018038935174026658,0.0018038935174026658
ZNF497,-0.0018038935174026658,0.0018038935174026658
NPIPB6,-0.0018038935174026658,0.0018038935174026658
LINC00668,-0.0018038935174026658,0.0018038935174026658
TBCAP2,-0.0018038935174026658,0.0018038935174026658
CAPNS2,-0.0018038935174026658,0.0018038935174026658
TMEM130,-0.0018038935174026658,0.0018038935174026658
RPS15AP6,-0.0018038935174026658,0.0018038935174026658
RPS15AP25,-0.0018038935174026658,0.0018038935174026658
KIF24,-0.0018038935174026658,0.0018038935174026658
NPTX2,-0.0018038935174026658,0.0018038935174026658
LINC00612,-0.0018038935174026658,0.0018038935174026658
UFC1,-0.0018038935174026658,0.0018038935174026658
KRT8P29,-0.0018038935174026658,0.0018038935174026658
KRT81,-0.0018038935174026658,0.0018038935174026658
SHFL,-0.0018038935174026658,0.0018038935174026658
RSF1-IT2,-0.0018038935174026658,0.0018038935174026658
ZNF747-DT,-0.0018038935174026658,0.0018038935174026658
NEK6,-0.0018038935174026658,0.0018038935174026658
KLHL22,-0.0018038935174026658,0.0018038935174026658
PLXNA3,-0.0018038935174026658,0.0018038935174026658
NFYB,-0.0018038935174026658,0.0018038935174026658
ANGPTL6,-0.0018038935174026658,0.0018038935174026658
ABHD12B,-0.0018038935174026658,0.0018038935174026658
NGEF,-0.0018038935174026658,0.0018038935174026658
CA13,-0.0018038935174026658,0.0018038935174026658
SFT2D1,-0.0018038935174026658,0.0018038935174026658
SFXN3,-0.0018038935174026658,0.0018038935174026658
KPNB1-DT,-0.0018038935174026658,0.0018038935174026658
UBE2Q1,-0.0018038935174026658,0.0018038935174026658
C13orf46,-0.0018038935174026658,0.0018038935174026658
TMEM198B,-0.0018038935174026658,0.0018038935174026658
CRY2,-0.0018038935174026658,0.0018038935174026658
TMSB4XP8,-0.0018038935174026658,0.0018038935174026658
RTCA,-0.0018038935174026658,0.0018038935174026658
KRT223P,-0.0018038935174026658,0.0018038935174026658
CPVL-AS1,-0.0018038935174026658,0.0018038935174026658
SDK1-AS1,-0.0018038935174026658,0.0018038935174026658
CHN2-AS1,-0.0018038935174026658,0.0018038935174026658
CHPF2,-0.0018038935174026658,0.0018038935174026658
BRICD5,-0.0018038935174026658,0.0018038935174026658
NR4A2,-0.0018038935174026658,0.0018038935174026658
TMEM269,-0.0018038935174026658,0.0018038935174026658
A1BG-AS1,-0.0018038935174026658,0.0018038935174026658
LINC01788,-0.0018038935174026658,0.0018038935174026658
NSA2P6,-0.0018038935174026658,0.0018038935174026658
UBAP1,-0.0018038935174026658,0.0018038935174026658
DPY30,-0.0018038935174026658,0.0018038935174026658
CIP2A,-0.0018038935174026658,0.0018038935174026658
ZNF295-AS1,-0.0018038935174026658,0.0018038935174026658
ACTA2,-0.0018038935174026658,0.0018038935174026658
LINC00882,-0.0018038935174026658,0.0018038935174026658
SLC25A39P1,-0.0018038935174026658,0.0018038935174026658
RPL36P2,-0.0018038935174026658,0.0018038935174026658
ZNF334,-0.0018038935174026658,0.0018038935174026658
LINC00689,-0.0018038935174026658,0.0018038935174026658
SLC66A1,-0.0018038935174026658,0.0018038935174026658
LINC02223,-0.0018038935174026658,0.0018038935174026658
NSD3,-0.0018038935174026658,0.0018038935174026658
ENSG00000227338,0.0018031917228475676,0.0018031917228475676
HOXA13,-0.0018031397048029808,0.0018031397048029808
MAILR,-0.0018029708821638356,0.0018029708821638356
RAC1,-0.001802102606792354,0.001802102606792354
GNPDA2,-0.001801893278674577,0.001801893278674577
SPPL2A,-0.0018017717435345221,0.0018017717435345221
IGLV2-18,-0.0018017648115682043,0.0018017648115682043
XPC,-0.0018013313427394444,0.0018013313427394444
SERP1,-0.0018011028252172068,0.0018011028252172068
ABHD3,0.0018010124711253731,0.0018010124711253731
MRPL45P2,0.0018008287244042343,0.0018008287244042343
ADD3,0.0018004548552480323,0.0018004548552480323
ARL4A,-0.0018000304673755061,0.0018000304673755061
PXMP2,-0.0017998562272928266,0.0017998562272928266
KLHL8,-0.001799770198612544,0.001799770198612544
LRATD1,0.0017995115314750568,0.0017995115314750568
IGKV1-5,0.001798203370474938,0.001798203370474938
THAP3,0.0017980939950828362,0.0017980939950828362
FGD2,-0.0017971796063406546,0.0017971796063406546
CCDC40,-0.0017969025591536565,0.0017969025591536565
ENSG00000288079,-0.0017969025591536565,0.0017969025591536565
BACH2,0.0017966972724097637,0.0017966972724097637
GIN1,-0.0017965186577281356,0.0017965186577281356
ARID2,0.0017960703976012717,0.0017960703976012717
UBE2J2,-0.0017959068573144762,0.0017959068573144762
KCNMB1,-0.0017955314816367946,0.0017955314816367946
CASP3,-0.0017953536447094728,0.0017953536447094728
FAM114A1,-0.0017951889361670012,0.0017951889361670012
ATP5MC2P1,-0.0017948146179569198,0.0017948146179569198
ST8SIA6-AS1,0.001794758192673434,0.001794758192673434
EIF1AD,0.0017945656679805597,0.0017945656679805597
ENSG00000256433,0.0017945656679805597,0.0017945656679805597
CEP68,-0.0017943305487744432,0.0017943305487744432
ZNF681,-0.0017941874887521727,0.0017941874887521727
SYTL3,0.0017938596114991218,0.0017938596114991218
ENSG00000249072,0.0017938513190753796,0.0017938513190753796
LINC00511,-0.0017937388892487935,0.0017937388892487935
ZNF713,-0.0017935187938625612,0.0017935187938625612
EIF1B-AS1,-0.0017934497165774767,0.0017934497165774767
LINC02614,-0.0017934241005799173,0.0017934241005799173
PDGFA,-0.0017920357713664405,0.0017920357713664405
ZNF252P,0.001791970753180851,0.001791970753180851
SPN,0.0017918430417519441,0.0017918430417519441
ENSG00000261338,-0.0017917349892835842,0.0017917349892835842
ENSG00000279622,0.0017916919152410951,0.0017916919152410951
ENSG00000288852,0.001790852352405483,0.001790852352405483
CBR4,-0.0017906562575424776,0.0017906562575424776
PCTP,-0.0017900051384815048,0.0017900051384815048
ZDHHC8,-0.0017894391086532334,0.0017894391086532334
THTPA,0.0017894187793235556,0.0017894187793235556
SLC39A13,-0.0017893911627177672,0.0017893911627177672
SPTLC2,-0.001789051302396135,0.001789051302396135
PARM1,-0.001788987442336037,0.001788987442336037
UHRF1,-0.001788486528748359,0.001788486528748359
RPS19,0.0017881214221925953,0.0017881214221925953
MYNN,0.0017875102956018316,0.0017875102956018316
PIK3C2G,0.0017864751761676979,0.0017864751761676979
CRHBP,0.0017864751761676979,0.0017864751761676979
STARD3NL,0.0017864751761676979,0.0017864751761676979
PI16,0.0017864751761676979,0.0017864751761676979
SEC63,-0.0017861563906294226,0.0017861563906294226
ENSG00000243243,0.0017851128920160736,0.0017851128920160736
KLHL4,0.0017851128920160736,0.0017851128920160736
EXOSC2,0.0017851128920160736,0.0017851128920160736
PPA2,-0.0017842752479356862,0.0017842752479356862
SMCR8,-0.0017830958518106194,0.0017830958518106194
LINC00865,0.0017825274773785415,0.0017825274773785415
PTCHD4,-0.0017822235012620183,0.0017822235012620183
PNO1,-0.0017822116651499543,0.0017822116651499543
RBM8A,0.0017819155373994273,0.0017819155373994273
RPS11P7,-0.0017815545819030683,0.0017815545819030683
TM9SF1,0.0017815489728850358,0.0017815489728850358
TMEM268,0.0017813387872622646,0.0017813387872622646
RCN2,-0.001781261780702754,0.001781261780702754
ORAI2,-0.0017806125404634457,0.0017806125404634457
SLC9A1,0.0017802669988420375,0.0017802669988420375
MORN4,-0.0017799546112093995,0.0017799546112093995
CENPU,0.0017797976444328652,0.0017797976444328652
ENSG00000279030,-0.0017795044204989882,0.0017795044204989882
CCDC15,-0.0017795044204989882,0.0017795044204989882
MECP2,0.0017794448986967412,0.0017794448986967412
GNS,0.0017792827718562012,0.0017792827718562012
ENSG00000288669,-0.0017787843602475263,0.0017787843602475263
CAVIN2,0.0017787624382856696,0.0017787624382856696
SLC25A3,-0.0017787591188759503,0.0017787591188759503
CCDC9B,0.0017785989837299308,0.0017785989837299308
ZYX,0.0017785989837299308,0.0017785989837299308
TMEM200A,0.0017785989837299308,0.0017785989837299308
FMR1,0.0017785989837299308,0.0017785989837299308
ABT1,0.0017785989837299308,0.0017785989837299308
COPE,0.0017785989837299308,0.0017785989837299308
ENSG00000279861,0.0017785989837299308,0.0017785989837299308
GATB,0.0017785989837299308,0.0017785989837299308
DIRAS1,0.0017785989837299308,0.0017785989837299308
DDX42,-0.0017783191757659933,0.0017783191757659933
DIP2B,-0.0017774146200901638,0.0017774146200901638
NMD3,-0.0017774089894498195,0.0017774089894498195
ENSG00000213963,-0.0017769405155335096,0.0017769405155335096
BCAT1,-0.0017766332537829579,0.0017766332537829579
YJU2,0.00177628918311589,0.00177628918311589
TRMT9B,-0.001773290628142282,0.001773290628142282
CYRIA,-0.0017732006911952984,0.0017732006911952984
ENSG00000230387,-0.0017732006911952984,0.0017732006911952984
ENSG00000227615,0.001773007716108705,0.001773007716108705
CACNA1C,-0.0017728275974662152,0.0017728275974662152
NUMB,0.0017725407090281539,0.0017725407090281539
ACSL3,-0.0017723207653488995,0.0017723207653488995
RAB4A-AS1,-0.0017721678916176452,0.0017721678916176452
HINFP,-0.0017710336438430713,0.0017710336438430713
IRF1-AS1,0.0017708993459156185,0.0017708993459156185
SUMF2,-0.0017708855788357062,0.0017708855788357062
PAPOLA,-0.0017708749549187888,0.0017708749549187888
FLJ38576,0.001770712147263234,0.001770712147263234
CLDN14-AS1,-0.0017703916726929368,0.0017703916726929368
RPL31,-0.0017703057682080003,0.0017703057682080003
ALG8,-0.0017702244901959985,0.0017702244901959985
HSPB11,0.0017700903148538721,0.0017700903148538721
MAP3K6,0.0017697823929043988,0.0017697823929043988
RNF14,-0.001769494064907919,0.001769494064907919
ZC3H11A,0.001769417311431619,0.001769417311431619
TMEM116,0.0017692593850168372,0.0017692593850168372
CIDEC,0.0017692593850168372,0.0017692593850168372
TMEM38A,0.0017692593850168372,0.0017692593850168372
TMEM30B,0.0017692593850168372,0.0017692593850168372
ENSG00000289872,0.0017692593850168372,0.0017692593850168372
ENSG00000255389,0.0017692593850168372,0.0017692593850168372
ENSG00000289912,0.0017692593850168372,0.0017692593850168372
ENSG00000284610,0.0017692593850168372,0.0017692593850168372
USF2,0.0017692593850168372,0.0017692593850168372
ENSG00000290090,0.0017692593850168372,0.0017692593850168372
ENSG00000290829,0.0017692593850168372,0.0017692593850168372
ENSG00000238279,0.0017692593850168372,0.0017692593850168372
QRSL1P3,0.0017692593850168372,0.0017692593850168372
CD8B,0.0017692593850168372,0.0017692593850168372
IGKV1-8,-0.0017690705858467845,0.0017690705858467845
LINC02888,-0.0017690705858467845,0.0017690705858467845
ENSG00000262879,-0.0017688749894662899,0.0017688749894662899
TLE1,-0.0017687300701689484,0.0017687300701689484
PHACTR4,-0.001768574201268533,0.001768574201268533
RAB3IL1,-0.0017682327613990473,0.0017682327613990473
ENSG00000279555,0.001768209252988936,0.001768209252988936
PSPN,0.001768209252988936,0.001768209252988936
RN7SKP80,0.001768209252988936,0.001768209252988936
RFX5,0.001768209252988936,0.001768209252988936
NME1,0.001768209252988936,0.001768209252988936
ENSG00000279917,0.001768209252988936,0.001768209252988936
CCDC144BP,0.001768209252988936,0.001768209252988936
ACTR1B,0.001768209252988936,0.001768209252988936
EEF1A1P50,0.001768209252988936,0.001768209252988936
RBM15,0.001768209252988936,0.001768209252988936
CLASP1-AS1,0.001768209252988936,0.001768209252988936
SPHK2,0.0017667931905029596,0.0017667931905029596
TBRG1,0.001766002673066537,0.001766002673066537
C1orf198,0.001765296616585117,0.001765296616585117
ADD3-AS1,0.0017651610764124104,0.0017651610764124104
GORASP2,0.0017645608153297172,0.0017645608153297172
SLC7A8,-0.0017642031910236093,0.0017642031910236093
MAGI2,-0.0017639130762345941,0.0017639130762345941
ADAMTS17,-0.001763516106364353,0.001763516106364353
BTN3A3,-0.0017630130902877655,0.0017630130902877655
ENSG00000289189,-0.0017630130902877655,0.0017630130902877655
ENSG00000290095,-0.0017630130902877655,0.0017630130902877655
PINX1,-0.0017630130902877655,0.0017630130902877655
H1-2,-0.0017630130902877655,0.0017630130902877655
ENSG00000287319,-0.0017630130902877655,0.0017630130902877655
MIDEAS-AS1,-0.0017630130902877655,0.0017630130902877655
ZFP91-CNTF,-0.0017630130902877655,0.0017630130902877655
GJA4,-0.0017630130902877655,0.0017630130902877655
CXCL14,-0.0017630130902877655,0.0017630130902877655
ZMYM4,-0.0017630130902877655,0.0017630130902877655
ENSG00000260798,-0.0017630130902877655,0.0017630130902877655
ENSG00000285269,-0.0017630130902877655,0.0017630130902877655
EIF4HP2,-0.0017630130902877655,0.0017630130902877655
SNORA33,-0.0017630130902877655,0.0017630130902877655
ALOX15B,-0.0017630130902877655,0.0017630130902877655
RFXAP,-0.0017630130902877655,0.0017630130902877655
PIM3,-0.0017630130902877655,0.0017630130902877655
ENSG00000288982,-0.0017630130902877655,0.0017630130902877655
ZNF274,-0.0017630130902877655,0.0017630130902877655
ENSG00000285000,-0.0017630130902877655,0.0017630130902877655
PTK6,-0.0017630130902877655,0.0017630130902877655
SREBF2-AS1,-0.0017630130902877655,0.0017630130902877655
ENSG00000285827,-0.0017630130902877655,0.0017630130902877655
SOX10,-0.0017630130902877655,0.0017630130902877655
AGPAT2,-0.0017630130902877655,0.0017630130902877655
SF1-DT,-0.0017630130902877655,0.0017630130902877655
PPP3CB,-0.0017630130902877655,0.0017630130902877655
ALG12,-0.0017630130902877655,0.0017630130902877655
CD37,-0.0017630130902877655,0.0017630130902877655
BANF1P1,-0.0017630130902877655,0.0017630130902877655
FAF1,-0.0017630130902877655,0.0017630130902877655
ENSG00000288942,-0.0017630130902877655,0.0017630130902877655
DYNC2I1,-0.0017630130902877655,0.0017630130902877655
ENSG00000272240,-0.0017630130902877655,0.0017630130902877655
RPL21P132,-0.0017630130902877646,0.0017630130902877646
XRCC5,-0.0017625639248876842,0.0017625639248876842
C19orf44,-0.0017624698018075275,0.0017624698018075275
TTN-AS1,0.0017623075375493753,0.0017623075375493753
ZNF347,-0.0017619276674867334,0.0017619276674867334
CHORDC1,-0.0017618088209998646,0.0017618088209998646
NCOR1,-0.001761278485267772,0.001761278485267772
TSEN15,-0.0017597924590309936,0.0017597924590309936
TMEM38B,-0.0017597021192243747,0.0017597021192243747
AMZ1,-0.001759400419612491,0.001759400419612491
ENSG00000259363,-0.0017589147916451725,0.0017589147916451725
ENSG00000242814,-0.0017586147255748206,0.0017586147255748206
RPS6KA1,0.0017579799328161505,0.0017579799328161505
METTL3,-0.0017579263784027314,0.0017579263784027314
EEF1B2P2,-0.0017570246414800885,0.0017570246414800885
PPP1R16B,0.001756645240589597,0.001756645240589597
IGKV3-11,-0.0017565880132585576,0.0017565880132585576
RANBP6,0.0017564959031889254,0.0017564959031889254
VPS54,-0.0017564290483363565,0.0017564290483363565
PARP1,0.0017551739491573413,0.0017551739491573413
DBT,-0.001754901015585156,0.001754901015585156
SDHA,0.0017535476986942306,0.0017535476986942306
MRFAP1,-0.001753049835069694,0.001753049835069694
ENSG00000273329,-0.001752950181329115,0.001752950181329115
MEGF10,-0.0017527931801677792,0.0017527931801677792
ENSG00000187229,-0.0017527931801677792,0.0017527931801677792
BHLHE40,-0.001752684389463615,0.001752684389463615
IL19,-0.0017525698175847803,0.0017525698175847803
SLC22A15,-0.0017525698175847803,0.0017525698175847803
SLC25A43,-0.0017525698175847803,0.0017525698175847803
ZNF169,-0.001752525413107154,0.001752525413107154
PGM3,-0.0017522575094851725,0.0017522575094851725
LYRM1,0.001751954352139651,0.001751954352139651
DDHD2,-0.001751907028313264,0.001751907028313264
ZNF573,-0.001751472492544345,0.001751472492544345
MATN1,0.0017513257297828535,0.0017513257297828535
TAX1BP1,0.0017513257297828535,0.0017513257297828535
SCHIP1,-0.0017510075812756302,0.0017510075812756302
PCCB,-0.0017504246460740011,0.0017504246460740011
SEPTIN4,-0.0017498146351777233,0.0017498146351777233
ZRANB2,-0.0017495720158643019,0.0017495720158643019
ATP5MGL,-0.0017495720158643019,0.0017495720158643019
C1orf131,-0.001748519876918558,0.001748519876918558
N4BP2L2-IT2,-0.0017481551544021653,0.0017481551544021653
CHRM3,-0.0017480079303999316,0.0017480079303999316
TXLNB,-0.0017480079303999316,0.0017480079303999316
RGMB,-0.0017477787290980263,0.0017477787290980263
SGTB,-0.001747557750688037,0.001747557750688037
VIL1,-0.001747213013192937,0.001747213013192937
DAG1,-0.001747213013192937,0.001747213013192937
SYNJ2,-0.0017468304649714858,0.0017468304649714858
THUMPD3-AS1,-0.0017459974142791982,0.0017459974142791982
IBSP,0.001745977359145048,0.001745977359145048
ITGA11,-0.0017451994968953888,0.0017451994968953888
RASSF9,0.0017448004138180225,0.0017448004138180225
RBM34,-0.0017446693473533099,0.0017446693473533099
NSUN6,0.0017446242568787147,0.0017446242568787147
ENSG00000259672,-0.0017442181050936801,0.0017442181050936801
ENSG00000230615,-0.0017442181050936801,0.0017442181050936801
POGLUT2,-0.0017442181050936801,0.0017442181050936801
WT1,-0.0017442181050936801,0.0017442181050936801
PDE4DIPP2,-0.0017442181050936801,0.0017442181050936801
LINC01962,-0.0017442181050936801,0.0017442181050936801
GEMIN2,-0.0017442181050936801,0.0017442181050936801
FTH1P16,-0.0017442181050936801,0.0017442181050936801
CDHR1,0.0017434433163064427,0.0017434433163064427
CHODL,0.00174334023136396,0.00174334023136396
CLUAP1,-0.0017427725569968055,0.0017427725569968055
U2SURP,0.0017427517383104515,0.0017427517383104515
RFPL3S,0.001741643786617869,0.001741643786617869
SLIT3,0.001741643786617869,0.001741643786617869
ACTR2,0.001741643786617869,0.001741643786617869
LINC00667,-0.0017414049750066403,0.0017414049750066403
ENSG00000284747,-0.0017410651847099372,0.0017410651847099372
HOOK1,-0.0017409179392113656,0.0017409179392113656
DHX9,-0.0017409179392113656,0.0017409179392113656
GIGYF1,0.001740912232569894,0.001740912232569894
RPL17P34,0.0017406502421534855,0.0017406502421534855
ENSG00000261067,0.001740469354229582,0.001740469354229582
MLIP-IT1,0.001740469354229582,0.001740469354229582
TRIM13,-0.0017402138977098767,0.0017402138977098767
ETS2,-0.0017397445896788657,0.0017397445896788657
PPM1L,-0.0017396965525728907,0.0017396965525728907
POLR3G,-0.0017396965525728907,0.0017396965525728907
EXOC6,-0.001739288750155525,0.001739288750155525
RETREG1-AS1,-0.0017381599702800668,0.0017381599702800668
DLGAP1-AS1,-0.0017373170307136059,0.0017373170307136059
CLPP,-0.0017367053026970383,0.0017367053026970383
BCL6B,-0.0017365858119045628,0.0017365858119045628
CCDC146,-0.001736331913154317,0.001736331913154317
SUMF1,-0.0017358454641942063,0.0017358454641942063
TIMM10B,-0.001735794981896872,0.001735794981896872
LTBP4,0.0017357740076123247,0.0017357740076123247
LRRC8A,0.0017354027941935638,0.0017354027941935638
TACC1,-0.0017351426321238692,0.0017351426321238692
GMPPA,-0.001734871343050228,0.001734871343050228
NRF1,-0.001734871343050228,0.001734871343050228
JAG1,-0.0017339858776288385,0.0017339858776288385
ARID5B,-0.0017336407219009393,0.0017336407219009393
LYPLAL1-AS1,0.0017334434907014063,0.0017334434907014063
DIPK2A,0.0017327704950557295,0.0017327704950557295
LINC01504,-0.0017321516022047732,0.0017321516022047732
GRPEL2,-0.0017316083029369762,0.0017316083029369762
GSTM4,-0.0017316083029369762,0.0017316083029369762
C11orf24,-0.0017316083029369762,0.0017316083029369762
IPCEF1,0.0017315614376166304,0.0017315614376166304
ENSG00000270110,-0.0017312903813323315,0.0017312903813323315
ACTR1A,-0.0017312903813323315,0.0017312903813323315
PXN,-0.0017309405747911082,0.0017309405747911082
ARL4C,-0.001730790253839806,0.001730790253839806
AK2,-0.001730724563791734,0.001730724563791734
ENSG00000253754,-0.001729468407101763,0.001729468407101763
PTK7,-0.001728772691823611,0.001728772691823611
ZNF143,-0.0017285637928816044,0.0017285637928816044
LIMD1-AS1,-0.0017284335378681453,0.0017284335378681453
MTND6P6,-0.0017277244247407783,0.0017277244247407783
TRIM63,-0.0017277244247407783,0.0017277244247407783
S100A2,-0.0017277244247407783,0.0017277244247407783
KCNJ5,-0.0017277244247407783,0.0017277244247407783
CCT3,-0.0017277244247407783,0.0017277244247407783
USP2-AS1,-0.0017277244247407783,0.0017277244247407783
ANKAR,-0.0017277244247407783,0.0017277244247407783
RER1,-0.0017277244247407783,0.0017277244247407783
ENSG00000286512,-0.0017277244247407783,0.0017277244247407783
KCNH1,-0.0017277244247407783,0.0017277244247407783
ENSG00000264067,-0.0017277244247407783,0.0017277244247407783
CTDSP1,-0.0017277244247407783,0.0017277244247407783
SFSWAP,-0.0017277244247407783,0.0017277244247407783
ENSG00000280079,-0.0017277244247407783,0.0017277244247407783
THEMIS2,-0.0017277244247407783,0.0017277244247407783
RBM33-DT,-0.0017277244247407783,0.0017277244247407783
NUDT7,-0.0017277244247407783,0.0017277244247407783
ENSG00000226624,-0.0017277244247407783,0.0017277244247407783
ZNF684,-0.0017277244247407783,0.0017277244247407783
DZIP1L,-0.0017277244247407783,0.0017277244247407783
ENSG00000232294,-0.0017277244247407783,0.0017277244247407783
SEL1L,0.001727336077619667,0.001727336077619667
MTOR,-0.001727192810398287,0.001727192810398287
GORASP1,0.0017267770672954792,0.0017267770672954792
RAI14,-0.0017264026464489336,0.0017264026464489336
MTERF4,-0.0017259769520854566,0.0017259769520854566
ZNF614,0.00172572693526764,0.00172572693526764
CCRL2,0.00172572693526764,0.00172572693526764
PACRG,0.00172572693526764,0.00172572693526764
NUP35,0.00172572693526764,0.00172572693526764
HES1,-0.0017256584054537482,0.0017256584054537482
ANKRD54,-0.0017250294457614307,0.0017250294457614307
RUNX1T1,-0.0017241395538960108,0.0017241395538960108
TRPM4,-0.0017240364588119205,0.0017240364588119205
ATOH8,0.0017237833176930596,0.0017237833176930596
SAA1,0.0017237833176930596,0.0017237833176930596
ZMYND10,0.0017237833176930596,0.0017237833176930596
NDUFAF4,0.0017237833176930596,0.0017237833176930596
CCND3,0.0017237833176930596,0.0017237833176930596
PMS2P3,0.0017237833176930596,0.0017237833176930596
ENSG00000279544,0.0017237833176930596,0.0017237833176930596
EXOC3-AS1,0.0017237833176930596,0.0017237833176930596
TNFRSF10A,0.0017237833176930596,0.0017237833176930596
PEX5,0.0017237833176930596,0.0017237833176930596
KLRF1,0.0017237833176930596,0.0017237833176930596
PPM1B,0.0017237833176930596,0.0017237833176930596
ZMYND10-AS1,0.0017237833176930596,0.0017237833176930596
USP30-AS1,0.0017237833176930596,0.0017237833176930596
TIPARP-AS1,0.0017237833176930596,0.0017237833176930596
TSC22D1-AS1,0.0017237833176930596,0.0017237833176930596
KRT6A,-0.0017234552407858557,0.0017234552407858557
ICA1L,-0.0017232906263952642,0.0017232906263952642
MOCOS,-0.0017228359761902125,0.0017228359761902125
MMAB,0.0017224448366063043,0.0017224448366063043
SEC61A1,-0.0017224145537172494,0.0017224145537172494
ALMS1,-0.0017218116304774966,0.0017218116304774966
AHNAK,0.0017217745353212935,0.0017217745353212935
FANCI,-0.0017217097724724882,0.0017217097724724882
BBS9,0.0017213297341547482,0.0017213297341547482
MYLK,-0.0017212095186355067,0.0017212095186355067
NPNT,-0.0017206122433745764,0.0017206122433745764
APLP2,0.0017195051196958761,0.0017195051196958761
APPBP2,-0.001719396856359918,0.001719396856359918
ANTXR2,0.001719063963756604,0.001719063963756604
CASQ2,0.001719030452343572,0.001719030452343572
PAPPA,-0.001718377222275572,0.001718377222275572
CDC42BPA,-0.0017181543378567673,0.0017181543378567673
INTU,-0.0017181381438164396,0.0017181381438164396
ENSG00000286159,-0.0017176941217297381,0.0017176941217297381
TGFB2,0.0017176626745627282,0.0017176626745627282
SNRPD3,-0.0017173906211809602,0.0017173906211809602
NUB1,-0.0017173557797963866,0.0017173557797963866
DUSP19,-0.001717293051917333,0.001717293051917333
ZNF84,-0.0017171801192676227,0.0017171801192676227
TRNT1,-0.0017171183489543655,0.0017171183489543655
TMTC3,-0.001717105340393647,0.001717105340393647
FBXL17,0.0017167031919179017,0.0017167031919179017
KLRK1,0.001716414706662662,0.001716414706662662
BMPR1B,-0.0017163556268482486,0.0017163556268482486
TXNDC15,-0.0017163147785672806,0.0017163147785672806
RPL5P5,-0.0017162321347973701,0.0017162321347973701
AP3S1,0.0017162133162942428,0.0017162133162942428
IFRD2,0.0017162133162942428,0.0017162133162942428
TRMT13,0.0017162133162942428,0.0017162133162942428
TBCAP1,-0.001715440475116544,0.001715440475116544
MTA3,-0.0017150029924347865,0.0017150029924347865
SPRY4,-0.0017149604699608126,0.0017149604699608126
MIA3,-0.0017145999130358366,0.0017145999130358366
POLR2E,-0.0017144613315114724,0.0017144613315114724
FAM151B-DT,-0.0017143956144331511,0.0017143956144331511
GIMAP5,-0.0017136363620871393,0.0017136363620871393
MICOS10P2,0.0017135538700339572,0.0017135538700339572
DHRS4L2,0.001713474788347241,0.001713474788347241
NSD2,0.001713470444780466,0.001713470444780466
ZNF469,-0.001713166520910317,0.001713166520910317
EFCAB2,0.0017130818923090504,0.0017130818923090504
ENSG00000285994,-0.0017127323516860622,0.0017127323516860622
TESK1,0.0017113177523792329,0.0017113177523792329
EIF4E2,-0.0017107080438900216,0.0017107080438900216
YARS1,-0.0017103477662010298,0.0017103477662010298
ZNF22,0.0017102532430906035,0.0017102532430906035
RERGL,0.0017102532430906035,0.0017102532430906035
CLCC1,-0.0017099571787388885,0.0017099571787388885
CD274,-0.0017099493691670035,0.0017099493691670035
SUPT16H,-0.0017099493691670035,0.0017099493691670035
ENSG00000260257,-0.0017099493691670035,0.0017099493691670035
C19orf12,-0.0017098523755518843,0.0017098523755518843
TMEM150C,0.0017095499464451474,0.0017095499464451474
HP1BP3,-0.00170951618455688,0.00170951618455688
ENSG00000230955,-0.0017091435330352657,0.0017091435330352657
USP35,0.0017082627587874444,0.0017082627587874444
PANK2-AS1,-0.0017078717575521323,0.0017078717575521323
PACRGL,-0.001707059097770073,0.001707059097770073
TMBIM4,0.00170704069399133,0.00170704069399133
BCL9,-0.001706678145053077,0.001706678145053077
MYO15B,0.0017046748915985129,0.0017046748915985129
DST,0.00170467097857042,0.00170467097857042
CA8,0.0017039441418118162,0.0017039441418118162
ENSG00000259807,-0.0017030621568632483,0.0017030621568632483
NSMCE1,0.0017027768928342974,0.0017027768928342974
SCO2,-0.00170272738641827,0.00170272738641827
TAF10,-0.0017018911071416544,0.0017018911071416544
CNTN1,0.0017017646314637534,0.0017017646314637534
TMEM223,-0.001701386554727753,0.001701386554727753
ERCC6,-0.0017012556425122357,0.0017012556425122357
RBM38,0.0017006336109517664,0.0017006336109517664
COL21A1,0.001700515831248543,0.001700515831248543
APRG1,-0.0017004215093577957,0.0017004215093577957
THOC5,-0.001699437704154734,0.001699437704154734
FGF10,-0.0016993560372062626,0.0016993560372062626
ENSG00000279901,0.0016992032361468818,0.0016992032361468818
ENSG00000286112,-0.0016990900331421328,0.0016990900331421328
MTRF1L,0.00169889057499729,0.00169889057499729
DCTN4,-0.0016988157443802612,0.0016988157443802612
LTBP3,-0.0016984636978996277,0.0016984636978996277
DPH6,-0.001698169177367511,0.001698169177367511
PALM,0.001697810382531965,0.001697810382531965
PTCSC1,0.001697810382531965,0.001697810382531965
RAVER1,-0.001697757641418275,0.001697757641418275
STAG3L5P-PVRIG2P-PILRB,-0.0016973942859369322,0.0016973942859369322
NDUFA10,-0.001696994412707311,0.001696994412707311
AGPS,-0.0016965460192207636,0.0016965460192207636
TLE2,0.001695342753429112,0.001695342753429112
NDST2,-0.0016949585679420876,0.0016949585679420876
DNM2,-0.0016948623419731454,0.0016948623419731454
NDUFS8,0.0016947857007394724,0.0016947857007394724
MAP7D3,-0.0016941992457548656,0.0016941992457548656
FAM185A,-0.0016941992457548656,0.0016941992457548656
ENSG00000230928,0.0016941208932559778,0.0016941208932559778
CMKLR1,-0.0016928117283059167,0.0016928117283059167
CLDN5,-0.0016928075126686445,0.0016928075126686445
TMEM216,0.0016926606461869409,0.0016926606461869409
COL16A1,0.0016919903862618808,0.0016919903862618808
ZNF189,-0.0016917827390708013,0.0016917827390708013
CKAP4,0.001691595000471554,0.001691595000471554
HPGD,0.0016907854197786547,0.0016907854197786547
OGFOD3,0.0016907005487293537,0.0016907005487293537
ELP1,-0.001690451981333174,0.001690451981333174
CLIC5,0.0016904346295008956,0.0016904346295008956
YBX3,0.0016903307289234523,0.0016903307289234523
WDR45B,0.0016902581934958344,0.0016902581934958344
DOCK8-AS1,0.0016899516920774046,0.0016899516920774046
NDST1,-0.0016898826464148268,0.0016898826464148268
MANBA,0.0016898428233956527,0.0016898428233956527
CTBP2,-0.001689738586772729,0.001689738586772729
MTARC2,-0.0016893247056602805,0.0016893247056602805
CYBC1,-0.0016892388924264457,0.0016892388924264457
RPSAP58,0.001689088907680456,0.001689088907680456
RPLP0P2,0.0016888582708149366,0.0016888582708149366
MIA2,-0.0016882475620093435,0.0016882475620093435
RBM43,-0.0016880146650957825,0.0016880146650957825
NEIL1,-0.0016878088545626752,0.0016878088545626752
MAP4K5,0.0016877752815847064,0.0016877752815847064
ENSG00000283103,0.0016861016398273295,0.0016861016398273295
GNL3L,-0.0016855367432861868,0.0016855367432861868
PABPC4L,-0.0016852497171230736,0.0016852497171230736
MOSMO,-0.0016852497171230736,0.0016852497171230736
ELOBP1,-0.0016852497171230736,0.0016852497171230736
SLC15A3,-0.0016852497171230736,0.0016852497171230736
IRX2-DT,-0.0016852497171230736,0.0016852497171230736
RN7SL81P,-0.0016852497171230736,0.0016852497171230736
DUSP12,-0.0016852497171230736,0.0016852497171230736
LINC01094,-0.0016852497171230736,0.0016852497171230736
ENSG00000244675,-0.0016852497171230736,0.0016852497171230736
COL10A1,-0.0016852497171230736,0.0016852497171230736
SPIRE1,-0.0016852497171230736,0.0016852497171230736
ENSG00000233339,-0.0016852497171230736,0.0016852497171230736
SELPLG,0.0016847840397579816,0.0016847840397579816
DHX30,-0.0016846729974136975,0.0016846729974136975
DYNLT4,-0.0016846729974136975,0.0016846729974136975
PLA2G6,-0.0016846729974136975,0.0016846729974136975
ENSG00000237870,-0.0016846729974136975,0.0016846729974136975
DNAJB14,-0.0016846729974136975,0.0016846729974136975
PILRA,-0.0016846729974136975,0.0016846729974136975
ENSG00000253372,-0.0016846729974136975,0.0016846729974136975
KLHL35,-0.0016846729974136975,0.0016846729974136975
ENSG00000235128,-0.0016846729974136975,0.0016846729974136975
TSPYL5,-0.0016846729974136975,0.0016846729974136975
ENSG00000255455,-0.0016846729974136975,0.0016846729974136975
GPR22,-0.0016846729974136975,0.0016846729974136975
EVI5L,-0.0016846729974136975,0.0016846729974136975
ZNF710,-0.0016846729974136975,0.0016846729974136975
ACP2,-0.0016846729974136975,0.0016846729974136975
FADS2,-0.0016846729974136975,0.0016846729974136975
ZNF154,-0.0016846729974136975,0.0016846729974136975
ENSG00000279880,-0.0016846729974136975,0.0016846729974136975
CASTOR3P,-0.0016846729974136975,0.0016846729974136975
RELCH,-0.001684237458085558,0.001684237458085558
HDAC7,-0.0016840126657798483,0.0016840126657798483
MEOX2,0.0016840017240995645,0.0016840017240995645
SNTG2,0.0016835641121971804,0.0016835641121971804
C17orf97,0.0016833433644014848,0.0016833433644014848
ZNF615,0.0016833433644014848,0.0016833433644014848
MED31,0.0016833433644014848,0.0016833433644014848
DNAJC3,-0.0016831856452031797,0.0016831856452031797
ADH1B,0.0016830903286416533,0.0016830903286416533
ZNF586,-0.0016824128553529138,0.0016824128553529138
PGAM5,-0.0016823695341315636,0.0016823695341315636
CDK14,-0.0016821208951431077,0.0016821208951431077
CYP19A1,-0.0016816756218830456,0.0016816756218830456
MTND2P28,0.0016813009999717445,0.0016813009999717445
MDFI,0.0016813009999717445,0.0016813009999717445
ENSG00000227766,0.0016813009999717445,0.0016813009999717445
HOXA7,0.0016813009999717445,0.0016813009999717445
ENSG00000255164,0.0016813009999717445,0.0016813009999717445
BAZ1A-AS1,0.0016813009999717445,0.0016813009999717445
GAR1,0.0016813009999717445,0.0016813009999717445
SCN7A,0.0016813009999717445,0.0016813009999717445
RELL2,0.0016813009999717445,0.0016813009999717445
POM121,0.0016813009999717445,0.0016813009999717445
ENSG00000287059,0.0016813009999717445,0.0016813009999717445
IFT80,0.0016813009999717445,0.0016813009999717445
ZNF2,0.0016813009999717445,0.0016813009999717445
SKIL,0.0016813009999717445,0.0016813009999717445
RN7SKP230,0.0016813009999717445,0.0016813009999717445
ENSG00000243176,0.0016813009999717445,0.0016813009999717445
RRS1,0.0016813009999717445,0.0016813009999717445
NDUFA9,0.0016813009999717445,0.0016813009999717445
LINC01960,0.0016813009999717445,0.0016813009999717445
MRPS21,0.0016813009999717445,0.0016813009999717445
FAM47E-STBD1,0.0016813009999717445,0.0016813009999717445
NACAP8,0.0016813009999717445,0.0016813009999717445
NSUN5P2,0.0016813009999717445,0.0016813009999717445
LINC02202,0.0016813009999717445,0.0016813009999717445
LYRM7,-0.0016812454183547005,0.0016812454183547005
MLYCD,0.001681077890216544,0.001681077890216544
USP54,0.0016804542843372743,0.0016804542843372743
TCF4,-0.001680334466823685,0.001680334466823685
AGO1,0.0016797171321276867,0.0016797171321276867
GLRX3,-0.0016792472381248718,0.0016792472381248718
IBA57,-0.0016792069157321907,0.0016792069157321907
STARD13,-0.001679204577396638,0.001679204577396638
ZNF519,-0.0016791210507966624,0.0016791210507966624
KIF1C,-0.0016789329187178216,0.0016789329187178216
STK32C,0.0016785820200675013,0.0016785820200675013
COX10,-0.0016780640144675176,0.0016780640144675176
PARP10,0.0016775710897225034,0.0016775710897225034
TXNDC17,0.001677474027342234,0.001677474027342234
GASK1B-AS1,-0.0016773491746509479,0.0016773491746509479
SNN,-0.0016773263184506446,0.0016773263184506446
ARMH4,-0.0016773244407711511,0.0016773244407711511
SSR3,0.001677083694572269,0.001677083694572269
THSD4,-0.0016769584047757343,0.0016769584047757343
IFT81,-0.0016768516603659644,0.0016768516603659644
POLR3D,-0.001676844186126746,0.001676844186126746
ADGRA3,-0.0016764831776762243,0.0016764831776762243
GRAP2,0.0016762209826153497,0.0016762209826153497
FERMT3,0.001675248853259668,0.001675248853259668
MKX,-0.001674811953864269,0.001674811953864269
ERBB3,0.001674811814133041,0.001674811814133041
HNRNPM,0.0016746910684490343,0.0016746910684490343
TM2D2,-0.0016746463886232678,0.0016746463886232678
DAAM1,-0.0016746229273258949,0.0016746229273258949
TMC2,0.0016745064252045923,0.0016745064252045923
SNRNP35,-0.0016742732571464274,0.0016742732571464274
IAH1,-0.0016741884773523597,0.0016741884773523597
INTS10,-0.0016737044969249327,0.0016737044969249327
TENM3,-0.0016736597766694504,0.0016736597766694504
LINC02240,-0.001673330986447596,0.001673330986447596
GPAM,-0.0016731890432277225,0.0016731890432277225
RSU1,0.0016730166919093853,0.0016730166919093853
CERS5,0.0016725732314056196,0.0016725732314056196
ENSG00000214719,-0.0016725493324201408,0.0016725493324201408
IQCK,0.0016723806230370334,0.0016723806230370334
SDK1,-0.00167209119386177,0.00167209119386177
NPR1,0.0016715164105008688,0.0016715164105008688
FBXO45,0.0016715164105008688,0.0016715164105008688
POLD4,0.0016715164105008688,0.0016715164105008688
ENSG00000235945,-0.001671443368992311,0.001671443368992311
NR3C2,0.0016704026273863712,0.0016704026273863712
TVP23A,0.0016699523250359402,0.0016699523250359402
KLRC2,0.0016698318818798364,0.0016698318818798364
GPAT3,0.0016697889815940868,0.0016697889815940868
LINC00847,-0.0016696774528276055,0.0016696774528276055
ENSG00000197332,0.0016692462685545305,0.0016692462685545305
LINC02981,-0.001667607313833465,0.001667607313833465
SLC12A1,-0.0016667524624055384,0.0016667524624055384
ENSG00000287613,-0.0016667524624055384,0.0016667524624055384
FNDC1-IT1,-0.0016667524624055384,0.0016667524624055384
ENSG00000291232,-0.0016667524624055384,0.0016667524624055384
RABGEF1,-0.0016667524624055384,0.0016667524624055384
ENSG00000291130,-0.0016667524624055384,0.0016667524624055384
NPEPL1,-0.0016667524624055384,0.0016667524624055384
RGS17,-0.0016667524624055384,0.0016667524624055384
ZNF398,-0.0016667524624055384,0.0016667524624055384
CLDN18,-0.0016667524624055384,0.0016667524624055384
ENSG00000231829,-0.0016667524624055384,0.0016667524624055384
ENSG00000287146,-0.0016667524624055384,0.0016667524624055384
RBMS3-AS2,-0.0016667524624055384,0.0016667524624055384
TMEM219,-0.0016667524624055384,0.0016667524624055384
PNMA2,-0.0016667524624055384,0.0016667524624055384
COX4I1,-0.0016667524624055384,0.0016667524624055384
KCNJ12,-0.0016667524624055384,0.0016667524624055384
LGI2,-0.0016667524624055384,0.0016667524624055384
AP1S1,-0.0016667524624055384,0.0016667524624055384
FLNC,-0.0016667524624055384,0.0016667524624055384
ENSG00000271533,-0.0016667524624055384,0.0016667524624055384
NUDT12,-0.0016667524624055384,0.0016667524624055384
ZNF177,-0.0016667524624055384,0.0016667524624055384
ENSG00000256566,-0.0016667524624055384,0.0016667524624055384
ANKRD36,-0.0016667524624055384,0.0016667524624055384
TLCD4,-0.0016667524624055384,0.0016667524624055384
HIRA,0.0016666706066368814,0.0016666706066368814
CLN5,-0.0016664178595624409,0.0016664178595624409
SPTBN1,-0.0016662031072522128,0.0016662031072522128
MAP9,-0.001665486997530075,0.001665486997530075
ZNF224,-0.0016649157798684924,0.0016649157798684924
MADD,0.0016639601570476296,0.0016639601570476296
TARS1,-0.0016634195939224826,0.0016634195939224826
PGPEP1,-0.0016633162010717998,0.0016633162010717998
MARCHF6,0.0016627057091875832,0.0016627057091875832
MXI1,-0.0016622773400646756,0.0016622773400646756
ZNF468,0.0016613869791803476,0.0016613869791803476
STX4,0.0016613869791803476,0.0016613869791803476
ENSG00000273259,0.0016613869791803476,0.0016613869791803476
SLC4A7,-0.0016611578251089683,0.0016611578251089683
BAIAP2L1,-0.0016610459350481245,0.0016610459350481245
SFXN5,-0.0016608800038483784,0.0016608800038483784
DNMBP,-0.0016608061121997884,0.0016608061121997884
MEG3,-0.0016608045737259022,0.0016608045737259022
ENSG00000290069,0.0016603341053396737,0.0016603341053396737
SLC9A8,-0.0016596100926425485,0.0016596100926425485
CTSK,-0.001659194999131607,0.001659194999131607
EXOC4,-0.0016590434919836825,0.0016590434919836825
TPP2,0.0016589623414412168,0.0016589623414412168
MIRLET7BHG,-0.0016577480425003313,0.0016577480425003313
PRKAR1A,-0.0016574373525482036,0.0016574373525482036
MBTD1,-0.0016572857130705083,0.0016572857130705083
RNU6-105P,-0.001657163038830222,0.001657163038830222
DMWD,-0.0016563768449711484,0.0016563768449711484
CALCOCO1,0.0016558771862942496,0.0016558771862942496
XPR1,-0.001655716210627683,0.001655716210627683
RFTN1,-0.001655247777490224,0.001655247777490224
ENSG00000258790,0.001654685692191714,0.001654685692191714
ERCC5,-0.0016546568062847575,0.0016546568062847575
CYP4F12,0.0016544948725120035,0.0016544948725120035
LRRC8C-DT,-0.001654420263838787,0.001654420263838787
SMYD3-AS1,-0.0016536189764162585,0.0016536189764162585
METTL13,0.0016535535271764593,0.0016535535271764593
ARL17B,-0.0016535216678337608,0.0016535216678337608
WASHC2A,-0.0016533458789327116,0.0016533458789327116
SERPINE2,-0.0016533050952983268,0.0016533050952983268
ENSG00000289268,-0.0016533050952983268,0.0016533050952983268
ECM1,-0.0016533050952983268,0.0016533050952983268
RPL9P5,0.001653148061153765,0.001653148061153765
ENSG00000285932,-0.0016529433478328387,0.0016529433478328387
ANKRD17,-0.0016529433478328387,0.0016529433478328387
ENSG00000229278,-0.0016529433478328387,0.0016529433478328387
ENSG00000278999,-0.0016529433478328387,0.0016529433478328387
CPSF4,0.0016522431230847497,0.0016522431230847497
SIK3,-0.0016515463736247824,0.0016515463736247824
TMEM167B,0.0016512154491645128,0.0016512154491645128
PRKCH,-0.0016508879588074885,0.0016508879588074885
MCOLN3,0.0016508225776907756,0.0016508225776907756
ALDH1L2,-0.0016504638745741607,0.0016504638745741607
AFG3L1P,-0.0016503876416909342,0.0016503876416909342
TESK2,0.001650068004681856,0.001650068004681856
FHL3,0.001650068004681856,0.001650068004681856
SNRPGP4,-0.0016494303494558136,0.0016494303494558136
SLC25A44,0.0016490861771771654,0.0016490861771771654
ADAMTS5,-0.0016480889748684453,0.0016480889748684453
COMMD5,-0.0016479016446682984,0.0016479016446682984
SEPTIN7,-0.0016478570531230194,0.0016478570531230194
EMB,-0.001647335501813566,0.001647335501813566
ZSWIM7,0.0016472898833333834,0.0016472898833333834
ZNF66,0.0016472898833333834,0.0016472898833333834
CRLF3,-0.001646911694965373,0.001646911694965373
UBAP2L,-0.0016468964181163735,0.0016468964181163735
RPS2P1,-0.001646390276950839,0.001646390276950839
SVOPL,0.0016463185301131343,0.0016463185301131343
JUND,0.0016463185301131343,0.0016463185301131343
DBF4,0.0016463185301131343,0.0016463185301131343
ENSG00000230149,0.0016463185301131343,0.0016463185301131343
ATG10,0.001646174353167252,0.001646174353167252
TATDN2,0.0016458896766394348,0.0016458896766394348
CRKL,0.0016450993586292033,0.0016450993586292033
TLE4,0.0016450993586292033,0.0016450993586292033
WIPI2,-0.001644626104018813,0.001644626104018813
NPLOC4,-0.0016428173452037286,0.0016428173452037286
RAB3D,-0.0016426015264510965,0.0016426015264510965
MFSD12,0.0016423937788710478,0.0016423937788710478
RALY,0.0016421248065298928,0.0016421248065298928
SPCS3,0.0016421248065298928,0.0016421248065298928
MRM2,-0.001641691234921674,0.001641691234921674
ABL1,-0.0016414392824770918,0.0016414392824770918
NPR3,-0.0016405496609153128,0.0016405496609153128
TOR1AIP1,0.0016397796812339062,0.0016397796812339062
ENSG00000260669,-0.0016397736170239987,0.0016397736170239987
CHL1,0.001639218134457728,0.001639218134457728
SAMD5,-0.0016391006902171253,0.0016391006902171253
TPM1,-0.0016383126291962524,0.0016383126291962524
CGNL1,0.0016382394997956767,0.0016382394997956767
PDE4D,0.0016371764837579557,0.0016371764837579557
FNBP4,-0.001637153333971687,0.001637153333971687
HSP90AA5P,-0.0016363360212277363,0.0016363360212277363
FPGS,0.0016359894548383547,0.0016359894548383547
ZPR1,-0.001635822757517526,0.001635822757517526
PPP2R5A,-0.0016354215522919745,0.0016354215522919745
OSR2,0.0016348146459978562,0.0016348146459978562
SGMS1-AS1,0.0016348146459978562,0.0016348146459978562
NPRL2,0.0016345551381983779,0.0016345551381983779
SAP30L-AS1,-0.0016341479417210688,0.0016341479417210688
GPD1L,0.001633605543577159,0.001633605543577159
BRI3P1,-0.001633503575072779,0.001633503575072779
RAD21,-0.0016331450596237722,0.0016331450596237722
TMEM63B,0.0016330923878439233,0.0016330923878439233
IGLV2-23,-0.001632920180144033,0.001632920180144033
LINC02381,0.0016321013655577862,0.0016321013655577862
PPIL4,0.0016318930951620294,0.0016318930951620294
ENSG00000287286,-0.0016318499748652162,0.0016318499748652162
CX3CL1,-0.0016318499748652162,0.0016318499748652162
PPM1K,-0.0016318499748652162,0.0016318499748652162
ENSG00000229273,-0.0016318499748652162,0.0016318499748652162
HSP90AB4P,-0.0016318499748652162,0.0016318499748652162
TCF12,-0.0016313990922183315,0.0016313990922183315
KRIT1,-0.0016307429324080413,0.0016307429324080413
NDUFA5P3,0.001630671680902641,0.001630671680902641
SERPINE3,0.001630671680902641,0.001630671680902641
TRAF3IP1,0.001630671680902641,0.001630671680902641
GP1BA,0.001630671680902641,0.001630671680902641
ENSG00000289732,0.001630671680902641,0.001630671680902641
ALDOA,0.001630671680902641,0.001630671680902641
ENSG00000287092,0.001630671680902641,0.001630671680902641
DIDO1,0.001630671680902641,0.001630671680902641
FAM209B,0.001630671680902641,0.001630671680902641
SPNS3,0.001630671680902641,0.001630671680902641
RABAC1,0.001630671680902641,0.001630671680902641
IPO7,0.001630671680902641,0.001630671680902641
PDCD10,0.001630671680902641,0.001630671680902641
ENSG00000285505,0.001630671680902641,0.001630671680902641
CCT6A,0.001630671680902641,0.001630671680902641
TAF5,0.001630671680902641,0.001630671680902641
HMGB1P3,0.001630671680902641,0.001630671680902641
PLK4,0.001630671680902641,0.001630671680902641
ESYT1,0.001630671680902641,0.001630671680902641
RPSAP6,0.001630671680902641,0.001630671680902641
MSRB1,0.001630671680902641,0.001630671680902641
ENSG00000228933,0.001630671680902641,0.001630671680902641
SNRPB,0.001630671680902641,0.001630671680902641
CD1C,0.001630671680902641,0.001630671680902641
NFATC2,-0.0016306460129316134,0.0016306460129316134
EVA1CP2,-0.001629979264392436,0.001629979264392436
EPHA3,-0.001629979264392436,0.001629979264392436
ZNF260,-0.001629979264392436,0.001629979264392436
DENND10,-0.001629979264392436,0.001629979264392436
NAPB,-0.001629979264392436,0.001629979264392436
ENSG00000279086,-0.001629979264392436,0.001629979264392436
FTH1P20,-0.001629979264392436,0.001629979264392436
PEX10,-0.001629979264392436,0.001629979264392436
ENSG00000280355,-0.001629979264392436,0.001629979264392436
ENSG00000261616,-0.0016294328730760196,0.0016294328730760196
ENSG00000290453,-0.0016294328730760196,0.0016294328730760196
ECM2,-0.0016294328730760196,0.0016294328730760196
NANOS1,-0.0016293987198758213,0.0016293987198758213
MYC,0.0016292829488643052,0.0016292829488643052
VIT,0.0016290483336787464,0.0016290483336787464
SENP7,0.0016289501611962175,0.0016289501611962175
BPTF,-0.0016286708177230417,0.0016286708177230417
ENSG00000260588,0.0016276547426498323,0.0016276547426498323
CTNNA1,-0.0016276257605477753,0.0016276257605477753
CFAP418,-0.001624958672920253,0.001624958672920253
NSUN4,-0.001624958672920253,0.001624958672920253
SCYL2,-0.001624958672920253,0.001624958672920253
C9orf64,-0.001624958672920253,0.001624958672920253
SPAG7,-0.001624958672920253,0.001624958672920253
TOR1B,-0.0016244218550848454,0.0016244218550848454
ADCY4,-0.001623723515864142,0.001623723515864142
METTL14,-0.0016229700939652347,0.0016229700939652347
BMS1P1,-0.0016229700939652347,0.0016229700939652347
SPATA13,-0.0016227960929145672,0.0016227960929145672
ADNP2,-0.001622608509193026,0.001622608509193026
ENSG00000249780,-0.0016222115951035373,0.0016222115951035373
CLASP2,-0.001621872946810626,0.001621872946810626
CDAN1,-0.0016215682294744066,0.0016215682294744066
UGGT2,-0.0016201606611393445,0.0016201606611393445
LRRK2,-0.001620154423735371,0.001620154423735371
GAS6-AS1,-0.0016195363955173688,0.0016195363955173688
HLA-A,0.0016194097083101523,0.0016194097083101523
EMSLR,0.0016193750875220748,0.0016193750875220748
CIPC,-0.0016192566810666648,0.0016192566810666648
ENSG00000249679,-0.0016192424749929665,0.0016192424749929665
NAPA,0.0016187268884193286,0.0016187268884193286
SUPT7L,-0.0016185893238741162,0.0016185893238741162
ENSG00000235749,-0.001618523496769832,0.001618523496769832
INTS12,0.0016178517876183813,0.0016178517876183813
ENSG00000249476,-0.0016172749499858907,0.0016172749499858907
DOCK1,-0.0016163851772694174,0.0016163851772694174
FERMT1,-0.0016152961524588073,0.0016152961524588073
C8orf76,-0.0016148177838481398,0.0016148177838481398
EPHX2,0.0016146700202246452,0.0016146700202246452
STIM2,-0.0016138076328517793,0.0016138076328517793
PRAL,-0.0016134194499664147,0.0016134194499664147
MYH9,-0.0016133827449968305,0.0016133827449968305
SNAI3,-0.0016132891682557938,0.0016132891682557938
ALDH4A1,-0.001612942791370043,0.001612942791370043
RORA,-0.001612935230612101,0.001612935230612101
H2AC25,-0.0016121804693071656,0.0016121804693071656
CSMD2,-0.0016114520519105498,0.0016114520519105498
QPRT,-0.0016111610643405531,0.0016111610643405531
ENSG00000288984,-0.0016111610643405531,0.0016111610643405531
GSTM3,-0.001610509082430958,0.001610509082430958
NOSTRIN,0.0016104447889190646,0.0016104447889190646
CLTCL1,-0.00161029143428818,0.00161029143428818
CWC22,0.001610272018215147,0.001610272018215147
RPS14P8,0.001610272018215147,0.001610272018215147
ENSG00000285959,0.001610272018215147,0.001610272018215147
THPO,0.001610272018215147,0.001610272018215147
STRIP1,-0.0016102198972004049,0.0016102198972004049
PWWP2A,0.0016099175571661043,0.0016099175571661043
ENSG00000267879,0.0016099175571661043,0.0016099175571661043
CAPN3,-0.001609530265754187,0.001609530265754187
CPVL,0.001608605613403571,0.001608605613403571
FAM110A,-0.0016082537102692315,0.0016082537102692315
USP53,-0.0016076349768709443,0.0016076349768709443
KAT6B,-0.0016073955893039394,0.0016073955893039394
SERPINB8,-0.0016071324522661922,0.0016071324522661922
TMCO1,-0.0016070077191914062,0.0016070077191914062
TRAP1,-0.0016069699210176298,0.0016069699210176298
GGA2,0.001606704831534291,0.001606704831534291
STC1,0.001606695395039277,0.001606695395039277
CTPS1,-0.0016066170852486478,0.0016066170852486478
ENSG00000267633,-0.0016059463447269469,0.0016059463447269469
ENSG00000279159,-0.0016059181560797533,0.0016059181560797533
HPS3,0.0016055580941135637,0.0016055580941135637
RGP1,0.001605220165807191,0.001605220165807191
NEDD9,-0.001605047045450915,0.001605047045450915
PHAF1,0.0016048856866316082,0.0016048856866316082
C15orf39,0.0016038557921332387,0.0016038557921332387
HS3ST2,0.0016036851644662229,0.0016036851644662229
FAM78A,-0.0016031577227252926,0.0016031577227252926
PBRM1,-0.0016030591910669958,0.0016030591910669958
ENSG00000258465,-0.0016030395960519306,0.0016030395960519306
SMIM7,-0.001602555040459872,0.001602555040459872
WASL,-0.0016018514280661735,0.0016018514280661735
ENSG00000287466,-0.0016018514280661735,0.0016018514280661735
STRN4,-0.0016018514280661735,0.0016018514280661735
SSPN,-0.0016017452092473043,0.0016017452092473043
COLEC12,-0.001600512842146414,0.001600512842146414
ZNF318,-0.001599737200642104,0.001599737200642104
BMPR2,-0.0015996838865321053,0.0015996838865321053
CELSR1,-0.001599367864173991,0.001599367864173991
ST3GAL4,-0.0015972322355264149,0.0015972322355264149
HK1,0.0015971487024373354,0.0015971487024373354
ENSG00000260751,-0.0015966792471366123,0.0015966792471366123
TMEM65,-0.0015960582741935435,0.0015960582741935435
CYRIB,-0.0015960368005499682,0.0015960368005499682
BCL2L13,-0.0015957457153946515,0.0015957457153946515
TRPS1,-0.0015949005231733163,0.0015949005231733163
KLRK1-AS1,0.001594858715106658,0.001594858715106658
PARP9,-0.001594262842081204,0.001594262842081204
EIF3I,-0.0015941121186304832,0.0015941121186304832
JPX,-0.0015939768737648706,0.0015939768737648706
ZNF813,-0.0015936979425983005,0.0015936979425983005
NSMCE1-DT,0.0015936498990532938,0.0015936498990532938
IP6K2,0.0015932430063721418,0.0015932430063721418
FOXF1,-0.0015929733369971274,0.0015929733369971274
WWC3,0.001592727442998888,0.001592727442998888
ENSG00000287778,-0.0015927217525983492,0.0015927217525983492
ENSG00000254363,-0.0015923199488422255,0.0015923199488422255
DHX36,0.0015915774227855195,0.0015915774227855195
CCT5,-0.0015910746926713823,0.0015910746926713823
UBXN2A,0.0015902773119369138,0.0015902773119369138
REEP5,-0.001589946767976778,0.001589946767976778
EEA1,-0.0015890759823545925,0.0015890759823545925
HTD2,0.0015890173160808569,0.0015890173160808569
ENSG00000189316,-0.0015887344372504553,0.0015887344372504553
CAPN1,0.0015883074556135536,0.0015883074556135536
ASB8,-0.0015880445235779482,0.0015880445235779482
EYA1,-0.0015880445235779482,0.0015880445235779482
ENSG00000261448,-0.0015880445235779482,0.0015880445235779482
CLEC5A,-0.0015880445235779482,0.0015880445235779482
SOCS6,-0.0015880445235779482,0.0015880445235779482
SAR1B,-0.0015880445235779482,0.0015880445235779482
SF3B1,-0.0015880445235779482,0.0015880445235779482
ABCC11,-0.0015880445235779482,0.0015880445235779482
TXNP4,-0.0015880445235779482,0.0015880445235779482
VPS29,-0.0015880445235779482,0.0015880445235779482
ENSG00000279573,-0.0015880445235779482,0.0015880445235779482
DOCK8-AS2,-0.0015880445235779482,0.0015880445235779482
TAF1A-AS1,-0.0015880445235779482,0.0015880445235779482
DHX57,-0.0015880445235779482,0.0015880445235779482
SMAD7,-0.0015880445235779482,0.0015880445235779482
ENSG00000255114,-0.0015880445235779482,0.0015880445235779482
SYNCRIP,-0.0015880445235779482,0.0015880445235779482
SLC35E2A,-0.0015880445235779482,0.0015880445235779482
SNAI3-AS1,-0.0015880445235779482,0.0015880445235779482
AFG3L2,-0.0015880445235779482,0.0015880445235779482
TAF1A,-0.0015880445235779482,0.0015880445235779482
DRG2,-0.0015880445235779482,0.0015880445235779482
NDUFAB1,-0.0015880445235779482,0.0015880445235779482
FIG4,-0.0015880445235779482,0.0015880445235779482
ENSG00000230479,-0.0015880445235779482,0.0015880445235779482
DNA2,-0.0015880445235779482,0.0015880445235779482
SLC2A9,-0.0015880445235779482,0.0015880445235779482
HADHB,0.0015874808686499782,0.0015874808686499782
SLC9B1,0.0015874708000973604,0.0015874708000973604
ENSG00000285921,0.0015874708000973604,0.0015874708000973604
ARHGEF16,-0.0015874678038685598,0.0015874678038685598
MTX1,-0.0015874678038685598,0.0015874678038685598
OTUD6B,-0.0015874678038685598,0.0015874678038685598
NHLH2,-0.0015874678038685598,0.0015874678038685598
TUBA8,-0.0015874678038685598,0.0015874678038685598
TMED2-DT,-0.0015874678038685598,0.0015874678038685598
OR3A3,-0.0015874678038685598,0.0015874678038685598
ENSG00000279147,-0.0015874678038685598,0.0015874678038685598
RCE1,-0.0015874678038685598,0.0015874678038685598
AGAP2,-0.0015874678038685598,0.0015874678038685598
RPL35P6,-0.0015874678038685598,0.0015874678038685598
ENSG00000289026,-0.0015874678038685598,0.0015874678038685598
DEGS2,-0.0015874678038685598,0.0015874678038685598
ENSG00000272335,-0.0015874678038685598,0.0015874678038685598
ENSG00000286349,-0.0015874678038685598,0.0015874678038685598
INSYN2B,-0.0015874678038685598,0.0015874678038685598
ENSG00000236391,-0.0015874678038685598,0.0015874678038685598
ENSG00000251600,-0.0015874678038685598,0.0015874678038685598
IQSEC2,-0.0015874678038685598,0.0015874678038685598
VSIG4,-0.0015874678038685598,0.0015874678038685598
KLF7-IT1,-0.0015874678038685598,0.0015874678038685598
SECISBP2L,-0.001587444685596259,0.001587444685596259
GEMIN7-AS1,-0.0015870066418704738,0.0015870066418704738
COL5A2,-0.0015870066418704738,0.0015870066418704738
ALG10B,-0.0015866714133601536,0.0015866714133601536
CBX1,-0.001586660462909815,0.001586660462909815
ZNF697,-0.0015866420041977134,0.0015866420041977134
METTL2A,-0.0015865444977321659,0.0015865444977321659
LRFN5,0.0015862457456067283,0.0015862457456067283
ENSG00000288437,0.0015862457456067283,0.0015862457456067283
STK16,0.0015862457456067283,0.0015862457456067283
PPM1J-DT,0.0015862457456067283,0.0015862457456067283
CXCL2,0.0015862457456067283,0.0015862457456067283
CISH,0.0015862457456067283,0.0015862457456067283
CDKN2AIP,0.0015862457456067283,0.0015862457456067283
ZNF184,0.0015862457456067283,0.0015862457456067283
ZNF853,0.0015862457456067283,0.0015862457456067283
RPL12P19,0.0015862457456067283,0.0015862457456067283
SLC6A9,0.0015862457456067283,0.0015862457456067283
EDIL3,0.0015862457456067283,0.0015862457456067283
CTDSPL,0.0015862457456067283,0.0015862457456067283
ENSG00000256514,0.0015862457456067283,0.0015862457456067283
FAHD2A,0.0015862457456067283,0.0015862457456067283
LINC00624,-0.0015861717374914246,0.0015861717374914246
ENSG00000280069,-0.0015859395270899836,0.0015859395270899836
TOGARAM2,-0.0015856483987017288,0.0015856483987017288
ZNF213,-0.0015852205504130093,0.0015852205504130093
ARHGEF5,0.0015851956135788593,0.0015851956135788593
LTB4R2,0.0015851956135788593,0.0015851956135788593
PEX16,0.0015851956135788593,0.0015851956135788593
ANKK1,0.0015851956135788593,0.0015851956135788593
FAM183DP,0.0015851956135788593,0.0015851956135788593
PRRT4,0.0015851956135788593,0.0015851956135788593
ENSG00000280113,0.0015851956135788593,0.0015851956135788593
PARGP1,0.0015851956135788593,0.0015851956135788593
TMEM25,0.0015851956135788593,0.0015851956135788593
CDC42BPG,0.0015851956135788593,0.0015851956135788593
BABAM2,0.0015851956135788593,0.0015851956135788593
CIDEB,0.0015851956135788593,0.0015851956135788593
H2AC5P,0.0015851956135788593,0.0015851956135788593
ZNF239,0.0015851956135788593,0.0015851956135788593
TMEM53,0.0015851956135788593,0.0015851956135788593
SOX6,0.0015844097001428848,0.0015844097001428848
KAT2A,0.0015839194497876314,0.0015839194497876314
RPL22P2,-0.0015836306174429433,0.0015836306174429433
LINC01003,0.0015828693177597278,0.0015828693177597278
ZNF880,0.0015828693177597278,0.0015828693177597278
RCAN2,0.0015825605163386856,0.0015825605163386856
CASP10,-0.0015823702530911943,0.0015823702530911943
UBA52,0.0015822042921016766,0.0015822042921016766
ENSG00000288640,-0.0015819479598135119,0.0015819479598135119
UTP14C,-0.001581837227410559,0.001581837227410559
IL11,-0.001581837227410559,0.001581837227410559
SURF6,-0.0015811600950762297,0.0015811600950762297
ENSG00000255730,-0.0015809406192346866,0.0015809406192346866
VASH2,-0.0015808983213331088,0.0015808983213331088
ZNF562,-0.001579374378883483,0.001579374378883483
IGF2,0.00157917905014126,0.00157917905014126
SON,-0.001579167375554698,0.001579167375554698
HGSNAT,-0.001578944707038876,0.001578944707038876
ZNF500,-0.00157822927957863,0.00157822927957863
RFLNB,-0.0015780769719442147,0.0015780769719442147
ITSN2,-0.0015777808154209024,0.0015777808154209024
ABCB9,-0.0015775975086545874,0.0015775975086545874
SEC23IP,-0.001577419878959148,0.001577419878959148
HSPB7,0.0015767247015821093,0.0015767247015821093
MRS2,-0.0015754318566038091,0.0015754318566038091
EP400,0.001575378854085885,0.001575378854085885
TBC1D1,-0.001575033778160075,0.001575033778160075
MARCHF7,-0.0015749914562138805,0.0015749914562138805
HSPA8P1,-0.0015749813661113088,0.0015749813661113088
CADPS2,-0.0015746997314679753,0.0015746997314679753
BRMS1,-0.0015746997314679753,0.0015746997314679753
TLR4,-0.00157358332854241,0.00157358332854241
LATS1,-0.001571511228591979,0.001571511228591979
FAM118B,-0.0015713917453914674,0.0015713917453914674
FILIP1,-0.0015713917453914674,0.0015713917453914674
GALNT7-DT,-0.0015700714862184452,0.0015700714862184452
A2M,0.0015700667525739983,0.0015700667525739983
NSUN2,0.0015690467547505383,0.0015690467547505383
PTK2B,0.0015680634171934863,0.0015680634171934863
ESF1,-0.00156805757901085,0.00156805757901085
ARL4D,-0.0015679908550820794,0.0015679908550820794
LRP1,-0.001567985489833887,0.001567985489833887
TMEM218,-0.001567573217612996,0.001567573217612996
MCC,-0.0015670524553366126,0.0015670524553366126
DOK6,-0.001566946663630051,0.001566946663630051
ZNF624,-0.001566608680455871,0.001566608680455871
DYRK3,0.0015665915874167238,0.0015665915874167238
TMEM70,-0.0015665334107020593,0.0015665334107020593
ENSG00000267251,-0.0015659398341046325,0.0015659398341046325
ENSG00000286688,0.0015658834935778207,0.0015658834935778207
CCN1,-0.0015655617264883179,0.0015655617264883179
UQCRHL,-0.001565488300375066,0.001565488300375066
CD200,-0.001565488300375066,0.001565488300375066
SQSTM1,0.0015654623170522376,0.0015654623170522376
GIGYF2,-0.0015650530285430564,0.0015650530285430564
SERAC1,-0.0015646082453978096,0.0015646082453978096
CATSPER2P1,0.0015642309468301588,0.0015642309468301588
SART1,0.0015641765074867686,0.0015641765074867686
CCDC82,-0.0015637984259745412,0.0015637984259745412
CCDC127,-0.001563186263856505,0.001563186263856505
AKNA,0.0015631421506192775,0.0015631421506192775
IGHV4-4,-0.0015627374839683266,0.0015627374839683266
RACK1P1,-0.0015625885456034896,0.0015625885456034896
CD6,0.0015624604806029074,0.0015624604806029074
MPHOSPH9,-0.0015621276334554378,0.0015621276334554378
CHSY1,-0.0015613457810052442,0.0015613457810052442
ATM,-0.0015611776081072824,0.0015611776081072824
MRPS18C,0.0015610195063610012,0.0015610195063610012
EEF1A1P13,0.0015610195063610012,0.0015610195063610012
AGL,-0.0015599831930108265,0.0015599831930108265
MAGI3,0.001559801127260713,0.001559801127260713
BRD3,-0.0015594788206175158,0.0015594788206175158
GDAP1,-0.0015589481388350638,0.0015589481388350638
SPRTN,-0.0015588025362569253,0.0015588025362569253
MTURN,-0.0015585373971482009,0.0015585373971482009
OAZ2,-0.0015584081820771381,0.0015584081820771381
ARL1,0.001558101020376651,0.001558101020376651
ARHGAP32,-0.0015577590149219852,0.0015577590149219852
SRGAP3,-0.0015577590149219852,0.0015577590149219852
DDX43,-0.0015577590149219852,0.0015577590149219852
LLPH,-0.0015577590149219852,0.0015577590149219852
RRBP1,0.0015574697692611363,0.0015574697692611363
LYPD6,-0.0015572519103061355,0.0015572519103061355
GARIN1A,-0.0015569196957293922,0.0015569196957293922
PXK,-0.0015568051851401544,0.0015568051851401544
ELMOD2,-0.0015567979835314693,0.0015567979835314693
RPL36AL,0.0015559379265145136,0.0015559379265145136
PSCA,0.0015559379265145136,0.0015559379265145136
HOXD3,0.0015553376654317927,0.0015553376654317927
ENSG00000243777,0.0015553376654317927,0.0015553376654317927
MMP27,0.0015553376654317927,0.0015553376654317927
FGFR1,-0.0015550872233151697,0.0015550872233151697
MED17,-0.00155507953540135,0.00155507953540135
SF3B3,0.00155482441572625,0.00155482441572625
GYG1,-0.0015547949427296354,0.0015547949427296354
ZNF181,0.0015539123225190028,0.0015539123225190028
ARHGAP42,-0.0015536905745628866,0.0015536905745628866
CSNK2A1,-0.0015535508861849927,0.0015535508861849927
MSC-AS1,-0.0015530854494527253,0.0015530854494527253
AKAP8,-0.0015529796653452966,0.0015529796653452966
TG,0.0015520133292844707,0.0015520133292844707
GALNT11,-0.0015518387587978195,0.0015518387587978195
CYTH3,0.001551555678864951,0.001551555678864951
MOCS2-DT,0.0015512558285377628,0.0015512558285377628
PRRX2,0.0015512558285377628,0.0015512558285377628
CMTM6,-0.0015511200173618958,0.0015511200173618958
KCTD10,0.0015509648926127467,0.0015509648926127467
IL2RG,0.0015505510150287526,0.0015505510150287526
VENTX,0.0015505510150287526,0.0015505510150287526
RPL8P2,0.0015502131437192224,0.0015502131437192224
TMEM236,0.0015502131437192224,0.0015502131437192224
SLC5A5,0.0015502131437192224,0.0015502131437192224
ZNF510,0.0015502131437192224,0.0015502131437192224
CDKN2A,0.0015502131437192224,0.0015502131437192224
RPL23AP75,-0.0015500717714865171,0.0015500717714865171
RNF40,-0.0015498399559024194,0.0015498399559024194
GSPT1,-0.0015479395749246215,0.0015479395749246215
SOWAHC,0.001547706372907287,0.001547706372907287
ZNF7,-0.0015473114517980163,0.0015473114517980163
TMEM154,0.0015471164905421968,0.0015471164905421968
MPDZ,-0.0015467740911911754,0.0015467740911911754
CHD8,-0.001546484016424146,0.001546484016424146
BMI1,0.0015464502181112025,0.0015464502181112025
MAFK,0.0015464502181112025,0.0015464502181112025
SLC9B2,0.0015464502181112025,0.0015464502181112025
ENSG00000270956,0.0015464502181112025,0.0015464502181112025
RNVU1-27,0.0015464502181112025,0.0015464502181112025
IFITM10,0.0015464502181112025,0.0015464502181112025
EPHA6,0.0015464502181112025,0.0015464502181112025
SNAI1,0.0015464502181112025,0.0015464502181112025
ENSG00000287085,0.0015464502181112025,0.0015464502181112025
IDNK,0.0015464502181112025,0.0015464502181112025
WNT11,0.0015464502181112025,0.0015464502181112025
EML4-AS1,0.0015464502181112025,0.0015464502181112025
EMC2,0.0015464502181112025,0.0015464502181112025
DHRS7,0.0015464502181112025,0.0015464502181112025
MAOB,0.0015464502181112025,0.0015464502181112025
CLECL1P,0.0015464502181112025,0.0015464502181112025
ENSG00000272478,0.0015464502181112025,0.0015464502181112025
ENSG00000286975,0.0015464502181112025,0.0015464502181112025
ENSG00000237813,0.0015464502181112025,0.0015464502181112025
MIR4481,0.0015464502181112025,0.0015464502181112025
HNRNPKP1,0.0015464502181112025,0.0015464502181112025
HORMAD2-AS1,0.0015464502181112025,0.0015464502181112025
ENSG00000273445,0.0015464502181112025,0.0015464502181112025
ENSG00000236194,0.0015464502181112025,0.0015464502181112025
MFNG,0.0015464502181112025,0.0015464502181112025
DDX50P1,0.0015464502181112025,0.0015464502181112025
DEFA3,0.0015464502181112025,0.0015464502181112025
BCAS2,0.0015464502181112025,0.0015464502181112025
ENSG00000273160,0.0015464502181112025,0.0015464502181112025
ENSG00000286438,0.0015464502181112025,0.0015464502181112025
ENSG00000286444,0.0015464502181112025,0.0015464502181112025
ENSG00000236525,0.0015464502181112025,0.0015464502181112025
RMI2,0.0015464502181112025,0.0015464502181112025
ENSG00000237852,0.0015464502181112025,0.0015464502181112025
BICD1-AS1,0.0015464502181112025,0.0015464502181112025
MEF2C-AS2,0.0015464502181112025,0.0015464502181112025
RN7SL200P,0.0015464502181112025,0.0015464502181112025
RN7SL441P,0.0015464502181112025,0.0015464502181112025
VNN1,0.0015464502181112025,0.0015464502181112025
VNN2,0.0015464502181112025,0.0015464502181112025
SNORD65,0.0015464502181112025,0.0015464502181112025
RPL21P7,0.0015464502181112025,0.0015464502181112025
SNORD1B,0.0015464502181112025,0.0015464502181112025
CCDC85B,0.0015464502181112025,0.0015464502181112025
ENSG00000272379,0.0015464502181112025,0.0015464502181112025
WAS,0.0015464502181112025,0.0015464502181112025
AIP,0.0015464502181112025,0.0015464502181112025
MBNL3,0.0015464502181112025,0.0015464502181112025
MATK,0.0015464502181112025,0.0015464502181112025
LSM12,0.0015464502181112025,0.0015464502181112025
ENSG00000287707,0.0015464502181112025,0.0015464502181112025
BMS1P3,0.0015464502181112025,0.0015464502181112025
RPS4XP3,0.0015464502181112025,0.0015464502181112025
KCNJ6,0.0015464502181112025,0.0015464502181112025
CALB2,0.0015464502181112025,0.0015464502181112025
RTN4IP1,0.0015464502181112025,0.0015464502181112025
ENSG00000266378,0.0015464502181112025,0.0015464502181112025
LARP6,0.0015464502181112025,0.0015464502181112025
ENSG00000266844,0.0015464502181112025,0.0015464502181112025
LDOC1,0.0015464502181112025,0.0015464502181112025
S1PR5,0.0015464502181112025,0.0015464502181112025
SIDT1,0.0015464502181112025,0.0015464502181112025
SIGLEC16,0.0015464502181112025,0.0015464502181112025
ITGB7,0.0015464502181112025,0.0015464502181112025
LIME1,0.0015464502181112025,0.0015464502181112025
LINC00189,0.0015464502181112025,0.0015464502181112025
ITGAL,0.0015464502181112025,0.0015464502181112025
ENSG00000264813,0.0015464502181112025,0.0015464502181112025
CABP4,0.0015464502181112025,0.0015464502181112025
LRRC51,0.0015464502181112025,0.0015464502181112025
ENSG00000289093,0.0015464502181112025,0.0015464502181112025
KIF21A,0.0015464502181112025,0.0015464502181112025
SELENOO,0.0015464502181112025,0.0015464502181112025
C2CD5,0.0015464502181112025,0.0015464502181112025
KIAA0232,0.0015464502181112025,0.0015464502181112025
C6,0.0015464502181112025,0.0015464502181112025
ENSG00000289471,0.0015464502181112025,0.0015464502181112025
EDARADD,0.0015464502181112025,0.0015464502181112025
KLRA1P,0.0015464502181112025,0.0015464502181112025
ENSG00000289476,0.0015464502181112025,0.0015464502181112025
ZNF767P,0.0015464502181112025,0.0015464502181112025
C8orf82,0.0015464502181112025,0.0015464502181112025
ENSG00000248881,0.0015464502181112025,0.0015464502181112025
ZNF731P,0.0015464502181112025,0.0015464502181112025
ZNF699,0.0015464502181112025,0.0015464502181112025
ENSG00000243273,0.0015464502181112025,0.0015464502181112025
BTN2A2,0.0015464502181112025,0.0015464502181112025
ENSG00000267349,0.0015464502181112025,0.0015464502181112025
ENSG00000287695,0.0015464502181112025,0.0015464502181112025
LMBR1L,0.0015464502181112025,0.0015464502181112025
DNAJC14,0.0015464502181112025,0.0015464502181112025
ZFYVE19,0.0015464502181112025,0.0015464502181112025
LPXN,0.0015464502181112025,0.0015464502181112025
ALOX15,0.0015464502181112025,0.0015464502181112025
EIF6,0.0015464502181112025,0.0015464502181112025
LRRC36,0.0015464502181112025,0.0015464502181112025
SLAMF1,0.0015464502181112025,0.0015464502181112025
IGKC,0.0015464502181112025,0.0015464502181112025
ZDHHC18,0.0015464502181112025,0.0015464502181112025
ENSG00000269902,0.0015464502181112025,0.0015464502181112025
ZCCHC17,0.0015464502181112025,0.0015464502181112025
SLC7A4,0.0015464502181112025,0.0015464502181112025
RPL21P91,0.0015464502181112025,0.0015464502181112025
DNAJC5,0.0015464502181112025,0.0015464502181112025
DNAJC8,0.0015464502181112025,0.0015464502181112025
ENSG00000287828,0.0015464502181112025,0.0015464502181112025
LINC03008,0.0015464502181112025,0.0015464502181112025
ENSG00000268218,0.0015464502181112025,0.0015464502181112025
LINC02972,0.0015464502181112025,0.0015464502181112025
LINC02648,0.0015464502181112025,0.0015464502181112025
RPL36AP41,0.0015464502181112025,0.0015464502181112025
BRI3BP,0.0015464502181112025,0.0015464502181112025
RPL5P11,0.0015464502181112025,0.0015464502181112025
RPL7P60,0.0015464502181112025,0.0015464502181112025
CASC3,0.0015464502181112025,0.0015464502181112025
ENSG00000290793,0.0015464502181112025,0.0015464502181112025
BTBD3,0.0015464502181112025,0.0015464502181112025
ENSG00000250027,0.0015464502181112025,0.0015464502181112025
RPS26P18,0.0015464502181112025,0.0015464502181112025
SLAMF6,0.0015464502181112025,0.0015464502181112025
MIR933,0.0015464502181112025,0.0015464502181112025
HNRNPRP1,0.0015464502181112025,0.0015464502181112025
SELENOO-AS1,0.0015464502181112025,0.0015464502181112025
H2AC11,0.0015464502181112025,0.0015464502181112025
ATP11A-AS1,0.0015464502181112025,0.0015464502181112025
PTPRD-AS1,0.0015464502181112025,0.0015464502181112025
ENSG00000231316,0.0015464502181112025,0.0015464502181112025
NAP1L2,0.0015464502181112025,0.0015464502181112025
TPSD1,0.0015464502181112025,0.0015464502181112025
ENSG00000285608,0.0015464502181112025,0.0015464502181112025
CPB2-AS1,0.0015464502181112025,0.0015464502181112025
GSTM5,0.0015464502181112025,0.0015464502181112025
FBXL14,0.0015464502181112025,0.0015464502181112025
TRANK1,0.0015464502181112025,0.0015464502181112025
CX3CR1,0.0015464502181112025,0.0015464502181112025
MYO1E,0.0015464502181112025,0.0015464502181112025
TRAPPC2L,0.0015464502181112025,0.0015464502181112025
TRAPPC8,0.0015464502181112025,0.0015464502181112025
TRGC1,0.0015464502181112025,0.0015464502181112025
FKBP14-AS1,0.0015464502181112025,0.0015464502181112025
TRGV7,0.0015464502181112025,0.0015464502181112025
GLCCI1,0.0015464502181112025,0.0015464502181112025
TRGV9,0.0015464502181112025,0.0015464502181112025
ENSG00000258930,0.0015464502181112025,0.0015464502181112025
CXCR4,0.0015464502181112025,0.0015464502181112025
AUNIP,0.0015464502181112025,0.0015464502181112025
TRIM37,0.0015464502181112025,0.0015464502181112025
POLH-AS1,0.0015464502181112025,0.0015464502181112025
PRKCE-AS1,0.0015464502181112025,0.0015464502181112025
ATP13A1,0.0015464502181112025,0.0015464502181112025
STXBP2,0.0015464502181112025,0.0015464502181112025
PTPDC1,0.0015464502181112025,0.0015464502181112025
ENSG00000255046,0.0015464502181112025,0.0015464502181112025
FFAR2,0.0015464502181112025,0.0015464502181112025
PPP1R12C,0.0015464502181112025,0.0015464502181112025
CSNK1G2,0.0015464502181112025,0.0015464502181112025
TMEM230,0.0015464502181112025,0.0015464502181112025
ENSG00000279356,0.0015464502181112025,0.0015464502181112025
NLK,0.0015464502181112025,0.0015464502181112025
ENSG00000224738,0.0015464502181112025,0.0015464502181112025
GNG11,0.0015464502181112025,0.0015464502181112025
NDUFB11,0.0015464502181112025,0.0015464502181112025
FCGR2B,0.0015464502181112025,0.0015464502181112025
ENSG00000257359,0.0015464502181112025,0.0015464502181112025
ENSG00000258317,0.0015464502181112025,0.0015464502181112025
ENSG00000255340,0.0015464502181112025,0.0015464502181112025
GLYCTK,0.0015464502181112025,0.0015464502181112025
GPR171,0.0015464502181112025,0.0015464502181112025
NCOA1,0.0015464502181112025,0.0015464502181112025
CHCHD3,0.0015464502181112025,0.0015464502181112025
ENSG00000254979,0.0015464502181112025,0.0015464502181112025
TNIP3,0.0015464502181112025,0.0015464502181112025
TNMD,0.0015464502181112025,0.0015464502181112025
ARG1,0.0015464502181112025,0.0015464502181112025
CTLA4,0.0015464502181112025,0.0015464502181112025
ENSG00000232855,0.0015464502181112025,0.0015464502181112025
ENSG00000254933,0.0015464502181112025,0.0015464502181112025
GYPB,0.0015464502181112025,0.0015464502181112025
CSK,0.0015464502181112025,0.0015464502181112025
FARSA-AS1,0.0015464502181112025,0.0015464502181112025
FAM88B,0.0015464502181112025,0.0015464502181112025
TFDP1,0.0015464502181112025,0.0015464502181112025
HECW2-AS1,0.0015464502181112025,0.0015464502181112025
RBFOX2,0.0015464502181112025,0.0015464502181112025
DARS1-AS1,0.0015464502181112025,0.0015464502181112025
ENSG00000275630,0.0015464502181112025,0.0015464502181112025
ENSG00000254295,0.0015464502181112025,0.0015464502181112025
RBM10,0.0015464502181112025,0.0015464502181112025
ENSG00000228384,0.0015464502181112025,0.0015464502181112025
ENSG00000286030,0.0015464502181112025,0.0015464502181112025
ENSG00000259477,0.0015464502181112025,0.0015464502181112025
DBR1,0.0015464502181112025,0.0015464502181112025
CNGB3,0.0015464502181112025,0.0015464502181112025
MORF4L2,0.0015464502181112025,0.0015464502181112025
UBE2V1,0.0015464502181112025,0.0015464502181112025
ENSG00000203647,0.0015464502181112025,0.0015464502181112025
MME,0.0015464502181112025,0.0015464502181112025
ENSG00000259608,0.0015464502181112025,0.0015464502181112025
PHKG1,0.0015464502181112025,0.0015464502181112025
ENSG00000256139,0.0015464502181112025,0.0015464502181112025
UCP2,0.0015464502181112025,0.0015464502181112025
CD2BP2,0.0015464502181112025,0.0015464502181112025
GADL1,0.0015464502181112025,0.0015464502181112025
ULK1,0.0015464502181112025,0.0015464502181112025
ENSG00000286190,0.0015464502181112025,0.0015464502181112025
MISP3,0.0015464502181112025,0.0015464502181112025
SRSF6,0.0015464502181112025,0.0015464502181112025
MSL1,0.0015464502181112025,0.0015464502181112025
ENSG00000256020,0.0015464502181112025,0.0015464502181112025
ANP32BP3,0.0015464502181112025,0.0015464502181112025
TROAP,0.0015464502181112025,0.0015464502181112025
CICP14,0.0015464502181112025,0.0015464502181112025
TBP,0.0015464502181112025,0.0015464502181112025
H2AZP1,0.0015464502181112025,0.0015464502181112025
CYFIP2,0.0015464502181112025,0.0015464502181112025
AOAH,0.0015464502181112025,0.0015464502181112025
GCLM,0.0015464502181112025,0.0015464502181112025
ASNSD1,0.0015464502181112025,0.0015464502181112025
MUTYH,0.0015464502181112025,0.0015464502181112025
ENSG00000259121,0.0015464502181112025,0.0015464502181112025
CLDN19,0.0015464502181112025,0.0015464502181112025
ENSG00000279862,0.0015464502181112025,0.0015464502181112025
MTND6P35,0.0015464502181112025,0.0015464502181112025
ENSG00000276853,0.0015464502181112025,0.0015464502181112025
TTC16,0.0015464502181112025,0.0015464502181112025
TIPARP,0.0015464502181112025,0.0015464502181112025
ENSG00000255946,0.0015464502181112025,0.0015464502181112025
TTC9,0.0015464502181112025,0.0015464502181112025
CD247,0.0015464502181111817,0.0015464502181111817
FMNL1-AS1,0.0015463119325892613,0.0015463119325892613
H2AZ2,-0.0015463066530273233,0.0015463066530273233
CALML3,0.0015462464308920512,0.0015462464308920512
EBLN3P,-0.0015461240471234049,0.0015461240471234049
TBX2,-0.0015457303409276675,0.0015457303409276675
NCS1,0.0015457168934747633,0.0015457168934747633
UBTF,0.0015456482298543733,0.0015456482298543733
CAPG,-0.0015444500972015306,0.0015444500972015306
A1BG,-0.0015444500972015306,0.0015444500972015306
TARS2,-0.0015444500972015306,0.0015444500972015306
EFHB,-0.0015444500972015306,0.0015444500972015306
ZKSCAN2-DT,-0.0015444500972015306,0.0015444500972015306
STAC,-0.0015444500972015306,0.0015444500972015306
IGHV5-10-1,-0.0015444500972015306,0.0015444500972015306
RBM45,-0.0015444500972015306,0.0015444500972015306
ABCA15P,0.001544329805621869,0.001544329805621869
ENSG00000287393,0.001544329805621869,0.001544329805621869
ENSG00000288894,0.001544329805621869,0.001544329805621869
ENSG00000266677,0.001544329805621869,0.001544329805621869
CRYBB2P1,0.001544329805621869,0.001544329805621869
ATP5MC2P3,0.001544329805621869,0.001544329805621869
ENSG00000286186,0.001544329805621869,0.001544329805621869
CD209,-0.0015440704357308846,0.0015440704357308846
ASB14,-0.001543797718395629,0.001543797718395629
EIF3KP1,0.0015430635317036435,0.0015430635317036435
TRPA1,-0.0015430298030586465,0.0015430298030586465
PTPN11,-0.00154278769211432,0.00154278769211432
JAG2,-0.00154278769211432,0.00154278769211432
NSMAF,-0.001542366515588748,0.001542366515588748
SLX4IP,-0.001542366515588748,0.001542366515588748
BLOC1S5,-0.001541834902884139,0.001541834902884139
SBNO1,-0.00154156650292228,0.00154156650292228
CDC42-AS1,0.001541501025609183,0.001541501025609183
CD4,0.0015408636542200678,0.0015408636542200678
SP100,-0.0015404462089831463,0.0015404462089831463
ENSG00000289520,-0.0015401019133409932,0.0015401019133409932
RPAP2,-0.0015396900957776794,0.0015396900957776794
VPS36,-0.0015395903836985597,0.0015395903836985597
SPEF2,-0.001539100092481365,0.001539100092481365
ADCY3,0.0015390017720572217,0.0015390017720572217
A2MP1,0.0015390017720572217,0.0015390017720572217
VWF,0.0015387773460414091,0.0015387773460414091
RAB29,-0.0015386047088049462,0.0015386047088049462
ODC1-DT,0.0015382702180092296,0.0015382702180092296
KLHDC2,-0.0015380399685146883,0.0015380399685146883
FUT8,-0.0015375565125516244,0.0015375565125516244
TTYH2,0.001537437269445119,0.001537437269445119
LINC02018,0.0015367057153971313,0.0015367057153971313
FBXO34,0.0015364123441567394,0.0015364123441567394
CRIM1,0.001536012270519591,0.001536012270519591
ANKRD40,-0.0015337615355286523,0.0015337615355286523
FAS,-0.0015333580397499046,0.0015333580397499046
KCNT2,0.001533283645745639,0.001533283645745639
KL,0.001533283645745639,0.001533283645745639
ABCA4,0.001533283645745639,0.001533283645745639
CERCAM,0.001533197447692146,0.001533197447692146
TPPP,0.001532866663721221,0.001532866663721221
HDGFL3,-0.0015322842319078556,0.0015322842319078556
ENSG00000240291,-0.001531361170627848,0.001531361170627848
FARP2,-0.0015310981760380481,0.0015310981760380481
LINC02680,-0.0015309994231623666,0.0015309994231623666
APOA1-AS,-0.0015309994231623666,0.0015309994231623666
DDHD1,0.0015307697605388634,0.0015307697605388634
MAPK14,-0.0015304205994963816,0.0015304205994963816
PPP1R3G,-0.0015303923006665463,0.0015303923006665463
NDFIP1,-0.001529625240882424,0.001529625240882424
ENSG00000230074,-0.0015294544108608867,0.0015294544108608867
ENSG00000285520,-0.0015293421686386668,0.0015293421686386668
PRKCI,0.0015286975380758802,0.0015286975380758802
CCDC170,0.0015285065401859984,0.0015285065401859984
LINC00957,0.0015285065401859984,0.0015285065401859984
DSG2,0.0015284941433255175,0.0015284941433255175
ENSG00000288953,-0.001528368392788395,0.001528368392788395
NLN,-0.001528228693061723,0.001528228693061723
KANTR,-0.001527501837584295,0.001527501837584295
PGAP6,-0.0015272327410657967,0.0015272327410657967
ZNF577,0.0015265211638771509,0.0015265211638771509
CCDC57,0.0015264763900588083,0.0015264763900588083
NFE2L1,0.0015264560436179873,0.0015264560436179873
EXOC2,-0.0015262815636602877,0.0015262815636602877
HPGDS,0.0015253730105177364,0.0015253730105177364
SLC15A4,-0.0015251690914642097,0.0015251690914642097
DGKI,-0.0015251394920328678,0.0015251394920328678
ENSG00000232514,0.0015238925792072186,0.0015238925792072186
ENSG00000288752,-0.0015236983714287016,0.0015236983714287016
BIVM-ERCC5,-0.0015236983714287016,0.0015236983714287016
TICAM2-AS1,-0.0015232214565377683,0.0015232214565377683
ENSG00000249624,-0.0015232146171092805,0.0015232146171092805
PLEK,-0.0015231810899496334,0.0015231810899496334
FAM110C,0.0015227965332533636,0.0015227965332533636
GRTP1,0.0015227965332533636,0.0015227965332533636
TGFBR3,0.0015227965332533636,0.0015227965332533636
GANAB,0.0015227965332533636,0.0015227965332533636
ZNF589,0.0015227965332533636,0.0015227965332533636
ENSG00000241962,0.0015227965332533636,0.0015227965332533636
DHCR24-DT,0.0015227965332533636,0.0015227965332533636
XRCC4,0.0015227965332533636,0.0015227965332533636
TUBB2B,0.0015227965332533636,0.0015227965332533636
ENSG00000289943,0.0015227965332533636,0.0015227965332533636
ENSG00000284724,0.0015227965332533636,0.0015227965332533636
SOS2,0.0015227965332533636,0.0015227965332533636
NT5C3AP1,0.0015227965332533636,0.0015227965332533636
MYO10,-0.0015226181235673732,0.0015226181235673732
IGLV3-1,-0.0015219013895939697,0.0015219013895939697
RPS27AP5,0.0015214585742937164,0.0015214585742937164
SPATA6L,-0.0015204257894472534,0.0015204257894472534
PHYHIP,0.0015202702785226485,0.0015202702785226485
PLEKHA7,0.001519807746533554,0.001519807746533554
RPS29P3,-0.0015190925964348044,0.0015190925964348044
ARHGAP8,-0.0015190925964348044,0.0015190925964348044
CRYBG3,0.0015189665330023459,0.0015189665330023459
SMOX,-0.001517913803520622,0.001517913803520622
MACROH2A2,-0.001517913803520622,0.001517913803520622
WDPCP,-0.0015176997549343012,0.0015176997549343012
GPC4,-0.0015176997549343012,0.0015176997549343012
ALG11,-0.0015172552387184225,0.0015172552387184225
ZNF84-DT,-0.001517190308589635,0.001517190308589635
SUN2,0.001516611752776032,0.001516611752776032
ENSG00000280285,-0.0015164128855626807,0.0015164128855626807
STPG1,0.0015159544332135622,0.0015159544332135622
CCDC6,0.001515950563221884,0.001515950563221884
CPSF2,-0.001515738517892687,0.001515738517892687
GBP2,-0.0015156581393423428,0.0015156581393423428
LAMB4,0.0015153831969112069,0.0015153831969112069
SLC17A9,-0.0015153136458329953,0.0015153136458329953
TUBB6,-0.0015146582419393732,0.0015146582419393732
GZMB,-0.0015144348793563627,0.0015144348793563627
ZCWPW1,-0.0015138546224849974,0.0015138546224849974
ITPKC,0.0015130113462513313,0.0015130113462513313
SDAD1P1,-0.0015128304946802425,0.0015128304946802425
FAM20A,-0.0015128214102022846,0.0015128214102022846
TRIM56,-0.0015127798698982525,0.0015127798698982525
CPOX,-0.0015126142646097157,0.0015126142646097157
TPM4,-0.0015125842368936765,0.0015125842368936765
SLC38A11,-0.0015124093181546814,0.0015124093181546814
ENSG00000267801,0.0015112074317590097,0.0015112074317590097
RIN3,0.0015107870804724065,0.0015107870804724065
LINC02615,-0.0015104979578643963,0.0015104979578643963
ENSG00000271943,-0.0015100832554858325,0.0015100832554858325
DELEC1,-0.0015094218938784807,0.0015094218938784807
LINC00702,-0.0015091689216409087,0.0015091689216409087
ENSG00000287979,-0.0015089031981692033,0.0015089031981692033
TFIP11,0.001508780958026806,0.001508780958026806
PAPSS1,0.001508780958026806,0.001508780958026806
TERF1,-0.0015082791822310974,0.0015082791822310974
SPTSSB,0.0015077867231394811,0.0015077867231394811
DUS1L,0.0015077308259988937,0.0015077308259988937
RPL5P1,0.0015077308259988937,0.0015077308259988937
ENSG00000286022,0.0015077308259988937,0.0015077308259988937
FGFBP2,0.0015077308259988937,0.0015077308259988937
LMNA,0.001507587414318284,0.001507587414318284
LARGE-AS1,0.001507553483718303,0.001507553483718303
GPR65,0.001507553483718303,0.001507553483718303
ENPP3,0.001507553483718303,0.001507553483718303
ENSG00000255801,0.001507553483718303,0.001507553483718303
SCN4A,0.001507553483718303,0.001507553483718303
FGFR1OP2,0.001507553483718303,0.001507553483718303
FBXW10B,0.001507553483718303,0.001507553483718303
STARD8,0.001507553483718303,0.001507553483718303
CYGB,0.001507553483718303,0.001507553483718303
MEFV,0.001507553483718303,0.001507553483718303
ENSG00000289382,0.001507553483718303,0.001507553483718303
SYVN1,0.001507553483718303,0.001507553483718303
ENSG00000231616,0.001507553483718303,0.001507553483718303
VRK2,0.001507553483718303,0.001507553483718303
IDI2,0.001507553483718303,0.001507553483718303
CFAP69,-0.0015074896361743394,0.0015074896361743394
HSBP1,-0.0015070951954644822,0.0015070951954644822
FAIM,0.0015070551690915229,0.0015070551690915229
MTRFR,-0.0015070518529476707,0.0015070518529476707
CNTNAP3P2,-0.0015069342096585105,0.0015069342096585105
GBP3,-0.0015067566155997894,0.0015067566155997894
TSFM,0.0015065458984121164,0.0015065458984121164
MICAL2,-0.001506466803477121,0.001506466803477121
ENSG00000291077,-0.0015063408099255451,0.0015063408099255451
DNM1L,0.0015061215709274171,0.0015061215709274171
IL21R,-0.0015056385727293838,0.0015056385727293838
TMEM91,-0.0015056347534441747,0.0015056347534441747
ZCCHC3,0.0015047115883598035,0.0015047115883598035
MCOLN2,0.0015047115883598035,0.0015047115883598035
TPSB2,0.001503759634581495,0.001503759634581495
RTCB,-0.0015037283174135468,0.0015037283174135468
PCGF3-AS1,-0.0015029119986972905,0.0015029119986972905
SEMA3D,-0.0015025919650817606,0.0015025919650817606
ATP6AP1,0.0015021955757990072,0.0015021955757990072
KLF3-AS1,-0.0015019564089756604,0.0015019564089756604
TM9SF3,-0.0015018068486029614,0.0015018068486029614
ENSG00000255856,-0.0015012007868903316,0.0015012007868903316
NORAD,0.0015009948962076706,0.0015009948962076706
HSD17B12,0.0015006370662304241,0.0015006370662304241
ANKFY1,-0.0015005790252779886,0.0015005790252779886
ENSG00000235381,-0.0015005751310133012,0.0015005751310133012
TMEM132A,-0.0015003176869939976,0.0015003176869939976
LTA4H,-0.0015003176869939976,0.0015003176869939976
ENSG00000244192,-0.0015001528045711365,0.0015001528045711365
SYNGR1,-0.001500128405847313,0.001500128405847313
QSER1,-0.001500128405847313,0.001500128405847313
ELOCP2,-0.001499603188351857,0.001499603188351857
STN1,-0.0014994578968772934,0.0014994578968772934
FAM13B,0.001499125436177771,0.001499125436177771
ENSG00000289526,0.0014990984606644265,0.0014990984606644265
ATP6V1C2,0.0014990984606644265,0.0014990984606644265
MCF2L,0.0014989254549981066,0.0014989254549981066
RPS23P1,-0.0014984256158377836,0.0014984256158377836
LSP1,0.0014982158392111958,0.0014982158392111958
GOLGA7B,0.0014970094142602304,0.0014970094142602304
PTPA,-0.0014968244411169877,0.0014968244411169877
TTYH3,0.0014966854016331824,0.0014966854016331824
PTMAP8,0.0014966352849734262,0.0014966352849734262
MT-RNR1,0.0014966352849734262,0.0014966352849734262
UCKL1,0.0014966352849734262,0.0014966352849734262
ENSG00000267038,0.0014966352849734262,0.0014966352849734262
LAMTOR3,0.0014966352849734262,0.0014966352849734262
LYNX1-SLURP2,0.0014966352849734262,0.0014966352849734262
SLURP2,0.0014966352849734262,0.0014966352849734262
AMACR,0.0014966352849734262,0.0014966352849734262
KPNB1,0.0014966352849734262,0.0014966352849734262
MCEE,0.0014966352849734262,0.0014966352849734262
CNTN3,0.0014966352849734262,0.0014966352849734262
SLC25A40,0.0014966352849734262,0.0014966352849734262
HSPA6,0.0014966352849734262,0.0014966352849734262
RRP1B,0.0014966352849734262,0.0014966352849734262
NECAB1,0.0014966352849734262,0.0014966352849734262
ENSG00000285304,0.0014966352849734262,0.0014966352849734262
GTF2F1,0.0014966352849734262,0.0014966352849734262
CIAPIN1,0.0014966352849734262,0.0014966352849734262
C1QTNF3-AMACR,0.0014966352849734262,0.0014966352849734262
ENSG00000286239,0.0014966352849734262,0.0014966352849734262
TP53I3,0.0014966352849734262,0.0014966352849734262
FAM120AOS,-0.0014965315799361813,0.0014965315799361813
CTNS,-0.0014964105819874176,0.0014964105819874176
OSER1,0.0014963653395195693,0.0014963653395195693
ZNF714,-0.001495951369549532,0.001495951369549532
ENSG00000215154,-0.001495420511670241,0.001495420511670241
ENSG00000277324,-0.001495420511670241,0.001495420511670241
GIMAP2,-0.001495420511670241,0.001495420511670241
ENSG00000254332,-0.0014953467642223983,0.0014953467642223983
SLC20A1,0.0014952112955371544,0.0014952112955371544
TBC1D19,-0.0014948830668913395,0.0014948830668913395
ENSG00000273391,0.0014947380636074741,0.0014947380636074741
ENSG00000263466,0.0014939681640468564,0.0014939681640468564
DROSHA,-0.0014937454833177626,0.0014937454833177626
STK35,0.0014936300383289044,0.0014936300383289044
SARNP,-0.0014935723518741256,0.0014935723518741256
GPIHBP1,0.0014925050559509397,0.0014925050559509397
FZR1,0.0014925050559509397,0.0014925050559509397
ENSG00000260793,-0.0014924397570834928,0.0014924397570834928
ARPIN,-0.0014908995230164263,0.0014908995230164263
APBB2,0.001490124951758138,0.001490124951758138
SSX2IP,-0.0014899243026594293,0.0014899243026594293
NFKBIA,-0.0014899243026594293,0.0014899243026594293
GATM,0.0014897594054786999,0.0014897594054786999
CDK16,0.0014896344249319857,0.0014896344249319857
DDX47,0.0014894825460693218,0.0014894825460693218
DUBR,-0.0014893549572197711,0.0014893549572197711
UGDH-AS1,-0.001489241925739873,0.001489241925739873
ENSG00000285851,0.0014891637302749691,0.0014891637302749691
HSPA4L,0.0014891032885890499,0.0014891032885890499
ZNF317,0.0014891032885890499,0.0014891032885890499
SGMS2,0.0014891032885890499,0.0014891032885890499
SLC39A8,-0.0014890785356283518,0.0014890785356283518
KIAA0586,-0.0014886135429580927,0.0014886135429580927
VIM,0.0014883712022607273,0.0014883712022607273
SCYL1,0.0014878140633937116,0.0014878140633937116
ENSG00000290397,0.0014878140633937116,0.0014878140633937116
ENSG00000290463,0.0014878140633937116,0.0014878140633937116
SUCO,0.0014878140633937116,0.0014878140633937116
TGM4,0.0014878140633937116,0.0014878140633937116
ENSG00000287601,0.0014878140633937116,0.0014878140633937116
PPP1R14C,0.0014878140633937116,0.0014878140633937116
CYB5A,0.0014878140633937116,0.0014878140633937116
VANGL2,0.0014878140633937116,0.0014878140633937116
TEX26-AS1,0.0014878140633937116,0.0014878140633937116
ENSG00000261335,0.0014878140633937116,0.0014878140633937116
ZNF833P,0.0014878140633937116,0.0014878140633937116
EGLN1,0.0014878140633937116,0.0014878140633937116
CDC42SE1,0.0014878140633937116,0.0014878140633937116
EIF1P4,0.0014878140633937116,0.0014878140633937116
ZNF446,0.0014878140633937116,0.0014878140633937116
AKAP5,0.0014878140633937116,0.0014878140633937116
PPP1R7,0.0014878140633937116,0.0014878140633937116
SMURF2,0.0014878140633937116,0.0014878140633937116
SDHAP3,0.0014878140633937116,0.0014878140633937116
ENSG00000271949,0.0014878140633937116,0.0014878140633937116
YWHAE,0.0014878140633937116,0.0014878140633937116
RNF19A,0.0014878140633937116,0.0014878140633937116
INSIG1-DT,0.0014878140633937116,0.0014878140633937116
TMEM186,0.0014878140633937116,0.0014878140633937116
ENSG00000261253,0.0014878140633937116,0.0014878140633937116
LAGE3,0.0014878140633937116,0.0014878140633937116
LYL1,0.0014878140633937116,0.0014878140633937116
ENSG00000266987,0.0014878140633937116,0.0014878140633937116
ENSG00000273175,0.0014878140633937116,0.0014878140633937116
GUSB,-0.0014876561364227197,0.0014876561364227197
RPS29,-0.001487065271518875,0.001487065271518875
KDM2B,0.0014861474620034643,0.0014861474620034643
PSMD4,-0.001486109909692574,0.001486109909692574
KAZN,0.001486009071000351,0.001486009071000351
IKZF1,0.0014858489670327238,0.0014858489670327238
SPOCK1,-0.0014848381319656802,0.0014848381319656802
ATXN7L3B,-0.0014846670461206928,0.0014846670461206928
RTCA-AS1,-0.0014836773962969762,0.0014836773962969762
EMX2OS,0.0014834312253554354,0.0014834312253554354
RCC1L,0.0014829606892845476,0.0014829606892845476
NPC2,0.001482872093006094,0.001482872093006094
ZFP90,-0.0014823444966943048,0.0014823444966943048
KIF20B,0.0014821360278110978,0.0014821360278110978
SLC25A29,-0.0014815202605718042,0.0014815202605718042
THG1L,-0.001481142241982828,0.001481142241982828
TTC19,-0.0014810632980962657,0.0014810632980962657
DENND5B,0.0014808473920977438,0.0014808473920977438
EEPD1,0.0014806911689270632,0.0014806911689270632
ENSG00000242757,0.001480654192739852,0.001480654192739852
LINC01641,0.001480654192739852,0.001480654192739852
ENSG00000286314,0.0014802217560231559,0.0014802217560231559
DIS3,-0.0014800523453578074,0.0014800523453578074
H2AC6,-0.0014800523453578074,0.0014800523453578074
SBDSP1,-0.0014800523453578074,0.0014800523453578074
SAR1A,-0.0014799439984654872,0.0014799439984654872
ZNF736,-0.001479782275617701,0.001479782275617701
WDR73,-0.0014797656259401162,0.0014797656259401162
HMBOX1,-0.0014797268422465043,0.0014797268422465043
CHCHD7,0.001479557661147984,0.001479557661147984
WDR5B-DT,-0.0014791595635297759,0.0014791595635297759
KLRC3,0.0014788344436501325,0.0014788344436501325
DCLK2,0.0014788344436501325,0.0014788344436501325
FRAS1,0.0014788344436501325,0.0014788344436501325
LINC02896,0.0014788344436501325,0.0014788344436501325
VNN3P,0.0014788344436501325,0.0014788344436501325
KCNN3,0.0014788344436501325,0.0014788344436501325
FOCAD,0.00147881713609057,0.00147881713609057
CEP250,0.0014786876764089376,0.0014786876764089376
CDK5RAP1,0.0014774408175418838,0.0014774408175418838
XRN1,0.0014763205270370374,0.0014763205270370374
UBE2D1,0.0014763070645070163,0.0014763070645070163
B3GNT5,0.0014763070645070163,0.0014763070645070163
RPL12,0.001475950347870903,0.001475950347870903
RNF31,0.0014758126024181737,0.0014758126024181737
CRISPLD2,-0.0014758027042853844,0.0014758027042853844
PDPK1,0.0014754329165136385,0.0014754329165136385
DSC3,0.00147542421579268,0.00147542421579268
ZFYVE21,-0.0014747403709484555,0.0014747403709484555
HSD17B13,-0.0014747014641416205,0.0014747014641416205
C4orf33,-0.0014747014641416205,0.0014747014641416205
ENSG00000250848,-0.0014726087305600428,0.0014726087305600428
URGCP,-0.0014721599628383696,0.0014721599628383696
SYNE2,0.001471828805885224,0.001471828805885224
FAF2,-0.0014718122160902927,0.0014718122160902927
LZIC,-0.001470995221165501,0.001470995221165501
LMBRD2,-0.0014709926118830156,0.0014709926118830156
CAMTA1,0.0014707484074658937,0.0014707484074658937
VPS37B,-0.0014705973358982547,0.0014705973358982547
TRABD,-0.0014704823409341045,0.0014704823409341045
TCEA2,-0.001470466962779134,0.001470466962779134
SLC1A4,-0.001470466962779134,0.001470466962779134
HTATSF1P2,-0.0014702186524746502,0.0014702186524746502
SHOC2,0.0014700499657354696,0.0014700499657354696
IL1RAP,-0.0014700188392607156,0.0014700188392607156
ENSG00000274383,-0.0014697181597481373,0.0014697181597481373
BTBD10,0.001469647346845087,0.001469647346845087
CCDC110,-0.0014695556787458477,0.0014695556787458477
CRIP1,0.0014691667917187238,0.0014691667917187238
CUX1,-0.0014691578936040389,0.0014691578936040389
GFRA2,0.0014691176376571654,0.0014691176376571654
ENSG00000283208,-0.0014689919942224051,0.0014689919942224051
ENSG00000288703,-0.0014688240035890226,0.0014688240035890226
IGKV1D-13,-0.0014688240035890226,0.0014688240035890226
ENSG00000284687,-0.0014688240035890226,0.0014688240035890226
LINC02610,-0.0014688240035890226,0.0014688240035890226
ZNF528,-0.0014688240035890226,0.0014688240035890226
ENSG00000278909,-0.0014688240035890226,0.0014688240035890226
KRT13,-0.0014688240035890226,0.0014688240035890226
ENSG00000289293,-0.0014688240035890226,0.0014688240035890226
YWHAZP6,-0.0014688240035890226,0.0014688240035890226
LINC02227,-0.0014688240035890226,0.0014688240035890226
SHISAL1,-0.0014688240035890226,0.0014688240035890226
HADHAP2,-0.0014688240035890226,0.0014688240035890226
LINC02572,-0.0014688240035890226,0.0014688240035890226
HMGB1P4,-0.0014688240035890226,0.0014688240035890226
GBP6,-0.0014688240035890226,0.0014688240035890226
PCCA-DT,-0.0014688240035890226,0.0014688240035890226
MRTFA-AS1,-0.0014688240035890226,0.0014688240035890226
STRA6,-0.001468824003589,0.001468824003589
FAM216B,-0.001468824003589,0.001468824003589
IRAK1,-0.001468824003589,0.001468824003589
LINC02160,-0.001468824003589,0.001468824003589
ENSG00000230929,-0.001468824003589,0.001468824003589
SUGT1-DT,-0.001468824003589,0.001468824003589
B9D2,-0.001468824003589,0.001468824003589
MICOS10-NBL1,-0.001468824003589,0.001468824003589
ENSG00000276337,-0.001468824003589,0.001468824003589
ENSG00000287575,-0.001468824003589,0.001468824003589
ENSG00000276248,-0.001468824003589,0.001468824003589
RNA5SP92,-0.001468824003589,0.001468824003589
IQCB1,-0.001468824003589,0.001468824003589
SRXN1,-0.001468824003589,0.001468824003589
AZIN2,-0.001468824003589,0.001468824003589
JPH1,-0.001468824003589,0.001468824003589
EIF2B3,-0.001468824003589,0.001468824003589
CCDC59,-0.001468824003589,0.001468824003589
DDX11,-0.001468824003589,0.001468824003589
MICOS10,-0.001468824003589,0.001468824003589
INO80B,-0.001468824003589,0.001468824003589
ENSG00000230805,-0.001468824003589,0.001468824003589
ENSG00000277022,-0.001468824003589,0.001468824003589
NUS1,-0.001468824003589,0.001468824003589
WNT7A,-0.001468824003589,0.001468824003589
WNT9A,-0.001468824003589,0.001468824003589
FAM193B,-0.001468824003589,0.001468824003589
ENSG00000286273,-0.001468824003589,0.001468824003589
NUDT1,-0.001468824003589,0.001468824003589
ENSG00000251144,-0.001468824003589,0.001468824003589
RHCG,-0.001468824003589,0.001468824003589
ENSG00000286797,-0.001468824003589,0.001468824003589
RHOB,-0.001468824003589,0.001468824003589
FLRT3,-0.001468824003589,0.001468824003589
ENSG00000276524,-0.001468824003589,0.001468824003589
ENSG00000273674,-0.001468824003589,0.001468824003589
TRIM61,-0.001468824003589,0.001468824003589
PPP2R2C,-0.001468824003589,0.001468824003589
FAM229A,-0.001468824003589,0.001468824003589
FAM86GP,-0.001468824003589,0.001468824003589
BANF1,-0.001468824003589,0.001468824003589
CCL11,-0.001468824003589,0.001468824003589
ENSG00000253270,-0.001468824003589,0.001468824003589
FARS2-AS1,-0.001468824003589,0.001468824003589
OMD,-0.001468824003589,0.001468824003589
LINC02340,-0.001468824003589,0.001468824003589
DDX54,-0.001468824003589,0.001468824003589
OGFOD2,-0.001468824003589,0.001468824003589
MIR181A1HG,-0.001468824003589,0.001468824003589
ITM2C,-0.001468824003589,0.001468824003589
ENSG00000287189,-0.001468824003589,0.001468824003589
EHD3,-0.001468824003589,0.001468824003589
ZC3HC1,-0.001468824003589,0.001468824003589
ATRAID,-0.001468824003589,0.001468824003589
ENSG00000234156,-0.001468824003589,0.001468824003589
YBX1P2,-0.001468824003589,0.001468824003589
YBEY,-0.001468824003589,0.001468824003589
ITGB3BP,-0.001468824003589,0.001468824003589
PPIAP79,-0.001468824003589,0.001468824003589
ENSG00000275454,-0.001468824003589,0.001468824003589
ENSG00000235241,-0.001468824003589,0.001468824003589
ENSG00000274024,-0.001468824003589,0.001468824003589
PPP1R37,-0.001468824003589,0.001468824003589
RHOQP1,-0.001468824003589,0.001468824003589
SPOPL-DT,-0.001468824003589,0.001468824003589
RNF26,-0.001468824003589,0.001468824003589
ENSG00000276089,-0.001468824003589,0.001468824003589
BACE1-AS,-0.001468824003589,0.001468824003589
RHOT1,-0.001468824003589,0.001468824003589
METAP2,-0.001468824003589,0.001468824003589
TPRG1L,-0.001468824003589,0.001468824003589
ADPRHL1,-0.001468824003589,0.001468824003589
ENSG00000273209,-0.001468824003589,0.001468824003589
FBXO38-DT,-0.001468824003589,0.001468824003589
MIR2110,-0.001468824003589,0.001468824003589
FAM43B,-0.001468824003589,0.001468824003589
ENSG00000233044,-0.001468824003589,0.001468824003589
RILPL2,-0.001468824003589,0.001468824003589
AUH,-0.001468824003589,0.001468824003589
ENSG00000286729,-0.001468824003589,0.001468824003589
ENSG00000287335,-0.001468824003589,0.001468824003589
OR1J2,-0.001468824003589,0.001468824003589
ENSG00000251229,-0.001468824003589,0.001468824003589
TMED6,-0.001468824003589,0.001468824003589
LIPE,-0.001468824003589,0.001468824003589
RAB13,-0.001468824003589,0.001468824003589
KRT17P1,-0.001468824003589,0.001468824003589
PRR11-AS1,-0.001468824003589,0.001468824003589
ENSG00000243179,-0.001468824003589,0.001468824003589
TMEM45B,-0.001468824003589,0.001468824003589
ENSG00000290316,-0.001468824003589,0.001468824003589
DYNLT5,-0.001468824003589,0.001468824003589
LINC00571,-0.001468824003589,0.001468824003589
LINC00278,-0.001468824003589,0.001468824003589
ENSG00000280381,-0.001468824003589,0.001468824003589
PJA1,-0.001468824003589,0.001468824003589
QSOX2,-0.001468824003589,0.001468824003589
ENSG00000254665,-0.001468824003589,0.001468824003589
LINC00310,-0.001468824003589,0.001468824003589
ENSG00000290068,-0.001468824003589,0.001468824003589
RAB36,-0.001468824003589,0.001468824003589
PROSER2,-0.001468824003589,0.001468824003589
PROM2,-0.001468824003589,0.001468824003589
KNL1,-0.001468824003589,0.001468824003589
MAN1A1,-0.001468824003589,0.001468824003589
TMPRSS11F,-0.001468824003589,0.001468824003589
ENSG00000291003,-0.001468824003589,0.001468824003589
DNAJA1,-0.001468824003589,0.001468824003589
PRMT1P1,-0.001468824003589,0.001468824003589
UNC5A,-0.001468824003589,0.001468824003589
RAB9A,-0.001468824003589,0.001468824003589
TEX30,-0.001468824003589,0.001468824003589
TMSB15B,-0.001468824003589,0.001468824003589
PDE1C,-0.001468824003589,0.001468824003589
KLKB1,-0.001468824003589,0.001468824003589
KLK13,-0.001468824003589,0.001468824003589
URB2,-0.001468824003589,0.001468824003589
DTX4,-0.001468824003589,0.001468824003589
LINC00265,-0.001468824003589,0.001468824003589
RNU6-171P,-0.001468824003589,0.001468824003589
PHOSPHO2,-0.001468824003589,0.001468824003589
ARMC2,-0.001468824003589,0.001468824003589
CLIC1P1,-0.001468824003589,0.001468824003589
TUBBP1,-0.001468824003589,0.001468824003589
TM4SF19,-0.001468824003589,0.001468824003589
ENSG00000289515,-0.001468824003589,0.001468824003589
ENSG00000289296,-0.001468824003589,0.001468824003589
PTGIR,-0.001468824003589,0.001468824003589
TMEM214,-0.001468824003589,0.001468824003589
ENSG00000289317,-0.001468824003589,0.001468824003589
PIF1,-0.001468824003589,0.001468824003589
ENSG00000289443,-0.001468824003589,0.001468824003589
PIAS4,-0.001468824003589,0.001468824003589
ENSG00000255060,-0.001468824003589,0.001468824003589
ENSG00000289365,-0.001468824003589,0.001468824003589
TMEM147-AS1,-0.001468824003589,0.001468824003589
ENSG00000283991,-0.001468824003589,0.001468824003589
LBP,-0.001468824003589,0.001468824003589
ENSG00000289616,-0.001468824003589,0.001468824003589
TMEM18,-0.001468824003589,0.001468824003589
ENSG00000289720,-0.001468824003589,0.001468824003589
TK2,-0.001468824003589,0.001468824003589
LAMTOR5-AS1,-0.001468824003589,0.001468824003589
UBE2A,-0.001468824003589,0.001468824003589
PXN-AS1,-0.001468824003589,0.001468824003589
LAMC2,-0.001468824003589,0.001468824003589
PSD,-0.001468824003589,0.001468824003589
PRTG,-0.001468824003589,0.001468824003589
TIMP1,-0.001468824003589,0.001468824003589
LAMB2,-0.001468824003589,0.001468824003589
CENPX,-0.001468824003589,0.001468824003589
ENSG00000289927,-0.001468824003589,0.001468824003589
TMSB15B-AS1,-0.001468824003589,0.001468824003589
ALLC,-0.001468824003589,0.001468824003589
ENSG00000253785,-0.001468824003589,0.001468824003589
ENSG00000286011,-0.001468824003589,0.001468824003589
ENSG00000288049,-0.001468824003589,0.001468824003589
PRDX1P1,-0.001468824003589,0.001468824003589
MCFD2P1,-0.001468824003589,0.001468824003589
EZH1,-0.001468824003589,0.001468824003589
ENSG00000288066,-0.001468824003589,0.001468824003589
PRDX2P4,-0.001468824003589,0.001468824003589
TSNAX-DISC1,-0.001468824003589,0.001468824003589
VIPAS39,-0.001468824003589,0.001468824003589
MBTPS2,-0.001468824003589,0.001468824003589
PIAS3,-0.001468824003589,0.001468824003589
ENSG00000236773,-0.001468824003589,0.001468824003589
PRELID1P4,-0.001468824003589,0.001468824003589
TNFSF11,-0.001468824003589,0.001468824003589
EXO5-DT,-0.001468824003589,0.001468824003589
MCHR1,-0.001468824003589,0.001468824003589
ENSG00000288031,-0.001468824003589,0.001468824003589
PAEP,-0.001468824003589,0.001468824003589
ATP5MC2P4,-0.001468824003589,0.001468824003589
DESI2,-0.001468824003589,0.001468824003589
CCNQ,-0.001468824003589,0.001468824003589
PACERR,-0.001468824003589,0.001468824003589
ENSG00000250424,-0.001468824003589,0.001468824003589
ENSG00000236064,-0.001468824003589,0.001468824003589
LINC01352,-0.001468824003589,0.001468824003589
RGN,-0.001468824003589,0.001468824003589
SURF2,-0.001468824003589,0.001468824003589
RGPD2,-0.001468824003589,0.001468824003589
P2RY2,-0.001468824003589,0.001468824003589
ENSG00000287782,-0.001468824003589,0.001468824003589
KBTBD3,-0.001468824003589,0.001468824003589
SUMO2P21,-0.001468824003589,0.001468824003589
ARHGAP15,-0.001468824003589,0.001468824003589
RBMS2P1,-0.001468824003589,0.001468824003589
RAET1E-AS1,-0.001468824003589,0.001468824003589
DHRSX,-0.001468824003589,0.001468824003589
RASD2,-0.001468824003589,0.001468824003589
UST,-0.001468824003589,0.001468824003589
MAPK7,-0.001468824003589,0.001468824003589
TCN1,-0.001468824003589,0.001468824003589
ENSG00000254400,-0.001468824003589,0.001468824003589
TSSK3,-0.001468824003589,0.001468824003589
ENSG00000279739,-0.001468824003589,0.001468824003589
DGKQ,-0.001468824003589,0.001468824003589
ENSG00000279742,-0.001468824003589,0.001468824003589
ENSG00000249852,-0.001468824003589,0.001468824003589
KLHL17,-0.001468824003589,0.001468824003589
TENM2,-0.001468824003589,0.001468824003589
ASH1L-AS1,-0.001468824003589,0.001468824003589
LPAR5,-0.001468824003589,0.001468824003589
MARCHF10-DT,-0.001468824003589,0.001468824003589
CD74,-0.001468824003589,0.001468824003589
ENSG00000279500,-0.001468824003589,0.001468824003589
ENSG00000279481,-0.001468824003589,0.001468824003589
KIF2C,-0.001468824003589,0.001468824003589
ERCC3,-0.001468824003589,0.001468824003589
KIF23,-0.001468824003589,0.001468824003589
TBC1D22A-DT,-0.001468824003589,0.001468824003589
TBC1D13,-0.001468824003589,0.001468824003589
KIF14,-0.001468824003589,0.001468824003589
ERLIN2,-0.001468824003589,0.001468824003589
LINC01081,-0.001468824003589,0.001468824003589
TAS2R6P,-0.001468824003589,0.001468824003589
DGUOK,-0.001468824003589,0.001468824003589
PART1,-0.001468824003589,0.001468824003589
ENSG00000258172,-0.001468824003589,0.001468824003589
ESPL1,-0.001468824003589,0.001468824003589
ENSG00000272844,-0.001468824003589,0.001468824003589
TRIAP1,-0.001468824003589,0.001468824003589
CTD-2350J17.1,-0.001468824003589,0.001468824003589
NDUFA8,-0.001468824003589,0.001468824003589
ENSG00000228714,-0.001468824003589,0.001468824003589
CBX3P3,-0.001468824003589,0.001468824003589
SMARCA1,-0.001468824003589,0.001468824003589
CXCL13,-0.001468824003589,0.001468824003589
ENSG00000270792,-0.001468824003589,0.001468824003589
ENSG00000270755,-0.001468824003589,0.001468824003589
SLIT3-AS2,-0.001468824003589,0.001468824003589
SLIRP,-0.001468824003589,0.001468824003589
RPL23AP65,-0.001468824003589,0.001468824003589
SAR1AP2,-0.001468824003589,0.001468824003589
ENSG00000267598,-0.001468824003589,0.001468824003589
ENSG00000261019,-0.001468824003589,0.001468824003589
HOXC4,-0.001468824003589,0.001468824003589
RPL31P17,-0.001468824003589,0.001468824003589
ENSG00000213293,-0.001468824003589,0.001468824003589
SLC6A8,-0.001468824003589,0.001468824003589
NLGN2,-0.001468824003589,0.001468824003589
SLC6A7,-0.001468824003589,0.001468824003589
ENSG00000270299,-0.001468824003589,0.001468824003589
SLC6A15,-0.001468824003589,0.001468824003589
RPL34P22,-0.001468824003589,0.001468824003589
ENSG00000265298,-0.001468824003589,0.001468824003589
ENSG00000267547,-0.001468824003589,0.001468824003589
SELENOH,-0.001468824003589,0.001468824003589
ENSG00000260401,-0.001468824003589,0.001468824003589
ZNF137P,-0.001468824003589,0.001468824003589
ENSG00000262133,-0.001468824003589,0.001468824003589
MYL6P1,-0.001468824003589,0.001468824003589
ENSG00000224412,-0.001468824003589,0.001468824003589
FXYD7,-0.001468824003589,0.001468824003589
SNED1-AS1,-0.001468824003589,0.001468824003589
ZNF580,-0.001468824003589,0.001468824003589
CRB3,-0.001468824003589,0.001468824003589
ZNF16,-0.001468824003589,0.001468824003589
SEC14L1P1,-0.001468824003589,0.001468824003589
ENSG00000271976,-0.001468824003589,0.001468824003589
RPL13AP5,-0.001468824003589,0.001468824003589
SMS,-0.001468824003589,0.001468824003589
SMPD2,-0.001468824003589,0.001468824003589
ENSG00000224621,-0.001468824003589,0.001468824003589
SMOC1,-0.001468824003589,0.001468824003589
GOSR1,-0.001468824003589,0.001468824003589
DAB1,-0.001468824003589,0.001468824003589
AAR2,-0.001468824003589,0.001468824003589
RPL18AP7,-0.001468824003589,0.001468824003589
ABCD1,-0.001468824003589,0.001468824003589
HK2,-0.001468824003589,0.001468824003589
ENSG00000267904,-0.001468824003589,0.001468824003589
ZNF613,-0.001468824003589,0.001468824003589
SLC38A5,-0.001468824003589,0.001468824003589
CSMD3,-0.001468824003589,0.001468824003589
MRFAP1L1,-0.001468824003589,0.001468824003589
ENSG00000263531,-0.001468824003589,0.001468824003589
ENSG00000268854,-0.001468824003589,0.001468824003589
ENSG00000268870,-0.001468824003589,0.001468824003589
ACKR3,-0.001468824003589,0.001468824003589
GTF3C3,-0.001468824003589,0.001468824003589
HTRA1,-0.001468824003589,0.001468824003589
ZNF354A,-0.001468824003589,0.001468824003589
RPLP0P6,-0.001468824003589,0.001468824003589
GTF3C5,-0.001468824003589,0.001468824003589
GTPBP1,-0.001468824003589,0.001468824003589
ZNF415P1,-0.001468824003589,0.001468824003589
S100A16,-0.001468824003589,0.001468824003589
S100A11P1,-0.001468824003589,0.001468824003589
ENSG00000261394,-0.001468824003589,0.001468824003589
CASKIN1,-0.001468824003589,0.001468824003589
MROH7-TTC4,-0.001468824003589,0.001468824003589
C1orf226,-0.001468824003589,0.001468824003589
RPL7P46,-0.001468824003589,0.001468824003589
ZNF410,-0.001468824003589,0.001468824003589
ACKR1,-0.001468824003589,0.001468824003589
HSP90AA6P,-0.001468824003589,0.001468824003589
HEPHL1,-0.001468824003589,0.001468824003589
GYG2,-0.001468824003589,0.001468824003589
HRH2,-0.001468824003589,0.001468824003589
SLC5A6,-0.001468824003589,0.001468824003589
MPHOSPH10P1,-0.001468824003589,0.001468824003589
BNIP3P27,-0.001468824003589,0.001468824003589
ENSG00000260912,-0.001468824003589,0.001468824003589
ENSG00000225216,-0.001468824003589,0.001468824003589
ENSG00000270071,-0.001468824003589,0.001468824003589
SLAMF9,-0.001468824003589,0.001468824003589
HERC2P2,-0.001468824003589,0.001468824003589
GSTP1,-0.001468824003589,0.001468824003589
SERPINB13,-0.001468824003589,0.001468824003589
RPL36P19,-0.001468824003589,0.001468824003589
SLC4A8,-0.001468824003589,0.001468824003589
GDF10,-0.001468824003589,0.001468824003589
GDPD2,-0.001468824003589,0.001468824003589
GMIP,-0.001468824003589,0.001468824003589
H1-1,-0.001468824003589,0.001468824003589
ENSG00000227531,-0.001468824003589,0.001468824003589
MRPL39,-0.001468824003589,0.001468824003589
ENSG00000227514,-0.001468824003589,0.001468824003589
CARD14,-0.001468824003589,0.001468824003589
NR2C1,-0.001468824003589,0.001468824003589
NDUFAF4P3,-0.001468824003589,0.001468824003589
ZGLP1,-0.001468824003589,0.001468824003589
MIR650,-0.001468824003589,0.001468824003589
ENSG00000265845,-0.001468824003589,0.001468824003589
GPX7,-0.001468824003589,0.001468824003589
SFTA1P,-0.001468824003589,0.001468824003589
CYCSP24,-0.001468824003589,0.001468824003589
ZZZ3,-0.001468824003589,0.001468824003589
SHC3,-0.001468824003589,0.001468824003589
ENSG00000261799,-0.001468824003589,0.001468824003589
ENSG00000223861,-0.001468824003589,0.001468824003589
NCKAP5L,-0.001468824003589,0.001468824003589
SH3GLB2,-0.001468824003589,0.001468824003589
SCMH1,-0.001468824003589,0.001468824003589
ENSG00000265912,-0.001468824003589,0.001468824003589
MSC,-0.001468824003589,0.001468824003589
SNTB1,-0.001468824003589,0.001468824003589
BCKDHA,-0.001468824003589,0.001468824003589
ENSG00000261766,-0.001468824003589,0.001468824003589
ENSG00000261736,-0.001468824003589,0.001468824003589
HBEGF,-0.001468824003589,0.001468824003589
ENSG00000223374,-0.001468824003589,0.001468824003589
RPS6KB2-AS1,-0.001468824003589,0.001468824003589
NCLP1,-0.001468824003589,0.001468824003589
GPR87,-0.001468824003589,0.001468824003589
ENSG00000223402,-0.001468824003589,0.001468824003589
ENSG00000272588,-0.001468824003589,0.001468824003589
CYB5D2,-0.001468824003589,0.001468824003589
CYCSP10,-0.001468824003589,0.001468824003589
ENSG00000224282,-0.001468824003589,0.001468824003589
ENSG00000272277,-0.001468824003589,0.001468824003589
SNORD49B,-0.001468824003589,0.001468824003589
ZNF616,-0.001468824003589,0.001468824003589
MT-TL2,-0.001468824003589,0.001468824003589
RNU6-530P,-0.001468824003589,0.001468824003589
HMGB1P5,-0.001468824003589,0.001468824003589
ENSG00000279712,-0.0014688240035889805,0.0014688240035889805
IGLV1-47,-0.0014688240035889805,0.0014688240035889805
LINC01426,-0.0014688240035889805,0.0014688240035889805
LAPTM4BP1,-0.0014688240035889805,0.0014688240035889805
RPS27AP19,-0.0014688240035889805,0.0014688240035889805
IGKV3-20,-0.0014688240035889805,0.0014688240035889805
ENSG00000232622,-0.0014688240035889753,0.0014688240035889753
ENSG00000286132,0.0014688199556232551,0.0014688199556232551
ENSG00000286098,0.0014688199556232551,0.0014688199556232551
LINC01128,0.0014685055588634516,0.0014685055588634516
JAM3,0.0014683145290934538,0.0014683145290934538
RAP1GDS1,-0.0014678315929578965,0.0014678315929578965
ZNF888,0.0014673793528700953,0.0014673793528700953
SLC66A3,-0.0014669430883131748,0.0014669430883131748
ACTN4,0.0014667790917873747,0.0014667790917873747
ZCRB1,-0.0014667266664813467,0.0014667266664813467
TUG1,-0.0014664597703190907,0.0014664597703190907
DIP2C-AS1,-0.0014658579223992738,0.0014658579223992738
ABCA1,0.001465669305036712,0.001465669305036712
CCDC194,-0.0014655331388984945,0.0014655331388984945
ENSG00000269693,-0.0014655331388984945,0.0014655331388984945
VWA1,-0.0014650924977166588,0.0014650924977166588
CEP44,-0.0014650817870568737,0.0014650817870568737
ATP5MC1P7,-0.0014650690354745556,0.0014650690354745556
PPAN,-0.0014649040926174703,0.0014649040926174703
ENSG00000258529,-0.0014649040926174703,0.0014649040926174703
ODF2,-0.0014649040926174703,0.0014649040926174703
ERN1,-0.0014647695857097126,0.0014647695857097126
ENSG00000250280,-0.0014644518919377431,0.0014644518919377431
RFX3-DT,-0.0014644518919377431,0.0014644518919377431
ENSG00000287263,-0.0014644518919377431,0.0014644518919377431
TMEM213,0.0014639335873724395,0.0014639335873724395
CDK6,0.0014638539231884074,0.0014638539231884074
IGHV3OR16-10,-0.0014638244083753753,0.0014638244083753753
ENSG00000288695,-0.0014633500383609067,0.0014633500383609067
DGAT1,-0.0014631332839412058,0.0014631332839412058
LBH,0.0014631329791378383,0.0014631329791378383
PPFIA1,0.0014623754432008754,0.0014623754432008754
KRT18P15,0.001462288146435987,0.001462288146435987
EFR3A,0.001462288146435987,0.001462288146435987
ENSG00000289450,0.001462288146435987,0.001462288146435987
ITGA6,-0.001461950419447083,0.001461950419447083
BBS12,-0.0014618458726141747,0.0014618458726141747
AHRR,0.0014615565923880361,0.0014615565923880361
LINC01354,0.0014615565923880361,0.0014615565923880361
ENSG00000288760,0.0014615565923880361,0.0014615565923880361
PDCD6-AHRR,0.0014615565923880361,0.0014615565923880361
ZBTB7B,0.0014615565923880361,0.0014615565923880361
TRIM33,0.0014614148830970918,0.0014614148830970918
GMFB,0.0014610184773712644,0.0014610184773712644
ENSG00000250644,-0.0014607591047134767,0.0014607591047134767
AFTPH,-0.0014592106541681288,0.0014592106541681288
RUVBL2,-0.001458972666644624,0.001458972666644624
ZNF273,-0.0014588612832971298,0.0014588612832971298
LCP1,0.0014586778146858858,0.0014586778146858858
ZNF134,0.0014583425266301148,0.0014583425266301148
ENSG00000270638,0.0014583425266301148,0.0014583425266301148
EPN2,0.0014583425266301148,0.0014583425266301148
SNX10,0.0014583425266301148,0.0014583425266301148
PASK,0.0014583425266301148,0.0014583425266301148
ENSG00000261093,0.0014583425266301148,0.0014583425266301148
GAPT,0.0014583425266301148,0.0014583425266301148
PET117,0.0014583425266301148,0.0014583425266301148
MAPRE3,0.0014583425266301148,0.0014583425266301148
RASAL3,0.0014583425266301148,0.0014583425266301148
ATP6V0D2,-0.001458295343053563,0.001458295343053563
EXOC3,-0.0014582953430535251,0.0014582953430535251
DDX55,-0.00145805202937663,0.00145805202937663
UBA3,-0.0014579997898857178,0.0014579997898857178
FGFR2,0.001457762102481893,0.001457762102481893
PPP5C,-0.0014575177475287234,0.0014575177475287234
EBLN2,-0.001456335442312402,0.001456335442312402
CASP8,0.0014562951416724008,0.0014562951416724008
PDGFRB,-0.0014562902834411987,0.0014562902834411987
KIF26B-AS1,-0.0014562183462544062,0.0014562183462544062
LINC01524,-0.0014562183462544062,0.0014562183462544062
PLPPR4,-0.0014562183462544062,0.0014562183462544062
OR55B1P,-0.0014562183462544062,0.0014562183462544062
ZNF710-AS1,-0.0014562183462544062,0.0014562183462544062
POT1,0.0014557969763743285,0.0014557969763743285
ENG,0.0014555727773160833,0.0014555727773160833
C2orf88,0.0014550730966468365,0.0014550730966468365
FIBP,0.0014546511562992792,0.0014546511562992792
RPL35AP36,0.0014542466208716678,0.0014542466208716678
RILPL1,-0.0014542465254498433,0.0014542465254498433
RPL23AP2,-0.0014540168489892483,0.0014540168489892483
MIR3936HG,0.001453950632817761,0.001453950632817761
ZBTB8OSP2,-0.0014538912379865056,0.0014538912379865056
SLC25A24,-0.0014536524163174312,0.0014536524163174312
HES4,-0.001453146725234984,0.001453146725234984
ENSG00000260494,0.0014522879299911186,0.0014522879299911186
SOX5,0.0014522879299911186,0.0014522879299911186
RAB20,0.0014522879299911186,0.0014522879299911186
MTFMT,-0.001452177108678385,0.001452177108678385
ENSG00000268886,-0.0014521649034313923,0.0014521649034313923
SLC2A12,0.0014521361610583176,0.0014521361610583176
ZNF844,0.0014519977191821854,0.0014519977191821854
ENSG00000271880,-0.0014517601683259197,0.0014517601683259197
MYL6P2,-0.0014517256093639005,0.0014517256093639005
GMPSP1,-0.0014517256093639005,0.0014517256093639005
COL7A1,-0.001451562759587453,0.001451562759587453
QARS1,-0.001451562759587453,0.001451562759587453
POR,-0.001451562759587453,0.001451562759587453
LINC02393,-0.001451562759587453,0.001451562759587453
TMEM165,-0.0014514351589065666,0.0014514351589065666
DOCK5,0.001451304707460341,0.001451304707460341
NUDT21,-0.0014512628251590694,0.0014512628251590694
LINC00426,0.0014503779610512825,0.0014503779610512825
ENSG00000286001,0.0014500878741887993,0.0014500878741887993
CLDN12,-0.0014498990277512546,0.0014498990277512546
PRKG2,0.0014497675046006378,0.0014497675046006378
TIMP3,0.0014497675046006378,0.0014497675046006378
WDFY3-AS2,0.0014497675046006378,0.0014497675046006378
ENSG00000269506,-0.0014495683469475916,0.0014495683469475916
C11orf80,-0.0014495683469475916,0.0014495683469475916
RAB7B,-0.0014495683469475916,0.0014495683469475916
CCNT1,0.0014494215381227588,0.0014494215381227588
ENSG00000213058,0.0014492469540267829,0.0014492469540267829
ZNF606,-0.0014492354776829042,0.0014492354776829042
PENK-AS1,-0.0014492354776829042,0.0014492354776829042
MTND3P25,0.0014491636474777384,0.0014491636474777384
SLC39A1,0.0014490825598540385,0.0014490825598540385
AMD1,0.0014490640142526044,0.0014490640142526044
TOP1,0.0014490359505526726,0.0014490359505526726
DDX27,0.0014490359505526726,0.0014490359505526726
TRIM29,0.0014490359505526726,0.0014490359505526726
IRS2,0.00144817483935412,0.00144817483935412
ENSG00000270179,-0.0014478371174634478,0.0014478371174634478
PAAF1,-0.0014478371174634478,0.0014478371174634478
SIRT7,-0.0014478371174634478,0.0014478371174634478
VWA8,-0.0014478371174634478,0.0014478371174634478
CADM3-AS1,-0.0014478371174634478,0.0014478371174634478
PDK4-AS1,-0.0014478371174634478,0.0014478371174634478
CLASP1,-0.0014478371174634478,0.0014478371174634478
GET4,0.001447787173776332,0.001447787173776332
ENDOV,-0.0014470358202647144,0.0014470358202647144
CCN3,-0.0014468666951897038,0.0014468666951897038
AIF1L,-0.0014468666951897038,0.0014468666951897038
RPS6,-0.0014468666951897038,0.0014468666951897038
SCRN3,-0.0014468666951897038,0.0014468666951897038
LYRM4,-0.0014468666951897038,0.0014468666951897038
FAM193A,-0.001446849298563554,0.001446849298563554
IGLV3-10,-0.0014467235126772483,0.0014467235126772483
ADAP1,0.0014464507410984354,0.0014464507410984354
POU2F3,0.0014464507410984354,0.0014464507410984354
RAPGEF2,0.0014464507410984354,0.0014464507410984354
SNRK-AS1,0.0014464507410984354,0.0014464507410984354
ENSG00000280378,0.0014464507410984354,0.0014464507410984354
LRWD1,0.0014460613984533788,0.0014460613984533788
EEF1D,0.0014460613984533788,0.0014460613984533788
IL36RN,-0.0014456815035088443,0.0014456815035088443
NRIP1,-0.001445586362153335,0.001445586362153335
RP9P,0.0014453317456734175,0.0014453317456734175
HIRIP3,0.0014453317456734175,0.0014453317456734175
PHACTR3,0.0014453317456734175,0.0014453317456734175
ENSG00000275993,0.0014453317456734175,0.0014453317456734175
ENSG00000132832,0.0014453317456734175,0.0014453317456734175
PCAT7,0.0014453317456734175,0.0014453317456734175
GADD45B,0.0014453317456734175,0.0014453317456734175
PTGDS,0.0014453317456734175,0.0014453317456734175
GTF2H3,0.0014453317456734175,0.0014453317456734175
MT-ND1,0.0014453317456734175,0.0014453317456734175
SNRNP25,0.0014453317456734175,0.0014453317456734175
ENSG00000284930,0.0014453317456734175,0.0014453317456734175
PERM1,0.0014453317456734175,0.0014453317456734175
ENSG00000272944,0.0014453317456734175,0.0014453317456734175
GPKOW,0.0014453317456734175,0.0014453317456734175
PPP1R15A,0.0014453317456734175,0.0014453317456734175
HMCES,0.0014453317456734175,0.0014453317456734175
HDGFL2,0.0014453317456734175,0.0014453317456734175
FLT3LG,0.0014453317456734175,0.0014453317456734175
NPM1P37,0.0014453317456734175,0.0014453317456734175
FBP1,0.0014453317456734175,0.0014453317456734175
LINC01638,0.0014453317456734175,0.0014453317456734175
ENSG00000271918,0.0014453317456734175,0.0014453317456734175
ENSG00000267426,0.0014453317456734175,0.0014453317456734175
RPS28,0.0014453317456734175,0.0014453317456734175
RAB11FIP4,0.0014453317456734175,0.0014453317456734175
B4GALT1,0.0014453317456734175,0.0014453317456734175
ENSG00000261211,0.0014453317456734175,0.0014453317456734175
KRT2,0.0014453317456734175,0.0014453317456734175
RRP36,0.0014453317456734175,0.0014453317456734175
ENSG00000269711,0.0014453317456734175,0.0014453317456734175
VASP,0.0014453317456734175,0.0014453317456734175
RPS26P56,0.0014453317456734175,0.0014453317456734175
ENSG00000285006,0.0014453317456734175,0.0014453317456734175
MPG,0.0014453317456734175,0.0014453317456734175
ENSG00000273189,0.0014453317456734175,0.0014453317456734175
P3H2,0.0014453317456734175,0.0014453317456734175
LINC01260,0.0014453317456734175,0.0014453317456734175
ENSG00000277369,0.0014453317456734175,0.0014453317456734175
HOXC-AS2,0.0014453317456734175,0.0014453317456734175
DNAAF10,0.0014453317456734175,0.0014453317456734175
TMEM231,0.0014453317456734175,0.0014453317456734175
TRAPPC5,0.0014453317456734175,0.0014453317456734175
ENSG00000235078,0.0014453317456734175,0.0014453317456734175
ZNF816,0.0014453317456734175,0.0014453317456734175
CYREN,0.0014453317456734175,0.0014453317456734175
ZBTB7A,0.0014453317456734175,0.0014453317456734175
NDUFAF6,0.0014453317456734175,0.0014453317456734175
SYT17,0.0014453317456734175,0.0014453317456734175
REEP6,0.0014453317456734175,0.0014453317456734175
WWC3-AS1,0.0014453317456734175,0.0014453317456734175
ATP2B1-AS1,0.0014453317456734175,0.0014453317456734175
ENSG00000260496,0.0014453317456734175,0.0014453317456734175
LIMA1,-0.0014449080327120153,0.0014449080327120153
AHI1-DT,-0.001444855914556749,0.001444855914556749
STK17A,-0.0014444188560727201,0.0014444188560727201
ENSG00000231329,-0.001444270923819168,0.001444270923819168
VHL,-0.0014430325865297483,0.0014430325865297483
DCTN2,0.0014429965416363018,0.0014429965416363018
RPL12P38,-0.0014425151633899972,0.0014425151633899972
NOPCHAP1,-0.0014421080677492863,0.0014421080677492863
GABPB2,-0.0014420448249462521,0.0014420448249462521
CNIH4,-0.0014418141038970251,0.0014418141038970251
KCNN2,-0.0014417243339434078,0.0014417243339434078
ENSG00000228981,0.0014417166807598844,0.0014417166807598844
FXYD5,0.0014415914042074836,0.0014415914042074836
ENSG00000255585,-0.0014405833090069002,0.0014405833090069002
ENSG00000273987,-0.0014397189942829574,0.0014397189942829574
GALNT8,-0.0014397189942829574,0.0014397189942829574
PSMB1,0.0014395784758812209,0.0014395784758812209
MMACHC,0.001439226042205507,0.001439226042205507
TFB1M,-0.001439166429576551,0.001439166429576551
CALU,-0.0014388985206552352,0.0014388985206552352
ANTXR1,-0.0014385614490571013,0.0014385614490571013
MICAL1,0.0014385061509826465,0.0014385061509826465
APP,-0.00143810509777603,0.00143810509777603
ENSG00000285704,-0.00143810509777603,0.00143810509777603
NT5E,-0.00143810509777603,0.00143810509777603
SMAD9,-0.0014381007479579398,0.0014381007479579398
FIZ1,0.0014379182893571889,0.0014379182893571889
ZNF493,-0.0014377494663942816,0.0014377494663942816
ENSG00000266993,-0.0014375667797674586,0.0014375667797674586
GNA15,0.0014368780382458994,0.0014368780382458994
TMEM14EP,-0.001435818905709189,0.001435818905709189
TUBAP11,-0.001435818905709189,0.001435818905709189
RPS5P8,-0.001435818905709189,0.001435818905709189
ENSG00000230718,-0.001435818905709189,0.001435818905709189
ENSG00000289697,-0.001435593419186984,0.001435593419186984
TRABD2B,-0.001435593419186984,0.001435593419186984
GLRX3P2,-0.001435593419186984,0.001435593419186984
BCAM,-0.001435593419186984,0.001435593419186984
ENSG00000240950,-0.001435593419186984,0.001435593419186984
MYL6P3,-0.001435593419186984,0.001435593419186984
FAM86HP,-0.001435593419186984,0.001435593419186984
SMO,-0.001435593419186984,0.001435593419186984
RAB3B,-0.001435593419186984,0.001435593419186984
RIPK1,-0.0014353426955003132,0.0014353426955003132
EFTUD2,0.001434497817440972,0.001434497817440972
ZNF831,0.0014343917307187565,0.0014343917307187565
CYP4F3,0.0014343917307187565,0.0014343917307187565
DACT1,0.0014343054197099201,0.0014343054197099201
ENSG00000289439,-0.0014342869142736593,0.0014342869142736593
CDH6,-0.0014342869142736593,0.0014342869142736593
FNDC4,-0.0014342869142736593,0.0014342869142736593
BCL2L11,0.001433967649959962,0.001433967649959962
USP15,0.0014333115277020516,0.0014333115277020516
STAC2,-0.0014329500109123668,0.0014329500109123668
MAK16,-0.0014323272066575133,0.0014323272066575133
RASA1,-0.0014323272066575133,0.0014323272066575133
PDK3,-0.0014323214166245166,0.0014323214166245166
ENSG00000272918,0.0014322731713044099,0.0014322731713044099
H3-5,0.0014319514232659294,0.0014319514232659294
CDC123,-0.0014318804814915194,0.0014318804814915194
ENSG00000287608,-0.0014314249132583532,0.0014314249132583532
RNF152,-0.0014306705479732646,0.0014306705479732646
NUP50-DT,0.0014303415434702865,0.0014303415434702865
ENSG00000290025,-0.0014299747859739809,0.0014299747859739809
MEF2C,-0.0014299747859739809,0.0014299747859739809
CDC42EP3,-0.001429212527823546,0.001429212527823546
DPM1,-0.001429212527823546,0.001429212527823546
ENSG00000285238,-0.0014290926704237142,0.0014290926704237142
ATAD2B,-0.0014283570340928922,0.0014283570340928922
ENSG00000243155,-0.001428305143437273,0.001428305143437273
CEP170B,-0.0014281623957956475,0.0014281623957956475
KRR1P1,-0.0014281623957956475,0.0014281623957956475
PPP1R15B,0.0014275506318866412,0.0014275506318866412
EPS15,0.0014269283447909213,0.0014269283447909213
EGR2,0.0014261953137132501,0.0014261953137132501
PYROXD1,0.001425919699466795,0.001425919699466795
IL1RN,0.0014255128838407036,0.0014255128838407036
MS4A2,-0.0014254538540751983,0.0014254538540751983
ASPM,-0.001425315083627601,0.001425315083627601
KIN,0.001425241483931421,0.001425241483931421
HMGB1,0.0014251921848166716,0.0014251921848166716
ENSG00000262979,-0.0014249699933011597,0.0014249699933011597
E2F6,0.0014247550987144838,0.0014247550987144838
ENSG00000253144,-0.0014240373420693017,0.0014240373420693017
RPL12P44,-0.0014240373420693017,0.0014240373420693017
MIR503HG,-0.0014240373420693017,0.0014240373420693017
RPL10P15,-0.0014239202893259317,0.0014239202893259317
HARS1,-0.0014228026447806277,0.0014228026447806277
ENSG00000280200,-0.001422583575206447,0.001422583575206447
MS4A14,-0.001422583575206447,0.001422583575206447
SACS,-0.001422575770940361,0.001422575770940361
COPB2,-0.001422083032680445,0.001422083032680445
FLVCR2,0.001422003582729038,0.001422003582729038
MCL1,-0.0014219365947555679,0.0014219365947555679
VSIG10,0.0014208449124360808,0.0014208449124360808
HAVCR2,0.0014199553949535166,0.0014199553949535166
SLC4A5,0.0014199553949535166,0.0014199553949535166
PCMT1,-0.0014189629556197155,0.0014189629556197155
AKAP7,-0.00141891723031794,0.00141891723031794
ENSG00000279246,0.0014188190410377554,0.0014188190410377554
OVCH1-AS1,0.0014188190410377554,0.0014188190410377554
ENSG00000272986,0.0014188190410377554,0.0014188190410377554
ENSG00000287851,0.0014188190410377554,0.0014188190410377554
THSD1,0.0014188190410377554,0.0014188190410377554
GDPGP1,-0.0014184711273989988,0.0014184711273989988
PLXDC2,-0.0014184367809684589,0.0014184367809684589
USP9X,-0.0014179128235918196,0.0014179128235918196
ENSG00000237186,-0.0014179128235918196,0.0014179128235918196
ENSG00000255537,-0.0014179128235918196,0.0014179128235918196
ENSG00000213661,-0.0014178952018235442,0.0014178952018235442
RPL36AP28,-0.0014178952018235442,0.0014178952018235442
PRDM8,0.0014176906761062965,0.0014176906761062965
ENSG00000273816,-0.0014174209953711056,0.0014174209953711056
HEATR1,0.0014174072361219031,0.0014174072361219031
TRAK2,0.0014173559329418333,0.0014173559329418333
RHOU,-0.001417217932044332,0.001417217932044332
RPS26P2,-0.0014171998477638306,0.0014171998477638306
KATNBL1,-0.0014170664272985041,0.0014170664272985041
IL6R,0.001416922042111336,0.001416922042111336
DLG2,0.0014168936086415697,0.0014168936086415697
PYROXD2,-0.0014158609534960496,0.0014158609534960496
EFL1,0.0014157353642147302,0.0014157353642147302
SYMPK,-0.001414782534314424,0.001414782534314424
ENSG00000288009,-0.0014145717853747454,0.0014145717853747454
PDLIM1,-0.0014138894604604942,0.0014138894604604942
PALLD,-0.0014136703178968394,0.0014136703178968394
HIVEP2,0.0014135200668406588,0.0014135200668406588
PARP6,-0.0014134040149338502,0.0014134040149338502
ELL2,0.0014131666063453654,0.0014131666063453654
ENSG00000290851,0.0014126755716328762,0.0014126755716328762
ENSG00000273363,0.0014126755716328762,0.0014126755716328762
ENSG00000283667,0.0014126755716328762,0.0014126755716328762
ZNF526,0.0014126755716328762,0.0014126755716328762
SNRPD1,0.0014126755716328762,0.0014126755716328762
ENSG00000282432,0.0014126755716328762,0.0014126755716328762
ENSG00000290074,0.0014126755716328762,0.0014126755716328762
ENSG00000290833,0.0014126755716328762,0.0014126755716328762
ENSG00000289964,0.0014126755716328762,0.0014126755716328762
NCMAP-DT,0.0014126755716328762,0.0014126755716328762
RPS2P7,0.0014126755716328762,0.0014126755716328762
ZKSCAN8,0.0014126755716328762,0.0014126755716328762
ENSG00000282936,0.0014126755716328762,0.0014126755716328762
RTKN2,0.0014126755716328762,0.0014126755716328762
ENSG00000289346,0.0014126755716328762,0.0014126755716328762
MMP25,0.0014126755716328762,0.0014126755716328762
RNA5SP392,0.0014126755716328762,0.0014126755716328762
KARS1,0.0014126755716328762,0.0014126755716328762
PRKAA1,0.0014126755716328762,0.0014126755716328762
AJUBA,0.0014126755716328762,0.0014126755716328762
ENSG00000285667,0.0014126755716328762,0.0014126755716328762
ENSG00000268742,0.0014126755716328762,0.0014126755716328762
EMD,0.0014126755716328762,0.0014126755716328762
ACSM1,0.0014126755716328762,0.0014126755716328762
ATAD3B,0.0014126755716328762,0.0014126755716328762
ENSG00000289042,0.0014126755716328762,0.0014126755716328762
ENSG00000268193,0.0014126755716328762,0.0014126755716328762
NIPAL1,0.0014126755716328762,0.0014126755716328762
LINC01290,0.0014126755716328762,0.0014126755716328762
GSS,0.0014126755716328762,0.0014126755716328762
ATF4,0.0014126755716328762,0.0014126755716328762
LINC00923,0.0014126755716328762,0.0014126755716328762
MGAT5,-0.0014125724826550981,0.0014125724826550981
RSAD2,0.0014122971312658563,0.0014122971312658563
LPAR1,0.0014117024743022927,0.0014117024743022927
NBPF3,0.0014115450850315841,0.0014115450850315841
AKT1,-0.001411391247747741,0.001411391247747741
ADGRL4,0.0014112243265034805,0.0014112243265034805
DCN,0.0014108794096742432,0.0014108794096742432
TARS3,-0.001409356457924687,0.001409356457924687
WBP2,-0.001409285089869621,0.001409285089869621
ARHGAP26,0.0014090655582100244,0.0014090655582100244
ARID4B,-0.0014084950699539765,0.0014084950699539765
CCSAP,0.0014084210874899586,0.0014084210874899586
SLC38A10,-0.00140822731332461,0.00140822731332461
KIAA0513,-0.00140822731332461,0.00140822731332461
PFKM,-0.00140822731332461,0.00140822731332461
LRRC37A16P,-0.00140822731332461,0.00140822731332461
MARCHF5,-0.00140822731332461,0.00140822731332461
AVEN,-0.00140822731332461,0.00140822731332461
PSD4,0.0014082177353420724,0.0014082177353420724
ZFHX4,-0.0014081404203695894,0.0014081404203695894
SCML4,0.001407828499808775,0.001407828499808775
TPGS2,-0.0014076143126680002,0.0014076143126680002
LINC00539,0.0014071678553018807,0.0014071678553018807
BBS7,-0.0014070286299023983,0.0014070286299023983
PSMA5,-0.0014070286299023983,0.0014070286299023983
BORCS5,0.0014069289849180302,0.0014069289849180302
GNL3,0.0014065217114958067,0.0014065217114958067
IL24,0.0014056200268686982,0.0014056200268686982
ENSG00000279433,0.0014056200268686982,0.0014056200268686982
PRKCB,0.0014056200268686982,0.0014056200268686982
FCMR,0.0014056200268686982,0.0014056200268686982
ZMAT3,-0.001405217238398174,0.001405217238398174
LITAF,-0.0014048745042445161,0.0014048745042445161
WDR37,-0.0014046019523615378,0.0014046019523615378
ARHGAP45,0.001404592064628508,0.001404592064628508
RBAK,-0.0014044310920094697,0.0014044310920094697
ASCC3,-0.0014036016823770685,0.0014036016823770685
BAZ2A,0.0014033545947931291,0.0014033545947931291
BCL9L,0.0014029672547051248,0.0014029672547051248
ZHX3,-0.00140292790067192,0.00140292790067192
PDIA6,0.0014028005680154377,0.0014028005680154377
ENSG00000233836,0.0014027612695379128,0.0014027612695379128
NUP62,-0.0014025450153737752,0.0014025450153737752
ENSG00000226877,0.0014024794377701403,0.0014024794377701403
RASGRP1,0.0014024794377701403,0.0014024794377701403
PARP12,0.0014024794377701403,0.0014024794377701403
APMAP,0.0014024794377701403,0.0014024794377701403
RPH3AL,0.0014024794377701403,0.0014024794377701403
TLCD1,0.0014024794377701403,0.0014024794377701403
KIAA1143,0.0014024794377701403,0.0014024794377701403
GPR141,0.0014024794377701403,0.0014024794377701403
ENSG00000289062,0.0014024794377701403,0.0014024794377701403
ENSG00000287032,0.0014024794377701403,0.0014024794377701403
ANKRD10-IT1,0.0014024794377701403,0.0014024794377701403
ARSI,0.0014024794377701403,0.0014024794377701403
H3C11,0.0014024794377701403,0.0014024794377701403
ANKRD55,0.0014024794377701403,0.0014024794377701403
SLC17A7,0.0014024794377701403,0.0014024794377701403
SPEG,0.0014024794377701403,0.0014024794377701403
ENSG00000230188,0.0014024794377701403,0.0014024794377701403
IER3-AS1,0.0014024794377701403,0.0014024794377701403
AOPEP,0.0014024794377701403,0.0014024794377701403
ENSG00000250602,0.0014024794377701403,0.0014024794377701403
ENSG00000235522,0.0014024794377701403,0.0014024794377701403
ENSG00000093100,0.0014024794377701403,0.0014024794377701403
RN7SKP97,0.0014024794377701403,0.0014024794377701403
LMO3,0.0014024794377701403,0.0014024794377701403
ENSG00000243679,0.0014024794377701403,0.0014024794377701403
EIF4EBP2,-0.0014024104414174195,0.0014024104414174195
GRSF1,-0.0014021176064422543,0.0014021176064422543
SDC3,-0.0014017461377247744,0.0014017461377247744
WDR11,-0.0014014321069559903,0.0014014321069559903
MAPK8,-0.0014014081410592613,0.0014014081410592613
ZNF213-AS1,-0.0014012657483636675,0.0014012657483636675
DCAF1,0.0014011583321303386,0.0014011583321303386
ANKRD12,-0.0014009296718049508,0.0014009296718049508
RWDD2B,-0.0014006507983421103,0.0014006507983421103
UQCRQ,-0.0014005528004813921,0.0014005528004813921
IQSEC1,-0.0014004828677874634,0.0014004828677874634
P2RX7,0.0014003652158692712,0.0014003652158692712
PMPCB,-0.0014001060753153903,0.0014001060753153903
ATP6V0E1P1,-0.0014001060753153903,0.0014001060753153903
CD27,-0.0014001060753153903,0.0014001060753153903
C22orf39,0.001400095782978761,0.001400095782978761
PER3,-0.0013992946506616699,0.0013992946506616699
IGLV2-8,-0.00139917475719092,0.00139917475719092
FBXO7,-0.0013987803013350852,0.0013987803013350852
POF1B,0.0013987026725073102,0.0013987026725073102
ZNF195,-0.001398601118812119,0.001398601118812119
STEEP1,-0.0013978302441239126,0.0013978302441239126
EFHD1,0.0013976829539470493,0.0013976829539470493
RPS27L,0.0013970630921738222,0.0013970630921738222
GON4L,-0.0013969863658125452,0.0013969863658125452
CDK11A,0.0013966146213720942,0.0013966146213720942
RPL19P5,-0.001396603691270855,0.001396603691270855
GOLGA3,-0.0013965538738349133,0.0013965538738349133
NAA15,-0.0013963536509501192,0.0013963536509501192
ENSG00000206567,-0.0013958806672785603,0.0013958806672785603
RAPGEF3,-0.0013949994431331951,0.0013949994431331951
TPT1P4,-0.0013949211010599852,0.0013949211010599852
XIST,0.0013948435347210025,0.0013948435347210025
MRAP2,0.0013948435347209507,0.0013948435347209507
LINC02987,-0.0013943319461446038,0.0013943319461446038
ENSG00000270409,-0.0013942594436009315,0.0013942594436009315
SPSB2,-0.0013942594436009315,0.0013942594436009315
HMGB1P26,-0.0013942594436009315,0.0013942594436009315
NRBF2P4,-0.0013942594436009315,0.0013942594436009315
DPYSL2,-0.0013941344845829118,0.0013941344845829118
KLK1,0.0013933881747454104,0.0013933881747454104
PCED1A,0.0013932564995808503,0.0013932564995808503
CSNK1E,0.0013929860758629881,0.0013929860758629881
LINC01220,0.0013921712250225646,0.0013921712250225646
PIGV,-0.001392034368540013,0.001392034368540013
GPT2,-0.0013918045965523583,0.0013918045965523583
TMEM86B,-0.0013918045965523583,0.0013918045965523583
PTGES3,-0.0013918045965523583,0.0013918045965523583
USP12,-0.0013918045965523583,0.0013918045965523583
HDHD2,-0.0013918045965523583,0.0013918045965523583
INPP1,0.0013917121754170158,0.0013917121754170158
ABR,0.0013911287477366048,0.0013911287477366048
C19orf18,-0.0013905631032462133,0.0013905631032462133
PREX1,0.0013902188006158732,0.0013902188006158732
ELP5,-0.001390206508388756,0.001390206508388756
ENSG00000249593,-0.001390206508388756,0.001390206508388756
VWA2,0.0013898142529634749,0.0013898142529634749
ZNF507,-0.0013896092734644004,0.0013896092734644004
ENSG00000283064,-0.0013896092734644004,0.0013896092734644004
GTF2I,0.001389270695304672,0.001389270695304672
ABCC5,0.0013891382603589647,0.0013891382603589647
CDV3,0.0013884751029045361,0.0013884751029045361
FAM199X,-0.0013879090147160037,0.0013879090147160037
PIKFYVE,-0.00138766119396887,0.00138766119396887
EXT1,-0.0013873174526801582,0.0013873174526801582
NCSTN,-0.001387099989432018,0.001387099989432018
CLDN8,0.0013868724380720363,0.0013868724380720363
URB1,0.0013868724380720363,0.0013868724380720363
ZG16B,0.0013868724380720363,0.0013868724380720363
ENSG00000283515,0.0013868724380720363,0.0013868724380720363
MT-ATP6,0.0013868724380720363,0.0013868724380720363
BAHD1,0.0013868724380720363,0.0013868724380720363
PABIR3,0.0013868724380720363,0.0013868724380720363
SOX9,0.0013868724380720363,0.0013868724380720363
ICAM3,0.0013865770891572477,0.0013865770891572477
DUS4L,-0.0013863147459954284,0.0013863147459954284
ATG2B,-0.0013860696735027381,0.0013860696735027381
SEMA6B,-0.0013858281955917385,0.0013858281955917385
TENT4A,0.0013856906214878997,0.0013856906214878997
FAM13C,-0.0013854699125412121,0.0013854699125412121
PLK3,-0.0013853698177537334,0.0013853698177537334
POGK,0.0013852277353767668,0.0013852277353767668
KCNJ10,0.0013851731191908067,0.0013851731191908067
ENSG00000260583,0.0013851731191908067,0.0013851731191908067
ANKRD23,0.0013851731191908067,0.0013851731191908067
RCBTB2,0.0013851731191908067,0.0013851731191908067
RPS27AP1,0.0013851731191908067,0.0013851731191908067
OMG,0.0013851731191908067,0.0013851731191908067
FAR1,0.0013851731191908067,0.0013851731191908067
RPL12P33,0.0013851731191908067,0.0013851731191908067
RPL29P14,0.0013851731191908067,0.0013851731191908067
ENSG00000287853,0.0013851731191908067,0.0013851731191908067
EI24,0.0013851731191908067,0.0013851731191908067
PRMT3,-0.0013849382809170228,0.0013849382809170228
LINC00640,0.0013847887298415198,0.0013847887298415198
TSGA10IP,0.0013847887298415198,0.0013847887298415198
CDK4,0.0013844117872982918,0.0013844117872982918
ENSG00000262370,-0.0013843199274879779,0.0013843199274879779
NEURL1,-0.001384193411415104,0.001384193411415104
CYP3A5,0.0013841037980308296,0.0013841037980308296
ENSG00000279369,0.0013839417302374472,0.0013839417302374472
KISS1R,0.0013839417302374472,0.0013839417302374472
PDSS2,0.0013839417302374472,0.0013839417302374472
USP42,0.0013839417302374472,0.0013839417302374472
KRT10-AS1,0.0013839417302374472,0.0013839417302374472
ZDHHC4,0.0013839417302374472,0.0013839417302374472
ENSG00000267924,0.0013839417302374472,0.0013839417302374472
PPP6R1,0.0013839417302374472,0.0013839417302374472
LINC02609,0.0013839417302374472,0.0013839417302374472
IL16,0.0013839417302374472,0.0013839417302374472
CUTC,0.0013839417302374472,0.0013839417302374472
POLE3,0.0013839417302374472,0.0013839417302374472
SESN2,0.0013839417302374472,0.0013839417302374472
DPEP2,0.0013839417302374472,0.0013839417302374472
ADAMTSL4-AS1,0.0013839417302374472,0.0013839417302374472
RPS5,0.0013839417302374472,0.0013839417302374472
TADA2B,0.0013839417302374472,0.0013839417302374472
DYNC1I2,0.0013839417302374472,0.0013839417302374472
ENSG00000282885,0.0013839417302374472,0.0013839417302374472
CCDC92,0.0013839417302374472,0.0013839417302374472
SGSM2,0.0013839417302374472,0.0013839417302374472
KDM4A,0.0013839417302374472,0.0013839417302374472
PHF21A,-0.0013825589085947091,0.0013825589085947091
SZT2,0.0013824762401999776,0.0013824762401999776
ENSG00000289353,-0.0013821607642773882,0.0013821607642773882
UROD,-0.0013821607642773882,0.0013821607642773882
CIB2,-0.0013821607642773882,0.0013821607642773882
ARFGAP2,-0.0013821607642773882,0.0013821607642773882
ENSG00000286138,-0.0013821607642773882,0.0013821607642773882
LNX2,-0.0013821607642773882,0.0013821607642773882
TENM3-AS1,-0.0013821607642773882,0.0013821607642773882
ENSG00000230979,-0.0013821607642773882,0.0013821607642773882
CASK,-0.0013821607642773882,0.0013821607642773882
AGTPBP1,-0.0013821607642773882,0.0013821607642773882
ALDH1B1,-0.0013821607642773882,0.0013821607642773882
CRACD,-0.0013821607642773882,0.0013821607642773882
ALDH3B2,-0.0013821607642773882,0.0013821607642773882
VSNL1,-0.0013821607642773882,0.0013821607642773882
RN7SL800P,-0.0013821607642773882,0.0013821607642773882
ENSG00000289534,-0.0013821607642773882,0.0013821607642773882
RPS12P31,-0.0013821607642773882,0.0013821607642773882
B4GALT2,-0.0013821607642773882,0.0013821607642773882
ENSG00000243099,-0.0013821607642773882,0.0013821607642773882
HMGA2,-0.0013821607642773882,0.0013821607642773882
RPL6P13,-0.0013821607642773882,0.0013821607642773882
EAF1-AS1,-0.0013821607642773882,0.0013821607642773882
FHOD3,-0.0013821607642773882,0.0013821607642773882
YBX1P1,-0.0013821607642773882,0.0013821607642773882
IQCH,-0.0013821607642773882,0.0013821607642773882
CERNA2,-0.0013821607642773882,0.0013821607642773882
TPBG,-0.0013821607642773882,0.0013821607642773882
ENSG00000275393,-0.0013821607642773882,0.0013821607642773882
SKA3,-0.0013821607642773882,0.0013821607642773882
NDRG3,-0.0013821607642773882,0.0013821607642773882
PIH1D1,-0.0013821607642773882,0.0013821607642773882
ENSG00000260755,-0.0013821607642773882,0.0013821607642773882
MID2,-0.0013821607642773882,0.0013821607642773882
AP5B1,-0.0013821607642773882,0.0013821607642773882
SLC30A6,-0.0013821607642773882,0.0013821607642773882
ENSG00000275332,0.0013820976777072422,0.0013820976777072422
ITGB2-AS1,0.0013820976777072422,0.0013820976777072422
SYN3,-0.0013817990168118988,0.0013817990168118988
MYOZ2,-0.0013817990168118988,0.0013817990168118988
ENSG00000287070,-0.0013817990168118988,0.0013817990168118988
LINC02762,-0.0013817990168118988,0.0013817990168118988
ENSG00000288612,-0.0013817990168118988,0.0013817990168118988
EEF1DP1,-0.0013817990168118988,0.0013817990168118988
TMSB4XP2,-0.0013817990168118988,0.0013817990168118988
ENSG00000264472,-0.0013817990168118988,0.0013817990168118988
ZBTB6,-0.0013817990168118988,0.0013817990168118988
H2AX,-0.0013817990168118988,0.0013817990168118988
PDZRN3,-0.0013817990168118988,0.0013817990168118988
ARSL,-0.0013817990168118988,0.0013817990168118988
COX7A2P2,-0.0013817990168118988,0.0013817990168118988
GPAT4,-0.0013817990168118988,0.0013817990168118988
TPI1P1,-0.0013817990168118988,0.0013817990168118988
LACTB2,-0.0013817990168118988,0.0013817990168118988
RPS2P4,-0.0013817990168118988,0.0013817990168118988
TMEM147,-0.0013817990168118988,0.0013817990168118988
ZSCAN29,-0.0013817990168118988,0.0013817990168118988
RPS4XP8,-0.0013817990168118988,0.0013817990168118988
CDK9,-0.0013817990168118988,0.0013817990168118988
ENSG00000289691,-0.0013817990168118988,0.0013817990168118988
ENSG00000289629,-0.0013817990168118988,0.0013817990168118988
RPL10AP1,-0.0013817990168118988,0.0013817990168118988
SGO1,-0.0013817990168118988,0.0013817990168118988
TXLNGY,-0.0013817990168118988,0.0013817990168118988
MTCYBP4,-0.0013817990168118988,0.0013817990168118988
DIRC3,-0.0013817990168118988,0.0013817990168118988
FRMD3,-0.0013817990168118988,0.0013817990168118988
RAB42,-0.0013817990168118988,0.0013817990168118988
GLOD4,-0.0013817990168118988,0.0013817990168118988
CCDC3,-0.0013815550243484985,0.0013815550243484985
KLB,-0.0013815550243484985,0.0013815550243484985
ALOX12P2,-0.0013815550243484985,0.0013815550243484985
MR1,0.001381068606451463,0.001381068606451463
IFNGR2,0.0013810142483755296,0.0013810142483755296
WDR4,0.0013808671932440148,0.0013808671932440148
ENSG00000266922,0.0013794009696233478,0.0013794009696233478
PHKB,-0.0013792087186266506,0.0013792087186266506
IFITM2,0.001379104381167552,0.001379104381167552
IER5L,-0.0013787191617535561,0.0013787191617535561
GUF1,-0.0013786092599938206,0.0013786092599938206
PAQR5,-0.0013785658702564368,0.0013785658702564368
ENSG00000253671,-0.0013785658702564368,0.0013785658702564368
TMEM104,-0.0013785658702564368,0.0013785658702564368
KIF5B,0.0013785517469274713,0.0013785517469274713
SLC7A6OS,-0.0013785283991732357,0.0013785283991732357
PPP1CB-DT,0.0013782336576883374,0.0013782336576883374
HLA-DQA1,0.001377804060904042,0.001377804060904042
CCDC18,0.0013776042623986598,0.0013776042623986598
ARHGAP31,-0.0013773096102896172,0.0013773096102896172
ENSG00000241255,-0.0013769322847901058,0.0013769322847901058
CD302,-0.0013767648946078578,0.0013767648946078578
FAM180A,-0.001376740337896258,0.001376740337896258
PNISR,0.0013766007402408258,0.0013766007402408258
PACSIN2,0.0013765666677861155,0.0013765666677861155
RHOH,-0.0013761992406793161,0.0013761992406793161
GNAI1,-0.0013761364001877348,0.0013761364001877348
ZNF37A,-0.0013761190635058953,0.0013761190635058953
PODN,0.0013758900639464402,0.0013758900639464402
FOSB,-0.0013750872030452912,0.0013750872030452912
ENSG00000272360,0.0013746183815915264,0.0013746183815915264
CADM3,-0.0013742969317226367,0.0013742969317226367
WNT5A,-0.0013742969317226367,0.0013742969317226367
TXNL4A,-0.0013739764590754934,0.0013739764590754934
HACD2,-0.001373934932487963,0.001373934932487963
OXNAD1,0.0013738868275435727,0.0013738868275435727
MUC15,0.0013738868275435727,0.0013738868275435727
HAPLN3,-0.001373776743173166,0.001373776743173166
ENSG00000286071,-0.0013728722799804952,0.0013728722799804952
LHFPL6,-0.0013724022093685455,0.0013724022093685455
UBE2S,-0.0013707845804888598,0.0013707845804888598
TRIB1,-0.0013706124779844508,0.0013706124779844508
CD3E,0.0013706058848517845,0.0013706058848517845
ATP6V0A4,0.0013701404618152364,0.0013701404618152364
HOXC13-AS,0.0013701404618152364,0.0013701404618152364
TYRP1,0.0013701404618152364,0.0013701404618152364
UBE2D3P2,0.0013701404618152364,0.0013701404618152364
LMCD1-AS1,0.0013701404618152364,0.0013701404618152364
PUM3,0.0013701404618152364,0.0013701404618152364
RAB14,-0.0013701038022479297,0.0013701038022479297
CARD11,0.0013698818897632734,0.0013698818897632734
GPR82,-0.001369876426027569,0.001369876426027569
PDE3A,-0.0013690530588912325,0.0013690530588912325
EFNB2,-0.0013685292815736013,0.0013685292815736013
BISPR,-0.001367615173673266,0.001367615173673266
CASP14,-0.001366693537424309,0.001366693537424309
ENSG00000213970,0.0013658876816491133,0.0013658876816491133
KCNS3,-0.001365763315470188,0.001365763315470188
KIF18B,-0.001365763315470188,0.001365763315470188
ENSG00000235609,-0.001365595080193158,0.001365595080193158
LAMB3,-0.00136551972246969,0.00136551972246969
PIAS1,-0.0013654607078372797,0.0013654607078372797
ARL6IP6,-0.0013653868277929903,0.0013653868277929903
SERPINB1,-0.001365004493929764,0.001365004493929764
TREX2,0.001364792563002578,0.001364792563002578
BUD31,0.001364792563002578,0.001364792563002578
TENT5A,0.001364792563002578,0.001364792563002578
ENSG00000260438,-0.0013643856455059296,0.0013643856455059296
LINC01615,0.0013643222422580435,0.0013643222422580435
ENSG00000225963,-0.0013642343166787843,0.0013642343166787843
SERTAD3,0.001363811496719313,0.001363811496719313
SYCE1L,0.0013635940304007857,0.0013635940304007857
TMEM131L,0.0013633903201937514,0.0013633903201937514
DNAAF4-CCPG1,0.0013633903201937514,0.0013633903201937514
RARRES2,-0.0013629174647272256,0.0013629174647272256
ACO2,-0.0013629154075700666,0.0013629154075700666
TAF8,0.001362451205697659,0.001362451205697659
FHIP2B,-0.0013622307160379877,0.0013622307160379877
ENSG00000261098,-0.0013612365518038737,0.0013612365518038737
SERPINA5,0.0013611873904273975,0.0013611873904273975
RNF220,-0.001360656767585475,0.001360656767585475
RNGTT,-0.0013605450653203833,0.0013605450653203833
GALNT12,-0.0013605450653203833,0.0013605450653203833
TBCE,-0.0013602680481386701,0.0013602680481386701
SH3BGRL2,0.001360001838445814,0.001360001838445814
ANKS1A,-0.0013587511264969993,0.0013587511264969993
COL6A3,-0.0013587025728337384,0.0013587025728337384
DNAJC24,0.0013585939128968319,0.0013585939128968319
ADGRG1,0.001358330517437381,0.001358330517437381
COX7A1,0.0013581109083850727,0.0013581109083850727
MIOS,-0.0013579927854761892,0.0013579927854761892
IGLV2-14,0.0013578269206754505,0.0013578269206754505
WDR70,-0.0013574256133364528,0.0013574256133364528
TICAM1,-0.0013574256133364528,0.0013574256133364528
RNPS1,-0.0013566661022283843,0.0013566661022283843
HMGXB4,-0.0013564881227276949,0.0013564881227276949
HAT1,0.0013560824701324596,0.0013560824701324596
ACTN1,-0.0013559861671966953,0.0013559861671966953
EPG5,-0.0013558430995524798,0.0013558430995524798
LNCTAM34A,-0.001355513743266343,0.001355513743266343
GALNT6,-0.001355513743266343,0.001355513743266343
ZNF319,-0.001355513743266343,0.001355513743266343
ARL2-SNX15,0.0013550729321651555,0.0013550729321651555
ENPEP,-0.0013550219150456374,0.0013550219150456374
ADAM12,-0.0013548894497465293,0.0013548894497465293
ENSG00000275734,-0.0013543326733042808,0.0013543326733042808
LINC00863,0.0013537292488680311,0.0013537292488680311
JAZF1,0.001353313403480612,0.001353313403480612
SAMD9,-0.0013532651416266737,0.0013532651416266737
FZD7,-0.0013532651416266737,0.0013532651416266737
PDXK,-0.001352914086805035,0.001352914086805035
RABIF,-0.0013525583932750599,0.0013525583932750599
CRYZ,-0.0013525583932750599,0.0013525583932750599
ATP11A,-0.0013521528184034124,0.0013521528184034124
EIF3F,-0.0013513209749803107,0.0013513209749803107
OTULIN-DT,0.0013512924824475127,0.0013512924824475127
FAM83F,0.0013512564827070687,0.0013512564827070687
PDCD11,-0.0013511402806813664,0.0013511402806813664
CLCN2,-0.0013509746865327614,0.0013509746865327614
GOT2,0.001350248524512712,0.001350248524512712
NUP93,0.001350248524512712,0.001350248524512712
LMNB2,0.001350248524512712,0.001350248524512712
SETDB1,0.001350248524512712,0.001350248524512712
ZSWIM4,0.001349516970464775,0.001349516970464775
ERO1A,0.001349516970464775,0.001349516970464775
MGAT4A,-0.0013494505575512483,0.0013494505575512483
ACAT1,0.0013493847182029473,0.0013493847182029473
SLC35B3,0.0013492596531119003,0.0013492596531119003
LINC02977,-0.0013489605817974346,0.0013489605817974346
PJA2,-0.0013488853071137428,0.0013488853071137428
GRHPR,0.0013488657158761534,0.0013488657158761534
RNF34,0.0013488657158761534,0.0013488657158761534
TMPRSS13,-0.0013487845014292616,0.0013487845014292616
ENSG00000213174,-0.0013481467700924602,0.0013481467700924602
FANCA,0.0013478623829748715,0.0013478623829748715
CYBA,0.001346793223032562,0.001346793223032562
HEBP2,-0.001346624174713666,0.001346624174713666
SLC29A3,-0.0013465725544893512,0.0013465725544893512
ENSG00000279406,-0.0013465725544893512,0.0013465725544893512
RABGGTB,0.0013463061127663059,0.0013463061127663059
EXOSC3,-0.0013462586790769378,0.0013462586790769378
FAM20B,-0.0013461500229646536,0.0013461500229646536
AUTS2,0.0013460257653563471,0.0013460257653563471
NUDT19,0.0013457032701870886,0.0013457032701870886
ATG7,0.0013455561518434121,0.0013455561518434121
TMEM259,0.0013453320343004382,0.0013453320343004382
BCL10-AS1,-0.0013438031401900798,0.0013438031401900798
GCLC,-0.0013438031401900798,0.0013438031401900798
MNS1,-0.0013437854977681903,0.0013437854977681903
ATP1A2,0.0013431890024715226,0.0013431890024715226
RPL37,-0.0013430501312333214,0.0013430501312333214
SLC22A5,0.0013430176506151615,0.0013430176506151615
ENSG00000213939,-0.001342434253994405,0.001342434253994405
PGK1,-0.0013420290065661246,0.0013420290065661246
SMPD4,-0.0013420290065661246,0.0013420290065661246
KLHL29,-0.0013419120039735682,0.0013419120039735682
LMBRD1,-0.0013411290399107047,0.0013411290399107047
SUGT1P4-STRA6LP-CCDC180,-0.0013409253971105968,0.0013409253971105968
UTRN,-0.0013407808323284787,0.0013407808323284787
ENSG00000262003,0.0013405094430192714,0.0013405094430192714
ENSG00000284292,0.0013405094430192714,0.0013405094430192714
CDH5,0.0013405094430192714,0.0013405094430192714
FBF1,0.0013405094430192714,0.0013405094430192714
AGAP3,0.0013405094430192714,0.0013405094430192714
FAM53A,0.0013405094430192714,0.0013405094430192714
SPATA2L,0.001340268032366972,0.001340268032366972
HYOU1,-0.0013402466663862387,0.0013402466663862387
MBP,0.001340026329668756,0.001340026329668756
ENSG00000285625,-0.0013399793889688008,0.0013399793889688008
SERPINF1,-0.0013399793889688008,0.0013399793889688008
SFPQ,0.001339499440543813,0.001339499440543813
PACC1,-0.0013394119733865712,0.0013394119733865712
RAPGEF6,-0.0013390899658239056,0.0013390899658239056
ELK3,-0.0013390878848883417,0.0013390878848883417
ZNRD2,0.001339009324585831,0.001339009324585831
RPS19P1,-0.0013386297034930752,0.0013386297034930752
MSMO1,0.0013385685566036898,0.0013385685566036898
RBM3,-0.0013385119434800692,0.0013385119434800692
PDE2A,0.0013383404723126889,0.0013383404723126889
DIP2A,0.0013382610086180133,0.0013382610086180133
CD300A,0.001338230239914949,0.001338230239914949
GPR174,0.001338230239914949,0.001338230239914949
POLK,-0.0013381622850788747,0.0013381622850788747
RAB27A,0.0013378246165565194,0.0013378246165565194
ENSG00000261116,0.0013377171715741754,0.0013377171715741754
ENSG00000275894,0.0013377171715741754,0.0013377171715741754
NAAA,0.0013377171715741754,0.0013377171715741754
PLBD2,-0.0013375866558434835,0.0013375866558434835
VAMP3,-0.0013367614513280727,0.0013367614513280727
NT5DC1,0.0013366039540019703,0.0013366039540019703
FSTL1,0.001336431278989138,0.001336431278989138
TAL1,0.0013360501279110937,0.0013360501279110937
C1orf109,0.0013358811565815018,0.0013358811565815018
STX17,-0.00133556616978407,0.00133556616978407
ENSG00000279652,-0.0013352007706148254,0.0013352007706148254
JAML,-0.0013351883912302745,0.0013351883912302745
EMX2,-0.0013348569526915783,0.0013348569526915783
ENSG00000272688,0.0013348532946167633,0.0013348532946167633
ENSG00000265399,0.0013348532946167633,0.0013348532946167633
AMMECR1L,0.0013348084410647945,0.0013348084410647945
ENSG00000249175,-0.0013347966596693244,0.0013347966596693244
YPEL3,-0.0013346954463048842,0.0013346954463048842
DUSP28,-0.0013346193231731928,0.0013346193231731928
PRMT5-AS1,0.001334501137077897,0.001334501137077897
ENSG00000261208,0.0013343330095830625,0.0013343330095830625
DLEU2L,-0.0013335139864018382,0.0013335139864018382
OGFOD1,-0.0013334923228238,0.0013334923228238
HSPA13,0.0013332715148098183,0.0013332715148098183
GARNL3,-0.0013331071414306765,0.0013331071414306765
ST6GALNAC2,-0.0013329324941715552,0.0013329324941715552
LINC01422,-0.0013327117645997402,0.0013327117645997402
EGFLAM,-0.0013326153132099602,0.0013326153132099602
SLC38A7,-0.0013326153132099602,0.0013326153132099602
HSPH1,-0.0013324360637550672,0.0013324360637550672
CCSER2,-0.0013323583555257636,0.0013323583555257636
EIF4A3,-0.0013320640609641532,0.0013320640609641532
ENSG00000290789,0.0013318477034724445,0.0013318477034724445
TGFB2-AS1,0.0013318477034724445,0.0013318477034724445
ULK4,0.0013318477034724445,0.0013318477034724445
MRPS31P5,0.0013318477034724445,0.0013318477034724445
ENSG00000255960,0.0013318477034724445,0.0013318477034724445
ENSG00000256034,0.0013318477034724445,0.0013318477034724445
SKIDA1,0.0013318477034724445,0.0013318477034724445
UNC119B,0.0013318477034724445,0.0013318477034724445
ENSG00000241666,0.0013318477034724445,0.0013318477034724445
CD63-AS1,0.0013318477034724445,0.0013318477034724445
PBX1-AS1,0.0013318477034724445,0.0013318477034724445
CD69,0.0013318477034724445,0.0013318477034724445
TBL2,0.0013318477034724445,0.0013318477034724445
RASSF6,0.0013318477034724445,0.0013318477034724445
RASSF1-AS1,0.0013318477034724445,0.0013318477034724445
KISS1,0.0013318477034724445,0.0013318477034724445
ASTN2,0.0013318477034724445,0.0013318477034724445
RASAL1,0.0013318477034724445,0.0013318477034724445
KLF6,0.0013318477034724445,0.0013318477034724445
ADAMTS19,0.0013318477034724445,0.0013318477034724445
ENSG00000240761,0.0013318477034724445,0.0013318477034724445
ENSG00000256950,0.0013318477034724445,0.0013318477034724445
CDC37L1-DT,0.0013318477034724445,0.0013318477034724445
ENSG00000261000,0.0013318477034724445,0.0013318477034724445
BUD13P1,0.0013318477034724445,0.0013318477034724445
UQCC2,0.0013318477034724445,0.0013318477034724445
KRT1,0.0013318477034724445,0.0013318477034724445
UCP3,0.0013318477034724445,0.0013318477034724445
NDUFA4,0.0013318477034724445,0.0013318477034724445
TMEM170B,0.0013318477034724445,0.0013318477034724445
MSRB2,0.0013318477034724445,0.0013318477034724445
ENSG00000289582,0.0013318477034724445,0.0013318477034724445
DUSP5-DT,0.0013318477034724445,0.0013318477034724445
LEKR1,0.0013318477034724445,0.0013318477034724445
ENSG00000289395,0.0013318477034724445,0.0013318477034724445
NBPF2P,0.0013318477034724445,0.0013318477034724445
LSM3,0.0013318477034724445,0.0013318477034724445
ENSG00000285081,0.0013318477034724445,0.0013318477034724445
ENSG00000289241,0.0013318477034724445,0.0013318477034724445
CLDN10,0.0013318477034724445,0.0013318477034724445
ARHGEF7-AS2,0.0013318477034724445,0.0013318477034724445
ENSG00000255310,0.0013318477034724445,0.0013318477034724445
TMEM183A,0.0013318477034724445,0.0013318477034724445
ZNF732,0.0013318477034724445,0.0013318477034724445
PIP4K2C,0.0013318477034724445,0.0013318477034724445
TUBAL3,0.0013318477034724445,0.0013318477034724445
HAUS4,0.0013318477034724445,0.0013318477034724445
CEP164P1,0.0013318477034724445,0.0013318477034724445
NAP1L5,0.0013318477034724445,0.0013318477034724445
PKD1L1,0.0013318477034724445,0.0013318477034724445
ENSG00000288999,0.0013318477034724445,0.0013318477034724445
ENSG00000288996,0.0013318477034724445,0.0013318477034724445
ABHD13,0.0013318477034724445,0.0013318477034724445
ENSG00000244468,0.0013318477034724445,0.0013318477034724445
CDK11B,0.0013318477034724445,0.0013318477034724445
ENSG00000255476,0.0013318477034724445,0.0013318477034724445
NDNF,0.0013318477034724445,0.0013318477034724445
RPS4XP6,0.0013318477034724445,0.0013318477034724445
ENSG00000290263,0.0013318477034724445,0.0013318477034724445
ENSG00000290122,0.0013318477034724445,0.0013318477034724445
CZIB,0.0013318477034724445,0.0013318477034724445
ENSG00000290105,0.0013318477034724445,0.0013318477034724445
ENSG00000280357,0.0013318477034724445,0.0013318477034724445
MRPL44,0.0013318477034724445,0.0013318477034724445
ENSG00000280414,0.0013318477034724445,0.0013318477034724445
KTI12,0.0013318477034724445,0.0013318477034724445
UCHL1,0.0013318477034724445,0.0013318477034724445
HNRNPA1P40,0.0013318477034724445,0.0013318477034724445
PZP,0.0013318477034724445,0.0013318477034724445
TIMELESS,0.0013318477034724445,0.0013318477034724445
ENSG00000281969,0.0013318477034724445,0.0013318477034724445
LYZ,0.0013318477034724445,0.0013318477034724445
ANAPC15,0.0013318477034724445,0.0013318477034724445
ENSG00000289883,0.0013318477034724445,0.0013318477034724445
ENSG00000244151,0.0013318477034724445,0.0013318477034724445
ANGPTL2,0.0013318477034724445,0.0013318477034724445
ZNF680P1,0.0013318477034724445,0.0013318477034724445
ARMH3,0.0013318477034724445,0.0013318477034724445
EPS8L2,0.0013318477034724445,0.0013318477034724445
SLC25A38,0.0013318477034724445,0.0013318477034724445
ATG4C,0.0013318477034724445,0.0013318477034724445
DCDC2C,0.0013318477034724445,0.0013318477034724445
INTS6-AS1,0.0013318477034724445,0.0013318477034724445
GAL3ST4,0.0013318477034724445,0.0013318477034724445
COX17,0.0013318477034724445,0.0013318477034724445
NOP58,0.0013318477034724445,0.0013318477034724445
SMG5,0.0013318477034724445,0.0013318477034724445
ENSG00000232347,0.0013318477034724445,0.0013318477034724445
GAPDH,0.0013318477034724445,0.0013318477034724445
SRPRA,0.0013318477034724445,0.0013318477034724445
IGFBP3,0.0013318477034724445,0.0013318477034724445
ENSG00000232536,0.0013318477034724445,0.0013318477034724445
ENSG00000232555,0.0013318477034724445,0.0013318477034724445
RPL23AP42,0.0013318477034724445,0.0013318477034724445
STBD1,0.0013318477034724445,0.0013318477034724445
ENSG00000232693,0.0013318477034724445,0.0013318477034724445
ENSG00000274029,0.0013318477034724445,0.0013318477034724445
ISL1,0.0013318477034724445,0.0013318477034724445
RN7SL653P,0.0013318477034724445,0.0013318477034724445
GASAL1,0.0013318477034724445,0.0013318477034724445
ENSG00000270557,0.0013318477034724445,0.0013318477034724445
ENSG00000233367,0.0013318477034724445,0.0013318477034724445
ELOVL4,0.0013318477034724445,0.0013318477034724445
BNC2-AS1,0.0013318477034724445,0.0013318477034724445
ENSG00000233817,0.0013318477034724445,0.0013318477034724445
IFIT1,0.0013318477034724445,0.0013318477034724445
SMIM27,0.0013318477034724445,0.0013318477034724445
MMP23B,0.0013318477034724445,0.0013318477034724445
MIR1304,0.0013318477034724445,0.0013318477034724445
ENSG00000228802,0.0013318477034724445,0.0013318477034724445
MIR612,0.0013318477034724445,0.0013318477034724445
FPGT-TNNI3K,0.0013318477034724445,0.0013318477034724445
IL1RL2,0.0013318477034724445,0.0013318477034724445
NR2F1-AS1,0.0013318477034724445,0.0013318477034724445
BCL2L15,0.0013318477034724445,0.0013318477034724445
ENSG00000272583,0.0013318477034724445,0.0013318477034724445
RNVU1-25,0.0013318477034724445,0.0013318477034724445
FOXI2,0.0013318477034724445,0.0013318477034724445
ZFTA,0.0013318477034724445,0.0013318477034724445
MIR4707,0.0013318477034724445,0.0013318477034724445
ENSG00000272162,0.0013318477034724445,0.0013318477034724445
NPM1P7,0.0013318477034724445,0.0013318477034724445
ENSG00000272760,0.0013318477034724445,0.0013318477034724445
RPL12P47,0.0013318477034724445,0.0013318477034724445
FXYD2,0.0013318477034724445,0.0013318477034724445
NUAK2,0.0013318477034724445,0.0013318477034724445
FLT3,0.0013318477034724445,0.0013318477034724445
IGKV1D-12,0.0013318477034724445,0.0013318477034724445
SPDL1,0.0013318477034724445,0.0013318477034724445
SMPDL3A,0.0013318477034724445,0.0013318477034724445
MIR181A2HG,0.0013318477034724445,0.0013318477034724445
ZCCHC10,0.0013318477034724445,0.0013318477034724445
RNF8,0.0013318477034724445,0.0013318477034724445
ENSG00000234162,0.0013318477034724445,0.0013318477034724445
NLGN1,0.0013318477034724445,0.0013318477034724445
ENSG00000257764,0.0013318477034724445,0.0013318477034724445
SLC27A6,0.0013318477034724445,0.0013318477034724445
ATP5MC2,0.0013318477034724445,0.0013318477034724445
WASHC5,0.0013318477034724445,0.0013318477034724445
CS,0.0013318477034724445,0.0013318477034724445
SYCP2L,0.0013318477034724445,0.0013318477034724445
BRD3OS,0.0013318477034724445,0.0013318477034724445
ENSG00000279001,0.0013318477034724445,0.0013318477034724445
PAMR1,0.0013318477034724445,0.0013318477034724445
ENSG00000269155,0.0013318477034724445,0.0013318477034724445
PAN2,0.0013318477034724445,0.0013318477034724445
ENSG00000279070,0.0013318477034724445,0.0013318477034724445
KCTD21,0.0013318477034724445,0.0013318477034724445
RUFY1,0.0013318477034724445,0.0013318477034724445
FAM88E,0.0013318477034724445,0.0013318477034724445
ENSG00000226230,0.0013318477034724445,0.0013318477034724445
ENSG00000236924,0.0013318477034724445,0.0013318477034724445
BRK1,0.0013318477034724445,0.0013318477034724445
EVA1B,0.0013318477034724445,0.0013318477034724445
ENSG00000225889,0.0013318477034724445,0.0013318477034724445
ENSG00000260805,0.0013318477034724445,0.0013318477034724445
VIM-AS1,0.0013318477034724445,0.0013318477034724445
BSPRY,0.0013318477034724445,0.0013318477034724445
AKR1D1,0.0013318477034724445,0.0013318477034724445
ENSG00000237614,0.0013318477034724445,0.0013318477034724445
NELFA,0.0013318477034724445,0.0013318477034724445
SLC35B2,0.0013318477034724445,0.0013318477034724445
DEPTOR-AS1,0.0013318477034724445,0.0013318477034724445
P3R3URF-PIK3R3,0.0013318477034724445,0.0013318477034724445
ENSG00000235852,0.0013318477034724445,0.0013318477034724445
ENSG00000227950,0.0013318477034724445,0.0013318477034724445
OPRM1,0.0013318477034724445,0.0013318477034724445
GCC1,0.0013318477034724445,0.0013318477034724445
OR2A5,0.0013318477034724445,0.0013318477034724445
FAM50B,0.0013318477034724445,0.0013318477034724445
FAM25A,0.0013318477034724445,0.0013318477034724445
ENSG00000270039,0.0013318477034724445,0.0013318477034724445
GDF11,0.0013318477034724445,0.0013318477034724445
ENSG00000269968,0.0013318477034724445,0.0013318477034724445
WWTR1-AS1,0.0013318477034724445,0.0013318477034724445
ENSG00000235021,0.0013318477034724445,0.0013318477034724445
ENSG00000260679,0.0013318477034724445,0.0013318477034724445
OVOL1,0.0013318477034724445,0.0013318477034724445
RGS7,0.0013318477034724445,0.0013318477034724445
MED22,0.0013318477034724445,0.0013318477034724445
OXSR1,0.0013318477034724445,0.0013318477034724445
SULT1C3,0.0013318477034724445,0.0013318477034724445
SLC38A2-AS1,0.0013318477034724445,0.0013318477034724445
RGS18,0.0013318477034724445,0.0013318477034724445
RGS13,0.0013318477034724445,0.0013318477034724445
HYMAI,0.0013318477034724445,0.0013318477034724445
ENSG00000259071,0.0013318477034724445,0.0013318477034724445
NFKBIE,0.0013318477034724445,0.0013318477034724445
ABCB6,0.0013318477034724445,0.0013318477034724445
USP44,0.0013318477034724445,0.0013318477034724445
ENSG00000285873,0.0013318477034724445,0.0013318477034724445
TMF1,0.0013318477034724445,0.0013318477034724445
TMOD1,0.0013318477034724445,0.0013318477034724445
LINC01558,0.0013318477034724445,0.0013318477034724445
ENSG00000288061,0.0013318477034724445,0.0013318477034724445
LINC02773,0.0013318477034724445,0.0013318477034724445
ENSG00000264078,0.0013318477034724445,0.0013318477034724445
ENSG00000285794,0.0013318477034724445,0.0013318477034724445
PNPLA1,0.0013318477034724445,0.0013318477034724445
ENSG00000286369,0.0013318477034724445,0.0013318477034724445
CABCOCO1,0.0013318477034724445,0.0013318477034724445
SEPTIN7P6,0.0013318477034724445,0.0013318477034724445
ENSG00000288520,0.0013318477034724445,0.0013318477034724445
ENSG00000250626,0.0013318477034724445,0.0013318477034724445
LINC00954,0.0013318477034724445,0.0013318477034724445
MYLK-AS2,0.0013318477034724445,0.0013318477034724445
TNNI2,0.0013318477034724445,0.0013318477034724445
C1orf174,0.0013318477034724445,0.0013318477034724445
LINC01612,0.0013318477034724445,0.0013318477034724445
ENSG00000287078,0.0013318477034724445,0.0013318477034724445
PRMT5-DT,0.0013318477034724445,0.0013318477034724445
ENSG00000287164,0.0013318477034724445,0.0013318477034724445
ZWINT,0.0013318477034724445,0.0013318477034724445
TSPAN12,0.0013318477034724445,0.0013318477034724445
POP5,0.0013318477034724445,0.0013318477034724445
ENSG00000288868,0.0013318477034724445,0.0013318477034724445
ENSG00000286248,0.0013318477034724445,0.0013318477034724445
ENSG00000288080,0.0013318477034724445,0.0013318477034724445
ENSG00000287060,0.0013318477034724445,0.0013318477034724445
ENSG00000286557,0.0013318477034724445,0.0013318477034724445
CFHR1,0.0013318477034724445,0.0013318477034724445
ENSG00000286585,0.0013318477034724445,0.0013318477034724445
ENSG00000287555,0.0013318477034724445,0.0013318477034724445
ABCB4,0.0013318477034724445,0.0013318477034724445
ENSG00000286176,0.0013318477034724445,0.0013318477034724445
ENSG00000212952,0.0013318477034724445,0.0013318477034724445
MTIF3,0.0013318477034724445,0.0013318477034724445
ENSG00000261625,0.0013318477034724445,0.0013318477034724445
CHCHD4,0.0013318477034724445,0.0013318477034724445
AADAC,0.0013318477034724445,0.0013318477034724445
ENSG00000286198,0.0013318477034724445,0.0013318477034724445
MUS81,0.0013318477034724445,0.0013318477034724445
TTC30A,0.0013318477034724445,0.0013318477034724445
ENSG00000250350,0.0013318477034724445,0.0013318477034724445
ZNF777,0.0013318477034724445,0.0013318477034724445
LINC01725,0.0013318477034724445,0.0013318477034724445
ZNF862,0.0013318477034724445,0.0013318477034724445
LINC02044,0.0013318477034724445,0.0013318477034724445
ENSG00000286223,0.0013318477034724445,0.0013318477034724445
MYLK4,0.0013318477034724445,0.0013318477034724445
MTUS2-AS1,0.0013318477034724445,0.0013318477034724445
GTF3A,0.0013318477034724445,0.0013318477034724445
ENSG00000287740,0.0013318477034724445,0.0013318477034724445
SAP130,0.0013318477034724445,0.0013318477034724445
ENSG00000251399,0.0013318477034724445,0.0013318477034724445
ENSG00000287765,0.0013318477034724445,0.0013318477034724445
CYB561D2,0.0013318477034724445,0.0013318477034724445
ENSG00000285839,0.0013318477034724445,0.0013318477034724445
CYP2E1,0.0013318477034724445,0.0013318477034724445
ENSG00000253961,0.0013318477034724445,0.0013318477034724445
PNLIPRP3,0.0013318477034724445,0.0013318477034724445
ENSG00000287616,0.0013318477034724445,0.0013318477034724445
IGKV2-30,0.001331847703472435,0.001331847703472435
IK,-0.0013318438466331608,0.0013318438466331608
SASS6,-0.0013318438466331608,0.0013318438466331608
NFAT5,-0.0013313395634265888,0.0013313395634265888
SLC35A5,-0.001330569944930703,0.001330569944930703
ENSG00000247011,0.0013305679327690137,0.0013305679327690137
ZNF585A,-0.0013304223836295185,0.0013304223836295185
ENSG00000261270,0.0013295824510596932,0.0013295824510596932
EXD3,0.0013295228480077151,0.0013295228480077151
ENSG00000289447,0.0013293883362053016,0.0013293883362053016
PPP2R3A,-0.0013291975123718978,0.0013291975123718978
NECTIN4,0.0013291198798296073,0.0013291198798296073
PPIB,0.0013291198798296073,0.0013291198798296073
COX19,0.0013291198798296073,0.0013291198798296073
ENSG00000261924,0.0013291198798296073,0.0013291198798296073
MBD4,0.0013291198798296073,0.0013291198798296073
PSME2,0.0013291198798296073,0.0013291198798296073
PARPBP,0.0013291198798296073,0.0013291198798296073
RTF1,0.0013291198798296073,0.0013291198798296073
CLCN5,0.0013291198798296073,0.0013291198798296073
CYB5D1,0.0013291198798296073,0.0013291198798296073
MRPL42P1,0.0013291198798296073,0.0013291198798296073
PROM1,0.0013291198798296073,0.0013291198798296073
ENSG00000260249,0.0013291198798296073,0.0013291198798296073
KNSTRN,0.0013291198798296073,0.0013291198798296073
NFS1,0.0013291198798296073,0.0013291198798296073
TFAP2B,0.0013291198798296073,0.0013291198798296073
RMDN3,0.0013291198798296073,0.0013291198798296073
ARGLU1,0.0013290999381480027,0.0013290999381480027
ZBED4,0.0013286801336799617,0.0013286801336799617
ENSG00000248664,-0.0013284255653125464,0.0013284255653125464
MACROH2A1,-0.0013280409632291494,0.0013280409632291494
KLF8,-0.0013278596079615164,0.0013278596079615164
HSPA8P16,-0.0013277403201886477,0.0013277403201886477
TMEM260,0.0013275118558680483,0.0013275118558680483
ENSG00000251354,-0.0013274727742169877,0.0013274727742169877
ZNF808,-0.0013274616410511272,0.0013274616410511272
MYO9B,0.0013272871990312012,0.0013272871990312012
MAPKAPK5-AS1,0.0013270616507813017,0.0013270616507813017
ENSG00000224478,0.0013270616507813017,0.0013270616507813017
DPP6,0.0013270616507813017,0.0013270616507813017
CAMSAP2,0.0013270616507813017,0.0013270616507813017
ENSG00000276916,0.0013270616507813017,0.0013270616507813017
SH3BP1,0.0013270106367534076,0.0013270106367534076
IER5,0.0013269747477181377,0.0013269747477181377
MIS12,-0.001326756343899514,0.001326756343899514
BNIP2,-0.0013257290399548793,0.0013257290399548793
IFIT2,0.001325481668822763,0.001325481668822763
CSRNP1,0.0013253462220997549,0.0013253462220997549
SLC36A4,0.001324593819648222,0.001324593819648222
NXPE3,-0.001324546352193369,0.001324546352193369
UBP1,0.0013244005175790927,0.0013244005175790927
TOR1AIP2,0.001324366491091883,0.001324366491091883
GNPNAT1,0.0013238542549849804,0.0013238542549849804
HMMR,-0.0013233226586022604,0.0013233226586022604
TMOD2,-0.0013233226586022604,0.0013233226586022604
ERI1,0.0013232523386408602,0.0013232523386408602
TACSTD2,0.0013232050729965845,0.0013232050729965845
SATB1,-0.0013231981463883236,0.0013231981463883236
HIF3A,-0.0013230309847669412,0.0013230309847669412
HBD,0.0013229155277463454,0.0013229155277463454
TFIP11-DT,-0.0013229124138148189,0.0013229124138148189
WAC-AS1,-0.0013225911045542833,0.0013225911045542833
ENSG00000250186,-0.0013225911045542833,0.0013225911045542833
HNRNPF,-0.0013225911045542833,0.0013225911045542833
BPNT2,0.0013220739996220744,0.0013220739996220744
VAMP4,-0.0013220247257806816,0.0013220247257806816
IFI44,-0.001321958584033004,0.001321958584033004
TIRAP-AS1,-0.001321958584033004,0.001321958584033004
MIPEP,0.0013218429993105028,0.0013218429993105028
EID2,0.0013218429993105028,0.0013218429993105028
HOXC6,0.0013218429993105028,0.0013218429993105028
PIGK,0.0013218429993105028,0.0013218429993105028
ASB7,-0.0013215942744288262,0.0013215942744288262
NPM1,0.0013207398418632827,0.0013207398418632827
SFRP2,0.0013206540443220557,0.0013206540443220557
ENSG00000259341,0.0013206540443220557,0.0013206540443220557
PSIP1,0.0013206540443220557,0.0013206540443220557
CD40LG,0.0013206540443220557,0.0013206540443220557
SLCO4A1-AS1,0.0013206540443220557,0.0013206540443220557
KDM1B,0.0013205121050145138,0.0013205121050145138
ENSG00000229224,0.0013199224902741052,0.0013199224902741052
TSIX,0.0013199224902741052,0.0013199224902741052
ENSG00000237320,0.0013199224902741052,0.0013199224902741052
MRPS2,0.0013199224902741052,0.0013199224902741052
NMNAT1,0.0013176192966648508,0.0013176192966648508
RPL13,-0.0013172445765388798,0.0013172445765388798
ENSG00000269958,-0.001316780310195133,0.001316780310195133
RNF141,-0.0013167331804489072,0.0013167331804489072
ZNF211,-0.0013167208889843496,0.0013167208889843496
ARFGEF1,-0.0013164069204519237,0.0013164069204519237
AP3B1,-0.0013161972502548675,0.0013161972502548675
ARL6IP1P2,0.001315589855188392,0.001315589855188392
SPSB1,0.0013155316877886724,0.0013155316877886724
SH3TC2,-0.0013153282013401016,0.0013153282013401016
TMEM176B,-0.0013145499274015747,0.0013145499274015747
RSL1D1,0.001314348865125157,0.001314348865125157
ENSG00000244953,0.001313955582272678,0.001313955582272678
TNKS,0.0013136938856336399,0.0013136938856336399
VCL,0.0013135453359048972,0.0013135453359048972
LINC00987,-0.0013134019043309379,0.0013134019043309379
CSGALNACT2-DT,-0.0013128378606686684,0.0013128378606686684
RPL7AP8,-0.0013124288969886418,0.0013124288969886418
STAG1,-0.0013123369127943498,0.0013123369127943498
ENSG00000287271,0.0013119416129414958,0.0013119416129414958
ECPAS,0.0013118943422709313,0.0013118943422709313
OLFML1,-0.0013114098463768153,0.0013114098463768153
CASP4LP,0.0013103608072370394,0.0013103608072370394
NXN,-0.0013099211803862909,0.0013099211803862909
PPA1,0.0013096016651430015,0.0013096016651430015
ENSG00000286125,-0.0013086838457340973,0.0013086838457340973
ILKAP,-0.0013082049827926605,0.0013082049827926605
CKMT2-AS1,-0.0013081200958857135,0.0013081200958857135
GATA3,0.0013080729477714186,0.0013080729477714186
HLA-DRB1,0.001307334034432798,0.001307334034432798
PFN4,-0.0013072056651645778,0.0013072056651645778
PRAG1,-0.0013070176455229079,0.0013070176455229079
SEL1L3,-0.0013070176455229079,0.0013070176455229079
KCNA3,0.0013062030532786219,0.0013062030532786219
ENSG00000283674,0.0013061141402106156,0.0013061141402106156
RNH1,0.0013058722718440863,0.0013058722718440863
CCZ1,-0.0013056573385563518,0.0013056573385563518
ZFYVE1,-0.00130542808674487,0.00130542808674487
BCO2,-0.0013051756894384597,0.0013051756894384597
MYH10,-0.0013050828626955707,0.0013050828626955707
ARL5A,-0.0013048487424059444,0.0013048487424059444
GMPR2,-0.0013047739197031946,0.0013047739197031946
PTGR1,0.0013043221691332724,0.0013043221691332724
B3GALT6,0.0013043156232657254,0.0013043156232657254
PHGDH,0.0013043156232657254,0.0013043156232657254
ACY1,-0.0013042628438469184,0.0013042628438469184
FTH1P2,-0.0013042628438469184,0.0013042628438469184
RAB17-DT,-0.0013042628438469184,0.0013042628438469184
CCZ1B,-0.0013038682860275022,0.0013038682860275022
GVQW3,0.0013038237950450224,0.0013038237950450224
FOS,0.0013038237950450224,0.0013038237950450224
ATP2B1,0.0013038237950450224,0.0013038237950450224
PCAT6,0.0013038237950450224,0.0013038237950450224
TMX2,0.0013038237950450224,0.0013038237950450224
BBOF1,0.0013037613419714534,0.0013037613419714534
ATRN,-0.0013032710511033875,0.0013032710511033875
NT5DC2,-0.0013032710511033875,0.0013032710511033875
KCNN4,-0.0013032710511033875,0.0013032710511033875
SLC36A1,-0.0013025703317866794,0.0013025703317866794
MIR29B2CHG,-0.0013025703317866794,0.0013025703317866794
CHMP4A,-0.0013025008107427926,0.0013025008107427926
PSMC6,0.0013019259573198748,0.0013019259573198748
BCR,0.0013018668775768183,0.0013018668775768183
HSD3B7,-0.0013017841438783123,0.0013017841438783123
MORC2,0.00130163051733248,0.00130163051733248
ENSG00000244593,-0.001301586165478876,0.001301586165478876
FGF14,0.0013014822316546454,0.0013014822316546454
CRBN,-0.0013012546207067067,0.0013012546207067067
SAYSD1,-0.0013011299788686054,0.0013011299788686054
LPCAT4,0.001300756910656934,0.001300756910656934
ITGB8,-0.0013006896168227654,0.0013006896168227654
GPD2,-0.0013001506792267468,0.0013001506792267468
IGFBP4,-0.001299816927748716,0.001299816927748716
KIAA0753,0.0012994667365674557,0.0012994667365674557
MEX3D,0.0012994667365674557,0.0012994667365674557
COX6CP10,0.0012987394676351556,0.0012987394676351556
PARVA,-0.0012986403505204271,0.0012986403505204271
TGFB2-OT1,0.0012979047559703214,0.0012979047559703214
ENSG00000205037,0.0012979047559703214,0.0012979047559703214
COCH,0.0012979047559703214,0.0012979047559703214
ANXA8,0.0012979047559703214,0.0012979047559703214
ENSG00000273734,0.0012979047559703214,0.0012979047559703214
PSMD3,0.0012974144027821139,0.0012974144027821139
ENSG00000263508,0.001297173201922381,0.001297173201922381
PIK3R2,0.001297173201922381,0.001297173201922381
GVINP1,0.001297054883779764,0.001297054883779764
MXRA5,0.0012968208940632017,0.0012968208940632017
EDRF1,-0.0012965494099616453,0.0012965494099616453
ENSG00000272630,-0.0012961678785095786,0.0012961678785095786
PDPN,-0.0012960163988444966,0.0012960163988444966
RAPH1,-0.001295781736610952,0.001295781736610952
LINC02739,0.0012956494969507905,0.0012956494969507905
TSPAN9,-0.0012952866142726888,0.0012952866142726888
VRK1,0.0012952750036073334,0.0012952750036073334
ERMP1,-0.0012951779664050526,0.0012951779664050526
ENSG00000280138,-0.0012951691818544181,0.0012951691818544181
TSPAN17,0.0012948359971175348,0.0012948359971175348
LINC00960,0.001294682393323955,0.001294682393323955
GLUD1,0.0012945312083414056,0.0012945312083414056
SNX6,-0.0012943469115987627,0.0012943469115987627
PLAU,0.0012939555689764131,0.0012939555689764131
TCHP,0.0012936001621489898,0.0012936001621489898
IPO4,0.0012936001621489898,0.0012936001621489898
SLC48A1,0.0012936001621489898,0.0012936001621489898
RAG1,0.0012936001621489898,0.0012936001621489898
MALL,0.0012936001621489898,0.0012936001621489898
COG2,0.0012936001621489898,0.0012936001621489898
CCDC88B,0.0012936001621489898,0.0012936001621489898
FBXO16,0.0012936001621489898,0.0012936001621489898
FOLR3,0.0012936001621489898,0.0012936001621489898
UBA7,0.0012936001621489898,0.0012936001621489898
HMX1,0.0012936001621489898,0.0012936001621489898
SLCO1C1,0.0012936001621489898,0.0012936001621489898
CUL4B,-0.0012935173634329037,0.0012935173634329037
TMEM131,-0.0012932549958497121,0.0012932549958497121
IREB2,-0.0012928964750465867,0.0012928964750465867
TTTY14,-0.0012926465384473825,0.0012926465384473825
BIRC5,-0.0012926465384473825,0.0012926465384473825
TPCN1,-0.0012926465384473825,0.0012926465384473825
FZD10,-0.0012926465384473825,0.0012926465384473825
AKR1B1,-0.0012921390927580498,0.0012921390927580498
FAM225B,-0.0012921390927580498,0.0012921390927580498
RS1,-0.0012921390927580498,0.0012921390927580498
RPL7L1P12,-0.0012921390927580498,0.0012921390927580498
ENPP2,-0.0012921390927580498,0.0012921390927580498
ZNF687,-0.0012921390927580498,0.0012921390927580498
RPL41,-0.0012921390927580498,0.0012921390927580498
ENSG00000229447,0.001291948330315776,0.001291948330315776
SLC28A3,-0.0012915422460291447,0.0012915422460291447
ENSG00000238260,-0.0012915422460291447,0.0012915422460291447
CFAP70,-0.0012915422460291447,0.0012915422460291447
ENSG00000226599,-0.0012915422460291447,0.0012915422460291447
VASH1-AS1,-0.0012915422460291447,0.0012915422460291447
ENSG00000287936,-0.0012915422460291447,0.0012915422460291447
ENSG00000217825,-0.0012915422460291447,0.0012915422460291447
MARCOL,-0.0012915422460291447,0.0012915422460291447
LINC01232,-0.0012915422460291447,0.0012915422460291447
ENSG00000238273,-0.0012915422460291447,0.0012915422460291447
TAS2R4,-0.0012915422460291447,0.0012915422460291447
RBM25-AS1,-0.0012915422460291447,0.0012915422460291447
HSF2,-0.0012915422460291447,0.0012915422460291447
MRPL11,-0.0012915422460291447,0.0012915422460291447
LINC01433,-0.0012915422460291447,0.0012915422460291447
PMS1,-0.0012915422460291447,0.0012915422460291447
RPL9P28,-0.0012915422460291447,0.0012915422460291447
ENSG00000269066,-0.0012915422460291447,0.0012915422460291447
GLCE,-0.0012915422460291447,0.0012915422460291447
MCAT,-0.0012915422460291447,0.0012915422460291447
SELENOW,-0.0012915422460291447,0.0012915422460291447
ENSG00000268987,-0.0012915422460291447,0.0012915422460291447
ENSG00000258559,-0.0012915422460291447,0.0012915422460291447
ENSG00000286185,-0.0012915422460291447,0.0012915422460291447
SYT15-AS1,-0.0012915422460291447,0.0012915422460291447
ENSG00000258490,-0.0012915422460291447,0.0012915422460291447
ENSG00000279259,-0.0012915422460291447,0.0012915422460291447
EN1,-0.0012915422460291447,0.0012915422460291447
RBP5,-0.0012915422460291447,0.0012915422460291447
CD2AP-DT,-0.0012915422460291447,0.0012915422460291447
CFAP418-AS1,-0.0012915422460291447,0.0012915422460291447
PRAM1,-0.0012915422460291447,0.0012915422460291447
PARP2,-0.0012915422460291447,0.0012915422460291447
ATP5F1E,-0.0012915422460291447,0.0012915422460291447
LINC01270,-0.0012915422460291447,0.0012915422460291447
PAX1,-0.0012915422460291447,0.0012915422460291447
EVI2A,-0.0012915422460291447,0.0012915422460291447
FARS2,-0.0012915422460291447,0.0012915422460291447
KCNIP4,-0.0012915422460291447,0.0012915422460291447
RPL13AP25,-0.0012915422460291447,0.0012915422460291447
ENSG00000230894,-0.0012915422460291447,0.0012915422460291447
ZDHHC20-IT1,-0.0012915422460291447,0.0012915422460291447
NPDC1,-0.0012915422460291447,0.0012915422460291447
RNU2-50P,-0.0012915422460291447,0.0012915422460291447
FLACC1,-0.0012915422460291447,0.0012915422460291447
INS-IGF2,-0.0012915422460291447,0.0012915422460291447
RPL13P5,-0.0012915422460291447,0.0012915422460291447
IGKJ3,-0.0012915422460291447,0.0012915422460291447
ENSG00000271857,-0.0012915422460291447,0.0012915422460291447
ENSG00000228877,-0.0012915422460291447,0.0012915422460291447
MMP2-AS1,-0.0012915422460291447,0.0012915422460291447
EIF3K,-0.0012915422460291447,0.0012915422460291447
FIGN,-0.0012915422460291447,0.0012915422460291447
ENSG00000271797,-0.0012915422460291447,0.0012915422460291447
ENSG00000273179,-0.0012915422460291447,0.0012915422460291447
ENSG00000286626,-0.0012915422460291447,0.0012915422460291447
ENSG00000271788,-0.0012915422460291447,0.0012915422460291447
ZSCAN9,-0.0012915422460291447,0.0012915422460291447
NUP160,-0.0012915422460291447,0.0012915422460291447
ENSG00000273230,-0.0012915422460291447,0.0012915422460291447
ENSG00000261888,-0.0012915422460291447,0.0012915422460291447
BLMH,-0.0012915422460291447,0.0012915422460291447
ENSG00000228667,-0.0012915422460291447,0.0012915422460291447
IGHJ6,-0.0012915422460291447,0.0012915422460291447
RNF19B,-0.0012915422460291447,0.0012915422460291447
ADIRF,-0.0012915422460291447,0.0012915422460291447
CBX8,-0.0012915422460291447,0.0012915422460291447
MIR3147HG,-0.0012915422460291447,0.0012915422460291447
LINC02284,-0.0012915422460291447,0.0012915422460291447
B4GALNT1,-0.0012915422460291447,0.0012915422460291447
MIR3936,-0.0012915422460291447,0.0012915422460291447
ZMYM1,-0.0012915422460291447,0.0012915422460291447
RPL10P6,-0.0012915422460291447,0.0012915422460291447
ADAMDEC1,-0.0012915422460291447,0.0012915422460291447
CCDC144A,-0.0012915422460291447,0.0012915422460291447
CCDC144NL,-0.0012915422460291447,0.0012915422460291447
POU6F1,-0.0012915422460291447,0.0012915422460291447
IL21R-AS1,-0.0012915422460291447,0.0012915422460291447
MIR548AT,-0.0012915422460291447,0.0012915422460291447
PPAN-P2RY11,-0.0012915422460291447,0.0012915422460291447
C4orf47,-0.0012915422460291447,0.0012915422460291447
TRIM23,-0.0012915422460291447,0.0012915422460291447
RNVU1-24,-0.0012915422460291447,0.0012915422460291447
SNX6P1,-0.0012915422460291447,0.0012915422460291447
IL4I1,-0.0012915422460291447,0.0012915422460291447
LINC02454,-0.0012915422460291447,0.0012915422460291447
BCDIN3D,-0.0012915422460291447,0.0012915422460291447
ENSG00000272689,-0.0012915422460291447,0.0012915422460291447
LINC02397,-0.0012915422460291447,0.0012915422460291447
RNVU1-1,-0.0012915422460291447,0.0012915422460291447
RNU6ATAC39P,-0.0012915422460291447,0.0012915422460291447
DDX10P1,-0.0012915422460291447,0.0012915422460291447
CCDC169,-0.0012915422460291447,0.0012915422460291447
RNU6-589P,-0.0012915422460291447,0.0012915422460291447
ENSG00000230623,-0.0012915422460291447,0.0012915422460291447
RPL12P6,-0.0012915422460291447,0.0012915422460291447
SPACA9,-0.0012915422460291447,0.0012915422460291447
ENSG00000272092,-0.0012915422460291447,0.0012915422460291447
IQCA1,-0.0012915422460291447,0.0012915422460291447
SMARCAL1-AS1,-0.0012915422460291447,0.0012915422460291447
ENSG00000278017,-0.0012915422460291447,0.0012915422460291447
LINC02974,-0.0012915422460291447,0.0012915422460291447
ENSG00000234206,-0.0012915422460291447,0.0012915422460291447
ENSG00000275139,-0.0012915422460291447,0.0012915422460291447
ENSG00000275180,-0.0012915422460291447,0.0012915422460291447
STK33,-0.0012915422460291447,0.0012915422460291447
AARD,-0.0012915422460291447,0.0012915422460291447
BNIP3P1,-0.0012915422460291447,0.0012915422460291447
STMN1P1,-0.0012915422460291447,0.0012915422460291447
ENSG00000270116,-0.0012915422460291447,0.0012915422460291447
NIPAL4-DT,-0.0012915422460291447,0.0012915422460291447
ENSG00000275956,-0.0012915422460291447,0.0012915422460291447
SLC5A12,-0.0012915422460291447,0.0012915422460291447
ENSG00000251023,-0.0012915422460291447,0.0012915422460291447
DCAF15,-0.0012915422460291447,0.0012915422460291447
NIM1K,-0.0012915422460291447,0.0012915422460291447
MPPED2,-0.0012915422460291447,0.0012915422460291447
SAPCD2,-0.0012915422460291447,0.0012915422460291447
FAM177B,-0.0012915422460291447,0.0012915422460291447
ENSG00000269813,-0.0012915422460291447,0.0012915422460291447
CA3,-0.0012915422460291447,0.0012915422460291447
NFX1,-0.0012915422460291447,0.0012915422460291447
PNPO,-0.0012915422460291447,0.0012915422460291447
ENSG00000227189,-0.0012915422460291447,0.0012915422460291447
WFDC3,-0.0012915422460291447,0.0012915422460291447
WFDC1,-0.0012915422460291447,0.0012915422460291447
LINC03048,-0.0012915422460291447,0.0012915422460291447
ENSG00000259118,-0.0012915422460291447,0.0012915422460291447
KCMF1,-0.0012915422460291447,0.0012915422460291447
YAF2,-0.0012915422460291447,0.0012915422460291447
CXCL5,-0.0012915422460291447,0.0012915422460291447
ENSG00000228550,-0.0012915422460291447,0.0012915422460291447
RN7SKP258,-0.0012915422460291447,0.0012915422460291447
CFTR,-0.0012915422460291447,0.0012915422460291447
CORO2B,-0.0012915422460291447,0.0012915422460291447
ENSG00000259744,-0.0012915422460291447,0.0012915422460291447
RPL23AP23,-0.0012915422460291447,0.0012915422460291447
SLITRK4,-0.0012915422460291447,0.0012915422460291447
ODAD3,-0.0012915422460291447,0.0012915422460291447
CCDC89,-0.0012915422460291447,0.0012915422460291447
RN7SL738P,-0.0012915422460291447,0.0012915422460291447
ZNF230,-0.0012915422460291447,0.0012915422460291447
IFNE,-0.0012915422460291447,0.0012915422460291447
RN7SL513P,-0.0012915422460291447,0.0012915422460291447
ZAP70,-0.0012915422460291447,0.0012915422460291447
AURKAP1,-0.0012915422460291447,0.0012915422460291447
RN7SL362P,-0.0012915422460291447,0.0012915422460291447
AUP1,-0.0012915422460291447,0.0012915422460291447
ODF3L1,-0.0012915422460291447,0.0012915422460291447
RN7SL242P,-0.0012915422460291447,0.0012915422460291447
ENSG00000286504,-0.0012915422460291447,0.0012915422460291447
RN7SL130P,-0.0012915422460291447,0.0012915422460291447
ENSG00000286497,-0.0012915422460291447,0.0012915422460291447
ENSG00000274460,-0.0012915422460291447,0.0012915422460291447
RN7SKP48,-0.0012915422460291447,0.0012915422460291447
TRIM9,-0.0012915422460291447,0.0012915422460291447
GNB1L,-0.0012915422460291447,0.0012915422460291447
ENSG00000274654,-0.0012915422460291447,0.0012915422460291447
ENSG00000274817,-0.0012915422460291447,0.0012915422460291447
ZSCAN20,-0.0012915422460291447,0.0012915422460291447
DHRS1,-0.0012915422460291447,0.0012915422460291447
XRCC1,-0.0012915422460291447,0.0012915422460291447
PTMAP12,-0.0012915422460291447,0.0012915422460291447
ARHGAP18,-0.0012915422460291447,0.0012915422460291447
ENSG00000288156,-0.0012915422460291447,0.0012915422460291447
ENOX2,-0.0012915422460291447,0.0012915422460291447
ENSG00000289437,-0.0012915422460291447,0.0012915422460291447
ENSG00000241720,-0.0012915422460291447,0.0012915422460291447
DUSP23,-0.0012915422460291447,0.0012915422460291447
TENM4,-0.0012915422460291447,0.0012915422460291447
ENSG00000255439,-0.0012915422460291447,0.0012915422460291447
ENSG00000223947,-0.0012915422460291447,0.0012915422460291447
ENSG00000279791,-0.0012915422460291447,0.0012915422460291447
ENSG00000255031,-0.0012915422460291447,0.0012915422460291447
ARL14EPP1,-0.0012915422460291447,0.0012915422460291447
PTCH2,-0.0012915422460291447,0.0012915422460291447
GPR137C,-0.0012915422460291447,0.0012915422460291447
GRK3,-0.0012915422460291447,0.0012915422460291447
CDH13,-0.0012915422460291447,0.0012915422460291447
KLHL18,-0.0012915422460291447,0.0012915422460291447
C18orf21,-0.0012915422460291447,0.0012915422460291447
DNAJB7,-0.0012915422460291447,0.0012915422460291447
LRRC8E,-0.0012915422460291447,0.0012915422460291447
MSL3P1,-0.0012915422460291447,0.0012915422460291447
CLDN14,-0.0012915422460291447,0.0012915422460291447
TMEM132E,-0.0012915422460291447,0.0012915422460291447
ENSG00000255314,-0.0012915422460291447,0.0012915422460291447
ENSG00000265791,-0.0012915422460291447,0.0012915422460291447
ENSG00000285329,-0.0012915422460291447,0.0012915422460291447
ENSG00000282849,-0.0012915422460291447,0.0012915422460291447
ENSG00000256894,-0.0012915422460291447,0.0012915422460291447
ENSG00000282890,-0.0012915422460291447,0.0012915422460291447
ENSG00000263990,-0.0012915422460291447,0.0012915422460291447
HNRNPA1P29,-0.0012915422460291447,0.0012915422460291447
LAMTOR4,-0.0012915422460291447,0.0012915422460291447
ENSG00000256482,-0.0012915422460291447,0.0012915422460291447
PGM2,-0.0012915422460291447,0.0012915422460291447
MSRA-DT,-0.0012915422460291447,0.0012915422460291447
ZNF513,-0.0012915422460291447,0.0012915422460291447
ENSG00000285884,-0.0012915422460291447,0.0012915422460291447
ENSG00000266717,-0.0012915422460291447,0.0012915422460291447
RAD51AP2,-0.0012915422460291447,0.0012915422460291447
ENSG00000244245,-0.0012915422460291447,0.0012915422460291447
ENSG00000224988,-0.0012915422460291447,0.0012915422460291447
CEACAM3,-0.0012915422460291447,0.0012915422460291447
PGBD4,-0.0012915422460291447,0.0012915422460291447
CERS3-AS1,-0.0012915422460291447,0.0012915422460291447
ENSG00000243004,-0.0012915422460291447,0.0012915422460291447
ENSG00000241525,-0.0012915422460291447,0.0012915422460291447
DUSP3,-0.0012915422460291447,0.0012915422460291447
GRB2,-0.0012915422460291447,0.0012915422460291447
NCAM2,-0.0012915422460291447,0.0012915422460291447
ENSG00000289884,-0.0012915422460291447,0.0012915422460291447
CLNS1A,-0.0012915422460291447,0.0012915422460291447
ENSG00000291075,-0.0012915422460291447,0.0012915422460291447
USP12-AS1,-0.0012915422460291447,0.0012915422460291447
ENSG00000279809,-0.0012915422460291447,0.0012915422460291447
CT75,-0.0012915422460291447,0.0012915422460291447
CTHRC1,-0.0012915422460291447,0.0012915422460291447
ENSG00000290043,-0.0012915422460291447,0.0012915422460291447
ZNF474,-0.0012915422460291447,0.0012915422460291447
ENSG00000288658,-0.0012915422460291447,0.0012915422460291447
ZNF567,-0.0012915422460291447,0.0012915422460291447
ENSG00000290769,-0.0012915422460291447,0.0012915422460291447
ARHGEF17-AS1,-0.0012915422460291447,0.0012915422460291447
ENSG00000220739,-0.0012915422460291447,0.0012915422460291447
PRR7-AS1,-0.0012915422460291447,0.0012915422460291447
ENSG00000225243,-0.0012915422460291447,0.0012915422460291447
ABI3,-0.0012915422460291447,0.0012915422460291447
LINC00582,-0.0012915422460291447,0.0012915422460291447
HIBADH,-0.0012915422460291447,0.0012915422460291447
PRR13,-0.0012915422460291447,0.0012915422460291447
LINC00607,-0.0012915422460291447,0.0012915422460291447
PELP1-DT,-0.0012915422460291447,0.0012915422460291447
ENSG00000261167,-0.0012915422460291447,0.0012915422460291447
ASXL3,-0.0012915422460291447,0.0012915422460291447
ENSG00000280291,-0.0012915422460291447,0.0012915422460291447
ENSG00000288971,-0.0012915422460291447,0.0012915422460291447
ENSG00000204894,-0.0012915422460291447,0.0012915422460291447
ENSG00000288966,-0.0012915422460291447,0.0012915422460291447
ENSG00000243107,-0.0012915422460291447,0.0012915422460291447
ENSG00000224431,-0.0012915422460291447,0.0012915422460291447
CAPN10,-0.0012915422460291447,0.0012915422460291447
ENSG00000280214,-0.0012915422460291447,0.0012915422460291447
LRIG2-DT,-0.0012915422460291447,0.0012915422460291447
ENSG00000288555,-0.0012915422460291447,0.0012915422460291447
KLC2,-0.0012915422460291447,0.0012915422460291447
NDST1-AS1,-0.0012915422460291447,0.0012915422460291447
ENSG00000267529,-0.0012915422460291447,0.0012915422460291447
ENSG00000285621,-0.0012915422460291447,0.0012915422460291447
ENSG00000290093,-0.0012915422460291447,0.0012915422460291447
ENSG00000285801,-0.0012915422460291447,0.0012915422460291447
MAP4K1,-0.0012915422460291447,0.0012915422460291447
CILP2,-0.0012915422460291447,0.0012915422460291447
ENSG00000290059,-0.0012915422460291447,0.0012915422460291447
TMEM167B-DT,-0.0012915422460291447,0.0012915422460291447
ENSG00000289208,-0.0012915422460291447,0.0012915422460291447
UCHL5,-0.0012915422460291447,0.0012915422460291447
MTFR1,-0.0012915422460291447,0.0012915422460291447
C10orf95-AS1,-0.0012915422460291447,0.0012915422460291447
ENPP5,-0.0012915422460291447,0.0012915422460291447
ENSG00000260914,-0.0012915422460291447,0.0012915422460291447
SETP14,-0.0012915422460291447,0.0012915422460291447
S100Z,-0.0012915422460291447,0.0012915422460291447
TUBB1,-0.0012915422460291447,0.0012915422460291447
HNRNPH1P1,-0.0012915422460291447,0.0012915422460291447
ENSG00000280388,-0.0012915422460291447,0.0012915422460291447
LRRC37A17P,-0.0012915422460291447,0.0012915422460291447
ENSG00000280404,-0.0012915422460291447,0.0012915422460291447
ENSG00000283549,-0.0012915422460291447,0.0012915422460291447
TMEM204,-0.0012915422460291447,0.0012915422460291447
ENSG00000207751,-0.0012915422460291447,0.0012915422460291447
ZNF563,-0.0012915422460291447,0.0012915422460291447
ENSG00000271855,-0.0012915422460291414,0.0012915422460291414
MIR148B,-0.0012915422460291414,0.0012915422460291414
IGKV1-39,-0.0012915422460291414,0.0012915422460291414
ENSG00000284691,-0.0012915422460291414,0.0012915422460291414
CCDC86,-0.001291482334203519,0.001291482334203519
PPP2R1B,-0.0012911380076384262,0.0012911380076384262
LIMK1,-0.0012909627019672594,0.0012909627019672594
RIC3,0.0012908271214867799,0.0012908271214867799
MED16,0.0012908271214867799,0.0012908271214867799
TIMP2,0.0012908271214867799,0.0012908271214867799
PPP1R9B,0.0012908271214867799,0.0012908271214867799
LINGO3,0.0012908271214867799,0.0012908271214867799
ENSG00000279583,0.0012908271214867799,0.0012908271214867799
PRR14,0.0012908271214867799,0.0012908271214867799
CCDC117,0.0012908271214867799,0.0012908271214867799
RANGAP1,0.0012908271214867799,0.0012908271214867799
TBX1,0.0012908271214867799,0.0012908271214867799
BCL7A,-0.00129073830017041,0.00129073830017041
EIF2S2P6,-0.001290624823709363,0.001290624823709363
YPEL2,-0.0012903800191011395,0.0012903800191011395
CBY1,-0.0012902001395740357,0.0012902001395740357
ADAM15,-0.001290132995488671,0.001290132995488671
ENSG00000240591,-0.001290132995488671,0.001290132995488671
RHOBTB2,-0.001290132995488671,0.001290132995488671
CHPF,-0.0012897784171248762,0.0012897784171248762
MGST3,0.0012896087650080374,0.0012896087650080374
UBR4,0.0012893948397275147,0.0012893948397275147
KRTCAP2,-0.001289350408563504,0.001289350408563504
ZEB2,-0.001289212867859706,0.001289212867859706
TSPEAR-AS2,-0.0012891853976522644,0.0012891853976522644
ZNF483,0.0012891490803494826,0.0012891490803494826
GALM,0.0012889118809355838,0.0012889118809355838
ABCB1,0.0012884349660446928,0.0012884349660446928
CALML3-AS1,0.0012882936771603359,0.0012882936771603359
ADIRF-AS1,0.0012880672593169357,0.0012880672593169357
COX10-DT,-0.0012880649319729593,0.0012880649319729593
TNFSF9,0.0012877599781263187,0.0012877599781263187
ATG14,0.0012871569596268433,0.0012871569596268433
GRHL1,-0.0012871282547511635,0.0012871282547511635
TMC5,0.0012869978254035227,0.0012869978254035227
ENSG00000244021,0.0012869978254035227,0.0012869978254035227
ITPRIPL1,0.0012869978254035227,0.0012869978254035227
ITGAM,0.0012869789246060372,0.0012869789246060372
LTN1,-0.0012869293357708773,0.0012869293357708773
ZNF559,-0.001286686209775754,0.001286686209775754
TBPL1,0.001285982970909757,0.001285982970909757
APOL2,-0.0012858728571975922,0.0012858728571975922
MGA,-0.0012854327970978087,0.0012854327970978087
FOXP4,0.0012852620443363928,0.0012852620443363928
NDUFB9,-0.0012850495198551322,0.0012850495198551322
ENSG00000254909,-0.0012842460809361128,0.0012842460809361128
MTG2,-0.0012838898051831843,0.0012838898051831843
ATP5MC3,0.0012833313823087382,0.0012833313823087382
CCDC90B,-0.001283203387310496,0.001283203387310496
TBXAS1,0.0012828865865117645,0.0012828865865117645
ZNF350,0.0012828246698549407,0.0012828246698549407
MAPK3,0.0012826522747492585,0.0012826522747492585
LINC00299,0.0012816660493381175,0.0012816660493381175
CEROX1,0.0012814969641067246,0.0012814969641067246
OTUD3,0.0012812328923503561,0.0012812328923503561
POLR1D,0.0012807862577047082,0.0012807862577047082
KAT6A,0.0012804907744196129,0.0012804907744196129
ENSG00000244535,-0.001280375251505502,0.001280375251505502
ENSG00000261430,-0.001280375251505502,0.001280375251505502
ENSG00000217130,0.001279950700926887,0.001279950700926887
UPF3A,0.0012799383419906589,0.0012799383419906589
RPL7P27,-0.0012798834232848003,0.0012798834232848003
ENSG00000272821,-0.0012798834232848003,0.0012798834232848003
ENSG00000260466,-0.0012798834232848003,0.0012798834232848003
ENSG00000243830,-0.0012798834232848003,0.0012798834232848003
RPL10AP6,-0.0012798834232848003,0.0012798834232848003
NIPBL-DT,-0.0012798834232848003,0.0012798834232848003
ENSG00000268983,-0.0012798834232848003,0.0012798834232848003
TEPSIN,-0.0012791219991560494,0.0012791219991560494
OAS3,0.0012787875425820298,0.0012787875425820298
ENSG00000248787,-0.00127876789379871,0.00127876789379871
ENSG00000260816,-0.001277991338394253,0.001277991338394253
ARPC1B,0.0012775383923270753,0.0012775383923270753
EHD2,-0.0012769667522754035,0.0012769667522754035
ENSG00000233597,0.001276850486452041,0.001276850486452041
IGF1,-0.0012766402750654937,0.0012766402750654937
TTC9C,-0.0012766402750654937,0.0012766402750654937
HLCS,-0.0012759266252002472,0.0012759266252002472
IGKV3-15,-0.0012755825306682588,0.0012755825306682588
ZNF91,-0.0012754262292394986,0.0012754262292394986
PHAX,0.0012749427281394902,0.0012749427281394902
DIP2C,0.0012747045102822208,0.0012747045102822208
ZNF717,-0.0012745206324841698,0.0012745206324841698
CTIF,-0.001274214895980065,0.001274214895980065
FN3K,-0.0012739339102087,0.0012739339102087
MAPKBP1,-0.0012738703714956123,0.0012738703714956123
TP63,0.0012737380610069794,0.0012737380610069794
TUBGCP3,-0.001273578764877005,0.001273578764877005
KCNMB3,-0.0012733872945397513,0.0012733872945397513
KLHL11,0.0012732873607225483,0.0012732873607225483
RAB8A,-0.0012732220985120176,0.0012732220985120176
LINC00942,-0.0012729191610486232,0.0012729191610486232
SPRY1,-0.0012726922234071877,0.0012726922234071877
BTF3,-0.001272520625760484,0.001272520625760484
XPO5,-0.001272434917089239,0.001272434917089239
GBGT1,-0.0012720626370218027,0.0012720626370218027
ZBTB46,-0.0012717202033590252,0.0012717202033590252
PIK3R1,0.0012715799961639305,0.0012715799961639305
ZSCAN25,0.0012715218287427618,0.0012715218287427618
PPP1R3B,0.0012711710496926963,0.0012711710496926963
FBLN7,-0.001269763525597328,0.001269763525597328
ANKRD27,-0.0012696857793546919,0.0012696857793546919
ENSG00000261560,-0.0012696216373630966,0.0012696216373630966
TSR2,0.0012696186402923213,0.0012696186402923213
IGSF10,0.0012696186402923213,0.0012696186402923213
MCUR1,0.0012692472325646572,0.0012692472325646572
APTX,-0.0012690868314106714,0.0012690868314106714
ERC1,-0.0012686347523149738,0.0012686347523149738
IL10RB-DT,-0.001267918779198926,0.001267918779198926
AGPAT3,0.0012676008799230958,0.0012676008799230958
ALDH1A2,-0.0012675635952272774,0.0012675635952272774
CASP12,0.0012674408227879984,0.0012674408227879984
PDGFRA,0.0012673735217071664,0.0012673735217071664
CLNK,-0.0012670408002689879,0.0012670408002689879
SMAD3,-0.0012663405025255333,0.0012663405025255333
PXYLP1,0.001266158972610158,0.001266158972610158
BCL2A1,0.0012661452480281306,0.0012661452480281306
PRPF4,0.0012661452480281306,0.0012661452480281306
ENSG00000288582,-0.0012655741684703139,0.0012655741684703139
ENSG00000225313,-0.0012655741684703139,0.0012655741684703139
CTTN,-0.0012655627245990975,0.0012655627245990975
ETFRF1,-0.0012654448772401838,0.0012654448772401838
MTND4P24,0.0012654408386117873,0.0012654408386117873
THAP5,-0.0012653181459964453,0.0012653181459964453
KCNE4,-0.0012652818047401368,0.0012652818047401368
ELOVL5,-0.0012652818047401368,0.0012652818047401368
TMEM64,-0.0012648426144223205,0.0012648426144223205
C1QTNF2,-0.0012648426144223205,0.0012648426144223205
MYORG,-0.0012648426144223205,0.0012648426144223205
CDC42BPB,-0.0012648426144223205,0.0012648426144223205
ENSG00000268746,-0.0012647699796326907,0.0012647699796326907
TSHZ3,-0.00126468456981577,0.00126468456981577
GPS1,-0.00126468456981577,0.00126468456981577
STRADA,-0.001264417945546691,0.001264417945546691
DHCR24,0.001264193527391654,0.001264193527391654
MYOM1,0.001263944280107081,0.001263944280107081
LINC01004,-0.001263805688903749,0.001263805688903749
MFSD1P1,-0.001263750550192825,0.001263750550192825
RBM17,0.0012634655329575284,0.0012634655329575284
PHLPP2,-0.0012633405842558416,0.0012633405842558416
CRLF1,-0.001262889508495388,0.001262889508495388
PPHLN1,-0.0012627746187527098,0.0012627746187527098
ENSG00000289517,0.001262264664796216,0.001262264664796216
POLDIP3,0.001262264664796216,0.001262264664796216
NDUFA2,0.001262264664796216,0.001262264664796216
PLK1,0.0012614914281330104,0.0012614914281330104
ENSG00000261266,0.0012614914281330104,0.0012614914281330104
HSD17B7,-0.0012613752653058846,0.0012613752653058846
DAPK3,-0.0012613404494716627,0.0012613404494716627
MRGPRF,-0.0012610445845022105,0.0012610445845022105
GBP4,-0.0012610256066660688,0.0012610256066660688
ERCC6L2-AS1,0.0012607120349396174,0.0012607120349396174
ENSG00000291048,0.0012606427154261855,0.0012606427154261855
RPS12P5,0.0012606427154261855,0.0012606427154261855
RUVBL1,0.0012606427154261855,0.0012606427154261855
TBC1D4,-0.0012605530933211086,0.0012605530933211086
RPS2P28,-0.0012605089717907592,0.0012605089717907592
ZNF267,-0.001260201592041504,0.001260201592041504
WASF2,-0.001260201592041504,0.001260201592041504
CFL2,-0.001260201592041504,0.001260201592041504
NBPF8,-0.001259675366853082,0.001259675366853082
ANXA2P2,-0.0012595079004214902,0.0012595079004214902
SRSF3,0.001259343071403995,0.001259343071403995
ENSG00000289396,-0.0012593143286315782,0.0012593143286315782
EIF2B5,0.0012593011073751927,0.0012593011073751927
HNRNPA1P10,-0.0012591933502229928,0.0012591933502229928
USF3,0.0012587950805912384,0.0012587950805912384
ENSG00000288948,-0.001258741732920282,0.001258741732920282
LAMC3,0.001258678296033118,0.001258678296033118
MAN1C1,0.001258678296033118,0.001258678296033118
ENSG00000232811,0.001258678296033118,0.001258678296033118
CCDC168,0.001258678296033118,0.001258678296033118
NFYC,0.001258678296033118,0.001258678296033118
CPA3,0.001258678296033118,0.001258678296033118
GREM2,0.001258678296033118,0.001258678296033118
SMARCC1,0.001258678296033118,0.001258678296033118
NPM1P27,0.001258678296033118,0.001258678296033118
TTC30B,0.001258678296033118,0.001258678296033118
ACADS,0.0012581457218214234,0.0012581457218214234
CBX5,-0.0012581185481394886,0.0012581185481394886
SEC23A-AS1,0.0012574469070797758,0.0012574469070797758
SLC35G5,0.0012574469070797758,0.0012574469070797758
SGCG,0.0012574469070797758,0.0012574469070797758
RPL7AP50,0.0012574469070797758,0.0012574469070797758
STK38,0.0012574469070797758,0.0012574469070797758
ENSG00000239344,0.0012574469070797758,0.0012574469070797758
IL17RD,0.0012574469070797758,0.0012574469070797758
LRIF1,0.0012574469070797758,0.0012574469070797758
GYPE,0.0012574469070797758,0.0012574469070797758
ENSG00000284602,0.0012574469070797758,0.0012574469070797758
RNLS,0.0012574469070797758,0.0012574469070797758
TRIM35,0.0012574469070797758,0.0012574469070797758
NELFB,0.0012574469070797758,0.0012574469070797758
PTPN21,-0.0012565433422090674,0.0012565433422090674
TACR1,0.001256432527549889,0.001256432527549889
DDR2,-0.0012563727108038107,0.0012563727108038107
PPP1R13L,-0.0012563727108038107,0.0012563727108038107
ST3GAL6,-0.0012563727108038107,0.0012563727108038107
ADRA2A,0.0012563486240969792,0.0012563486240969792
ORC2,0.0012561361330073744,0.0012561361330073744
EPHA4,-0.0012559687840920388,0.0012559687840920388
STK32A,-0.0012559084696362173,0.0012559084696362173
ZNF727,0.0012556070360087825,0.0012556070360087825
LRP6,-0.0012553687907793688,0.0012553687907793688
ENSG00000237214,-0.0012552070382873483,0.0012552070382873483
THBS2,-0.0012549760647293457,0.0012549760647293457
SRSF4,0.001254874269029399,0.001254874269029399
MGME1,-0.00125469399465611,0.00125469399465611
TTBK2,-0.0012546292334190024,0.0012546292334190024
TTC32,0.001254628714021961,0.001254628714021961
SNHG29,0.0012542495738470068,0.0012542495738470068
FOXJ3,-0.0012542309238769483,0.0012542309238769483
ENSG00000280046,-0.0012539993882713953,0.0012539993882713953
TMEM63A,-0.0012538428836929986,0.0012538428836929986
GPNMB,-0.0012533828484256773,0.0012533828484256773
ENSG00000277954,-0.0012532288709483058,0.0012532288709483058
EPB41L4A,0.001253011389315733,0.001253011389315733
RNF32-DT,0.001252772886783324,0.001252772886783324
ENSG00000273264,-0.0012527539696320154,0.0012527539696320154
ERCC1,-0.001252717501913195,0.001252717501913195
SMYD4,-0.0012527100691412292,0.0012527100691412292
TTC39C,-0.0012525936709175552,0.0012525936709175552
MAN2B1,-0.0012523770348531144,0.0012523770348531144
ZNF71,-0.0012517967508992385,0.0012517967508992385
P4HA1,-0.0012514243827885848,0.0012514243827885848
S1PR2,-0.0012514243827885848,0.0012514243827885848
TFCP2,-0.0012514243827885848,0.0012514243827885848
ZNF460-AS1,-0.0012508345688838306,0.0012508345688838306
ATP8B2,-0.0012508198795072904,0.0012508198795072904
RERE,-0.001250696649187401,0.001250696649187401
LINC00342,-0.0012505140830985056,0.0012505140830985056
NR5A2,0.0012499503772885896,0.0012499503772885896
ARFRP1,-0.0012489469790439426,0.0012489469790439426
ENSG00000259802,-0.0012489469790439426,0.0012489469790439426
RNU6-757P,-0.0012489469790439426,0.0012489469790439426
ENSG00000287839,-0.0012489469790439426,0.0012489469790439426
IL7R,0.0012489036785847411,0.0012489036785847411
THAP9,-0.001248770008653454,0.001248770008653454
FBXO27,0.0012480396820793143,0.0012480396820793143
DNAH14,-0.0012477836430527772,0.0012477836430527772
GNA14,0.001247257785799312,0.001247257785799312
FAM66C,0.0012470820434138561,0.0012470820434138561
LIN28A,0.001246778314108257,0.001246778314108257
APBB1IP,-0.0012464749942485958,0.0012464749942485958
GMNN,0.0012460189667697578,0.0012460189667697578
TANC2,-0.0012458417121860679,0.0012458417121860679
FUT11,-0.0012457268623449606,0.0012457268623449606
ANKMY2,-0.0012457268623449606,0.0012457268623449606
ENSG00000285108,-0.0012455160029859345,0.0012455160029859345
CCDC88C,0.0012454583399094982,0.0012454583399094982
RAB43,-0.0012449009534256505,0.0012449009534256505
RRP12,0.001244855232770639,0.001244855232770639
SART3,0.0012447010123180387,0.0012447010123180387
EMC4,0.0012444983860443368,0.0012444983860443368
NUTM2A-AS1,-0.0012427508356242355,0.0012427508356242355
ENSG00000237234,-0.001242667355519873,0.001242667355519873
CD1E,0.0012426347831793413,0.0012426347831793413
GNAI3,0.0012422288499618999,0.0012422288499618999
RPL34P31,0.0012422250715815068,0.0012422250715815068
ENSG00000232626,0.00124213983809424,0.00124213983809424
ZNF271P,0.00124213983809424,0.00124213983809424
ENSG00000261468,0.0012420404440856116,0.0012420404440856116
WFS1,0.0012418191504495238,0.0012418191504495238
ACTBP11,-0.0012417650933149187,0.0012417650933149187
RPGR,-0.0012417189417197698,0.0012417189417197698
OASL,0.0012413510230079672,0.0012413510230079672
CPT1C,0.0012410121883485112,0.0012410121883485112
SNRPFP1,0.0012410121883485112,0.0012410121883485112
ENSG00000286700,0.0012410121883485112,0.0012410121883485112
TDRKH,0.0012410121883485112,0.0012410121883485112
RPS15P4,0.0012410121883485112,0.0012410121883485112
GPC1-AS1,0.0012410121883485112,0.0012410121883485112
MRPL58,0.0012410121883485112,0.0012410121883485112
RAP1BP3,0.0012410121883485112,0.0012410121883485112
DUSP11,0.0012410121883485112,0.0012410121883485112
KIAA1671-AS1,0.0012410121883485112,0.0012410121883485112
TRAPPC2B,0.0012410121883485112,0.0012410121883485112
ENSG00000285836,0.0012410121883485112,0.0012410121883485112
DINOL,0.0012410121883485112,0.0012410121883485112
ENSG00000273271,0.0012410121883485112,0.0012410121883485112
MT-ND6,0.0012410121883485112,0.0012410121883485112
GTF2IRD2,0.0012410121883485112,0.0012410121883485112
EBI3,0.0012410121883485112,0.0012410121883485112
TXN2,0.0012410121883485112,0.0012410121883485112
RRAS,0.0012410121883485112,0.0012410121883485112
ENSG00000265334,0.0012410121883485112,0.0012410121883485112
SOD1,0.0012410121883485112,0.0012410121883485112
ANKHD1,0.0012410121883485112,0.0012410121883485112
SERPINB7,0.0012410121883485112,0.0012410121883485112
SLC7A14-AS1,0.0012410121883485112,0.0012410121883485112
SH3RF2,0.0012410121883485112,0.0012410121883485112
KRT18P4,0.0012410121883485112,0.0012410121883485112
PURA,0.0012410121883485112,0.0012410121883485112
ENSG00000268133,0.0012410121883485112,0.0012410121883485112
HEXIM1,0.0012410121883485112,0.0012410121883485112
FTL,0.0012410121883485112,0.0012410121883485112
CACNG8,0.0012410121883485112,0.0012410121883485112
ZNF540,0.0012410121883485112,0.0012410121883485112
ZNF547,0.0012410121883485112,0.0012410121883485112
MOV10L1,0.0012410121883485112,0.0012410121883485112
NIT2,0.001240108762845369,0.001240108762845369
ENSG00000228477,-0.0012400796456771928,0.0012400796456771928
DDIT3,-0.0012399846085160374,0.0012399846085160374
MLLT3,-0.0012398644809429198,0.0012398644809429198
CASS4,0.001239817436087769,0.001239817436087769
PRICKLE2,-0.0012387393647157723,0.0012387393647157723
STARD3,-0.0012386974068395637,0.0012386974068395637
UHRF2,-0.0012383953197993474,0.0012383953197993474
PAXIP1-DT,0.0012378234864254003,0.0012378234864254003
STAMBP,-0.0012369707826447576,0.0012369707826447576
ARC,-0.001236922228927638,0.001236922228927638
AP2A1,-0.0012358721384718488,0.0012358721384718488
WSB2,-0.0012358660478733869,0.0012358660478733869
ACBD5,0.001235771016123102,0.001235771016123102
ENSG00000259891,-0.0012356445687194666,0.0012356445687194666
ENSG00000287104,-0.0012356203616717021,0.0012356203616717021
CHST3,-0.0012356203616717021,0.0012356203616717021
ZSCAN26,0.0012349125533988345,0.0012349125533988345
RRAGD,0.0012349125533988345,0.0012349125533988345
EPCAM,0.0012349125533988345,0.0012349125533988345
CDT1,0.0012349125533988345,0.0012349125533988345
NSUN3,-0.0012337841155487658,0.0012337841155487658
COL17A1,0.0012335353403462885,0.0012335353403462885
ENSG00000272182,-0.0012335073985637827,0.0012335073985637827
ZNF860,-0.0012335073985637827,0.0012335073985637827
CACYBP,-0.0012335073985637827,0.0012335073985637827
CEP131,0.001233274097946095,0.001233274097946095
PTPRA,-0.0012331105609288207,0.0012331105609288207
SRRM1,-0.0012331105609288207,0.0012331105609288207
MAP1LC3B2,-0.0012329101636396479,0.0012329101636396479
REXO4,-0.0012329101636396479,0.0012329101636396479
ENSG00000237126,-0.0012329101636396479,0.0012329101636396479
DET1,-0.0012326389904603542,0.0012326389904603542
WNT7B,0.0012323393422606535,0.0012323393422606535
CDKL5,-0.0012323193389732659,0.0012323193389732659
TIMM23B,-0.0012317268003039614,0.0012317268003039614
KATNAL1,-0.001231698412626541,0.001231698412626541
TMEM237,-0.001231214721290654,0.001231214721290654
HAS1,-0.0012309326723881295,0.0012309326723881295
TMEM127,-0.0012302443946074415,0.0012302443946074415
CFAP97,0.0012301564129457065,0.0012301564129457065
TM2D3,-0.0012296984150964084,0.0012296984150964084
IGLV1-51,-0.0012290889924804385,0.0012290889924804385
FMO3,-0.001228970884248081,0.001228970884248081
ZNF443,-0.0012289548792391272,0.0012289548792391272
FYB1,0.001228931594554979,0.001228931594554979
LINC01091,0.0012286786064873174,0.0012286786064873174
ADAM10,-0.0012285659022179078,0.0012285659022179078
INIP,-0.0012285610347955547,0.0012285610347955547
EIF5,-0.0012284955614631965,0.0012284955614631965
FBXO32,-0.0012280177668585826,0.0012280177668585826
PRRX1,-0.0012278147053572453,0.0012278147053572453
LSMEM1,-0.0012275772001653635,0.0012275772001653635
CEP192,-0.0012269975633998815,0.0012269975633998815
MED11,-0.0012267782306136549,0.0012267782306136549
CSF1R,0.0012266890993861863,0.0012266890993861863
TAPBPL,-0.0012266383239724914,0.0012266383239724914
ENSG00000279364,-0.0012262475388882064,0.0012262475388882064
CLSTN3,-0.0012262475388882064,0.0012262475388882064
RPS10-NUDT3,-0.0012262475388882064,0.0012262475388882064
ENSG00000279161,-0.0012262475388882064,0.0012262475388882064
ACLY,-0.0012262475388882064,0.0012262475388882064
JDP2,-0.0012262200826408172,0.0012262200826408172
HELLS,0.001225639627485343,0.001225639627485343
PRDM2,-0.0012254574566137393,0.0012254574566137393
EPN1,0.001225225120687687,0.001225225120687687
CLCN7,-0.0012249592665119187,0.0012249592665119187
ARHGEF19,0.001224635861141051,0.001224635861141051
TGIF1,0.0012244670470753075,0.0012244670470753075
ZCCHC2,-0.0012242784344438191,0.0012242784344438191
PIGC,0.0012241791120480106,0.0012241791120480106
SEPSECS,0.001223935400308899,0.001223935400308899
ALPK1,-0.0012238346028312056,0.0012238346028312056
ACTR8,0.0012234630853508682,0.0012234630853508682
RHBDF2,0.0012227529152828045,0.0012227529152828045
MGP,0.0012226577230131127,0.0012226577230131127
DLEU1,-0.0012225014108022275,0.0012225014108022275
SRD5A3,-0.0012221688992461487,0.0012221688992461487
CD44,-0.0012216521563015938,0.0012216521563015938
CENPBD2P,-0.00122163256092276,0.00122163256092276
SF1,-0.0012214671853544936,0.0012214671853544936
WARS2-AS1,-0.0012214389457244229,0.0012214389457244229
LINC01121,-0.0012213735090240766,0.0012213735090240766
OSGEPL1,-0.0012213735090240766,0.0012213735090240766
RSPH1,-0.0012213735090240766,0.0012213735090240766
RPL35AP5,0.0012212508793359499,0.0012212508793359499
ENSG00000291214,0.0012212508793359499,0.0012212508793359499
RBPMS,-0.0012212005144077935,0.0012212005144077935
LMF1,-0.0012206553160081545,0.0012206553160081545
MAGED1,-0.0012206553160081545,0.0012206553160081545
SC5D,-0.0012206553160081545,0.0012206553160081545
RPL6P19,-0.0012206498356665903,0.0012206498356665903
COPS3,0.001220516734428793,0.001220516734428793
AKAP10,0.001220516734428793,0.001220516734428793
DDX21,0.0012200166920582215,0.0012200166920582215
TMEM161B,-0.0012192923857777746,0.0012192923857777746
RO60,0.0012191402355170367,0.0012191402355170367
GOLGA8B,0.0012189697797866596,0.0012189697797866596
GFOD1,-0.0012188597366812673,0.0012188597366812673
MFSD13A,-0.001217927064583895,0.001217927064583895
ENSG00000279089,-0.0012178585994368119,0.0012178585994368119
HMGB1P31,-0.0012178585994368119,0.0012178585994368119
PKP3,-0.00121778876324751,0.00121778876324751
HNRNPAB,0.0012177126615495841,0.0012177126615495841
MTND5P11,0.0012176577140474989,0.0012176577140474989
RAD9A,0.0012176577140474989,0.0012176577140474989
ASCC2,0.0012176577140474989,0.0012176577140474989
PAQR6,0.0012176577140474989,0.0012176577140474989
NPIPB4,0.0012176577140474989,0.0012176577140474989
TKFC,0.0012176577140474989,0.0012176577140474989
KRT86,0.0012176577140474989,0.0012176577140474989
TSPYL2,0.0012176577140474989,0.0012176577140474989
LINC01871,0.0012176577140474989,0.0012176577140474989
ZEB2-AS1,0.0012176577140474989,0.0012176577140474989
ENSG00000277476,0.0012176577140474989,0.0012176577140474989
ENSG00000271032,0.0012176577140474989,0.0012176577140474989
ATP5PF,0.0012176577140474989,0.0012176577140474989
GIMAP3P,0.0012176577140474989,0.0012176577140474989
DHX34,0.0012176577140474989,0.0012176577140474989
NAF1,0.0012176577140474989,0.0012176577140474989
RAB4B-EGLN2,0.0012176577140474989,0.0012176577140474989
RRAD,0.0012176577140474989,0.0012176577140474989
MIA-RAB4B,0.0012176577140474989,0.0012176577140474989
CCDC159,0.0012176577140474989,0.0012176577140474989
PM20D2,0.0012176577140474989,0.0012176577140474989
SPATA1,-0.0012175038183290415,0.0012175038183290415
CDC23,-0.0012175038183290415,0.0012175038183290415
ENSG00000236817,-0.0012172034514355491,0.0012172034514355491
TMEM129,-0.0012171631893044172,0.0012171631893044172
RPL7AP31,-0.0012171321240571598,0.0012171321240571598
UHMK1,0.0012171024907508686,0.0012171024907508686
RPS14,0.00121693012889596,0.00121693012889596
ZNF454,-0.0012168343721047747,0.0012168343721047747
TTPAL,-0.0012168343721047747,0.0012168343721047747
DHX15,-0.00121681290390033,0.00121681290390033
DLC1,-0.0012167626009373415,0.0012167626009373415
ENSG00000260007,-0.001216725528365804,0.001216725528365804
GIMAP7,0.0012167001758365886,0.0012167001758365886
RANBP9,0.001216426325094151,0.001216426325094151
ENSG00000278022,0.001216426325094151,0.001216426325094151
CCDC96,0.001216426325094151,0.001216426325094151
HMGN1,0.001216426325094151,0.001216426325094151
MIR210HG,0.001216426325094151,0.001216426325094151
ENSG00000288990,0.001216426325094151,0.001216426325094151
SLC16A11,0.001216426325094151,0.001216426325094151
ENSG00000288766,0.001216426325094151,0.001216426325094151
ARHGAP27,0.001216426325094151,0.001216426325094151
DPP4,0.001216426325094151,0.001216426325094151
TRAT1,0.001216426325094151,0.001216426325094151
CD5,0.001216426325094151,0.001216426325094151
GEM,0.001216426325094151,0.001216426325094151
RALGPS1,0.001216426325094151,0.001216426325094151
DYNLRB1,0.001216426325094151,0.001216426325094151
C19orf25,0.001216426325094151,0.001216426325094151
EIF1AX,0.001216426325094151,0.001216426325094151
TAGAP,0.001216426325094151,0.001216426325094151
SIRT2,0.001216426325094151,0.001216426325094151
LDLRAP1,-0.0012161784003923617,0.0012161784003923617
OTUB1,0.0012159478029465883,0.0012159478029465883
NCAPG2,-0.0012157706011958636,0.0012157706011958636
IKZF3,0.0012156981089398128,0.0012156981089398128
USP20,0.0012156455884229887,0.0012156455884229887
GFPT2,-0.0012156062939328504,0.0012156062939328504
EARS2,-0.001214899926188132,0.001214899926188132
DSC1,0.00121480879984823,0.00121480879984823
CHTOP,0.0012144496216601852,0.0012144496216601852
A2ML1,-0.0012144072657748945,0.0012144072657748945
ENSG00000285245,-0.0012143750734117439,0.0012143750734117439
SEC23A,-0.0012142136060287467,0.0012142136060287467
PTEN,-0.0012135879726680532,0.0012135879726680532
ARAP2,0.0012135592785537976,0.0012135592785537976
THEM4,-0.001213469392226956,0.001213469392226956
RPS23P7,0.001213406711438675,0.001213406711438675
IER3,0.001213406711438675,0.001213406711438675
SEMA4D,0.001213406711438675,0.001213406711438675
ACVR1C,0.0012131895005669335,0.0012131895005669335
ABCB5,0.0012126044463944374,0.0012126044463944374
GNAI2,0.0012126044463944374,0.0012126044463944374
PEAR1,0.0012126044463944374,0.0012126044463944374
FHIT,0.0012126044463944374,0.0012126044463944374
ZNF746,0.0012126044463944374,0.0012126044463944374
ALKBH3,0.0012126044463944374,0.0012126044463944374
RPS6KA4,0.0012126044463944374,0.0012126044463944374
ZNF252P-AS1,0.0012126044463944374,0.0012126044463944374
RN7SKP90,0.0012126044463944374,0.0012126044463944374
BMP3,0.0012126044463944374,0.0012126044463944374
ENSG00000234450,0.0012126044463944374,0.0012126044463944374
NYAP1,0.0012126044463944374,0.0012126044463944374
FFAR4,0.0012126044463944374,0.0012126044463944374
LMO7DN,0.0012126044463944374,0.0012126044463944374
ATP8A2,0.0012126044463944374,0.0012126044463944374
DNAJC18,0.0012126044463944374,0.0012126044463944374
FZD4-DT,0.0012126044463944374,0.0012126044463944374
LINC02666,0.0012126044463944374,0.0012126044463944374
PM20D1,0.0012126044463944374,0.0012126044463944374
TACC3,-0.0012119713429660237,0.0012119713429660237
CELF1,-0.0012119713429660237,0.0012119713429660237
MTRF1,-0.0012118177101695495,0.0012118177101695495
NFIB,0.001211769203546725,0.001211769203546725
DUSP16,-0.0012116272259187354,0.0012116272259187354
TMEM106A,-0.0012109920969728728,0.0012109920969728728
PGAP1,0.0012104520439039609,0.0012104520439039609
SNX9,-0.0012104113850157567,0.0012104113850157567
DBP,0.0012102258692618347,0.0012102258692618347
SMAP1,0.0012102258692618347,0.0012102258692618347
MRPL37,-0.0012102225140979844,0.0012102225140979844
HLA-B,0.0012099307571337356,0.0012099307571337356
UMPS,0.0012096825085673919,0.0012096825085673919
ENSG00000285253,-0.0012093925431179394,0.0012093925431179394
SPHK1,-0.001209140596668118,0.001209140596668118
CPT1A,0.001208608976757296,0.001208608976757296
MAP2K5-DT,-0.0012085056965453465,0.0012085056965453465
ANKRD13D,0.0012084798448767588,0.0012084798448767588
FAM107B,0.0012083785338410907,0.0012083785338410907
LASP1,-0.0012083173409549058,0.0012083173409549058
FBXO44,0.001208210236872814,0.001208210236872814
RPL24,-0.0012081157535780986,0.0012081157535780986
LRRC14,0.001208050156070746,0.001208050156070746
MATN2,0.0012078295136080134,0.0012078295136080134
LINC02649,0.0012071057268458437,0.0012071057268458437
RPS27P27,-0.0012069018170298431,0.0012069018170298431
EHBP1L1,0.0012066668026404109,0.0012066668026404109
DSP-AS1,0.0012066668026404109,0.0012066668026404109
STYXL1,-0.0012064448383940932,0.0012064448383940932
CRTC3,-0.0012064182664832325,0.0012064182664832325
ATP6AP2,0.0012060220473124434,0.0012060220473124434
NOM1,-0.0012057371010106889,0.0012057371010106889
OSGEP,-0.0012055299837211793,0.0012055299837211793
HSPA9,-0.0012054384970721188,0.0012054384970721188
UGP2,-0.0012050753705403867,0.0012050753705403867
VGLL3,-0.001204743874980025,0.001204743874980025
CARMIL1,0.0012046746819173192,0.0012046746819173192
PKDCC,0.0012045863731853003,0.0012045863731853003
AGAP1,0.001204308368595974,0.001204308368595974
PDE4B,-0.001204113791567263,0.001204113791567263
LIPA,-0.001204113791567263,0.001204113791567263
ENSG00000274964,-0.0012040759955468353,0.0012040759955468353
IGKV1-9,-0.0012040569834784014,0.0012040569834784014
EIF4G2,0.0012037971788396117,0.0012037971788396117
MYCBP2,0.0012032158665710607,0.0012032158665710607
FBXL4,-0.0012027097832377682,0.0012027097832377682
SPRYD3,0.0012026440222019552,0.0012026440222019552
TMEM168,0.0012023213576977197,0.0012023213576977197
MDM4,-0.0012021614242221019,0.0012021614242221019
PRPF4B,-0.0012018608376328413,0.0012018608376328413
CIB1,0.001201780443890083,0.001201780443890083
ENSG00000236680,-0.0012017117253217639,0.0012017117253217639
IKBKB,0.0012016479880049113,0.0012016479880049113
ENSG00000286104,-0.0012014605165291572,0.0012014605165291572
TRUB2,0.0012012250599434623,0.0012012250599434623
GFOD2,-0.0012010407393031129,0.0012010407393031129
METTL4,0.0012007765806034485,0.0012007765806034485
NATD1,0.0012001573016315317,0.0012001573016315317
RNF165,0.0012001573016315317,0.0012001573016315317
RNF217,-0.0011997516497120248,0.0011997516497120248
INPP5A,0.0011993042404137297,0.0011993042404137297
APOO,0.0011989735596100606,0.0011989735596100606
ARHGEF3,0.0011988446835561242,0.0011988446835561242
ENSG00000237115,-0.0011986242206718095,0.0011986242206718095
HELB,0.0011986125240708713,0.0011986125240708713
MIR193BHG,0.0011986125240708713,0.0011986125240708713
BTRC,0.0011984813019350888,0.0011984813019350888
NOTCH1,0.001197933427930559,0.001197933427930559
RIC1,0.0011978507692360152,0.0011978507692360152
IRF2BPL,-0.0011974400579503994,0.0011974400579503994
SLC39A11,-0.0011971272441325623,0.0011971272441325623
TMX4,0.0011971024849217991,0.0011971024849217991
ZNF30,-0.0011970774336989857,0.0011970774336989857
PRKAG2,0.001196600779258396,0.001196600779258396
LIG4,0.0011965037379075964,0.0011965037379075964
S100A4,0.0011962443237521232,0.0011962443237521232
ZNF786,0.0011959466200484972,0.0011959466200484972
TYW1B,0.0011959466200484972,0.0011959466200484972
ENSG00000289586,-0.0011957684749137917,0.0011957684749137917
PDZRN3-AS1,0.0011954719349718146,0.0011954719349718146
NAPRT,0.0011954719349718146,0.0011954719349718146
CPNE5,-0.0011947073832289674,0.0011947073832289674
ENSG00000279439,-0.0011946994775440705,0.0011946994775440705
ENSG00000264545,0.0011946122978624026,0.0011946122978624026
CDK18,-0.001194552554774553,0.001194552554774553
LINC01235,-0.0011940889197997611,0.0011940889197997611
XPOT,0.001193288659710613,0.001193288659710613
ENSG00000220920,-0.001193155538943995,0.001193155538943995
SLC46A3,-0.0011930985791670755,0.0011930985791670755
PEAK1,-0.001192776080986384,0.001192776080986384
JAGN1,-0.001192244944643456,0.001192244944643456
ACVR1B,-0.0011922017091621645,0.0011922017091621645
SPG11,-0.0011921672045470712,0.0011921672045470712
SLC41A1,0.001191648242314106,0.001191648242314106
CDCP1,-0.0011911209832145277,0.0011911209832145277
ENSG00000280248,-0.0011910283786117104,0.0011910283786117104
AMOTL1,-0.0011908997936995681,0.0011908997936995681
MTMR9,-0.0011908966811802334,0.0011908966811802334
ENSG00000271793,-0.0011908667349283988,0.0011908667349283988
GALNT1,0.0011907776398260633,0.0011907776398260633
CHD1-DT,-0.001190752578391303,0.001190752578391303
TSPAN10,0.0011906834173222587,0.0011906834173222587
ENSG00000284779,0.0011906508911846973,0.0011906508911846973
SPARC,0.001190302384797998,0.001190302384797998
FADS1,-0.0011902949802672035,0.0011902949802672035
JMJD1C,-0.001189165428682605,0.001189165428682605
HSBP1L1,-0.001189135247882331,0.001189135247882331
ENSG00000228302,-0.0011887759514291843,0.0011887759514291843
FBXO11,-0.0011882439533444757,0.0011882439533444757
THSD7A,-0.0011881955012907521,0.0011881955012907521
MARCKS,0.0011877545007802992,0.0011877545007802992
RASGEF1B,0.0011871777483416228,0.0011871777483416228
DDX51,-0.0011871236137366145,0.0011871236137366145
CD8A,0.0011870612408497402,0.0011870612408497402
CHST15,-0.001186866789747578,0.001186866789747578
MSN,0.0011862867897495279,0.0011862867897495279
MYO1G,0.0011859490553573866,0.0011859490553573866
GABARAPL1,0.0011859282183406322,0.0011859282183406322
ENSG00000284707,0.0011856082016208727,0.0011856082016208727
SNRK,0.0011856082016208727,0.0011856082016208727
POLR3A,-0.001184894947260302,0.001184894947260302
RBM18,-0.001184802691933517,0.001184802691933517
SENP1,0.0011845928699353368,0.0011845928699353368
ENSG00000290084,0.001184044762439797,0.001184044762439797
ENSG00000274422,-0.0011832758710036558,0.0011832758710036558
EFCAB14,-0.0011828727031713007,0.0011828727031713007
KPNA1,-0.0011827808750209542,0.0011827808750209542
RNVU1-14,0.0011826789887980855,0.0011826789887980855
RNU4-8P,0.0011826789887980855,0.0011826789887980855
ENSG00000276216,0.0011826789887980855,0.0011826789887980855
N4BP2,-0.0011825134015328261,0.0011825134015328261
CEP89,-0.0011817646013299297,0.0011817646013299297
EGLN1P1,-0.0011815203454822116,0.0011815203454822116
NAPG,0.0011805832184527253,0.0011805832184527253
ACER3,-0.0011801690865484746,0.0011801690865484746
SDR39U1,0.001180093958362021,0.001180093958362021
TUT4,-0.0011800181186637385,0.0011800181186637385
NICN1,0.001179846948857448,0.001179846948857448
ENSG00000283189,0.001179846948857448,0.001179846948857448
PREX2,0.0011797617693082207,0.0011797617693082207
SLC14A1,0.0011796469996716778,0.0011796469996716778
PPP6R2,0.0011796469996716778,0.0011796469996716778
STUB1,0.0011796469996716778,0.0011796469996716778
CCDC154,0.0011796469996716778,0.0011796469996716778
PEAK3,-0.0011796272971976792,0.0011796272971976792
PEG3,-0.0011788131787862808,0.0011788131787862808
ENSG00000265100,0.0011785662398307501,0.0011785662398307501
FTLP2,-0.0011784419583677143,0.0011784419583677143
EIF2AK2,-0.001177988532081132,0.001177988532081132
PCDH19,0.0011778665509007968,0.0011778665509007968
ENSG00000278985,0.0011778665509007968,0.0011778665509007968
RPP14,0.0011778577521549807,0.0011778577521549807
ZNF429,-0.0011776224286511494,0.0011776224286511494
MRC1,-0.0011774489960909723,0.0011774489960909723
EVA1C,0.001177130781731904,0.001177130781731904
ATP8B3,0.001177130781731904,0.001177130781731904
TTC7A,-0.0011770627206005835,0.0011770627206005835
ABHD2,-0.0011769011907735898,0.0011769011907735898
RCAN1,-0.0011759743233037872,0.0011759743233037872
TYW3,-0.001175695927925726,0.001175695927925726
TNS4,-0.00117539674237348,0.00117539674237348
TUFM,-0.0011751306022290385,0.0011751306022290385
CDC14B,-0.001174804155151909,0.001174804155151909
RGS12,0.0011746870422517826,0.0011746870422517826
FANCD2,0.0011745386564449682,0.0011745386564449682
ENSG00000279981,-0.001174530341146356,0.001174530341146356
BICD2,-0.001174530341146356,0.001174530341146356
NRIP3,-0.001174530341146356,0.001174530341146356
GEMIN4,-0.001174530341146356,0.001174530341146356
QRSL1,-0.0011743347071490294,0.0011743347071490294
ZFAND2A,-0.001174153308519414,0.001174153308519414
ZNF678,-0.0011741527354390618,0.0011741527354390618
COMT,-0.0011735766734475954,0.0011735766734475954
ILK,-0.0011730843438015166,0.0011730843438015166
P2RX4,-0.0011730694749786958,0.0011730694749786958
PCGF3,-0.0011730079170299635,0.0011730079170299635
TASOR2,0.0011728324641665786,0.0011728324641665786
CUEDC1,-0.001172510370455605,0.001172510370455605
SLC31A1,0.0011719910608033273,0.0011719910608033273
ENSG00000286129,-0.0011715574685131735,0.0011715574685131735
RGS1,0.0011711274123201512,0.0011711274123201512
VIRMA,-0.00117044227562662,0.00117044227562662
SUGT1,-0.0011694083326753801,0.0011694083326753801
STAT4,0.0011691147921398073,0.0011691147921398073
ZBTB11-AS1,0.0011690913443175627,0.0011690913443175627
PWAR5,0.0011690913443175627,0.0011690913443175627
SLC45A4,-0.0011690297404816589,0.0011690297404816589
ZNF559-ZNF177,-0.0011690297404816589,0.0011690297404816589
ENSG00000284773,-0.0011690297404816589,0.0011690297404816589
CSNK1G3,-0.0011690297404816589,0.0011690297404816589
GTDC1,-0.001168878787761507,0.001168878787761507
CCDC25,-0.0011687959528432666,0.0011687959528432666
RUNX1,-0.001168788587324629,0.001168788587324629
PTMA,-0.0011682144740142557,0.0011682144740142557
MPO,0.0011681425422133847,0.0011681425422133847
NEIL3,0.0011678641316805508,0.0011678641316805508
ENSG00000253509,0.0011678427809091994,0.0011678427809091994
TRAM1,0.0011678427809091994,0.0011678427809091994
ENSG00000282978,0.0011678427809091994,0.0011678427809091994
COQ3,0.0011678427809091994,0.0011678427809091994
CHMP6,0.0011678427809091994,0.0011678427809091994
SNHG28,0.0011678427809091994,0.0011678427809091994
NR6A1,0.0011678427809091994,0.0011678427809091994
LINC00663,0.0011678427809091994,0.0011678427809091994
SHF,0.0011678427809091994,0.0011678427809091994
SEC14L5,0.0011678427809091994,0.0011678427809091994
NUBP1,0.0011678427809091994,0.0011678427809091994
PTX3,0.0011678427809091994,0.0011678427809091994
ENSG00000289410,0.0011678427809091994,0.0011678427809091994
NOD1,0.0011678427809091994,0.0011678427809091994
FOXD3,0.0011678427809091994,0.0011678427809091994
CHAF1A,0.0011678427809091994,0.0011678427809091994
CAVIN2-AS1,0.0011678427809091994,0.0011678427809091994
SLC22A3,0.0011678427809091994,0.0011678427809091994
RSL24D1,0.0011678427809091994,0.0011678427809091994
ENSG00000260170,0.0011678427809091994,0.0011678427809091994
ZBTB43,0.0011678427809091994,0.0011678427809091994
ST6GALNAC1,0.0011678427809091994,0.0011678427809091994
LINC02457,0.0011678427809091994,0.0011678427809091994
EXOSC10,0.0011678427809091994,0.0011678427809091994
SQOR,0.0011678427809091994,0.0011678427809091994
H1-10,0.0011678427809091994,0.0011678427809091994
H1-10-AS1,0.0011678427809091994,0.0011678427809091994
CCN5,0.0011678427809091994,0.0011678427809091994
SNX12,0.0011678427809091994,0.0011678427809091994
CUL1,0.0011678427809091994,0.0011678427809091994
TP73-AS1,0.0011678427809091994,0.0011678427809091994
C2orf76,0.0011678427809091994,0.0011678427809091994
ENSG00000288670,0.0011678427809091994,0.0011678427809091994
ENSG00000279608,-0.0011672118323808698,0.0011672118323808698
FAM13A,-0.0011671120555643674,0.0011671120555643674
EXOSC8,-0.0011669086163996216,0.0011669086163996216
NUDT8,0.0011666113919558743,0.0011666113919558743
AP5S1,0.0011666113919558743,0.0011666113919558743
CREB3L4,0.0011666113919558743,0.0011666113919558743
USP6NL,0.0011666113919558743,0.0011666113919558743
TGM3,0.0011666113919558743,0.0011666113919558743
TCEAL2,0.0011666113919558743,0.0011666113919558743
ZNF470,0.0011666113919558743,0.0011666113919558743
RNF130,0.0011666113919558743,0.0011666113919558743
VAMP5,0.0011666113919558743,0.0011666113919558743
CCDC8,0.0011666113919558743,0.0011666113919558743
SS18L1,0.0011666113919558743,0.0011666113919558743
ENSG00000248734,0.0011666113919558743,0.0011666113919558743
ENSG00000286076,0.0011666113919558743,0.0011666113919558743
METTL18,0.0011666113919558743,0.0011666113919558743
MICU3,-0.0011664200747110184,0.0011664200747110184
NUDT4,0.0011662295564969728,0.0011662295564969728
STARD7,-0.0011656577523962244,0.0011656577523962244
COL4A4,0.001165600576692221,0.001165600576692221
CAMK2G,0.001165565760774286,0.001165565760774286
HNRNPA2B1,-0.0011649836926930894,0.0011649836926930894
NEAT1,-0.0011649209157667281,0.0011649209157667281
MYL4,0.0011644103475151079,0.0011644103475151079
TMEM145,0.0011644103475151079,0.0011644103475151079
DDC,0.0011644103475151079,0.0011644103475151079
LINC02604,0.0011644103475151079,0.0011644103475151079
IFT43,0.0011644103475151079,0.0011644103475151079
ENSG00000253519,0.0011644103475151079,0.0011644103475151079
LAS1L,0.0011644103475151079,0.0011644103475151079
RNU4-25P,0.0011644103475151079,0.0011644103475151079
MSNP1,0.0011644103475151079,0.0011644103475151079
RGPD3,0.0011644103475151079,0.0011644103475151079
RBM14,0.0011644103475151079,0.0011644103475151079
PGR,0.0011644103475151079,0.0011644103475151079
AGBL5,0.0011644103475151079,0.0011644103475151079
PHETA1,0.0011644103475150975,0.0011644103475150975
MAP2K3,0.0011644103475150975,0.0011644103475150975
ENSG00000267481,0.0011644103475150975,0.0011644103475150975
ARVCF,0.0011644103475150975,0.0011644103475150975
CSRNP2,0.0011644103475150975,0.0011644103475150975
SH2D2A,0.0011644103475150975,0.0011644103475150975
ENSG00000290784,0.0011644103475150975,0.0011644103475150975
ENSG00000242405,0.0011644103475150975,0.0011644103475150975
NCBP1,0.0011644103475150975,0.0011644103475150975
GPAA1,0.0011644103475150975,0.0011644103475150975
MAML3,0.0011644103475150975,0.0011644103475150975
CYTH4,0.0011644103475150975,0.0011644103475150975
ENSG00000280047,0.0011644103475150975,0.0011644103475150975
PHF5A,0.0011644103475150975,0.0011644103475150975
KMT2B,0.0011644103475150975,0.0011644103475150975
UQCR10P1,0.0011644103475150975,0.0011644103475150975
GPR3,0.0011644103475150975,0.0011644103475150975
PFAS,0.0011644103475150975,0.0011644103475150975
HNRNPA1P35,0.0011644103475150975,0.0011644103475150975
UBE2Q2,0.0011644103475150975,0.0011644103475150975
HNRNPCP2,0.0011644103475150975,0.0011644103475150975
ENSG00000243797,0.0011644103475150975,0.0011644103475150975
ENSG00000290050,0.0011644103475150975,0.0011644103475150975
ENSG00000289891,0.0011644103475150975,0.0011644103475150975
RAB15,0.0011644103475150975,0.0011644103475150975
MSANTD3P1,0.0011644103475150975,0.0011644103475150975
SHKBP1,0.0011644103475150975,0.0011644103475150975
ENSG00000267220,0.0011644103475150975,0.0011644103475150975
THNSL1,0.0011644103475150975,0.0011644103475150975
MSANTD2,0.0011644103475150975,0.0011644103475150975
HNRNPA3P2,0.0011644103475150975,0.0011644103475150975
SHMT2,0.0011644103475150975,0.0011644103475150975
ENSG00000261096,0.0011644103475150975,0.0011644103475150975
ENSG00000283228,0.0011644103475150975,0.0011644103475150975
ENSG00000289791,0.0011644103475150975,0.0011644103475150975
BYSL,0.0011644103475150975,0.0011644103475150975
KRT18P31,0.0011644103475150975,0.0011644103475150975
PDXP-DT,0.0011644103475150975,0.0011644103475150975
RAB27B,0.0011644103475150975,0.0011644103475150975
ENSG00000290654,0.0011644103475150975,0.0011644103475150975
ENSG00000261056,0.0011644103475150975,0.0011644103475150975
ENSG00000289900,0.0011644103475150975,0.0011644103475150975
ENSG00000267436,0.0011644103475150975,0.0011644103475150975
ENSG00000280190,0.0011644103475150975,0.0011644103475150975
HNRNPA1P50,0.0011644103475150975,0.0011644103475150975
ENSG00000242667,0.0011644103475150975,0.0011644103475150975
LCDR,0.0011644103475150975,0.0011644103475150975
PIWIL2,0.0011644103475150975,0.0011644103475150975
ENSG00000244733,0.0011644103475150975,0.0011644103475150975
ENSG00000286302,0.0011644103475150975,0.0011644103475150975
LINC01436,0.0011644103475150975,0.0011644103475150975
ENSG00000261449,0.0011644103475150975,0.0011644103475150975
ZNG1F,0.0011644103475150975,0.0011644103475150975
MYOCD,0.0011644103475150975,0.0011644103475150975
ENSG00000262899,0.0011644103475150975,0.0011644103475150975
TOP2A,0.0011644103475150975,0.0011644103475150975
AOC3,0.0011644103475150975,0.0011644103475150975
PRADC1,0.0011644103475150975,0.0011644103475150975
SEMA4A,0.0011644103475150975,0.0011644103475150975
PRCD,0.0011644103475150975,0.0011644103475150975
ENSG00000250519,0.0011644103475150975,0.0011644103475150975
ENSG00000287957,0.0011644103475150975,0.0011644103475150975
LINC01215,0.0011644103475150975,0.0011644103475150975
LINC01206,0.0011644103475150975,0.0011644103475150975
TNRC18P1,0.0011644103475150975,0.0011644103475150975
ENSG00000286035,0.0011644103475150975,0.0011644103475150975
S100A3,0.0011644103475150975,0.0011644103475150975
LINC01147,0.0011644103475150975,0.0011644103475150975
MYRF,0.0011644103475150975,0.0011644103475150975
ENSG00000288093,0.0011644103475150975,0.0011644103475150975
LINC01138,0.0011644103475150975,0.0011644103475150975
ENSG00000288208,0.0011644103475150975,0.0011644103475150975
TNFRSF8,0.0011644103475150975,0.0011644103475150975
ENSG00000250971,0.0011644103475150975,0.0011644103475150975
ENSG00000286337,0.0011644103475150975,0.0011644103475150975
PRKAR1B-AS1,0.0011644103475150975,0.0011644103475150975
LINC01610,0.0011644103475150975,0.0011644103475150975
ENSG00000286791,0.0011644103475150975,0.0011644103475150975
HAUS1,0.0011644103475150975,0.0011644103475150975
TREH,0.0011644103475150975,0.0011644103475150975
ENSG00000286755,0.0011644103475150975,0.0011644103475150975
ENSG00000261822,0.0011644103475150975,0.0011644103475150975
SCCPDH,0.0011644103475150975,0.0011644103475150975
SCAP,0.0011644103475150975,0.0011644103475150975
C8orf33,0.0011644103475150975,0.0011644103475150975
TRAJ24,0.0011644103475150975,0.0011644103475150975
SDHC,0.0011644103475150975,0.0011644103475150975
ENSG00000262160,0.0011644103475150975,0.0011644103475150975
ENSG00000287339,0.0011644103475150975,0.0011644103475150975
ENSG00000287387,0.0011644103475150975,0.0011644103475150975
LINC01679,0.0011644103475150975,0.0011644103475150975
ENSG00000261519,0.0011644103475150975,0.0011644103475150975
ENSG00000253653,0.0011644103475150975,0.0011644103475150975
LINC02978,0.0011644103475150975,0.0011644103475150975
ENSG00000287454,0.0011644103475150975,0.0011644103475150975
LINC01637,0.0011644103475150975,0.0011644103475150975
ENSG00000286373,0.0011644103475150975,0.0011644103475150975
C2orf68,0.0011644103475150975,0.0011644103475150975
ENSG00000286341,0.0011644103475150975,0.0011644103475150975
ENSG00000216475,0.0011644103475150975,0.0011644103475150975
PRKAG2-AS2,0.0011644103475150975,0.0011644103475150975
TNFAIP2,0.0011644103475150975,0.0011644103475150975
LCN2,0.0011644103475150975,0.0011644103475150975
TMEM184C,0.0011644103475150975,0.0011644103475150975
ENSG00000285382,0.0011644103475150975,0.0011644103475150975
ENSG00000289218,0.0011644103475150975,0.0011644103475150975
NBPF12,0.0011644103475150975,0.0011644103475150975
ENSG00000261269,0.0011644103475150975,0.0011644103475150975
ENSG00000247121,0.0011644103475150975,0.0011644103475150975
ZNF726,0.0011644103475150975,0.0011644103475150975
GRIP1,0.0011644103475150975,0.0011644103475150975
PIERCE2,0.0011644103475150975,0.0011644103475150975
PHYHIPL,0.0011644103475150975,0.0011644103475150975
CYP51A1P3,0.0011644103475150975,0.0011644103475150975
ENSG00000289391,0.0011644103475150975,0.0011644103475150975
DLGAP1,0.0011644103475150975,0.0011644103475150975
ZNF718,0.0011644103475150975,0.0011644103475150975
CYSLTR2,0.0011644103475150975,0.0011644103475150975
ENSG00000284735,0.0011644103475150975,0.0011644103475150975
ENSG00000289457,0.0011644103475150975,0.0011644103475150975
C16orf54,0.0011644103475150975,0.0011644103475150975
PHOSPHO1,0.0011644103475150975,0.0011644103475150975
RRAGC-DT,0.0011644103475150975,0.0011644103475150975
ENSG00000284618,0.0011644103475150975,0.0011644103475150975
PTOV1,0.0011644103475150975,0.0011644103475150975
PTOV1-AS2,0.0011644103475150975,0.0011644103475150975
NCAPH,0.0011644103475150975,0.0011644103475150975
TUBB4B,0.0011644103475150975,0.0011644103475150975
LRRC41,0.0011644103475150975,0.0011644103475150975
PLEKHG3,0.0011644103475150975,0.0011644103475150975
C19orf38,0.0011644103475150975,0.0011644103475150975
ENSG00000288765,0.0011644103475150975,0.0011644103475150975
LOXL3,0.0011644103475150975,0.0011644103475150975
TMSB4XP1,0.0011644103475150975,0.0011644103475150975
ENSG00000288803,0.0011644103475150975,0.0011644103475150975
ENSG00000261291,0.0011644103475150975,0.0011644103475150975
TMPRSS2,0.0011644103475150975,0.0011644103475150975
LRCOL1,0.0011644103475150975,0.0011644103475150975
ANKS1B,0.0011644103475150975,0.0011644103475150975
PRPF19,0.0011644103475150975,0.0011644103475150975
ENSG00000288913,0.0011644103475150975,0.0011644103475150975
DTHD1,0.0011644103475150975,0.0011644103475150975
ENSG00000220643,0.0011644103475150975,0.0011644103475150975
PRR12,0.0011644103475150975,0.0011644103475150975
RTN4R,0.0011644103475150975,0.0011644103475150975
ENSG00000289023,0.0011644103475150975,0.0011644103475150975
ANKRD52,0.0011644103475150975,0.0011644103475150975
PRR36,0.0011644103475150975,0.0011644103475150975
LINC00355,0.0011644103475150975,0.0011644103475150975
LINC00326,0.0011644103475150975,0.0011644103475150975
ENSG00000285522,0.0011644103475150975,0.0011644103475150975
ENSG00000254810,0.0011644103475150975,0.0011644103475150975
ENSG00000254873,0.0011644103475150975,0.0011644103475150975
MTCO3P11,0.0011644103475150975,0.0011644103475150975
SINHCAFP2,0.0011644103475150975,0.0011644103475150975
FSTL3,0.0011644103475150975,0.0011644103475150975
CNOT4P1,0.0011644103475150975,0.0011644103475150975
FHL1,0.0011644103475150975,0.0011644103475150975
ENSG00000273489,0.0011644103475150975,0.0011644103475150975
ENSG00000278867,0.0011644103475150975,0.0011644103475150975
HTRA2,0.0011644103475150975,0.0011644103475150975
ENSG00000278863,0.0011644103475150975,0.0011644103475150975
ENSG00000269480,0.0011644103475150975,0.0011644103475150975
ENSG00000278740,0.0011644103475150975,0.0011644103475150975
IQCJ-SCHIP1-AS1,0.0011644103475150975,0.0011644103475150975
KCNH4,0.0011644103475150975,0.0011644103475150975
RPL6P22,0.0011644103475150975,0.0011644103475150975
ENSG00000278434,0.0011644103475150975,0.0011644103475150975
ENSG00000278390,0.0011644103475150975,0.0011644103475150975
SRP72P2,0.0011644103475150975,0.0011644103475150975
MRGPRX2,0.0011644103475150975,0.0011644103475150975
AIDAP1,0.0011644103475150975,0.0011644103475150975
KCNAB1-AS1,0.0011644103475150975,0.0011644103475150975
ENSG00000232499,0.0011644103475150975,0.0011644103475150975
FCRL3,0.0011644103475150975,0.0011644103475150975
ENSG00000277916,0.0011644103475150975,0.0011644103475150975
ENSG00000226963,0.0011644103475150975,0.0011644103475150975
ENSG00000278886,0.0011644103475150975,0.0011644103475150975
ENSG00000232218,0.0011644103475150975,0.0011644103475150975
ENSG00000269289,0.0011644103475150975,0.0011644103475150975
ENSG00000273272,0.0011644103475150975,0.0011644103475150975
HSPD1P1,0.0011644103475150975,0.0011644103475150975
GJD3-AS1,0.0011644103475150975,0.0011644103475150975
GJD3,0.0011644103475150975,0.0011644103475150975
ENSG00000279085,0.0011644103475150975,0.0011644103475150975
ENSG00000226455,0.0011644103475150975,0.0011644103475150975
ZNF200,0.0011644103475150975,0.0011644103475150975
KCTD2,0.0011644103475150975,0.0011644103475150975
BLOC1S1,0.0011644103475150975,0.0011644103475150975
EYA3,0.0011644103475150975,0.0011644103475150975
SRC,0.0011644103475150975,0.0011644103475150975
AK6P1,0.0011644103475150975,0.0011644103475150975
ENSG00000273284,0.0011644103475150975,0.0011644103475150975
REXO1,0.0011644103475150975,0.0011644103475150975
MCMDC2,0.0011644103475150975,0.0011644103475150975
WASF3,0.0011644103475150975,0.0011644103475150975
GIPR,0.0011644103475150975,0.0011644103475150975
B9D1,0.0011644103475150975,0.0011644103475150975
ENSG00000232110,0.0011644103475150975,0.0011644103475150975
SULT1B1,0.0011644103475150975,0.0011644103475150975
SRSF11,0.0011644103475150975,0.0011644103475150975
SUGT1P4-STRA6LP,0.0011644103475150975,0.0011644103475150975
RIOX1,0.0011644103475150975,0.0011644103475150975
GAS2L1,0.0011644103475150975,0.0011644103475150975
OR5AU1,0.0011644103475150975,0.0011644103475150975
RN7SL672P,0.0011644103475150975,0.0011644103475150975
RPL26P27,0.0011644103475150975,0.0011644103475150975
DDX49,0.0011644103475150975,0.0011644103475150975
ZNF236,0.0011644103475150975,0.0011644103475150975
IWS1,0.0011644103475150975,0.0011644103475150975
STK36,0.0011644103475150975,0.0011644103475150975
ENSG00000275582,0.0011644103475150975,0.0011644103475150975
NINJ1,0.0011644103475150975,0.0011644103475150975
ENSG00000259575,0.0011644103475150975,0.0011644103475150975
NKAIN2,0.0011644103475150975,0.0011644103475150975
TRIM16L,0.0011644103475150975,0.0011644103475150975
ENSG00000274712,0.0011644103475150975,0.0011644103475150975
YDJC,0.0011644103475150975,0.0011644103475150975
RMRP,0.0011644103475150975,0.0011644103475150975
RN7SKP176,0.0011644103475150975,0.0011644103475150975
RPL34P20,0.0011644103475150975,0.0011644103475150975
ISCA1,0.0011644103475150975,0.0011644103475150975
ENSG00000270688,0.0011644103475150975,0.0011644103475150975
SUGT1P4,0.0011644103475150975,0.0011644103475150975
OSTC,0.0011644103475150975,0.0011644103475150975
ENSG00000277351,0.0011644103475150975,0.0011644103475150975
KANSL1L-AS1,0.0011644103475150975,0.0011644103475150975
RNASE10,0.0011644103475150975,0.0011644103475150975
ENSG00000235111,0.0011644103475150975,0.0011644103475150975
NGF-AS1,0.0011644103475150975,0.0011644103475150975
ENSG00000276814,0.0011644103475150975,0.0011644103475150975
RHBDD3,0.0011644103475150975,0.0011644103475150975
ENSG00000271011,0.0011644103475150975,0.0011644103475150975
ICAM2,0.0011644103475150975,0.0011644103475150975
OSER1-DT,0.0011644103475150975,0.0011644103475150975
AGMO,0.0011644103475150975,0.0011644103475150975
ACSS1,0.0011644103475150975,0.0011644103475150975
WWOX-AS1,0.0011644103475150975,0.0011644103475150975
DENND2A,0.0011644103475150975,0.0011644103475150975
FCER2,0.0011644103475150975,0.0011644103475150975
FBXW5,0.0011644103475150975,0.0011644103475150975
ZBTB1,0.0011644103475150975,0.0011644103475150975
STRN3,0.0011644103475150975,0.0011644103475150975
RPL31P52,0.0011644103475150975,0.0011644103475150975
KCTD5,0.0011644103475150975,0.0011644103475150975
ENSG00000279494,0.0011644103475150975,0.0011644103475150975
ENSG00000257222,0.0011644103475150975,0.0011644103475150975
BTF3P7,0.0011644103475150975,0.0011644103475150975
IMMP1LP2,0.0011644103475150975,0.0011644103475150975
ASS1P1,0.0011644103475150975,0.0011644103475150975
RPS15,0.0011644103475150975,0.0011644103475150975
KLF2P4,0.0011644103475150975,0.0011644103475150975
NTPCR,0.0011644103475150975,0.0011644103475150975
ENSG00000225272,0.0011644103475150975,0.0011644103475150975
ENSG00000260865,0.0011644103475150975,0.0011644103475150975
EIF4EP1,0.0011644103475150975,0.0011644103475150975
SNHG19,0.0011644103475150975,0.0011644103475150975
ZFP1,0.0011644103475150975,0.0011644103475150975
NECAB2,0.0011644103475150975,0.0011644103475150975
ENSG00000272109,0.0011644103475150975,0.0011644103475150975
ENSG00000272801,0.0011644103475150975,0.0011644103475150975
RNU6-268P,0.0011644103475150975,0.0011644103475150975
GNAI2P2,0.0011644103475150975,0.0011644103475150975
ENSG00000230696,0.0011644103475150975,0.0011644103475150975
RPS11,0.0011644103475150975,0.0011644103475150975
FNBP1L,0.0011644103475150975,0.0011644103475150975
ENSG00000230092,0.0011644103475150975,0.0011644103475150975
PANK1,0.0011644103475150975,0.0011644103475150975
ENSG00000272211,0.0011644103475150975,0.0011644103475150975
PDCL3P4,0.0011644103475150975,0.0011644103475150975
IKZF4,0.0011644103475150975,0.0011644103475150975
TERF2IP,0.0011644103475150975,0.0011644103475150975
CPPED1,0.0011644103475150975,0.0011644103475150975
RANBP3,0.0011644103475150975,0.0011644103475150975
ENSG00000272366,0.0011644103475150975,0.0011644103475150975
NSMF,0.0011644103475150975,0.0011644103475150975
BTN3A1,0.0011644103475150975,0.0011644103475150975
KLHDC1,0.0011644103475150975,0.0011644103475150975
ENTPD6,0.0011644103475150975,0.0011644103475150975
ENSG00000272483,0.0011644103475150975,0.0011644103475150975
SNHG6,0.0011644103475150975,0.0011644103475150975
MRPL57P8,0.0011644103475150975,0.0011644103475150975
TEAD2,0.0011644103475150975,0.0011644103475150975
ASPDH,0.0011644103475150975,0.0011644103475150975
ENSG00000230021,0.0011644103475150975,0.0011644103475150975
TDRD1,0.0011644103475150975,0.0011644103475150975
NR1H2,0.0011644103475150975,0.0011644103475150975
NECAB3,0.0011644103475150975,0.0011644103475150975
RPL34,0.0011644103475150975,0.0011644103475150975
KIF5C,0.0011644103475150975,0.0011644103475150975
INE1,0.0011644103475150975,0.0011644103475150975
IGIP,0.0011644103475150975,0.0011644103475150975
ENSG00000237280,0.0011644103475150975,0.0011644103475150975
TAF9B,0.0011644103475150975,0.0011644103475150975
ENSG00000259948,0.0011644103475150975,0.0011644103475150975
ELFN1,0.0011644103475150975,0.0011644103475150975
KERA,0.0011644103475150975,0.0011644103475150975
ENSG00000268713,0.0011644103475150975,0.0011644103475150975
HSPA5,0.0011644103475150975,0.0011644103475150975
SLC25A22,0.0011644103475150975,0.0011644103475150975
MRPL24,0.0011644103475150975,0.0011644103475150975
ENSG00000273192,0.0011644103475150975,0.0011644103475150975
ENSG00000258521,0.0011644103475150975,0.0011644103475150975
BRPF3,0.0011644103475150975,0.0011644103475150975
ENSG00000279179,0.0011644103475150975,0.0011644103475150975
CD1B,0.0011644103475150975,0.0011644103475150975
VOPP1,0.0011644103475150975,0.0011644103475150975
AKAP6,0.0011644103475150975,0.0011644103475150975
CD180,0.0011644103475150975,0.0011644103475150975
GLB1L2,0.0011644103475150975,0.0011644103475150975
KIAA0319L,0.0011644103475150975,0.0011644103475150975
ENSG00000268636,0.0011644103475150975,0.0011644103475150975
AKT1S1,0.0011644103475150975,0.0011644103475150975
BAK1,0.0011644103475150975,0.0011644103475150975
RNU2-63P,0.0011644103475150975,0.0011644103475150975
ENSG00000279415,0.0011644103475150975,0.0011644103475150975
TBC1D22A-AS1,0.0011644103475150975,0.0011644103475150975
RNU2-2P,0.0011644103475150975,0.0011644103475150975
ENSG00000260367,0.0011644103475150975,0.0011644103475150975
RNU1-22P,0.0011644103475150975,0.0011644103475150975
INTS15,0.0011644103475150975,0.0011644103475150975
ENSG00000237987,0.0011644103475150975,0.0011644103475150975
ENSG00000257550,0.0011644103475150975,0.0011644103475150975
ENSG00000272908,0.0011644103475150975,0.0011644103475150975
BAIAP3,0.0011644103475150975,0.0011644103475150975
ENSG00000279345,0.0011644103475150975,0.0011644103475150975
NEK10,0.0011644103475150975,0.0011644103475150975
DCST2,0.0011644103475150975,0.0011644103475150975
KIF11,0.0011644103475150975,0.0011644103475150975
EEF1A1P19,0.0011644103475150975,0.0011644103475150975
ENSG00000225450,0.0011644103475150975,0.0011644103475150975
DUOX2,0.001164410347515088,0.001164410347515088
STK38L,-0.0011643751378000136,0.0011643751378000136
INTS6,-0.0011640017201947396,0.0011640017201947396
RPL37A,0.001163935631448711,0.001163935631448711
PSME4,-0.0011636346322809353,0.0011636346322809353
APAF1,0.0011636261350222927,0.0011636261350222927
LINS1,-0.0011635101154381258,0.0011635101154381258
FOXQ1,0.001162801650264928,0.001162801650264928
RBM25,-0.0011626597400119442,0.0011626597400119442
ENSG00000275834,-0.001162613032155104,0.001162613032155104
PHLDB2,-0.0011616540536767844,0.0011616540536767844
ALDH1A3,0.0011616336073187214,0.0011616336073187214
SPATA5,0.0011614154413395923,0.0011614154413395923
ENSG00000219470,-0.0011600303298355105,0.0011600303298355105
CELF2-AS2,-0.0011596959336845052,0.0011596959336845052
ELOA,0.001159491103393675,0.001159491103393675
ENSG00000271732,-0.0011594663961282366,0.0011594663961282366
ELOC,-0.0011594663961282366,0.0011594663961282366
ACSL5,-0.0011594663961282366,0.0011594663961282366
RNU6-1231P,-0.001159466396128229,0.001159466396128229
PELO,-0.001159466396128229,0.001159466396128229
DNASE1L1,-0.001159466396128229,0.001159466396128229
CD70,-0.001159466396128229,0.001159466396128229
KIRREL1-IT1,-0.001159466396128229,0.001159466396128229
IMPDH2,-0.001159466396128229,0.001159466396128229
MRPL43,-0.001159466396128229,0.001159466396128229
LINC01664,-0.001159466396128229,0.001159466396128229
MORC4,-0.001159466396128229,0.001159466396128229
NUDT15,-0.001159466396128229,0.001159466396128229
CMA1,-0.001159466396128229,0.001159466396128229
RNU2-10P,-0.001159466396128229,0.001159466396128229
HSDL1,-0.001159466396128229,0.001159466396128229
MYO3B,-0.001159466396128229,0.001159466396128229
RNU1-149P,-0.001159466396128229,0.001159466396128229
PAX6,-0.001159466396128229,0.001159466396128229
LINC02986,-0.001159466396128229,0.001159466396128229
RPL17,-0.001159466396128229,0.001159466396128229
CCDC28A-AS1,-0.001159466396128229,0.001159466396128229
CLTC,-0.001159466396128229,0.001159466396128229
RPL13AP3,-0.001159466396128229,0.001159466396128229
RNU6-708P,-0.001159466396128229,0.001159466396128229
RPS4XP16,-0.001159466396128229,0.001159466396128229
MALINC1,-0.001159466396128229,0.001159466396128229
PDCD6IP-DT,-0.001159466396128229,0.001159466396128229
PDCD5,-0.001159466396128229,0.001159466396128229
IGSF9B,-0.001159466396128229,0.001159466396128229
LINC02481,-0.001159466396128229,0.001159466396128229
CDC20B,-0.001159466396128229,0.001159466396128229
MRPS15P1,-0.001159466396128229,0.001159466396128229
PPDPF,-0.001159466396128229,0.001159466396128229
MYH3,-0.001159466396128229,0.001159466396128229
CPEB2-DT,-0.001159466396128229,0.001159466396128229
PPFIA2,-0.001159466396128229,0.001159466396128229
CAPN5,-0.001159466396128229,0.001159466396128229
CNTNAP1,-0.001159466396128229,0.001159466396128229
SCFD2,-0.001159466396128229,0.001159466396128229
LINC02126,-0.001159466396128229,0.001159466396128229
LINC01915,-0.001159466396128229,0.001159466396128229
LINC02033,-0.001159466396128229,0.001159466396128229
CHMP3-AS1,-0.001159466396128229,0.001159466396128229
PDSS1P1,-0.001159466396128229,0.001159466396128229
NDUFA3P1,-0.001159466396128229,0.001159466396128229
ENSG00000142539,-0.001159466396128229,0.001159466396128229
PCED1B,-0.001159466396128229,0.001159466396128229
LINC02832,-0.001159466396128229,0.001159466396128229
MRPL57,-0.001159466396128229,0.001159466396128229
HRK,-0.001159466396128229,0.001159466396128229
PCDHB3,-0.001159466396128229,0.001159466396128229
HOMER3,-0.001159466396128229,0.001159466396128229
RPS3AP10,-0.001159466396128229,0.001159466396128229
NUDT9,-0.001159466396128229,0.001159466396128229
KYAT3,-0.001159466396128229,0.001159466396128229
LINC01482,-0.001159466396128229,0.001159466396128229
CAND2,-0.001159466396128229,0.001159466396128229
NGRN,-0.001159466396128229,0.001159466396128229
LRRC3,-0.001159466396128229,0.001159466396128229
RNA5SP150,-0.001159466396128229,0.001159466396128229
HOXC5,-0.001159466396128229,0.001159466396128229
RN7SL756P,-0.001159466396128229,0.001159466396128229
COPB2-DT,-0.001159466396128229,0.001159466396128229
PRELID3A,-0.001159466396128229,0.001159466396128229
RN7SL74P,-0.001159466396128229,0.001159466396128229
MEN1,-0.001159466396128229,0.001159466396128229
ENSG00000212461,-0.001159466396128229,0.001159466396128229
ENSG00000212338,-0.001159466396128229,0.001159466396128229
JMJD1C-AS1,-0.001159466396128229,0.001159466396128229
RN7SL697P,-0.001159466396128229,0.001159466396128229
HID1,-0.001159466396128229,0.001159466396128229
DEFB109D,-0.001159466396128229,0.001159466396128229
RN7SL359P,-0.001159466396128229,0.001159466396128229
PKD2L2,-0.001159466396128229,0.001159466396128229
METTL14-DT,-0.001159466396128229,0.001159466396128229
CTXN2-AS1,-0.001159466396128229,0.001159466396128229
ODF3L2,-0.001159466396128229,0.001159466396128229
RPL31P20,-0.001159466396128229,0.001159466396128229
DNAH7,-0.001159466396128229,0.001159466396128229
NKAPD1,-0.001159466396128229,0.001159466396128229
CAVIN4,-0.001159466396128229,0.001159466396128229
DNAI7,-0.001159466396128229,0.001159466396128229
MFAP1P1,-0.001159466396128229,0.001159466396128229
JUNB,-0.001159466396128229,0.001159466396128229
RHBDD2,-0.001159466396128229,0.001159466396128229
RBMX,-0.001159466396128229,0.001159466396128229
LRRC7,-0.001159466396128229,0.001159466396128229
KHDC1,-0.001159466396128229,0.001159466396128229
NME2P3,-0.001159466396128229,0.001159466396128229
CARD6,-0.001159466396128229,0.001159466396128229
MIR1285-1,-0.001159466396128229,0.001159466396128229
NEMP1,-0.001159466396128229,0.001159466396128229
CABYR,-0.001159466396128229,0.001159466396128229
PTPN23-DT,-0.001159466396128229,0.001159466396128229
KCTD6,-0.001159466396128229,0.001159466396128229
COX15,-0.001159466396128229,0.001159466396128229
RPSAP3,-0.001159466396128229,0.001159466396128229
MIGA1,-0.001159466396128229,0.001159466396128229
RERE-AS1,-0.001159466396128229,0.001159466396128229
RPSAP41,-0.001159466396128229,0.001159466396128229
SALL4,-0.001159466396128229,0.001159466396128229
IGHV1-69D,-0.001159466396128229,0.001159466396128229
RPL21P10,-0.001159466396128229,0.001159466396128229
LDLRAD4-AS1,-0.001159466396128229,0.001159466396128229
IGHG4,-0.001159466396128229,0.001159466396128229
EFCAB14-AS1,-0.001159466396128229,0.001159466396128229
KCNK13,-0.001159466396128229,0.001159466396128229
MCPH1-AS1,-0.001159466396128229,0.001159466396128229
RPL23AP18,-0.001159466396128229,0.001159466396128229
MCUB,-0.001159466396128229,0.001159466396128229
IQUB,-0.001159466396128229,0.001159466396128229
KBTBD6,-0.001159466396128229,0.001159466396128229
DOC2A,-0.001159466396128229,0.001159466396128229
SHQ1,-0.001159466396128229,0.001159466396128229
ENSG00000260695,-0.001159466396128229,0.001159466396128229
ENSG00000246596,-0.001159466396128229,0.001159466396128229
AKIRIN1,-0.001159466396128229,0.001159466396128229
ENSG00000244266,-0.001159466396128229,0.001159466396128229
SMOC2,-0.001159466396128229,0.001159466396128229
FAM161B,-0.001159466396128229,0.001159466396128229
ENSG00000261061,-0.001159466396128229,0.001159466396128229
ENSG00000279275,-0.001159466396128229,0.001159466396128229
ENSG00000283480,-0.001159466396128229,0.001159466396128229
ENSG00000279299,-0.001159466396128229,0.001159466396128229
ENSG00000230829,-0.001159466396128229,0.001159466396128229
ZNF132-DT,-0.001159466396128229,0.001159466396128229
ENSG00000284657,-0.001159466396128229,0.001159466396128229
ENSG00000289409,-0.001159466396128229,0.001159466396128229
ENSG00000229019,-0.001159466396128229,0.001159466396128229
ENSG00000229052,-0.001159466396128229,0.001159466396128229
ENSG00000279412,-0.001159466396128229,0.001159466396128229
FAM120A,-0.001159466396128229,0.001159466396128229
SETD4-AS1,-0.001159466396128229,0.001159466396128229
UBXN10,-0.001159466396128229,0.001159466396128229
ZNF19,-0.001159466396128229,0.001159466396128229
ENSG00000224818,-0.001159466396128229,0.001159466396128229
ENSG00000261177,-0.001159466396128229,0.001159466396128229
ENSG00000272434,-0.001159466396128229,0.001159466396128229
UFL1,-0.001159466396128229,0.001159466396128229
SEPTIN7P10,-0.001159466396128229,0.001159466396128229
ENSG00000289996,-0.001159466396128229,0.001159466396128229
SRFBP1,-0.001159466396128229,0.001159466396128229
ENSG00000273014,-0.001159466396128229,0.001159466396128229
TIGD2,-0.001159466396128229,0.001159466396128229
ENSG00000266872,-0.001159466396128229,0.001159466396128229
SMCO2,-0.001159466396128229,0.001159466396128229
ENSG00000272854,-0.001159466396128229,0.001159466396128229
GTPBP8,-0.001159466396128229,0.001159466396128229
ENSG00000247324,-0.001159466396128229,0.001159466396128229
ENSG00000279752,-0.001159466396128229,0.001159466396128229
ENSG00000289306,-0.001159466396128229,0.001159466396128229
ENSG00000286874,-0.001159466396128229,0.001159466396128229
ENSG00000289280,-0.001159466396128229,0.001159466396128229
ENSG00000235020,-0.001159466396128229,0.001159466396128229
ENSG00000272831,-0.001159466396128229,0.001159466396128229
TWIST1,-0.001159466396128229,0.001159466396128229
TIMM17B,-0.001159466396128229,0.001159466396128229
ATP1B3-AS1,-0.001159466396128229,0.001159466396128229
ENSG00000250240,-0.001159466396128229,0.001159466396128229
ENSG00000289288,-0.001159466396128229,0.001159466396128229
ENSG00000229206,-0.001159466396128229,0.001159466396128229
ENSG00000287299,-0.001159466396128229,0.001159466396128229
ENSG00000273046,-0.001159466396128229,0.001159466396128229
ENSG00000270477,-0.001159466396128229,0.001159466396128229
ENSG00000240527,-0.001159466396128229,0.001159466396128229
ENSG00000236536,-0.001159466396128229,0.001159466396128229
ENSG00000271283,-0.001159466396128229,0.001159466396128229
SNW1,-0.001159466396128229,0.001159466396128229
ENSG00000270739,-0.001159466396128229,0.001159466396128229
ENSG00000279985,-0.001159466396128229,0.001159466396128229
ENSG00000279977,-0.001159466396128229,0.001159466396128229
ENSG00000269737,-0.001159466396128229,0.001159466396128229
ENSG00000245156,-0.001159466396128229,0.001159466396128229
ENSG00000260693,-0.001159466396128229,0.001159466396128229
ENSG00000287590,-0.001159466396128229,0.001159466396128229
EYA4,-0.001159466396128229,0.001159466396128229
GPR37L1,-0.001159466396128229,0.001159466396128229
ACTG1P25,-0.001159466396128229,0.001159466396128229
ACTG1P14,-0.001159466396128229,0.001159466396128229
GPR199P,-0.001159466396128229,0.001159466396128229
ENSG00000269950,-0.001159466396128229,0.001159466396128229
ZNF300,-0.001159466396128229,0.001159466396128229
FRMPD1,-0.001159466396128229,0.001159466396128229
TM4SF19-AS1,-0.001159466396128229,0.001159466396128229
ZNF345,-0.001159466396128229,0.001159466396128229
EXTL3-AS1,-0.001159466396128229,0.001159466396128229
SOX18,-0.001159466396128229,0.001159466396128229
ENSG00000280129,-0.001159466396128229,0.001159466396128229
ENSG00000271811,-0.001159466396128229,0.001159466396128229
FOXC2,-0.001159466396128229,0.001159466396128229
ENSG00000260379,-0.001159466396128229,0.001159466396128229
ENSG00000287303,-0.001159466396128229,0.001159466396128229
BHLHE22,-0.001159466396128229,0.001159466396128229
EXTL3,-0.001159466396128229,0.001159466396128229
ARMC7,-0.001159466396128229,0.001159466396128229
ENSG00000287489,-0.001159466396128229,0.001159466396128229
ENSG00000268614,-0.001159466396128229,0.001159466396128229
ENSG00000256199,-0.001159466396128229,0.001159466396128229
ENSG00000280025,-0.001159466396128229,0.001159466396128229
ZNF20,-0.001159466396128229,0.001159466396128229
ZNF420,-0.001159466396128229,0.001159466396128229
ENSG00000289560,-0.001159466396128229,0.001159466396128229
ENSG00000279499,-0.001159466396128229,0.001159466396128229
ENSG00000289558,-0.001159466396128229,0.001159466396128229
ENSG00000289463,-0.001159466396128229,0.001159466396128229
SIGLEC12,-0.001159466396128229,0.001159466396128229
TLR10,-0.001159466396128229,0.001159466396128229
ENSG00000287574,-0.001159466396128229,0.001159466396128229
APH1B,-0.001159466396128229,0.001159466396128229
ENSG00000260601,-0.001159466396128229,0.001159466396128229
SEC24C,-0.001159466396128229,0.001159466396128229
TTC3P1,-0.001159466396128229,0.001159466396128229
ENSG00000285744,-0.001159466396128229,0.001159466396128229
ENSG00000290999,-0.001159466396128229,0.001159466396128229
ZBTB17,-0.001159466396128229,0.001159466396128229
ENSG00000273449,-0.001159466396128229,0.001159466396128229
STAM-DT,-0.001159466396128229,0.001159466396128229
ADSL,-0.001159466396128229,0.001159466396128229
ENSG00000234784,-0.001159466396128229,0.001159466396128229
TMEM86A,-0.001159466396128229,0.001159466396128229
ENSG00000254162,-0.001159466396128229,0.001159466396128229
ENSG00000253908,-0.001159466396128229,0.001159466396128229
BRPF1,-0.001159466396128229,0.001159466396128229
ENSG00000276809,-0.001159466396128229,0.001159466396128229
ADSS2,-0.001159466396128229,0.001159466396128229
ENSG00000217195,-0.001159466396128229,0.001159466396128229
ENSG00000289119,-0.001159466396128229,0.001159466396128229
ZBTB39,-0.001159466396128229,0.001159466396128229
ENSG00000274184,-0.001159466396128229,0.001159466396128229
ENSG00000259753,-0.001159466396128229,0.001159466396128229
ENSG00000273049,-0.001159466396128229,0.001159466396128229
ENSG00000286181,-0.001159466396128229,0.001159466396128229
ENSG00000290315,-0.001159466396128229,0.001159466396128229
TMEM255A,-0.001159466396128229,0.001159466396128229
SEC11A,-0.001159466396128229,0.001159466396128229
AGGF1P2,-0.001159466396128229,0.001159466396128229
TAGLN2,-0.001159466396128229,0.001159466396128229
ENSG00000233178,-0.001159466396128229,0.001159466396128229
ENSG00000274340,-0.001159466396128229,0.001159466396128229
ENSG00000228073,-0.001159466396128229,0.001159466396128229
ENSG00000288904,-0.001159466396128229,0.001159466396128229
ENSG00000254485,-0.001159466396128229,0.001159466396128229
ENSG00000290577,-0.001159466396128229,0.001159466396128229
ENSG00000286627,-0.001159466396128229,0.001159466396128229
SEC22A,-0.001159466396128229,0.001159466396128229
ENSG00000262652,-0.001159466396128229,0.001159466396128229
ENSG00000232821,-0.001159466396128229,0.001159466396128229
ENSG00000290441,-0.001159466396128229,0.001159466396128229
ENSG00000285791,-0.001159466396128229,0.001159466396128229
ENSG00000259661,-0.001159466396128229,0.001159466396128229
ENSG00000254648,-0.001159466396128229,0.001159466396128229
AFF3,-0.001159466396128229,0.001159466396128229
BOLA3,-0.001159466396128229,0.001159466396128229
ENSG00000225498,-0.001159466396128229,0.001159466396128229
GLMN,-0.001159466396128229,0.001159466396128229
ENSG00000261692,-0.001159466396128229,0.001159466396128229
SRRM3,-0.001159466396128229,0.001159466396128229
ENSG00000288707,-0.001159466396128229,0.001159466396128229
ENSG00000265496,-0.001159466396128229,0.001159466396128229
ENSG00000286423,-0.001159466396128229,0.001159466396128229
TNFRSF10C,-0.001159466396128229,0.001159466396128229
ENSG00000259969,-0.001159466396128229,0.001159466396128229
ENSG00000265750,-0.001159466396128229,0.001159466396128229
ENSG00000259972,-0.001159466396128229,0.001159466396128229
ENSG00000254990,-0.001159466396128229,0.001159466396128229
ENSG00000258904,-0.001159466396128229,0.001159466396128229
GUCY2D,-0.001159466396128229,0.001159466396128229
ENSG00000285216,-0.001159466396128229,0.001159466396128229
ARID3B,-0.001159466396128229,0.001159466396128229
STK3,-0.001159466396128229,0.001159466396128229
APELA,-0.001159466396128229,0.001159466396128229
FAM228A,-0.001159466396128229,0.001159466396128229
ENSG00000215014,-0.001159466396128229,0.001159466396128229
ENSG00000285570,-0.001159466396128229,0.001159466396128229
ENSG00000265094,-0.001159466396128229,0.001159466396128229
ENSG00000253811,-0.001159466396128229,0.001159466396128229
ENSG00000249655,-0.001159466396128229,0.001159466396128229
APCDD1L-DT,-0.001159466396128229,0.001159466396128229
ENSG00000227304,-0.001159466396128229,0.001159466396128229
TMEM59L,-0.001159466396128229,0.001159466396128229
ENSG00000285583,-0.001159466396128229,0.001159466396128229
WDR11-DT,-0.001159466396128229,0.001159466396128229
ENSG00000258945,-0.001159466396128229,0.001159466396128229
BMP5,-0.001159466396128229,0.001159466396128229
ADGRV1,-0.001159466396128229,0.001159466396128229
SLC23A3,-0.001159466396128229,0.001159466396128229
XKR6,-0.001159466396128229,0.001159466396128229
GOT1-DT,0.0011593882492825175,0.0011593882492825175
ENY2,0.001159258475181054,0.001159258475181054
PPP1R2,-0.0011588796444662924,0.0011588796444662924
ENSG00000272181,-0.0011587657089379116,0.0011587657089379116
GATD1-DT,-0.0011584906045357542,0.0011584906045357542
ITK,0.0011581101561322336,0.0011581101561322336
FAM204A,-0.001158010261826754,0.001158010261826754
GPATCH11,-0.0011576097719845893,0.0011576097719845893
PPTC7,-0.0011573884878045542,0.0011573884878045542
SH3BP2,0.0011573242959231585,0.0011573242959231585
WEE1,0.0011569921869655413,0.0011569921869655413
RACK1,-0.0011561757453120056,0.0011561757453120056
ENSG00000284959,0.00115562786515579,0.00115562786515579
FBXW4P1,0.00115562786515579,0.00115562786515579
ZNF304,0.00115562786515579,0.00115562786515579
ANKRD20A21P,0.00115562786515579,0.00115562786515579
NT5C3B,0.00115562786515579,0.00115562786515579
PUS10,-0.0011555652021476113,0.0011555652021476113
BMAL1,0.0011553390540242558,0.0011553390540242558
DSTYK,-0.0011552943959944988,0.0011552943959944988
CDS2,-0.001155116392832333,0.001155116392832333
AKAP11,-0.001154993600818496,0.001154993600818496
SEPTIN8,0.001154155715306502,0.001154155715306502
ADAMTS10,-0.0011508575693105817,0.0011508575693105817
SERPINB5,-0.0011506057609796845,0.0011506057609796845
IPP,-0.0011502582644078916,0.0011502582644078916
RDX,-0.001149877446222671,0.001149877446222671
C5AR1,0.0011498250885750376,0.0011498250885750376
GUCY1A2,-0.001149619145915198,0.001149619145915198
TMPRSS11CP,0.00114954395693406,0.00114954395693406
VEZT,-0.0011492656255307893,0.0011492656255307893
GOLGA1,0.0011488044443319905,0.0011488044443319905
THAP12,-0.0011483112035971428,0.0011483112035971428
EHF,-0.001148248227153648,0.001148248227153648
MXRA7,-0.0011478058973836247,0.0011478058973836247
ENSG00000290100,-0.0011477672062009526,0.0011477672062009526
ATP6V0A2,0.0011476395249502866,0.0011476395249502866
PHLPP1,-0.001147275377980254,0.001147275377980254
ENSG00000280153,-0.001147275377980254,0.001147275377980254
SLC35A1,-0.001147275377980254,0.001147275377980254
PNP,0.001146838378884656,0.001146838378884656
USP34-DT,-0.001146332020466555,0.001146332020466555
ATP6V1E2,-0.001145902399878029,0.001145902399878029
PARD6B,0.0011458735932601738,0.0011458735932601738
RHBDD1,0.0011457422484615536,0.0011457422484615536
FADS3,-0.001145486618498567,0.001145486618498567
RAB2B,0.001145448414845688,0.001145448414845688
AP4B1,-0.0011452992829816394,0.0011452992829816394
FLRT2-AS1,0.001145179264020437,0.001145179264020437
STK17B,-0.001144659883402846,0.001144659883402846
KCNA1,-0.001144659883402846,0.001144659883402846
LONRF2,-0.001144659883402846,0.001144659883402846
UBE2W,-0.0011444501979270868,0.0011444501979270868
ARHGEF15,-0.001143210682607057,0.001143210682607057
COQ4,-0.0011427462866286842,0.0011427462866286842
DVL2,-0.0011423948353342457,0.0011423948353342457
ENSG00000287868,0.0011423484089186197,0.0011423484089186197
CAMK1D,0.0011415536838145254,0.0011415536838145254
HEXA,0.0011414117427984603,0.0011414117427984603
KIF3B,0.0011414117427984603,0.0011414117427984603
HDAC5,-0.0011413957442231585,0.0011413957442231585
MTMR3,0.0011411870224637157,0.0011411870224637157
ENSG00000272410,0.0011411628184134336,0.0011411628184134336
MT-ND2,0.001141093115171222,0.001141093115171222
ABCA6,-0.0011410752475627848,0.0011410752475627848
NMT2,0.0011407879175977622,0.0011407879175977622
BRIX1,0.0011398792946556028,0.0011398792946556028
ADI1,0.0011396625656013904,0.0011396625656013904
GALNT15,-0.001139563288218383,0.001139563288218383
GSTO2,0.0011389987973674058,0.0011389987973674058
LINC00683,-0.001138862693154473,0.001138862693154473
STEAP4,-0.00113785925784585,0.00113785925784585
ENSG00000285338,0.0011375519285631232,0.0011375519285631232
FBRS,-0.001137517633996573,0.001137517633996573
OGDH,-0.001137517633996573,0.001137517633996573
MIR4480,-0.0011370258057758857,0.0011370258057758857
ENSG00000271833,-0.0011370258057758857,0.0011370258057758857
ROCK1,-0.0011370258057758857,0.0011370258057758857
ENSG00000289227,-0.0011370258057758857,0.0011370258057758857
NIFK-AS1,-0.0011370258057758857,0.0011370258057758857
GASK1B,-0.0011364800280417255,0.0011364800280417255
ZNF44,-0.001136343285164651,0.001136343285164651
COL12A1,-0.0011363238303255829,0.0011363238303255829
KRT8P36,-0.0011357145267542883,0.0011357145267542883
MED21,-0.0011355249298693202,0.0011355249298693202
XBP1,-0.0011355249298693202,0.0011355249298693202
KXD1,-0.0011350687999997129,0.0011350687999997129
MICU2,-0.0011349276949449735,0.0011349276949449735
ARHGEF10L,-0.0011349276949449735,0.0011349276949449735
CHRDL1,0.0011347367410096238,0.0011347367410096238
COPS7A,-0.0011345968715233549,0.0011345968715233549
RNF38,-0.0011345968715233549,0.0011345968715233549
HECA,-0.0011338631789864953,0.0011338631789864953
TGFBR1,-0.001133838446848093,0.001133838446848093
CGN,0.0011337514853295174,0.0011337514853295174
ENSG00000285642,0.0011337514853295174,0.0011337514853295174
BAG2,-0.0011331703348447463,0.0011331703348447463
CITED2,0.001132979096549201,0.001132979096549201
PPIA,0.001132979096549201,0.001132979096549201
PLK5,0.001132979096549201,0.001132979096549201
ENSG00000266944,0.001132979096549201,0.001132979096549201
ENSG00000260658,0.001132979096549201,0.001132979096549201
PTPRM,-0.001132485491018486,0.001132485491018486
SNHG18,-0.0011321602295946151,0.0011321602295946151
POMP,-0.001131704909199801,0.001131704909199801
TNS1,-0.0011315896515369747,0.0011315896515369747
RARRES1,-0.0011311068652408059,0.0011311068652408059
C1QTNF1,0.0011309453188713045,0.0011309453188713045
ROBO1,-0.0011304768962948192,0.0011304768962948192
NOL4L,0.0011303229858422108,0.0011303229858422108
SIGLEC1,-0.0011298968525883253,0.0011298968525883253
MRTO4,0.0011298486848140366,0.0011298486848140366
MTCYBP12,0.001129550022566429,0.001129550022566429
ENSG00000256500,0.0011295500225664012,0.0011295500225664012
C17orf99,0.0011295500225664012,0.0011295500225664012
INTS6L,0.0011295500225664012,0.0011295500225664012
ENSG00000262587,0.0011295500225664012,0.0011295500225664012
ENSG00000262823,0.0011295500225664012,0.0011295500225664012
LINC00605,0.0011295500225664012,0.0011295500225664012
MACROD2,0.0011295500225664012,0.0011295500225664012
MARVELD3,0.0011295500225664012,0.0011295500225664012
LSM10,0.0011295500225664012,0.0011295500225664012
MIR378D2HG,0.0011295500225664012,0.0011295500225664012
SAMD1,0.0011295500225664012,0.0011295500225664012
TNRC6B-DT,0.0011295500225664012,0.0011295500225664012
PIGA,0.0011295500225664012,0.0011295500225664012
PLCE1-AS1,0.0011295500225664012,0.0011295500225664012
ADH5,0.0011295500225664012,0.0011295500225664012
MIR9-1HG,0.0011295500225664012,0.0011295500225664012
SYT5,0.0011295500225664012,0.0011295500225664012
FKBP4,0.0011295500225664012,0.0011295500225664012
RNF139,0.0011295500225664012,0.0011295500225664012
RPS3P6,0.0011295500225664012,0.0011295500225664012
ENSG00000289088,0.0011295500225664012,0.0011295500225664012
DHX8,0.0011295500225664012,0.0011295500225664012
ENSG00000291179,0.0011295500225664012,0.0011295500225664012
ENSG00000261341,0.0011295500225664012,0.0011295500225664012
JSRP1,0.0011295500225664012,0.0011295500225664012
CNTROB,0.001128937292090857,0.001128937292090857
ITGA7,0.0011288571442424522,0.0011288571442424522
MTCYBP38,0.001128318633613047,0.001128318633613047
AIG1,0.0011283186336130415,0.0011283186336130415
GYS1,0.0011283186336130415,0.0011283186336130415
ENSG00000258944,0.0011283186336130415,0.0011283186336130415
ZNF969P,0.0011283186336130415,0.0011283186336130415
ACSL4,0.0011283186336130415,0.0011283186336130415
PLD6,0.0011283186336130415,0.0011283186336130415
ENSG00000288754,0.0011283186336130415,0.0011283186336130415
ENSG00000269741,0.0011283186336130415,0.0011283186336130415
ETF1,0.0011283186336130415,0.0011283186336130415
TMEM244,0.0011283186336130415,0.0011283186336130415
RPS4XP22,0.0011283186336130415,0.0011283186336130415
ENSG00000276651,0.0011283186336130415,0.0011283186336130415
WHSC1L2P,0.0011283186336130415,0.0011283186336130415
ENSG00000289009,0.0011283186336130415,0.0011283186336130415
RAD51-AS1,0.0011283186336130415,0.0011283186336130415
SPATA20,0.0011283186336130415,0.0011283186336130415
LHB,0.0011283186336130415,0.0011283186336130415
RAB26,0.0011283186336130415,0.0011283186336130415
ITPKB-AS1,0.0011283186336130415,0.0011283186336130415
AKAP13-AS1,0.0011283186336130415,0.0011283186336130415
KLK9,0.0011283186336130415,0.0011283186336130415
TERC,0.0011283186336130415,0.0011283186336130415
LINC01684,0.0011283186336130415,0.0011283186336130415
SCG3,0.0011283186336130415,0.0011283186336130415
KLHL33,0.0011283186336130415,0.0011283186336130415
MIR3667HG,0.0011283186336130415,0.0011283186336130415
PFN1P2,0.0011283186336130415,0.0011283186336130415
KAZALD1,0.0011283186336130415,0.0011283186336130415
ENSG00000257941,0.0011283186336130415,0.0011283186336130415
STMN3,0.0011283186336130415,0.0011283186336130415
PIK3IP1,0.0011283186336130415,0.0011283186336130415
ORMDL1,-0.0011274504166251386,0.0011274504166251386
BCAR1,-0.001127259250525727,0.001127259250525727
AZI2,-0.001127259250525727,0.001127259250525727
LINC01409,0.0011268110986725614,0.0011268110986725614
ZNF677,-0.0011263703346897243,0.0011263703346897243
GATAD1,0.0011263643735066164,0.0011263643735066164
ENSG00000269973,0.0011263643735066164,0.0011263643735066164
ZNF529,-0.0011262794052064942,0.0011262794052064942
COL2A1,0.001125625839268357,0.001125625839268357
ZBTB24,0.001125549851447829,0.001125549851447829
RBM22,-0.0011253889937909707,0.0011253889937909707
EPPK1,-0.0011253832166057526,0.0011253832166057526
DDX23,0.0011252753417786338,0.0011252753417786338
CCDC138,0.0011246981355646285,0.0011246981355646285
NHSL1,0.0011246380079876135,0.0011246380079876135
KAT8,-0.0011246043276668175,0.0011246043276668175
FTLP3,0.001124251410398633,0.001124251410398633
CACNA1H,0.001124251410398633,0.001124251410398633
DEAF1,-0.0011238970902367328,0.0011238970902367328
ENSG00000213867,0.0011233614854042225,0.0011233614854042225
CCDC149,-0.0011231889253996098,0.0011231889253996098
S1PR1,-0.0011225644959896247,0.0011225644959896247
SLC2A13,-0.001122300677535595,0.001122300677535595
PIGM,-0.0011221637607294744,0.0011221637607294744
ENSG00000291265,-0.001122126467296247,0.001122126467296247
KPNA5,-0.0011220997283203412,0.0011220997283203412
MAP3K13,-0.0011209660307840452,0.0011209660307840452
DKK3,-0.001120910938467704,0.001120910938467704
PSMA3-AS1,-0.0011208140353718547,0.0011208140353718547
SHOX2,-0.0011201962494456837,0.0011201962494456837
WDR44,-0.0011201962494456837,0.0011201962494456837
TNIP1,-0.0011201962494456837,0.0011201962494456837
SCAPER,-0.0011201962494456837,0.0011201962494456837
PLPP7,-0.0011201962494456837,0.0011201962494456837
SLC25A48,0.0011200216216787579,0.0011200216216787579
ZFR,0.0011200216216787579,0.0011200216216787579
TLR3,0.0011200216216787579,0.0011200216216787579
NACA4P,-0.0011199169084973593,0.0011199169084973593
PPCS,0.0011197471546127524,0.0011197471546127524
NRXN2,0.0011197471546127524,0.0011197471546127524
TIMM10,0.0011197471546127524,0.0011197471546127524
TSPAN4,-0.0011196297519668027,0.0011196297519668027
ENSG00000228399,0.0011195475269537478,0.0011195475269537478
KMT2C,0.001119412180008532,0.001119412180008532
KRT77,0.0011192686401495378,0.0011192686401495378
MMS19,-0.0011192411194766467,0.0011192411194766467
ENSG00000271581,0.001118934712096169,0.001118934712096169
MEF2A,0.001117840948398809,0.001117840948398809
MIR4435-2HG,-0.0011177872416008197,0.0011177872416008197
NME6,-0.0011175805437293289,0.0011175805437293289
ENSG00000260558,-0.0011175805437293289,0.0011175805437293289
MCTS1,-0.001117374891520087,0.001117374891520087
ARSG,-0.0011173141568633126,0.0011173141568633126
MRPL19,-0.0011172612806606096,0.0011172612806606096
XPO1,-0.001116673052464312,0.001116673052464312
KIAA1217,-0.0011161363888671123,0.0011161363888671123
PKM,-0.0011159237594849858,0.0011159237594849858
MIEF1,0.0011158599200858947,0.0011158599200858947
LINC01697,-0.0011158009435295023,0.0011158009435295023
ENSG00000291299,-0.0011157793875745654,0.0011157793875745654
PRSS22,-0.0011156782250712556,0.0011156782250712556
TRMT2B,0.0011156223559654406,0.0011156223559654406
CALML4,-0.0011155594140649207,0.0011155594140649207
UNC13D,-0.0011152476302649062,0.0011152476302649062
OSTM1,0.0011152159722789606,0.0011152159722789606
INCENP,-0.0011151642383217246,0.0011151642383217246
SGK3,0.001115117229285409,0.001115117229285409
POLR1HASP,0.0011150608738577496,0.0011150608738577496
TRPC3,0.0011150608738577496,0.0011150608738577496
PCBD2,0.0011150608738577496,0.0011150608738577496
MZF1,-0.0011149169494612482,0.0011149169494612482
TM4SF1,0.0011148214925193645,0.0011148214925193645
RFX1,-0.0011146740065044525,0.0011146740065044525
GPR157,-0.001114598913689853,0.001114598913689853
FZD4,0.0011145693912572177,0.0011145693912572177
COA1,-0.0011142904944924739,0.0011142904944924739
TRAC,0.0011138728867075367,0.0011138728867075367
PTP4A1,-0.0011132817024547621,0.0011132817024547621
MSI2,0.0011131911496803425,0.0011131911496803425
LINC00963,0.0011128099841411284,0.0011128099841411284
RIPK2-DT,-0.0011123775501440058,0.0011123775501440058
INPP5D,-0.0011123394040131792,0.0011123394040131792
ZZEF1,-0.0011121040908550228,0.0011121040908550228
GUCD1,0.0011113139197526203,0.0011113139197526203
MAP4K3,-0.0011111719326961419,0.0011111719326961419
ENSG00000250321,-0.0011109019245451387,0.0011109019245451387
PUS3,-0.001110540344742195,0.001110540344742195
TPST2,-0.001109923274196279,0.001109923274196279
SUPT5H,-0.0011090273772839246,0.0011090273772839246
ATAD3C,-0.0011089695811189386,0.0011089695811189386
SIGLEC15,0.001108791710377421,0.001108791710377421
RAB40C,0.001108791710377421,0.001108791710377421
MT-ATP8,0.001108791710377421,0.001108791710377421
GRK4,0.0011079400984723622,0.0011079400984723622
MTUS1-DT,0.0011078101489388295,0.0011078101489388295
LINC02298,0.0011075887678369698,0.0011075887678369698
ENSG00000279453,-0.0011064474480858792,0.0011064474480858792
MTX3,-0.0011060374191966726,0.0011060374191966726
NUDT19-DT,-0.0011058634868008758,0.0011058634868008758
FABP4,-0.0011058634868008758,0.0011058634868008758
GALNT7,-0.0011058634868008758,0.0011058634868008758
FBXO46,-0.0011058634868008758,0.0011058634868008758
KCP,0.0011056937798586011,0.0011056937798586011
STAG3L5P,-0.0011043110341925578,0.0011043110341925578
MT-CO1,-0.0011043110341925578,0.0011043110341925578
GCC2,-0.0011033833259827396,0.0011033833259827396
CSRP1,-0.001103337326100186,0.001103337326100186
ZNF724,-0.0011033002135671297,0.0011033002135671297
ENSG00000233223,-0.0011033002135671297,0.0011033002135671297
PLCXD3,-0.0011031426257005416,0.0011031426257005416
ENSG00000268362,-0.0011024521958404932,0.0011024521958404932
IFT172,-0.0011021465982724795,0.0011021465982724795
VPS26A,-0.001102113674880152,0.001102113674880152
FIP1L1,-0.0011020809603946994,0.0011020809603946994
ENSG00000255641,0.0011020727407006071,0.0011020727407006071
CRIP1P2,-0.0011015136600687752,0.0011015136600687752
MXD4,0.0011014794479477915,0.0011014794479477915
SLC7A5,0.0011013616437906952,0.0011013616437906952
SCARB2,0.001101194019323833,0.001101194019323833
CWF19L2,-0.0011010876411528547,0.0011010876411528547
APBB3,-0.0011009771468154885,0.0011009771468154885
HDAC2,0.0011001855134519457,0.0011001855134519457
IFT22,0.001099110719263759,0.001099110719263759
ENSG00000234985,-0.0010989601963178682,0.0010989601963178682
OBSCN,0.0010986132369268605,0.0010986132369268605
FMNL3,-0.001098136429786279,0.001098136429786279
ZRANB3,-0.0010974029487532077,0.0010974029487532077
METAP1,-0.0010973791816197276,0.0010973791816197276
DAB2,-0.0010970298248970528,0.0010970298248970528
ZKSCAN5,-0.0010969642726929745,0.0010969642726929745
ABL2,0.0010969242513534031,0.0010969242513534031
NAA60,-0.001096731580096223,0.001096731580096223
IPO9,-0.0010962505218552211,0.0010962505218552211
TOB2,0.001096248621928292,0.001096248621928292
TREM1,-0.0010959131294624445,0.0010959131294624445
HINT1P1,-0.0010959131294624445,0.0010959131294624445
HDAC6,-0.0010959131294624445,0.0010959131294624445
SLA,0.0010957285744866711,0.0010957285744866711
DCP1A,-0.0010956270901418587,0.0010956270901418587
MRPS18CP7,-0.0010956270901418587,0.0010956270901418587
XG,-0.0010955917517749044,0.0010955917517749044
TRGC2,0.0010953587363279336,0.0010953587363279336
RPUSD4,0.0010952640970434122,0.0010952640970434122
COL9A2,0.0010950832556828347,0.0010950832556828347
COG4,0.0010950366924959468,0.0010950366924959468
ENSG00000223969,-0.0010950320325426733,0.0010950320325426733
ENSG00000276007,-0.0010949556680736783,0.0010949556680736783
RCL1,0.0010947523282935313,0.0010947523282935313
CIITA,-0.001094689603988418,0.001094689603988418
FAAP24,-0.0010946362939881712,0.0010946362939881712
ALDH3A2,0.00109410368347575,0.00109410368347575
ENSG00000248100,-0.001093908703163242,0.001093908703163242
RPL5P17,-0.0010937381537103788,0.0010937381537103788
G6PD,0.0010935533369812397,0.0010935533369812397
EMP3,0.0010935384781221786,0.0010935384781221786
DNM3,-0.0010933693890195764,0.0010933693890195764
POLN,-0.0010933258898964868,0.0010933258898964868
CEP19,-0.0010929918709159745,0.0010929918709159745
ENSG00000287095,0.0010919593378016662,0.0010919593378016662
TVP23B,0.001091911749350884,0.001091911749350884
MRNIP-DT,0.0010918928184498605,0.0010918928184498605
ZNF250,0.0010917090577202218,0.0010917090577202218
HSD17B4,0.001091512016043959,0.001091512016043959
KLK8,0.0010915052028524473,0.0010915052028524473
ECI2,-0.001091225064294258,0.001091225064294258
PCNT,-0.0010909021199101054,0.0010909021199101054
LPAR3,-0.0010903863916527862,0.0010903863916527862
ADAMTS9,0.0010903728543863388,0.0010903728543863388
ENSG00000249774,0.001090290368141891,0.001090290368141891
ZNF92,-0.0010901630290698094,0.0010901630290698094
L3MBTL1,-0.0010901500124513143,0.0010901500124513143
ZNF324,0.0010900644242446658,0.0010900644242446658
VDAC1,0.0010899166358836192,0.0010899166358836192
CDH18,0.0010896683751455063,0.0010896683751455063
MSH2,0.0010896683751455063,0.0010896683751455063
DCAF13,0.0010893783139725019,0.0010893783139725019
TANC1,0.0010892828587780344,0.0010892828587780344
SIAH2,-0.0010889734848076045,0.0010889734848076045
AGO4,-0.0010889734848076045,0.0010889734848076045
INO80E,-0.0010889734848076045,0.0010889734848076045
ZBED8,-0.0010889734848076045,0.0010889734848076045
ORC3,-0.0010889734848076045,0.0010889734848076045
LINC03016,-0.0010889734848076045,0.0010889734848076045
BHLHE41,-0.0010889734848076045,0.0010889734848076045
FGF7P3,-0.0010889734848076045,0.0010889734848076045
ENSG00000284989,-0.0010889734848076045,0.0010889734848076045
SNORA68B,-0.0010889734848076045,0.0010889734848076045
DPF3,-0.0010889734848076045,0.0010889734848076045
TOR3A,-0.0010889734848076045,0.0010889734848076045
EVI2B,-0.0010889734848076045,0.0010889734848076045
HMOX1,-0.0010889734848076045,0.0010889734848076045
SLFN12,-0.0010889734848076045,0.0010889734848076045
ENSG00000283886,-0.0010889734848076045,0.0010889734848076045
GSTO1,-0.0010889734848076045,0.0010889734848076045
SYT9-AS1,-0.0010889734848076045,0.0010889734848076045
ENSG00000254551,-0.0010889734848076045,0.0010889734848076045
ZXDC,-0.0010888638351507895,0.0010888638351507895
BICRA,-0.00108813994031598,0.00108813994031598
B4GALT4,-0.0010879508184326765,0.0010879508184326765
THBS3-AS1,-0.0010879233527797485,0.0010879233527797485
CCDC122,-0.0010879233527797485,0.0010879233527797485
ENSG00000284669,-0.0010879233527797485,0.0010879233527797485
CNNM1,-0.0010879233527797485,0.0010879233527797485
ENSG00000289499,-0.0010879233527797485,0.0010879233527797485
FAM229B,-0.0010879233527797485,0.0010879233527797485
ENSG00000257181,-0.0010879233527797485,0.0010879233527797485
PRDM16-DT,-0.0010879233527797485,0.0010879233527797485
MTERF3,-0.0010879233527797485,0.0010879233527797485
FAM8A1,-0.0010879233527797485,0.0010879233527797485
C1orf52,-0.0010879233527797485,0.0010879233527797485
ENSG00000285863,-0.0010879233527797485,0.0010879233527797485
TRDC,-0.0010879233527797485,0.0010879233527797485
DDI2,-0.0010878923836721058,0.0010878923836721058
ENSG00000285991,0.0010857509969104894,0.0010857509969104894
ZNF527,0.0010857132162977753,0.0010857132162977753
ACE2,0.0010857132162977753,0.0010857132162977753
INTS2,0.0010857132162977753,0.0010857132162977753
ZNF136,0.0010857132162977753,0.0010857132162977753
DIS3L,0.0010857132162977753,0.0010857132162977753
ZNF75D,0.0010857132162977753,0.0010857132162977753
ENSG00000258660,0.0010857132162977753,0.0010857132162977753
P2RY11,0.0010857132162977753,0.0010857132162977753
BAZ1B,0.0010856783577726963,0.0010856783577726963
PYGB,-0.0010854798388722578,0.0010854798388722578
COL27A1,-0.0010851664796464988,0.0010851664796464988
ENSG00000232019,0.0010849408275174406,0.0010849408275174406
WDR45,0.0010849408275174406,0.0010849408275174406
ENSG00000280325,0.0010849408275174406,0.0010849408275174406
TNFRSF11A,0.0010849408275174406,0.0010849408275174406
ZNF37BP,0.001084664940215942,0.001084664940215942
EEF1A1P11,0.0010846319998250706,0.0010846319998250706
SAMD3,0.0010840847536215943,0.0010840847536215943
ATXN2L,-0.0010837514803383908,0.0010837514803383908
CRYZL1,-0.0010837514803383908,0.0010837514803383908
FAM86JP,-0.0010836796347217658,0.0010836796347217658
HYCC1,-0.001083590891734897,0.001083590891734897
GPATCH2,0.001083304443603329,0.001083304443603329
CLCN3,-0.0010829336223974135,0.0010829336223974135
FAM110B,-0.0010829336223974135,0.0010829336223974135
CRYZL2P,-0.0010825885499798835,0.0010825885499798835
HSP90AB3P,-0.00108250537585437,0.00108250537585437
RARA,0.0010822694208813051,0.0010822694208813051
BBS4,-0.001082028419294158,0.001082028419294158
ANKRD11,0.0010818162028702286,0.0010818162028702286
RYK,0.0010814140845245858,0.0010814140845245858
GBP5,0.001081114449278012,0.001081114449278012
ZDHHC3,0.0010810255228564248,0.0010810255228564248
MFSD11,0.0010809668263572804,0.0010809668263572804
IKZF2,-0.001080757689693412,0.001080757689693412
SNX15,0.0010807042504101384,0.0010807042504101384
IFT27,-0.0010806791889719299,0.0010806791889719299
GMEB2,-0.001080403668220612,0.001080403668220612
SLC4A2,0.0010797558854272913,0.0010797558854272913
ENSG00000261553,-0.001079543076619785,0.001079543076619785
SCARA5,0.0010789684193333747,0.0010789684193333747
LOXL1,-0.0010786538387056223,0.0010786538387056223
RNMT,-0.0010783037797278,0.0010783037797278
PLAGL1,0.0010782751850851493,0.0010782751850851493
PARD3B,-0.0010780161032844552,0.0010780161032844552
SNHG3,0.0010778976403035647,0.0010778976403035647
EXOC7,-0.0010774890636013929,0.0010774890636013929
RGMA,-0.0010774890636013929,0.0010774890636013929
PRRC2B,0.0010772880595088302,0.0010772880595088302
ATP5F1A,0.0010772652071895197,0.0010772652071895197
ANXA1,0.0010772429648552072,0.0010772429648552072
VSTM4,-0.0010763966599272898,0.0010763966599272898
PIGF,-0.0010759169626234789,0.0010759169626234789
LINC01836,0.0010750985751544339,0.0010750985751544339
FEM1A,0.0010749065596292117,0.0010749065596292117
RSRC2,-0.0010746575675425302,0.0010746575675425302
PMEPA1,0.0010745852166047986,0.0010745852166047986
RTL10,-0.0010744333338234757,0.0010744333338234757
ZNNT1,0.0010741404339223376,0.0010741404339223376
ENSG00000235605,-0.0010740808615351356,0.0010740808615351356
CHN2,0.001073963518574721,0.001073963518574721
EXOC5,-0.0010734681887907287,0.0010734681887907287
PSEN2,0.001073386989964515,0.001073386989964515
CALM1,0.0010732932357402402,0.0010732932357402402
IDS,-0.0010730963018731493,0.0010730963018731493
ENSG00000241489,-0.0010730963018731493,0.0010730963018731493
MPV17L2,0.0010727742215167493,0.0010727742215167493
ENSG00000229668,0.0010727742215167493,0.0010727742215167493
VAC14,0.0010723510097982384,0.0010723510097982384
SRSF12,0.0010721208778820186,0.0010721208778820186
ENSG00000242588,-0.0010720601271802022,0.0010720601271802022
TRIM69,0.001071138528904442,0.001071138528904442
UBC,0.0010710888701910058,0.0010710888701910058
TPRG1,0.001070807289712088,0.001070807289712088
AAGAB,-0.001070764710370154,0.001070764710370154
ENSG00000242327,-0.0010707385061491544,0.0010707385061491544
FBXO25,-0.0010706844051717407,0.0010706844051717407
NDUFV2P1,-0.0010702607560206946,0.0010702607560206946
BAZ1A,-0.0010702586079942584,0.0010702586079942584
C1GALT1,0.0010702013014854113,0.0010702013014854113
ENSG00000264546,-0.001070200852731969,0.001070200852731969
RPL37AP1,-0.001070085424153739,0.001070085424153739
DTX2P1,0.0010697406076446998,0.0010697406076446998
DTX2P1-UPK3BP1-PMS2P11,0.0010697406076446998,0.0010697406076446998
POLG-DT,-0.0010694478434037846,0.0010694478434037846
SSBP2,0.0010694462850468916,0.0010694462850468916
HS2ST1,-0.0010692987478202701,0.0010692987478202701
NCK1,0.0010691804895979142,0.0010691804895979142
NUP88,-0.0010691599539051412,0.0010691599539051412
BICD1,-0.0010690003379095153,0.0010690003379095153
GNA11,-0.0010686901187966194,0.0010686901187966194
EIF4E3,-0.0010685793045296945,0.0010685793045296945
JAK2,-0.001068572227162045,0.001068572227162045
RPL23,-0.0010672770055135004,0.0010672770055135004
ENSG00000255176,-0.0010672770055135004,0.0010672770055135004
TECRP1,-0.0010672770055135004,0.0010672770055135004
KLHDC7B-DT,-0.0010672770055135004,0.0010672770055135004
RPS15AP39,-0.0010672770055135004,0.0010672770055135004
ENSG00000273402,-0.0010672770055135004,0.0010672770055135004
ST6GAL1,-0.0010672770055135004,0.0010672770055135004
CYP2G1P,-0.0010672770055135004,0.0010672770055135004
ENSG00000253385,-0.0010672770055135004,0.0010672770055135004
ELOVL7,-0.0010672770055135004,0.0010672770055135004
MINCR,-0.0010672770055135004,0.0010672770055135004
CEP72,-0.0010672770055135004,0.0010672770055135004
IL12A-AS1,-0.0010672770055135004,0.0010672770055135004
FAM106A,-0.0010672770055135004,0.0010672770055135004
MFAP1,-0.0010672770055135004,0.0010672770055135004
MYEF2,-0.0010672770055135004,0.0010672770055135004
SETD3,-0.0010672770055135004,0.0010672770055135004
LYPLA1,0.0010672455261602977,0.0010672455261602977
SNX19,-0.0010670757762184318,0.0010670757762184318
ABCD3,-0.00106702102530446,0.00106702102530446
THBS4,-0.0010668558375348486,0.0010668558375348486
KSR1,-0.0010668558375348486,0.0010668558375348486
LINC02185,-0.0010668012952849137,0.0010668012952849137
NAT9,-0.0010666863698899761,0.0010666863698899761
ENSG00000213172,-0.0010666816347257386,0.0010666816347257386
IRAK2,0.0010655035480667111,0.0010655035480667111
ADAMTSL4,0.00106524609377569,0.00106524609377569
CTSC,-0.0010650164424922852,0.0010650164424922852
BTLA,-0.0010649708580259534,0.0010649708580259534
ABCA5,-0.0010646639641674201,0.0010646639641674201
MAP1B,0.0010640783552376548,0.0010640783552376548
PITPNM1,0.001063961980760656,0.001063961980760656
PMF1,-0.0010638491205564465,0.0010638491205564465
ENSG00000261641,0.0010638368364715679,0.0010638368364715679
RPL7A,0.0010638368364715679,0.0010638368364715679
TMA16,-0.0010633145596929843,0.0010633145596929843
HAGLR,0.0010631839098792194,0.0010631839098792194
PLXNB2,-0.0010629380989068639,0.0010629380989068639
CHD9,-0.0010626420438045897,0.0010626420438045897
SNTB2,-0.0010626420438045897,0.0010626420438045897
ANO10,0.0010622920589108888,0.0010622920589108888
ENSG00000287878,0.0010622920589108888,0.0010622920589108888
SLC25A23,0.0010622920589108888,0.0010622920589108888
LIFR,0.001061974055226312,0.001061974055226312
NUP210,0.0010617901603057393,0.0010617901603057393
MINDY2,0.0010616734923355857,0.0010616734923355857
SPRED2,-0.0010615473613172083,0.0010615473613172083
PLAC4,-0.0010614429027589881,0.0010614429027589881
FNDC3B,-0.0010601442869066487,0.0010601442869066487
ENSG00000253392,0.0010593992877384023,0.0010593992877384023
GRHL2,0.0010591168262692055,0.0010591168262692055
MFSD14CP,0.00105910025859448,0.00105910025859448
ARHGAP9,0.0010586224963143379,0.0010586224963143379
PDE3B,0.0010586224963143379,0.0010586224963143379
RPS15AP12,0.0010586224963143379,0.0010586224963143379
ENSG00000279390,0.0010576395609073596,0.0010576395609073596
SNX5,-0.0010573074834627643,0.0010573074834627643
ZBP1,0.0010570664463244411,0.0010570664463244411
RPS10P16,-0.001056969134744467,0.001056969134744467
ENSG00000285622,0.001056889197261602,0.001056889197261602
LTO1,0.0010564502112088,0.0010564502112088
HLA-C,0.0010562702419982983,0.0010562702419982983
DOCK6,-0.00105609956779053,0.00105609956779053
AHNAK2,0.0010560340356375534,0.0010560340356375534
HMGXB3,-0.001055884300119387,0.001055884300119387
SAMD4A,0.001055362811280417,0.001055362811280417
CFAP119,0.001055149226173756,0.001055149226173756
TAX1BP3,0.001055149226173756,0.001055149226173756
ENSG00000236723,0.001055149226173756,0.001055149226173756
TMEM266,0.001055149226173756,0.001055149226173756
ARHGAP5-AS1,0.001055149226173756,0.001055149226173756
CHP2,0.001055149226173756,0.001055149226173756
POLDIP2,0.001055149226173756,0.001055149226173756
ENSG00000290124,0.001055149226173756,0.001055149226173756
ENSG00000289059,0.001055149226173756,0.001055149226173756
ENSG00000286379,0.001055149226173756,0.001055149226173756
THBS1-AS1,0.001055149226173756,0.001055149226173756
PRLR,0.001055149226173756,0.001055149226173756
TACR2,0.001055149226173756,0.001055149226173756
LINC00681,0.001055149226173756,0.001055149226173756
KHDRBS1,0.001055149226173756,0.001055149226173756
LINC02801,0.001055149226173756,0.001055149226173756
PRX,0.001055149226173756,0.001055149226173756
TMEM199,0.001055149226173756,0.001055149226173756
TAF12-DT,0.001055149226173756,0.001055149226173756
LINC00200,0.001055149226173756,0.001055149226173756
ENSG00000286599,0.001055149226173756,0.001055149226173756
ENSG00000290899,0.001055149226173756,0.001055149226173756
FAM53B,0.001055149226173756,0.001055149226173756
ENSG00000290600,0.001055149226173756,0.001055149226173756
ENSG00000288911,0.001055149226173756,0.001055149226173756
TNNI1,0.001055149226173756,0.001055149226173756
TNFAIP1,0.001055149226173756,0.001055149226173756
ATG16L2,0.001055149226173756,0.001055149226173756
THBS1-IT1,0.001055149226173756,0.001055149226173756
DRG1,0.001055149226173756,0.001055149226173756
FAM83C,0.001055149226173756,0.001055149226173756
STOM,0.001055149226173756,0.001055149226173756
ENSG00000248196,0.001055149226173756,0.001055149226173756
KRT18P12,0.001055149226173756,0.001055149226173756
EGOT,0.001055149226173756,0.001055149226173756
ENSG00000288620,0.001055149226173756,0.001055149226173756
FAM3B,0.001055149226173756,0.001055149226173756
TNFSF13,0.001055149226173756,0.001055149226173756
ENSG00000289200,0.001055149226173756,0.001055149226173756
ENSG00000289609,0.001055149226173756,0.001055149226173756
PSMC5,0.001055149226173756,0.001055149226173756
EGFL7,0.001055149226173756,0.001055149226173756
EFNA3,0.001055149226173756,0.001055149226173756
ENSG00000240729,0.001055149226173756,0.001055149226173756
ENSG00000289724,0.001055149226173756,0.001055149226173756
ENSG00000289839,0.001055149226173756,0.001055149226173756
CHCHD6,0.001055149226173756,0.001055149226173756
PTPN20CP,0.001055149226173756,0.001055149226173756
ATP5MF,0.001055149226173756,0.001055149226173756
KIAA1549L,0.001055149226173756,0.001055149226173756
ENSG00000289841,0.001055149226173756,0.001055149226173756
PPP4R3B-DT,0.001055149226173756,0.001055149226173756
PTP4A2P1,0.001055149226173756,0.001055149226173756
TP53TG1,0.001055149226173756,0.001055149226173756
LINC02446,0.001055149226173756,0.001055149226173756
ENSG00000289875,0.001055149226173756,0.001055149226173756
TEN1,0.001055149226173756,0.001055149226173756
ENSG00000240801,0.001055149226173756,0.001055149226173756
PRELID2,0.001055149226173756,0.001055149226173756
TRAF2,0.001055149226173756,0.001055149226173756
ENSG00000289617,0.001055149226173756,0.001055149226173756
DPEP1,0.001055149226173756,0.001055149226173756
LINC01936,0.001055149226173756,0.001055149226173756
FAM117A,0.001055149226173756,0.001055149226173756
PPP1R14B-AS1,0.001055149226173756,0.001055149226173756
ENSG00000251187,0.001055149226173756,0.001055149226173756
ARMCX3,0.001055149226173756,0.001055149226173756
LINC01805,0.001055149226173756,0.001055149226173756
ENSG00000241003,0.001055149226173756,0.001055149226173756
ENSG00000235445,0.001055149226173756,0.001055149226173756
TEN1-CDK3,0.001055149226173756,0.001055149226173756
ENSG00000291174,0.001055149226173756,0.001055149226173756
DOT1L,0.001055149226173756,0.001055149226173756
SURF4,0.001055149226173756,0.001055149226173756
PYCARD,0.001055149226173756,0.001055149226173756
ENSG00000250615,0.001055149226173756,0.001055149226173756
CDC42EP2,0.001055149226173756,0.001055149226173756
JPH2,0.001055149226173756,0.001055149226173756
THRB,0.001055149226173756,0.001055149226173756
KCTD3,0.001055149226173756,0.001055149226173756
LGALS3BP,0.001055149226173756,0.001055149226173756
LINC01229,0.001055149226173756,0.001055149226173756
TRIM28,0.001055149226173756,0.001055149226173756
ENSG00000291094,0.001055149226173756,0.001055149226173756
ENSG00000289339,0.001055149226173756,0.001055149226173756
ATP5MC1,0.001055149226173756,0.001055149226173756
CDR1,0.001055149226173756,0.001055149226173756
RAB10,0.001055149226173756,0.001055149226173756
PSMD8,0.001055149226173756,0.001055149226173756
ENSG00000289308,0.001055149226173756,0.001055149226173756
ASB16-AS1,0.001055149226173756,0.001055149226173756
DUSP1,0.001055149226173756,0.001055149226173756
ENSG00000287967,0.001055149226173756,0.001055149226173756
PTGER4,0.001055149226173756,0.001055149226173756
ASCL2,0.001055149226173756,0.001055149226173756
TMCC1,0.001055149226173756,0.001055149226173756
EPB41L4A-AS1,0.001055149226173756,0.001055149226173756
LINC02574,0.001055149226173756,0.001055149226173756
DYNC2LI1,0.001055149226173756,0.001055149226173756
ENSG00000289444,0.001055149226173756,0.001055149226173756
RASAL2-AS1,0.001055149226173756,0.001055149226173756
TCF4-AS2,0.001055149226173756,0.001055149226173756
JTB,0.001055149226173756,0.001055149226173756
POU2F1-DT,0.001055149226173756,0.001055149226173756
ENSG00000245482,0.001055149226173756,0.001055149226173756
EYS,0.001055149226173756,0.001055149226173756
LINC01305,0.001055149226173756,0.001055149226173756
TIGIT,0.001055149226173756,0.001055149226173756
ENSG00000287856,0.001055149226173756,0.001055149226173756
EEF1A2,0.001055149226173756,0.001055149226173756
SCN9A,0.001055149226173756,0.001055149226173756
LINC03019,0.001055149226173756,0.001055149226173756
ENSG00000267105,0.001055149226173756,0.001055149226173756
BNC1,0.001055149226173756,0.001055149226173756
ZNF593OS,0.001055149226173756,0.001055149226173756
ENSG00000228084,0.001055149226173756,0.001055149226173756
OSR1,0.001055149226173756,0.001055149226173756
ENSG00000259276,0.001055149226173756,0.001055149226173756
ENSG00000267279,0.001055149226173756,0.001055149226173756
ENSG00000267388,0.001055149226173756,0.001055149226173756
ENSG00000227769,0.001055149226173756,0.001055149226173756
ENSG00000276185,0.001055149226173756,0.001055149226173756
MRPS6,0.001055149226173756,0.001055149226173756
ENSG00000276075,0.001055149226173756,0.001055149226173756
ID4,0.001055149226173756,0.001055149226173756
GDF9,0.001055149226173756,0.001055149226173756
RPL3L,0.001055149226173756,0.001055149226173756
ENSG00000275638,0.001055149226173756,0.001055149226173756
ENSG00000275516,0.001055149226173756,0.001055149226173756
ACAD11,0.001055149226173756,0.001055149226173756
YARS2,0.001055149226173756,0.001055149226173756
OLFM2,0.001055149226173756,0.001055149226173756
MEX3B,0.001055149226173756,0.001055149226173756
SLC38A4-AS1,0.001055149226173756,0.001055149226173756
MRPS31,0.001055149226173756,0.001055149226173756
YIF1A,0.001055149226173756,0.001055149226173756
OFD1,0.001055149226173756,0.001055149226173756
RPL6P25,0.001055149226173756,0.001055149226173756
CASP1P2,0.001055149226173756,0.001055149226173756
MFSD4B-DT,0.001055149226173756,0.001055149226173756
WNT16,0.001055149226173756,0.001055149226173756
AGXT,0.001055149226173756,0.001055149226173756
MGST2,0.001055149226173756,0.001055149226173756
ENSG00000277599,0.001055149226173756,0.001055149226173756
ENSG00000279443,0.001055149226173756,0.001055149226173756
ENSG00000257647,0.001055149226173756,0.001055149226173756
MT-TT,0.001055149226173756,0.001055149226173756
MT-TC,0.001055149226173756,0.001055149226173756
CSKMT,0.001055149226173756,0.001055149226173756
MT-ND3,0.001055149226173756,0.001055149226173756
MSX1,0.001055149226173756,0.001055149226173756
HIGD2A,0.001055149226173756,0.001055149226173756
DGKA,0.001055149226173756,0.001055149226173756
GADD45GIP1,0.001055149226173756,0.001055149226173756
SMIM2-AS1,0.001055149226173756,0.001055149226173756
SMIM2,0.001055149226173756,0.001055149226173756
C1orf116,0.001055149226173756,0.001055149226173756
SMG8,0.001055149226173756,0.001055149226173756
ENSG00000279092,0.001055149226173756,0.001055149226173756
IGHG3,0.001055149226173756,0.001055149226173756
ENSG00000278993,0.001055149226173756,0.001055149226173756
ENSG00000278954,0.001055149226173756,0.001055149226173756
C1QTNF7-AS1,0.001055149226173756,0.001055149226173756
AK1,0.001055149226173756,0.001055149226173756
MST1L,0.001055149226173756,0.001055149226173756
ENSG00000228404,0.001055149226173756,0.001055149226173756
ENSG00000278743,0.001055149226173756,0.001055149226173756
ENSG00000258924,0.001055149226173756,0.001055149226173756
ENSG00000278607,0.001055149226173756,0.001055149226173756
COMMD10,0.001055149226173756,0.001055149226173756
SERPINB12,0.001055149226173756,0.001055149226173756
MGAT4B,0.001055149226173756,0.001055149226173756
ENSG00000273637,0.001055149226173756,0.001055149226173756
ENSG00000279529,0.001055149226173756,0.001055149226173756
ADAMTSL3,0.001055149226173756,0.001055149226173756
ENSG00000268191,0.001055149226173756,0.001055149226173756
ENSG00000268203,0.001055149226173756,0.001055149226173756
NPTN-IT1,0.001055149226173756,0.001055149226173756
MRPL49,0.001055149226173756,0.001055149226173756
CREB3,0.001055149226173756,0.001055149226173756
GRIN3B,0.001055149226173756,0.001055149226173756
HOXB6,0.001055149226173756,0.001055149226173756
DCTN1-AS1,0.001055149226173756,0.001055149226173756
ZNF18,0.001055149226173756,0.001055149226173756
ENSG00000260409,0.001055149226173756,0.001055149226173756
C17orf100,0.001055149226173756,0.001055149226173756
ENSG00000271553,0.001055149226173756,0.001055149226173756
NOG,0.001055149226173756,0.001055149226173756
NMU,0.001055149226173756,0.001055149226173756
ENSG00000270640,0.001055149226173756,0.001055149226173756
SHMT1,0.001055149226173756,0.001055149226173756
SHISA6,0.001055149226173756,0.001055149226173756
RPS5P2,0.001055149226173756,0.001055149226173756
ZNF442,0.001055149226173756,0.001055149226173756
MRPL30,0.001055149226173756,0.001055149226173756
SGSM1,0.001055149226173756,0.001055149226173756
ENSG00000268790,0.001055149226173756,0.001055149226173756
ENSG00000183239,0.001055149226173756,0.001055149226173756
C13orf42,0.001055149226173756,0.001055149226173756
GPX3,0.001055149226173756,0.001055149226173756
CAMKMT,0.001055149226173756,0.001055149226173756
ENSG00000269106,0.001055149226173756,0.001055149226173756
NRBP2,0.001055149226173756,0.001055149226173756
NRN1,0.001055149226173756,0.001055149226173756
RPL7P52,0.001055149226173756,0.001055149226173756
CSNK2A3,0.001055149226173756,0.001055149226173756
ADNP-AS1,0.001055149226173756,0.001055149226173756
ENSG00000226172,0.001055149226173756,0.001055149226173756
BRMS1L,0.001055149226173756,0.001055149226173756
NDUFAF7,0.001055149226173756,0.001055149226173756
RPN2,0.001055149226173756,0.001055149226173756
COSMOC,0.001055149226173756,0.001055149226173756
MIEN1,0.001055149226173756,0.001055149226173756
ZC3H12A,0.001055149226173756,0.001055149226173756
CALN1,0.001055149226173756,0.001055149226173756
ENSG00000273199,0.001055149226173756,0.001055149226173756
ENSG00000273188,0.001055149226173756,0.001055149226173756
ENSG00000273155,0.001055149226173756,0.001055149226173756
SLC16A14,0.001055149226173756,0.001055149226173756
SETD1A,0.001055149226173756,0.001055149226173756
RPS12P3,0.001055149226173756,0.001055149226173756
COX6C,0.001055149226173756,0.001055149226173756
GRTP1-AS1,0.001055149226173756,0.001055149226173756
C19orf33,0.001055149226173756,0.001055149226173756
ENSG00000197670,0.001055149226173756,0.001055149226173756
GNG12-AS1,0.001055149226173756,0.001055149226173756
HROB,0.001055149226173756,0.001055149226173756
HRH1,0.001055149226173756,0.001055149226173756
COX7C,0.001055149226173756,0.001055149226173756
ENSG00000267748,0.001055149226173756,0.001055149226173756
NT5C3A,0.001055149226173756,0.001055149226173756
CP,0.001055149226173756,0.001055149226173756
RPS16,0.001055149226173756,0.001055149226173756
SNHG31,0.001055149226173756,0.001055149226173756
BIRC3,0.001055149226173756,0.001055149226173756
SNHG9,0.001055149226173756,0.001055149226173756
CYP2A7,0.001055149226173756,0.001055149226173756
IQCJ-SCHIP1,0.001055149226173756,0.001055149226173756
ENSG00000262833,0.001055149226173756,0.001055149226173756
SRD5A3-AS1,0.001055149226173756,0.001055149226173756
SRBD1,0.001055149226173756,0.001055149226173756
ENSG00000284969,0.001055149226173756,0.001055149226173756
TUFT1,0.001055149226173756,0.001055149226173756
PID1,0.001055149226173756,0.001055149226173756
H4C4,0.001055149226173756,0.001055149226173756
ENSG00000231705,0.001055149226173756,0.001055149226173756
CCDC43,0.001055149226173756,0.001055149226173756
SPRR2D,0.001055149226173756,0.001055149226173756
TWIST2,0.001055149226173756,0.001055149226173756
CYP2A13,0.001055149226173756,0.001055149226173756
CA2,0.001055149226173756,0.001055149226173756
ENSG00000264000,0.001055149226173756,0.001055149226173756
SPIN2B,0.001055149226173756,0.001055149226173756
ANKRD18A,0.001055149226173756,0.001055149226173756
ENSG00000255118,0.001055149226173756,0.001055149226173756
BARX2,0.001055149226173756,0.001055149226173756
LVRN,0.001055149226173756,0.001055149226173756
LXN,0.001055149226173756,0.001055149226173756
LY6D,0.001055149226173756,0.001055149226173756
ENSG00000283737,0.001055149226173756,0.001055149226173756
SPATA42,0.001055149226173756,0.001055149226173756
COA3,0.001055149226173756,0.001055149226173756
ANKFN1,0.001055149226173756,0.001055149226173756
ZNF830,0.001055149226173756,0.001055149226173756
LYPD3,0.001055149226173756,0.001055149226173756
LRRC75A,0.001055149226173756,0.001055149226173756
ENSG00000285366,0.001055149226173756,0.001055149226173756
TUBB4A,0.001055149226173756,0.001055149226173756
RNA5SP429,0.001055149226173756,0.001055149226173756
MYH9-DT,0.001055149226173756,0.001055149226173756
PMVK,0.001055149226173756,0.001055149226173756
C6orf141,0.001055149226173756,0.001055149226173756
DNAJC27,0.001055149226173756,0.001055149226173756
LIX1,0.001055149226173756,0.001055149226173756
ENSG00000261915,0.001055149226173756,0.001055149226173756
ENSG00000253837,0.001055149226173756,0.001055149226173756
TSG101,0.001055149226173756,0.001055149226173756
FANCE,0.001055149226173756,0.001055149226173756
ENSG00000286010,0.001055149226173756,0.001055149226173756
LMOD3,0.001055149226173756,0.001055149226173756
ATXN1-AS1,0.001055149226173756,0.001055149226173756
SCAF8,0.001055149226173756,0.001055149226173756
ENSG00000254321,0.001055149226173756,0.001055149226173756
ANO1-AS1,0.001055149226173756,0.001055149226173756
RN7SL452P,0.001055149226173756,0.001055149226173756
ENSG00000233005,0.001055149226173756,0.001055149226173756
CYP1A2,0.001055149226173756,0.001055149226173756
ENSG00000285820,0.001055149226173756,0.001055149226173756
ENSG00000285816,0.001055149226173756,0.001055149226173756
MUC16,0.001055149226173756,0.001055149226173756
PKDREJ,0.001055149226173756,0.001055149226173756
LRP8,0.001055149226173756,0.001055149226173756
ZNRD2-DT,0.001055149226173756,0.001055149226173756
ENSG00000285696,0.001055149226173756,0.001055149226173756
LRRC28,0.001055149226173756,0.001055149226173756
TUBA1A,0.001055149226173756,0.001055149226173756
RNU5E-1,0.001055149226173756,0.001055149226173756
GPX4,0.001055149226173756,0.001055149226173756
ENSG00000213386,0.001055149226173756,0.001055149226173756
CCDC15-DT,0.001055149226173756,0.001055149226173756
SOCS3,0.001055149226173756,0.001055149226173756
UGT1A9,0.001055149226173756,0.001055149226173756
FOXM1,0.001055149226173756,0.001055149226173756
ENSG00000279570,0.001055149226173756,0.001055149226173756
RNU6-1045P,0.001055149226173756,0.001055149226173756
MALSU1,0.001055149226173756,0.001055149226173756
ENSG00000280067,0.001055149226173756,0.001055149226173756
MTCO3P17,0.001055149226173756,0.001055149226173756
IL20RA,0.001055149226173756,0.001055149226173756
GUSBP2,0.001055149226173756,0.001055149226173756
SENP2,0.001055149226173756,0.001055149226173756
C1orf68,0.001055149226173756,0.001055149226173756
IL18RAP,0.001055149226173756,0.001055149226173756
UGT1A7,0.001055149226173756,0.001055149226173756
ENSG00000266049,0.001055149226173756,0.001055149226173756
UPF3B,0.001055149226173756,0.001055149226173756
UQCR10,0.001055149226173756,0.001055149226173756
MAP3K14-AS1,0.001055149226173756,0.001055149226173756
SEPHS2,0.001055149226173756,0.001055149226173756
SNORD70,0.001055149226173756,0.001055149226173756
USP32,0.001055149226173756,0.001055149226173756
SNORD3B-2,0.001055149226173756,0.001055149226173756
ENSG00000266368,0.001055149226173756,0.001055149226173756
HHATL,0.001055149226173756,0.001055149226173756
DHRS4,0.001055149226173756,0.001055149226173756
ALG10,0.001055149226173756,0.001055149226173756
UGT1A8,0.001055149226173756,0.001055149226173756
RXYLT1,0.001055149226173756,0.001055149226173756
ENSG00000230532,0.001055149226173756,0.001055149226173756
MADCAM1,0.001055149226173756,0.001055149226173756
UGT1A6,0.001055149226173756,0.001055149226173756
ENSG00000261329,0.001055149226173756,0.001055149226173756
RNU6-509P,0.001055149226173756,0.001055149226173756
UGT1A10,0.001055149226173756,0.001055149226173756
PELI2,0.001055149226173756,0.001055149226173756
UGT1A3,0.001055149226173756,0.001055149226173756
BBS10,0.001055149226173756,0.001055149226173756
RNU6-681P,0.001055149226173756,0.001055149226173756
UGT1A1,0.001055149226173756,0.001055149226173756
ENSG00000280351,0.001055149226173756,0.001055149226173756
UGT1A4,0.001055149226173756,0.001055149226173756
ENSG00000280828,0.001055149226173756,0.001055149226173756
MACIR,0.001055149226173756,0.001055149226173756
SOX15,0.001055149226173756,0.001055149226173756
UGT1A5,0.001055149226173756,0.001055149226173756
PGBD2,0.001055149226173756,0.001055149226173756
RNU6ATAC23P,0.001055149226173756,0.001055149226173756
EPHA2,0.0010551492261737553,0.0010551492261737553
HAUS2,-0.0010547007687707703,0.0010547007687707703
TEX10,-0.0010547007687707703,0.0010547007687707703
TASOR,-0.0010546555445065469,0.0010546555445065469
HDC,0.0010546255083339721,0.0010546255083339721
SNAPC3,0.001054620077327597,0.001054620077327597
PRF1,0.001054612480878417,0.001054612480878417
SNX21,-0.0010540119040201904,0.0010540119040201904
RPL35AP32,0.0010538704884815587,0.0010538704884815587
CALM2,-0.0010537204191838074,0.0010537204191838074
NRSN2,0.0010536847408037801,0.0010536847408037801
APOBEC3D,-0.0010533078770089347,0.0010533078770089347
EIF3B,0.001052458096433541,0.001052458096433541
ZNF77,0.0010522940453127337,0.0010522940453127337
LINC00899,-0.0010522413234443353,0.0010522413234443353
YWHAG,0.001052092124063094,0.001052092124063094
CD68,0.001052092124063094,0.001052092124063094
RTF2,0.001051995679497511,0.001051995679497511
MSRB3,0.0010515696888275727,0.0010515696888275727
PCYOX1L,-0.0010514448834538124,0.0010514448834538124
JADE1,0.0010514386013957113,0.0010514386013957113
MCM3AP-AS1,-0.0010508778153309126,0.0010508778153309126
KRT16P6,-0.0010506724946734852,0.0010506724946734852
ENSG00000290977,-0.0010506724946734852,0.0010506724946734852
ATF6,0.001050430932234595,0.001050430932234595
LGR4,-0.0010494075701060878,0.0010494075701060878
MGAT1,-0.0010490482010992288,0.0010490482010992288
MEGF9,0.001049032985396954,0.001049032985396954
RPS10,0.001049032985396954,0.001049032985396954
R3HDM2,0.0010484328062957498,0.0010484328062957498
HSPA5P1,-0.0010482449269915302,0.0010482449269915302
DFFB,-0.0010482449269915302,0.0010482449269915302
ATG12,-0.0010480645941068874,0.0010480645941068874
C14orf132,-0.001047290284753368,0.001047290284753368
ZCWPW2,-0.0010468985672211371,0.0010468985672211371
DIABLO,-0.0010463874800181695,0.0010463874800181695
HCAR3,0.0010458140399142379,0.0010458140399142379
PCDH9,0.0010454246445766654,0.0010454246445766654
C17orf80,0.0010452459999553446,0.0010452459999553446
BDH2,0.001044804677719316,0.001044804677719316
P3H1,-0.0010448043856346291,0.0010448043856346291
CTCF,-0.0010446853638806013,0.0010446853638806013
PARP16,-0.0010445657552324535,0.0010445657552324535
ARHGAP24,0.001043441652598664,0.001043441652598664
PLXDC1,-0.001043406268954869,0.001043406268954869
APOBR,-0.001043103891498738,0.001043103891498738
ENSG00000256249,0.0010429817301764652,0.0010429817301764652
LRP4,0.0010429817301764652,0.0010429817301764652
ENSG00000205622,0.0010426340198199074,0.0010426340198199074
ENSG00000287860,0.0010426340198199074,0.0010426340198199074
AIRN,0.0010426340198199074,0.0010426340198199074
KITLG,0.0010426340198199074,0.0010426340198199074
GSR,0.001042408419238256,0.001042408419238256
QKI,0.0010419999407094637,0.0010419999407094637
CMYA5,0.00104182111525015,0.00104182111525015
CPLX1,-0.0010412790227871018,0.0010412790227871018
POLB,-0.0010410873556501807,0.0010410873556501807
ANKRD36B,-0.0010410850166334465,0.0010410850166334465
MDH2,0.0010405642975407185,0.0010405642975407185
OGT,0.001040071574452157,0.001040071574452157
SPP1,-0.001040053916148729,0.001040053916148729
HDX,0.0010398177019556698,0.0010398177019556698
ENSG00000291212,0.0010398177019556698,0.0010398177019556698
ENSG00000258525,0.0010398177019556698,0.0010398177019556698
ENSG00000285103,-0.0010395662954718024,0.0010395662954718024
CCDC50,-0.0010392504075186187,0.0010392504075186187
EIF5AP2,-0.0010392451164553246,0.0010392451164553246
MTHFR,-0.0010391901033651126,0.0010391901033651126
ANKRD10,0.001039156112109231,0.001039156112109231
EGLN3,0.0010388253201726856,0.0010388253201726856
ATXN7L1,0.0010385972187747854,0.0010385972187747854
ZXDB,0.0010383599132030945,0.0010383599132030945
TRPV1,0.0010383599132030945,0.0010383599132030945
DCAF12,0.0010383599132030945,0.0010383599132030945
PAPLN,0.0010382729243950178,0.0010382729243950178
POLE,0.0010382729243950178,0.0010382729243950178
MBD6,0.0010382448579728343,0.0010382448579728343
TPCN2,0.0010379967951514213,0.0010379967951514213
TMED7-TICAM2,0.0010377658479751098,0.0010377658479751098
SLC12A2,-0.001037230946642527,0.001037230946642527
FLVCR1,-0.0010370874221025737,0.0010370874221025737
CYTIP,-0.0010370874221025737,0.0010370874221025737
SPON2,-0.0010370746262083114,0.0010370746262083114
FAM86DP,-0.001036350265768661,0.001036350265768661
OSMR,0.001036276095536101,0.001036276095536101
BBS2,-0.001036181638413529,0.001036181638413529
LINC01376,-0.0010355025993371333,0.0010355025993371333
BTBD8,-0.0010355025993371333,0.0010355025993371333
TPM2,0.0010349997761829874,0.0010349997761829874
DNAJC7,-0.0010347521837144802,0.0010347521837144802
OLMALINC,0.0010345663997450407,0.0010345663997450407
PRKRA,-0.0010343313343356367,0.0010343313343356367
GBE1,-0.0010334571077351934,0.0010334571077351934
TFRC,-0.0010330893367483521,0.0010330893367483521
ENSG00000151303,-0.0010330031604224982,0.0010330031604224982
CALCRL,0.001032975003756886,0.001032975003756886
FAM174B,-0.0010327706419517885,0.0010327706419517885
CAPZA2,0.0010327670841958764,0.0010327670841958764
SPAST,-0.0010324817842023483,0.0010324817842023483
PDGFD,-0.0010320456722079615,0.0010320456722079615
LPIN3,0.001031599310168577,0.001031599310168577
HMGN3,0.001031599310168577,0.001031599310168577
MASTL,0.001031599310168577,0.001031599310168577
NBPF26,0.001031599310168577,0.001031599310168577
USP25,0.001031599310168577,0.001031599310168577
SLC6A11,0.001031599310168577,0.001031599310168577
ADAM33,0.001031599310168577,0.001031599310168577
PTGS2,0.001031599310168577,0.001031599310168577
ZNF337,0.001031599310168577,0.001031599310168577
TGM5,0.001031599310168577,0.001031599310168577
MMAA,-0.0010315475955550277,0.0010315475955550277
ENSG00000227775,-0.0010315221338409028,0.0010315221338409028
NOTCH2,-0.0010314869196048015,0.0010314869196048015
TRIM47,0.0010313974697062195,0.0010313974697062195
TMSB4XP4,-0.001031389218682608,0.001031389218682608
TUBD1,0.0010311398107705947,0.0010311398107705947
FAM86B1,0.001031117860327238,0.001031117860327238
ASNS,0.001031117860327238,0.001031117860327238
CHRNG,0.001031117860327238,0.001031117860327238
ENSG00000289543,0.001031117860327238,0.001031117860327238
MGC16275,0.001031117860327238,0.001031117860327238
RHOG,0.001031117860327238,0.001031117860327238
PRPSAP2,0.001031117860327238,0.001031117860327238
PALM2AKAP2,-0.0010308854393521328,0.0010308854393521328
PDLIM4,0.001030329375538943,0.001030329375538943
SOCS4,-0.001030194754018672,0.001030194754018672
CNTNAP3,-0.0010300790492318705,0.0010300790492318705
HIF1AN,-0.0010298382114787023,0.0010298382114787023
ENSG00000254692,0.0010298200095213584,0.0010298200095213584
SFXN1,-0.0010295453708455895,0.0010295453708455895
DOCK7,-0.001029025294979254,0.001029025294979254
DMAC1,-0.001028817856608089,0.001028817856608089
SERPINB9,0.0010283331293509058,0.0010283331293509058
RANBP3L,-0.001028321545005557,0.001028321545005557
ENSG00000235351,-0.001028023642902659,0.001028023642902659
SGPL1,0.0010278156612678814,0.0010278156612678814
LINC02511,0.0010274163861866497,0.0010274163861866497
MARK2,-0.0010271979686435305,0.0010271979686435305
ARL8A,0.0010270589336481579,0.0010270589336481579
RNF138,0.0010269881863461052,0.0010269881863461052
ZNF793,-0.0010267959237843923,0.0010267959237843923
AGPAT5,-0.0010264429128123338,0.0010264429128123338
TNPO3,0.0010262968989079985,0.0010262968989079985
CREB3L1,0.0010260617600165694,0.0010260617600165694
MRGBP,0.0010260617600165694,0.0010260617600165694
RNF212,0.0010260314444149295,0.0010260314444149295
RPS4XP17,-0.0010257840436463433,0.0010257840436463433
UBQLN1,0.0010257115446557304,0.0010257115446557304
ATF7IP2,0.0010256716885690964,0.0010256716885690964
INO80B-WBP1,-0.001025595357590702,0.001025595357590702
MIR3945HG,-0.0010255573871537547,0.0010255573871537547
SDC4,-0.0010255242724542437,0.0010255242724542437
ACAP3,-0.0010255242724542437,0.0010255242724542437
ENSG00000285091,-0.0010255242724542437,0.0010255242724542437
ENSG00000287892,-0.0010255242724542437,0.0010255242724542437
EIF2B2,-0.0010255242724542437,0.0010255242724542437
JPT1,-0.0010255242724542437,0.0010255242724542437
SRGAP2C,-0.0010255242724542437,0.0010255242724542437
DPY19L3-DT,-0.0010255242724542437,0.0010255242724542437
OAT,-0.0010255242724542437,0.0010255242724542437
ENSG00000266076,-0.0010255242724542437,0.0010255242724542437
ENSG00000265678,-0.0010255242724542437,0.0010255242724542437
ZFP69B,-0.0010255242724542437,0.0010255242724542437
SRSF2,-0.0010255242724542437,0.0010255242724542437
ENSG00000266978,-0.0010255242724542437,0.0010255242724542437
BMP1,-0.0010255242724542437,0.0010255242724542437
GSKIP,-0.0010255242724542437,0.0010255242724542437
TTLL1-AS1,-0.0010255242724542437,0.0010255242724542437
ENSG00000239593,-0.0010255242724542437,0.0010255242724542437
KDM6B,-0.0010255242724542437,0.0010255242724542437
HEXB,-0.0010255242724542437,0.0010255242724542437
UBA2,-0.0010255242724542437,0.0010255242724542437
ENSG00000285624,-0.0010255242724542437,0.0010255242724542437
MIR497HG,-0.0010255242724542437,0.0010255242724542437
LINC02470,-0.0010255242724542437,0.0010255242724542437
ZNF818P,-0.0010255242724542437,0.0010255242724542437
SULT2B1,-0.0010255242724542437,0.0010255242724542437
ENSG00000289864,-0.0010255242724542437,0.0010255242724542437
GPBAR1,-0.0010255242724542437,0.0010255242724542437
ENSG00000280254,-0.0010255242724542437,0.0010255242724542437
ZNF490,-0.0010255242724542437,0.0010255242724542437
MYH7B,-0.0010255242724542437,0.0010255242724542437
ENSG00000286485,-0.0010255242724542437,0.0010255242724542437
ITGA2B,-0.0010255242724542437,0.0010255242724542437
LINC00886,-0.0010255242724542437,0.0010255242724542437
RRP15,-0.0010255242724542437,0.0010255242724542437
BCL3,-0.0010255242724542437,0.0010255242724542437
GMDS,-0.0010255242724542437,0.0010255242724542437
ROGDI,-0.0010255242724542437,0.0010255242724542437
ENSG00000286070,-0.0010255242724542437,0.0010255242724542437
ENSG00000280002,-0.0010255242724542437,0.0010255242724542437
ENSG00000291131,-0.0010255242724542437,0.0010255242724542437
ALKBH1,-0.0010255242724542437,0.0010255242724542437
LINC03007,-0.0010255242724542437,0.0010255242724542437
OSBPL7,-0.0010255242724542437,0.0010255242724542437
ENSG00000288899,-0.0010255242724542437,0.0010255242724542437
SEC22B,-0.0010255242724542437,0.0010255242724542437
BST2,-0.0010255242724542437,0.0010255242724542437
TMX3,0.0010254027499863993,0.0010254027499863993
SLC2A5,-0.0010246308579497073,0.0010246308579497073
CBFB,0.0010243858907570428,0.0010243858907570428
MIDN,0.0010243858907570428,0.0010243858907570428
NOC3L,0.0010243858907570428,0.0010243858907570428
ENSG00000235582,0.0010236417682198589,0.0010236417682198589
GRAMD1A,-0.0010233719493042504,0.0010233719493042504
GAB2,0.0010228472336414691,0.0010228472336414691
RECQL4,-0.0010227706138037187,0.0010227706138037187
ENSG00000229172,-0.0010227706138037187,0.0010227706138037187
RPL12P20,0.001022604590036033,0.001022604590036033
KTN1,-0.001022253388147338,0.001022253388147338
LRRC59,-0.0010221851316319513,0.0010221851316319513
ENSG00000287422,0.0010221535525056465,0.0010221535525056465
ENSG00000250509,0.001021767938271404,0.001021767938271404
H3-3B,-0.0010217676697886952,0.0010217676697886952
TRIM25,0.001021652975801577,0.001021652975801577
NFKB2,-0.001021382469655311,0.001021382469655311
TIGD1,0.0010212480964057779,0.0010212480964057779
ZNF667,-0.0010205287604224255,0.0010205287604224255
ETV1,-0.0010205287604224255,0.0010205287604224255
TEX45,0.0010196977917224903,0.0010196977917224903
THADA,-0.0010193253213848313,0.0010193253213848313
GLB1,-0.0010191316681034874,0.0010191316681034874
LINC03049,0.0010190757879628956,0.0010190757879628956
CEP83,-0.0010189614895917936,0.0010189614895917936
PABPC1,0.0010182294311042645,0.0010182294311042645
ITGBL1,0.0010176711834152382,0.0010176711834152382
RAET1E,0.0010175341147569503,0.0010175341147569503
NOS3,0.00101753026971253,0.00101753026971253
USP49,-0.0010171209173298226,0.0010171209173298226
IFI44L,0.0010169470959995475,0.0010169470959995475
MIER1,0.0010168867792651548,0.0010168867792651548
MAP3K11,0.0010167979811679473,0.0010167979811679473
CUTALP,0.0010167581284237905,0.0010167581284237905
PHF10,0.001016389214121871,0.001016389214121871
KLHL21,-0.0010160935583509955,0.0010160935583509955
ENSG00000286548,-0.001016083850307201,0.001016083850307201
HNRNPR,-0.0010159254523244377,0.0010159254523244377
DLAT,0.001015665144972909,0.001015665144972909
KIF13B,0.0010155428939808578,0.0010155428939808578
KCTD13,-0.0010155402776087963,0.0010155402776087963
PPP4R1L,-0.0010155014173108049,0.0010155014173108049
KLF5,-0.0010155014173108049,0.0010155014173108049
SBF2-AS1,-0.0010155014173108049,0.0010155014173108049
TRIT1,-0.0010155014173108049,0.0010155014173108049
XRCC6P2,-0.0010155014173108049,0.0010155014173108049
FASTKD1,-0.0010155014173108049,0.0010155014173108049
RHOJ,0.001015294346013135,0.001015294346013135
HIC2,-0.0010142549513665682,0.0010142549513665682
ENSG00000279232,-0.0010142549513665682,0.0010142549513665682
ENSG00000272750,-0.001014164496309422,0.001014164496309422
LACC1,0.0010140573082230318,0.0010140573082230318
SELE,-0.0010134342888775429,0.0010134342888775429
HLA-DRB5,0.001012930879323298,0.001012930879323298
ENSG00000287368,0.0010126565128468139,0.0010126565128468139
THBS1,0.0010121676424409618,0.0010121676424409618
CAPZB,-0.0010120939703498746,0.0010120939703498746
JAK1,0.0010118314738927743,0.0010118314738927743
POC1B-GALNT4,-0.0010111414622203812,0.0010111414622203812
GALNT4,-0.0010111414622203812,0.0010111414622203812
ENSG00000291186,-0.0010110908717304763,0.0010110908717304763
PPP1R12B,0.0010098249098707166,0.0010098249098707166
CTC1,0.0010096884884152856,0.0010096884884152856
KRBA2,-0.0010087544940726272,0.0010087544940726272
FAM3C,-0.0010082295789043982,0.0010082295789043982
FLVCR1-DT,-0.0010077869094277136,0.0010077869094277136
TAGLN,-0.001007217304301271,0.001007217304301271
SLC7A1,0.0010070067615970566,0.0010070067615970566
ENSG00000125695,-0.001006724208057868,0.001006724208057868
F8,-0.001006724208057868,0.001006724208057868
ENSG00000289755,-0.001006724208057868,0.001006724208057868
MED13,-0.001006724208057868,0.001006724208057868
SMPD3,-0.0010055894393845746,0.0010055894393845746
KLK10,0.00100497031037088,0.00100497031037088
IL6,0.001004732444361594,0.001004732444361594
MAP3K3,0.0010039987772960052,0.0010039987772960052
GET1,-0.0010036109145272793,0.0010036109145272793
RNASET2,0.0010032796177427729,0.0010032796177427729
ENSG00000255750,0.001002688874807271,0.001002688874807271
MIPOL1,0.0010023119902021103,0.0010023119902021103
MS4A4A,-0.0010021892449295052,0.0010021892449295052
LAMTOR5,-0.0010021598589570126,0.0010021598589570126
AASDHPPT,0.0010020134078030335,0.0010020134078030335
UBE2Z,0.0010020128970772001,0.0010020128970772001
CD82,-0.0010019543422464042,0.0010019543422464042
PVRIG,-0.0010019543422464042,0.0010019543422464042
ENSG00000267769,0.0010018573995328986,0.0010018573995328986
LIG3,-0.0010017132944169886,0.0010017132944169886
MAGOH3P,0.0010014469365484501,0.0010014469365484501
TES,-0.0010012571916213952,0.0010012571916213952
PRIM1,-0.0010011286717331153,0.0010011286717331153
TNFAIP3,0.0010010306833707204,0.0010010306833707204
FRZB,-0.0010008090277466263,0.0010008090277466263
CYTH2,-0.001000633886378418,0.001000633886378418
CREB3L2,0.0009993267067499993,0.0009993267067499993
HIC1,0.0009993267067499993,0.0009993267067499993
CAV2,0.0009984225688947292,0.0009984225688947292
PPIAP85,-0.0009982612157680276,0.0009982612157680276
ENSG00000251139,-0.0009982612157680144,0.0009982612157680144
MTATP6P27,-0.0009982612157680144,0.0009982612157680144
KCNAB3,-0.0009982612157680144,0.0009982612157680144
PPP2R3C,-0.0009982612157680144,0.0009982612157680144
GGN,-0.0009982612157680144,0.0009982612157680144
LINC02395,-0.0009982612157680144,0.0009982612157680144
FAM104B,-0.0009982612157680144,0.0009982612157680144
GDNF,-0.0009982612157680144,0.0009982612157680144
OAZ3,-0.0009982612157680144,0.0009982612157680144
RPL36P4,-0.0009982612157680144,0.0009982612157680144
ENSG00000270175,-0.0009982612157680144,0.0009982612157680144
COPS2,-0.0009982612157680144,0.0009982612157680144
ENSG00000273980,-0.0009982612157680144,0.0009982612157680144
ENSG00000287419,-0.0009982612157680144,0.0009982612157680144
ENSG00000286951,-0.0009982612157680144,0.0009982612157680144
ENSG00000259621,-0.0009982612157680144,0.0009982612157680144
ORC5,-0.0009982612157680144,0.0009982612157680144
ENSG00000286442,-0.0009982612157680144,0.0009982612157680144
ENSG00000287456,-0.0009982612157680144,0.0009982612157680144
AGFG2,-0.0009982612157680144,0.0009982612157680144
ACTG2,-0.0009982612157680144,0.0009982612157680144
ENSG00000266709,-0.0009982612157680144,0.0009982612157680144
LINC01711,-0.0009982612157680144,0.0009982612157680144
RPL39,-0.0009982612157680144,0.0009982612157680144
ENSG00000274993,-0.0009982612157680144,0.0009982612157680144
ENSG00000287408,-0.0009982612157680144,0.0009982612157680144
ATP5MFP5,-0.0009982612157680144,0.0009982612157680144
ZNF790,-0.0009982612157680144,0.0009982612157680144
ENSG00000236065,-0.0009982612157680144,0.0009982612157680144
FAM78B,-0.0009982612157680144,0.0009982612157680144
AGBL5-IT1,-0.0009982612157680144,0.0009982612157680144
JMJD6,-0.0009982612157680144,0.0009982612157680144
SUMO2P8,-0.0009982612157680144,0.0009982612157680144
JKAMP,-0.0009982612157680144,0.0009982612157680144
LINC02334,-0.0009982612157680144,0.0009982612157680144
CAD,-0.0009982612157680144,0.0009982612157680144
FAM151A,-0.0009982612157680144,0.0009982612157680144
RGS20,-0.0009982612157680144,0.0009982612157680144
ENSG00000269997,-0.0009982612157680144,0.0009982612157680144
CCN6,-0.0009982612157680144,0.0009982612157680144
SHISA2,-0.0009982612157680144,0.0009982612157680144
LINC02211,-0.0009982612157680144,0.0009982612157680144
FAM162B,-0.0009982612157680144,0.0009982612157680144
EMILIN1,-0.0009982612157680144,0.0009982612157680144
STS,-0.0009982612157680144,0.0009982612157680144
BOLA2P2,-0.0009982612157680144,0.0009982612157680144
ENSG00000253174,-0.0009982612157680144,0.0009982612157680144
MFFP1,-0.0009982612157680144,0.0009982612157680144
ENSG00000218631,-0.0009982612157680144,0.0009982612157680144
CACTIN,-0.0009982612157680144,0.0009982612157680144
ENSG00000265625,-0.0009982612157680144,0.0009982612157680144
CHCHD2P11,-0.0009982612157680144,0.0009982612157680144
RPL7AP2,-0.0009982612157680144,0.0009982612157680144
ENSG00000226946,-0.0009982612157680144,0.0009982612157680144
ENSG00000259617,-0.0009982612157680144,0.0009982612157680144
LINC02694,-0.0009982612157680144,0.0009982612157680144
CHI3L2,-0.0009982612157680144,0.0009982612157680144
ENSG00000224155,-0.0009982612157680144,0.0009982612157680144
LINC01948,-0.0009982612157680144,0.0009982612157680144
ENSG00000266401,-0.0009982612157680144,0.0009982612157680144
ENSG00000253105,-0.0009982612157680144,0.0009982612157680144
STPG4,-0.0009982612157680144,0.0009982612157680144
ENSG00000227496,-0.0009982612157680144,0.0009982612157680144
SLC35A4,-0.0009982612157680144,0.0009982612157680144
TRAPPC11,-0.0009982612157680144,0.0009982612157680144
GUSBP1,-0.0009982612157680144,0.0009982612157680144
KATNB1,-0.0009982612157680144,0.0009982612157680144
YWHAZP3,-0.0009982612157680144,0.0009982612157680144
MTCYBP3,-0.0009982612157680144,0.0009982612157680144
ENSG00000286760,-0.0009982612157680144,0.0009982612157680144
CORO1B,-0.0009982612157680144,0.0009982612157680144
LINC02392,-0.0009982612157680144,0.0009982612157680144
BVES,-0.0009982612157680144,0.0009982612157680144
HNRNPA1P76,-0.0009982612157680144,0.0009982612157680144
VN1R1,-0.0009982612157680144,0.0009982612157680144
RPL13AP7,-0.0009982612157680144,0.0009982612157680144
PFDN4,-0.0009982612157680144,0.0009982612157680144
HMBS,-0.0009982612157680144,0.0009982612157680144
PFKFB4,-0.0009982612157680144,0.0009982612157680144
ENSG00000279311,-0.0009982612157680144,0.0009982612157680144
UBQLN4,-0.0009982612157680144,0.0009982612157680144
CCDC191,-0.0009982612157680144,0.0009982612157680144
INHBA,-0.0009982612157680144,0.0009982612157680144
RPL14P3,-0.0009982612157680144,0.0009982612157680144
BLACAT1,-0.0009982612157680144,0.0009982612157680144
EIF4A1P4,-0.0009982612157680144,0.0009982612157680144
FLAD1,-0.0009982612157680144,0.0009982612157680144
ANKLE1,-0.0009982612157680144,0.0009982612157680144
SPDYE18,-0.0009982612157680144,0.0009982612157680144
SPDYE3,-0.0009982612157680144,0.0009982612157680144
LINC03025,-0.0009982612157680144,0.0009982612157680144
MRPS5,-0.0009982612157680144,0.0009982612157680144
INSL3,-0.0009982612157680144,0.0009982612157680144
PHF5GP,-0.0009982612157680144,0.0009982612157680144
C1GALT1C1,-0.0009982612157680144,0.0009982612157680144
U4,-0.0009982612157680144,0.0009982612157680144
TYSND1,-0.0009982612157680144,0.0009982612157680144
RNPEPL1,-0.0009982612157680144,0.0009982612157680144
ENSG00000231412,-0.0009982612157680144,0.0009982612157680144
ENSG00000261051,-0.0009982612157680144,0.0009982612157680144
GSPT2,-0.0009982612157680144,0.0009982612157680144
ZNF391,-0.0009982612157680144,0.0009982612157680144
ENSG00000284882,-0.0009982612157680144,0.0009982612157680144
ENSG00000231731,-0.0009982612157680144,0.0009982612157680144
ENSG00000231760,-0.0009982612157680144,0.0009982612157680144
ENSG00000258035,-0.0009982612157680144,0.0009982612157680144
CCDC175,-0.0009982612157680144,0.0009982612157680144
ENSG00000280392,-0.0009982612157680144,0.0009982612157680144
GREM1,-0.0009982612157680144,0.0009982612157680144
GRID1,-0.0009982612157680144,0.0009982612157680144
NEDD1,-0.0009982612157680144,0.0009982612157680144
USP51,-0.0009982612157680144,0.0009982612157680144
SNORA75,-0.0009982612157680144,0.0009982612157680144
ENSG00000257121,-0.0009982612157680144,0.0009982612157680144
FTH1P12,-0.0009982612157680144,0.0009982612157680144
UQCRFS1P1,-0.0009982612157680144,0.0009982612157680144
PCDHB7,-0.0009982612157680144,0.0009982612157680144
SNRPEP2,-0.0009982612157680144,0.0009982612157680144
CCDC144CP,-0.0009982612157680144,0.0009982612157680144
ENSG00000257252,-0.0009982612157680144,0.0009982612157680144
ENSG00000279589,-0.0009982612157680144,0.0009982612157680144
ENSG00000260832,-0.0009982612157680144,0.0009982612157680144
ENSG00000268573,-0.0009982612157680144,0.0009982612157680144
ENSG00000280054,-0.0009982612157680144,0.0009982612157680144
FOXP1-AS1,-0.0009982612157680144,0.0009982612157680144
ENSG00000256152,-0.0009982612157680144,0.0009982612157680144
PCBP4,-0.0009982612157680144,0.0009982612157680144
VAC14-AS1,-0.0009982612157680144,0.0009982612157680144
MAL2-AS1,-0.0009982612157680144,0.0009982612157680144
MAL2,-0.0009982612157680144,0.0009982612157680144
ENSG00000279519,-0.0009982612157680144,0.0009982612157680144
PBX4,-0.0009982612157680144,0.0009982612157680144
RNU6-824P,-0.0009982612157680144,0.0009982612157680144
ENSG00000280216,-0.0009982612157680144,0.0009982612157680144
EIF4H,-0.0009982612157680144,0.0009982612157680144
RNU6-288P,-0.0009982612157680144,0.0009982612157680144
ENSG00000280334,-0.0009982612157680144,0.0009982612157680144
IGLL3P,-0.0009982612157680144,0.0009982612157680144
ENSG00000260772,-0.0009982612157680144,0.0009982612157680144
RPL21P135,-0.0009982612157680144,0.0009982612157680144
VPS37D,-0.0009982612157680144,0.0009982612157680144
ENSG00000220506,-0.0009982612157680144,0.0009982612157680144
RN7SL414P,-0.0009982612157680144,0.0009982612157680144
ENSG00000285845,-0.0009982612157680144,0.0009982612157680144
ENSG00000285878,-0.0009982612157680144,0.0009982612157680144
ENSG00000267090,-0.0009982612157680144,0.0009982612157680144
ANP32BP1,-0.0009982612157680144,0.0009982612157680144
FBN2,-0.0009982612157680144,0.0009982612157680144
ENSG00000261207,-0.0009982612157680144,0.0009982612157680144
COMMD4,-0.0009982612157680144,0.0009982612157680144
TSPAN9-IT1,-0.0009982612157680144,0.0009982612157680144
CIAO2A,-0.0009982612157680144,0.0009982612157680144
ENSG00000285968,-0.0009982612157680144,0.0009982612157680144
LNCSRLR,-0.0009982612157680144,0.0009982612157680144
LNCRNA-IUR,-0.0009982612157680144,0.0009982612157680144
CHTF8,-0.0009982612157680144,0.0009982612157680144
NCKIPSD,-0.0009982612157680144,0.0009982612157680144
ENSG00000233635,-0.0009982612157680144,0.0009982612157680144
ENSG00000254263,-0.0009982612157680144,0.0009982612157680144
GTF3C2,-0.0009982612157680144,0.0009982612157680144
ABCG5,-0.0009982612157680144,0.0009982612157680144
PLXNB1,-0.0009982612157680144,0.0009982612157680144
MED25,-0.0009982612157680144,0.0009982612157680144
SLC7A11,-0.0009982612157680144,0.0009982612157680144
HNRNPA1P5,-0.0009982612157680144,0.0009982612157680144
LIX1L,-0.0009982612157680144,0.0009982612157680144
TRPV4,-0.0009982612157680144,0.0009982612157680144
RIPOR3,-0.0009982612157680144,0.0009982612157680144
AP1B1,-0.0009982612157680144,0.0009982612157680144
ENSG00000286264,-0.0009982612157680144,0.0009982612157680144
LINC03041,-0.0009982612157680144,0.0009982612157680144
EIF1P5,-0.0009982612157680144,0.0009982612157680144
RN7SL49P,-0.0009982612157680144,0.0009982612157680144
ENSG00000258749,-0.0009982612157680144,0.0009982612157680144
SLC9A3-AS1,-0.0009982612157680144,0.0009982612157680144
ENSG00000285155,-0.0009982612157680144,0.0009982612157680144
ENSG00000278920,-0.0009982612157680144,0.0009982612157680144
LRRC61,-0.0009982612157680144,0.0009982612157680144
MCOLN1,-0.0009982612157680144,0.0009982612157680144
FCHO1,-0.0009982612157680144,0.0009982612157680144
ENSG00000278896,-0.0009982612157680144,0.0009982612157680144
ENSG00000258803,-0.0009982612157680144,0.0009982612157680144
RPL23AP37,-0.0009982612157680144,0.0009982612157680144
DERPC,-0.0009982612157680144,0.0009982612157680144
RNA5SP194,-0.0009982612157680144,0.0009982612157680144
IGBP1P5,-0.0009982612157680144,0.0009982612157680144
DNAAF4,-0.0009982612157680144,0.0009982612157680144
RPSAP16,-0.0009982612157680144,0.0009982612157680144
RPSAP15,-0.0009982612157680144,0.0009982612157680144
COLEC11,-0.0009982612157680144,0.0009982612157680144
ENSG00000228292,-0.0009982612157680144,0.0009982612157680144
IRF5,-0.0009982612157680144,0.0009982612157680144
ZNF620,-0.0009982612157680144,0.0009982612157680144
LRP4-AS1,-0.0009982612157680144,0.0009982612157680144
RTRAFP1,-0.0009982612157680144,0.0009982612157680144
PKNOX2,-0.0009982612157680144,0.0009982612157680144
ENSG00000254595,-0.0009982612157680144,0.0009982612157680144
ENSG00000285734,-0.0009982612157680144,0.0009982612157680144
IRGM,-0.0009982612157680144,0.0009982612157680144
IFT57,-0.0009982612157680144,0.0009982612157680144
ENSG00000254556,-0.0009982612157680144,0.0009982612157680144
RPL26P19,-0.0009982612157680144,0.0009982612157680144
ENSG00000258983,-0.0009982612157680144,0.0009982612157680144
ENSG00000259003,-0.0009982612157680144,0.0009982612157680144
CISD1P1,-0.0009982612157680144,0.0009982612157680144
ENSG00000268379,-0.0009982612157680144,0.0009982612157680144
RPS3A,-0.0009982612157680144,0.0009982612157680144
LINC00877,-0.0009982612157680144,0.0009982612157680144
ENSG00000273233,-0.0009982612157680144,0.0009982612157680144
LAMB2P1,-0.0009982612157680144,0.0009982612157680144
EEF1AKMT4-ECE2,-0.0009982612157680144,0.0009982612157680144
PTMAP9,-0.0009982612157680144,0.0009982612157680144
LINC00887,-0.0009982612157680144,0.0009982612157680144
EEF1AKMT4,-0.0009982612157680144,0.0009982612157680144
ADGRB1,-0.0009982612157680144,0.0009982612157680144
TIMM8B,-0.0009982612157680144,0.0009982612157680144
TMEM200B,-0.0009982612157680144,0.0009982612157680144
MYL12AP1,-0.0009982612157680144,0.0009982612157680144
ENSG00000289142,-0.0009982612157680144,0.0009982612157680144
ENSG00000259921,-0.0009982612157680144,0.0009982612157680144
ASGR1,-0.0009982612157680144,0.0009982612157680144
ENSG00000249772,-0.0009982612157680144,0.0009982612157680144
TERF1P7,-0.0009982612157680144,0.0009982612157680144
ENSG00000288871,-0.0009982612157680144,0.0009982612157680144
MIR31HG,-0.0009982612157680144,0.0009982612157680144
LAMP3,-0.0009982612157680144,0.0009982612157680144
ENSG00000261544,-0.0009982612157680144,0.0009982612157680144
TM4SF20,-0.0009982612157680144,0.0009982612157680144
HOXA11-AS,-0.0009982612157680144,0.0009982612157680144
HBP1,-0.0009982612157680144,0.0009982612157680144
ENSG00000290012,-0.0009982612157680144,0.0009982612157680144
RACK1P3,-0.0009982612157680144,0.0009982612157680144
ARG2,-0.0009982612157680144,0.0009982612157680144
ENSG00000289160,-0.0009982612157680144,0.0009982612157680144
MTMR9LP,-0.0009982612157680144,0.0009982612157680144
QPCTL,-0.0009982612157680144,0.0009982612157680144
KDM5C,-0.0009982612157680144,0.0009982612157680144
ENSG00000241411,-0.0009982612157680144,0.0009982612157680144
TADA3,-0.0009982612157680144,0.0009982612157680144
DDX12P,-0.0009982612157680144,0.0009982612157680144
ENSG00000272106,-0.0009982612157680144,0.0009982612157680144
TNFAIP8L2,-0.0009982612157680144,0.0009982612157680144
ENSG00000225187,-0.0009982612157680144,0.0009982612157680144
EOGT-DT,-0.0009982612157680144,0.0009982612157680144
TBC1D24,-0.0009982612157680144,0.0009982612157680144
ARHGEF6,-0.0009982612157680144,0.0009982612157680144
DYNC1I2P1,-0.0009982612157680144,0.0009982612157680144
ENSG00000288770,-0.0009982612157680144,0.0009982612157680144
ACTR3C,-0.0009982612157680144,0.0009982612157680144
TMEM234,-0.0009982612157680144,0.0009982612157680144
TK1,-0.0009982612157680144,0.0009982612157680144
GOLGA6L10,-0.0009982612157680144,0.0009982612157680144
ASLP1,-0.0009982612157680144,0.0009982612157680144
C9orf24,-0.0009982612157680144,0.0009982612157680144
ENSG00000272345,-0.0009982612157680144,0.0009982612157680144
MISP,-0.0009982612157680144,0.0009982612157680144
LCMT1-AS2,-0.0009982612157680144,0.0009982612157680144
PTPRCAP,-0.0009982612157680144,0.0009982612157680144
C3orf14,-0.0009982612157680144,0.0009982612157680144
ENSG00000289019,-0.0009982612157680144,0.0009982612157680144
ENSG00000225116,-0.0009982612157680144,0.0009982612157680144
TMEM238,-0.0009982612157680144,0.0009982612157680144
ENSG00000289563,-0.0009982612157680144,0.0009982612157680144
BTBD3-AS1,-0.0009982612157680144,0.0009982612157680144
ENSG00000272979,-0.0009982612157680144,0.0009982612157680144
TELO2,-0.0009982612157680144,0.0009982612157680144
ENSG00000272977,-0.0009982612157680144,0.0009982612157680144
NMNAT2,-0.0009982612157680144,0.0009982612157680144
ENSG00000289028,-0.0009982612157680144,0.0009982612157680144
ENSG00000272406,-0.0009982612157680144,0.0009982612157680144
GOLGA8H,-0.0009982612157680144,0.0009982612157680144
ENSG00000225075,-0.0009982612157680144,0.0009982612157680144
KLHL26,-0.0009982612157680144,0.0009982612157680144
EEF1A1P8,-0.0009982612157680144,0.0009982612157680144
EBF4,-0.0009982612157680144,0.0009982612157680144
HCCS-DT,-0.0009982612157680144,0.0009982612157680144
ENSG00000289704,-0.0009982612157680144,0.0009982612157680144
ENSG00000289703,-0.0009982612157680144,0.0009982612157680144
ZNF236-DT,-0.0009982612157680144,0.0009982612157680144
ENSG00000291288,-0.0009982612157680144,0.0009982612157680144
ZC3HAV1L,-0.0009982612157680144,0.0009982612157680144
LAPTM4BP2,-0.0009982612157680144,0.0009982612157680144
ENSG00000291285,-0.0009982612157680144,0.0009982612157680144
ENSG00000225486,-0.0009982612157680144,0.0009982612157680144
ENSG00000262966,-0.0009982612157680144,0.0009982612157680144
ENSG00000272219,-0.0009982612157680144,0.0009982612157680144
ENSG00000289698,-0.0009982612157680144,0.0009982612157680144
HSD17B1-AS1,-0.0009982612157680144,0.0009982612157680144
MYOM3,-0.0009982612157680144,0.0009982612157680144
PRPH2,-0.0009982612157680144,0.0009982612157680144
MIR920,-0.0009982612157680144,0.0009982612157680144
ZNF829,-0.0009982612157680144,0.0009982612157680144
ERP27,-0.0009982612157680144,0.0009982612157680144
ENSG00000287840,-0.0009982612157680144,0.0009982612157680144
ENSG00000261527,-0.0009982612157680144,0.0009982612157680144
TFE3,-0.0009982612157680144,0.0009982612157680144
ENSG00000250685,-0.0009982612157680144,0.0009982612157680144
ENSG00000236449,-0.0009982612157680144,0.0009982612157680144
DYNLRB2,-0.0009982612157680144,0.0009982612157680144
EYA2,-0.0009982612157680144,0.0009982612157680144
TBCEL-TECTA,-0.0009982612157680144,0.0009982612157680144
EPS15L1,-0.0009982612157680144,0.0009982612157680144
ZNF25,-0.0009982612157680144,0.0009982612157680144
ZRANB2-DT,-0.0009982612157680144,0.0009982612157680144
ENSG00000260350,-0.0009982612157680144,0.0009982612157680144
ENSG00000272788,-0.0009982612157680144,0.0009982612157680144
ZNF815P,-0.0009982612157680144,0.0009982612157680144
ENSG00000262147,-0.0009982612157680144,0.0009982612157680144
PRDM10,-0.0009982612157680144,0.0009982612157680144
ENSG00000264150,-0.0009982612157680144,0.0009982612157680144
RPS15P5,-0.0009982612157680144,0.0009982612157680144
ENSG00000271828,-0.0009982612157680144,0.0009982612157680144
CFAP73,-0.0009982612157680144,0.0009982612157680144
ARSK,-0.0009982612157680144,0.0009982612157680144
ENSG00000271851,-0.0009982612157680144,0.0009982612157680144
PSMB3P2,-0.0009982612157680144,0.0009982612157680144
ZFP92,-0.0009982612157680144,0.0009982612157680144
ADORA2A,-0.0009982612157680144,0.0009982612157680144
ENSG00000273584,-0.0009982612157680144,0.0009982612157680144
TBCEL,-0.0009982612157680144,0.0009982612157680144
PPRC1,-0.0009982612157680144,0.0009982612157680144
ENSG00000242073,-0.0009982612157680144,0.0009982612157680144
TP53INP2,-0.0009982612157680144,0.0009982612157680144
ADAD2,-0.0009982612157680144,0.0009982612157680144
ENSG00000239415,-0.0009982612157680144,0.0009982612157680144
LGALS2,-0.0009982612157680144,0.0009982612157680144
KNOP1P2,-0.0009982612157680144,0.0009982612157680144
KIF7,-0.0009982612157680144,0.0009982612157680144
ENSG00000224593,-0.0009982612157680144,0.0009982612157680144
ENSG00000272720,-0.0009982612157680144,0.0009982612157680144
FAAH2,-0.0009982612157680144,0.0009982612157680144
CENPJ,-0.0009982612157680144,0.0009982612157680144
TMEM108,-0.0009982612157680144,0.0009982612157680144
ENSG00000273474,-0.0009982612157680144,0.0009982612157680144
TPD52L2,-0.0009982612157680144,0.0009982612157680144
ENSG00000236636,-0.0009982612157680144,0.0009982612157680144
KRBOX4,-0.0009982612157680144,0.0009982612157680144
KRT16P2,-0.0009982612157680144,0.0009982612157680144
DYNLL1,-0.0009982612157680144,0.0009982612157680144
NPHP3-AS1,-0.0009982612157680144,0.0009982612157680144
DUS3L,-0.0009982612157680144,0.0009982612157680144
ENSG00000289371,-0.0009982612157680144,0.0009982612157680144
NUP62CL,-0.0009982612157680144,0.0009982612157680144
ENSG00000290597,-0.0009982612157680144,0.0009982612157680144
TESMIN,-0.0009982612157680144,0.0009982612157680144
TBX18-AS1,-0.0009982612157680144,0.0009982612157680144
RPL7P26,-0.0009982612157680144,0.0009982612157680144
ENSG00000262141,-0.0009982612157680144,0.0009982612157680144
ENSG00000273447,-0.0009982612157680144,0.0009982612157680144
ENSG00000259632,-0.0009982612157680144,0.0009982612157680144
RPS26P20,-0.0009982612157680144,0.0009982612157680144
SIKE1,-0.0009982612157680144,0.0009982612157680144
ENSG00000273791,-0.0009982612157680144,0.0009982612157680144
CUL7,-0.0009982612157680144,0.0009982612157680144
ENSG00000291099,-0.0009982612157680144,0.0009982612157680144
DIAPH1-AS1,-0.0009982612157680142,0.0009982612157680142
KCNK9,-0.0009982612157680142,0.0009982612157680142
ENSG00000273090,-0.0009982612157680142,0.0009982612157680142
F8A1,-0.0009982612157680142,0.0009982612157680142
MIR583HG,-0.0009982612157680142,0.0009982612157680142
TMPRSS4,-0.0009982612157680142,0.0009982612157680142
ENSG00000275024,-0.0009982612157680142,0.0009982612157680142
AVIL,-0.0009982612157680142,0.0009982612157680142
SSR4,-0.0009982612157680142,0.0009982612157680142
ENSG00000261248,-0.0009982612157680142,0.0009982612157680142
RPLP0P10,-0.0009982612157680142,0.0009982612157680142
RPS18P6,-0.0009982612157680142,0.0009982612157680142
CARD18,-0.0009982612157680142,0.0009982612157680142
UBTFL11,-0.0009982612157680142,0.0009982612157680142
GRIPAP1,-0.0009978666592558676,0.0009978666592558676
CRNKL1,-0.000997822113580651,0.000997822113580651
USP36,-0.000997562428594531,0.000997562428594531
SPIN2A,-0.0009974776079895466,0.0009974776079895466
ENSG00000254631,-0.0009974776079895466,0.0009974776079895466
SPRR3,-0.0009974776079895466,0.0009974776079895466
ENSG00000223697,-0.0009974776079895466,0.0009974776079895466
RASGRF2-AS1,-0.0009974776079895466,0.0009974776079895466
ENSG00000260482,-0.0009974776079895466,0.0009974776079895466
MIR4512,-0.0009974776079895466,0.0009974776079895466
PAPOLG,-0.0009974776079895466,0.0009974776079895466
ZNF571-AS1,-0.0009974776079895466,0.0009974776079895466
TWNK,-0.0009974776079895466,0.0009974776079895466
ENSG00000258578,-0.0009974776079895466,0.0009974776079895466
ARL13B,-0.0009974776079895466,0.0009974776079895466
MCTS2,-0.0009974776079895466,0.0009974776079895466
KIZ,-0.0009974776079895466,0.0009974776079895466
PTPMT1,-0.0009974776079895466,0.0009974776079895466
EDC3,-0.0009974776079895466,0.0009974776079895466
RPS17P2,-0.0009974776079895466,0.0009974776079895466
ZSCAN5A,-0.0009974776079895466,0.0009974776079895466
WASF4P,-0.0009974776079895466,0.0009974776079895466
CPHXL2,-0.0009974776079895466,0.0009974776079895466
ENSG00000260183,-0.0009974776079895466,0.0009974776079895466
MYL12BP1,-0.0009974776079895466,0.0009974776079895466
GSTM1,-0.0009974776079895466,0.0009974776079895466
DUXAP7,-0.0009974776079895466,0.0009974776079895466
ENSG00000285257,-0.0009974776079895466,0.0009974776079895466
EPB41L5,-0.0009974776079895466,0.0009974776079895466
ZKSCAN2,-0.0009974776079895466,0.0009974776079895466
B3GALNT1,-0.0009974776079895466,0.0009974776079895466
ENSG00000285283,-0.0009974776079895466,0.0009974776079895466
ENSG00000272558,-0.0009974776079895466,0.0009974776079895466
ENSG00000232295,-0.0009974776079895466,0.0009974776079895466
RPUSD2,-0.0009974776079895466,0.0009974776079895466
ENSG00000269590,-0.0009974776079895466,0.0009974776079895466
ENSG00000285090,-0.0009974776079895466,0.0009974776079895466
ARMC2-AS1,-0.0009974776079895466,0.0009974776079895466
LRRC34,-0.0009974776079895466,0.0009974776079895466
ENSG00000232259,-0.0009974776079895466,0.0009974776079895466
ENSG00000289550,-0.0009974776079895466,0.0009974776079895466
ENSG00000285330,-0.0009974776079895466,0.0009974776079895466
ENSG00000240497,-0.0009974776079895466,0.0009974776079895466
RNA5SP245,-0.0009974776079895466,0.0009974776079895466
ZNF581,-0.0009974776079895466,0.0009974776079895466
CENPK,-0.0009974776079895466,0.0009974776079895466
PTP4A1P2,-0.0009974776079895466,0.0009974776079895466
LSM1P1,-0.0009974776079895466,0.0009974776079895466
IPO13,-0.0009974776079895466,0.0009974776079895466
DCHS1,-0.0009974776079895466,0.0009974776079895466
IQGAP3,-0.0009974776079895466,0.0009974776079895466
FABP5,-0.0009974776079895466,0.0009974776079895466
RPL17P37,-0.0009974776079895466,0.0009974776079895466
RPL12P29,-0.0009974776079895466,0.0009974776079895466
C16orf91,-0.0009974776079895466,0.0009974776079895466
ENSG00000256250,-0.0009974776079895466,0.0009974776079895466
FOXS1,-0.0009974776079895466,0.0009974776079895466
THRAP3P3,-0.0009974776079895466,0.0009974776079895466
ZNF146,-0.0009974776079895466,0.0009974776079895466
CDCA2,-0.0009974776079895466,0.0009974776079895466
CNEP1R1,-0.0009974776079895466,0.0009974776079895466
SIMC1,-0.0009974776079895466,0.0009974776079895466
UMODL1,-0.0009974776079895466,0.0009974776079895466
ULBP2,-0.0009974776079895466,0.0009974776079895466
PCDH1,-0.0009974776079895466,0.0009974776079895466
GRK6P1,-0.0009974776079895466,0.0009974776079895466
ZNF142,-0.0009974776079895466,0.0009974776079895466
TICRR,-0.0009974776079895466,0.0009974776079895466
ENSG00000272100,-0.0009974776079895466,0.0009974776079895466
CDC42P6,-0.0009974776079895466,0.0009974776079895466
ENSG00000230202,-0.0009974776079895466,0.0009974776079895466
SOX21-AS1,-0.0009974776079895466,0.0009974776079895466
MAGI1-AS1,-0.0009974776079895466,0.0009974776079895466
TIGD6,-0.0009974776079895466,0.0009974776079895466
ZNF174,-0.0009974776079895466,0.0009974776079895466
CAMK2A,-0.0009974776079895466,0.0009974776079895466
NPM1P11,-0.0009974776079895466,0.0009974776079895466
ENSG00000256552,-0.0009974776079895466,0.0009974776079895466
KRT16P3,-0.0009974776079895466,0.0009974776079895466
MAP3K5-AS2,-0.0009974776079895466,0.0009974776079895466
ENSG00000260855,-0.0009974776079895466,0.0009974776079895466
CNOT9,-0.0009974776079895466,0.0009974776079895466
ENSG00000279722,-0.0009974776079895466,0.0009974776079895466
RAB24,-0.0009974776079895466,0.0009974776079895466
IL12RB1,-0.0009974776079895466,0.0009974776079895466
RAB40A,-0.0009974776079895466,0.0009974776079895466
ENSG00000224848,-0.0009974776079895466,0.0009974776079895466
ENSG00000224967,-0.0009974776079895466,0.0009974776079895466
FTLP14,-0.0009974776079895466,0.0009974776079895466
SNRPC,-0.0009974776079895466,0.0009974776079895466
ENSG00000268163,-0.0009974776079895466,0.0009974776079895466
TGFA,-0.0009974776079895466,0.0009974776079895466
ENSG00000279658,-0.0009974776079895466,0.0009974776079895466
RP2,-0.0009974776079895466,0.0009974776079895466
RPS27AP20,-0.0009974776079895466,0.0009974776079895466
ENSG00000268530,-0.0009974776079895466,0.0009974776079895466
EIF4BP6,-0.0009974776079895466,0.0009974776079895466
ENSG00000243230,-0.0009974776079895466,0.0009974776079895466
BBS5,-0.0009974776079895466,0.0009974776079895466
ENSG00000280269,-0.0009974776079895466,0.0009974776079895466
FKBP3,-0.0009974776079895466,0.0009974776079895466
ENSG00000223492,-0.0009974776079895466,0.0009974776079895466
PXDNL,-0.0009974776079895466,0.0009974776079895466
ENSG00000279277,-0.0009974776079895466,0.0009974776079895466
ENSG00000282917,-0.0009974776079895466,0.0009974776079895466
PGD,-0.0009974776079895466,0.0009974776079895466
ZNF133,-0.0009974776079895466,0.0009974776079895466
ENSG00000291168,-0.0009974776079895466,0.0009974776079895466
CSRNP3,-0.0009974776079895466,0.0009974776079895466
SERPINI1,-0.0009974776079895466,0.0009974776079895466
ENSG00000255330,-0.0009974776079895466,0.0009974776079895466
RNU4-89P,-0.0009974776079895466,0.0009974776079895466
TJAP1,-0.0009974776079895466,0.0009974776079895466
ENSG00000225078,-0.0009974776079895466,0.0009974776079895466
PTPRN,-0.0009974776079895466,0.0009974776079895466
HOXC8,-0.0009974776079895466,0.0009974776079895466
CDC25C,-0.0009974776079895466,0.0009974776079895466
ZKSCAN7-AS1,-0.0009974776079895466,0.0009974776079895466
PHF19,-0.0009974776079895466,0.0009974776079895466
ENSG00000260788,-0.0009974776079895466,0.0009974776079895466
LBX2-AS1,-0.0009974776079895466,0.0009974776079895466
PTPN2P2,-0.0009974776079895466,0.0009974776079895466
GRM6,-0.0009974776079895466,0.0009974776079895466
DISC1-IT1,-0.0009974776079895466,0.0009974776079895466
MYL12-AS1,-0.0009974776079895466,0.0009974776079895466
ALAD,-0.0009974776079895466,0.0009974776079895466
NDUFS3,-0.0009974776079895466,0.0009974776079895466
ENSG00000289924,-0.0009974776079895466,0.0009974776079895466
ENSG00000272129,-0.0009974776079895466,0.0009974776079895466
RNU6-432P,-0.0009974776079895466,0.0009974776079895466
ENSG00000272144,-0.0009974776079895466,0.0009974776079895466
NPRL3,-0.0009974776079895466,0.0009974776079895466
MRPL30P1,-0.0009974776079895466,0.0009974776079895466
ENSG00000230684,-0.0009974776079895466,0.0009974776079895466
ENSG00000257767,-0.0009974776079895466,0.0009974776079895466
UFM1P2,-0.0009974776079895466,0.0009974776079895466
ENSG00000291149,-0.0009974776079895466,0.0009974776079895466
NDUFB9P2,-0.0009974776079895466,0.0009974776079895466
BICDL2,-0.0009974776079895466,0.0009974776079895466
SMYD2,-0.0009974776079895466,0.0009974776079895466
UCHL3,-0.0009974776079895466,0.0009974776079895466
VEGFC,-0.0009974776079895466,0.0009974776079895466
RNU6-151P,-0.0009974776079895466,0.0009974776079895466
RPS24P6,-0.0009974776079895466,0.0009974776079895466
ENSG00000279319,-0.0009974776079895466,0.0009974776079895466
LAMC1-AS1,-0.0009974776079895466,0.0009974776079895466
ENSG00000271670,-0.0009974776079895466,0.0009974776079895466
SCAANT1,-0.0009974776079895466,0.0009974776079895466
SCAF4,-0.0009974776079895466,0.0009974776079895466
DDX56,-0.0009974776079895466,0.0009974776079895466
ENSG00000263859,-0.0009974776079895466,0.0009974776079895466
OOEP,-0.0009974776079895466,0.0009974776079895466
POU2AF1,-0.0009974776079895466,0.0009974776079895466
ENSG00000225711,-0.0009974776079895466,0.0009974776079895466
ENSG00000225840,-0.0009974776079895466,0.0009974776079895466
RPL5,-0.0009974776079895466,0.0009974776079895466
APIP,-0.0009974776079895466,0.0009974776079895466
NUP37,-0.0009974776079895466,0.0009974776079895466
ENSG00000288721,-0.0009974776079895466,0.0009974776079895466
ENSG00000225854,-0.0009974776079895466,0.0009974776079895466
CWH43,-0.0009974776079895466,0.0009974776079895466
TNFRSF4,-0.0009974776079895466,0.0009974776079895466
RYKP1,-0.0009974776079895466,0.0009974776079895466
NLRP3P1,-0.0009974776079895466,0.0009974776079895466
ENSG00000252992,-0.0009974776079895466,0.0009974776079895466
ENSG00000235121,-0.0009974776079895466,0.0009974776079895466
H2BC16P,-0.0009974776079895466,0.0009974776079895466
RCN1P2,-0.0009974776079895466,0.0009974776079895466
SLC25A20,-0.0009974776079895466,0.0009974776079895466
SLC38A4,-0.0009974776079895466,0.0009974776079895466
EEF1DP2,-0.0009974776079895466,0.0009974776079895466
ENSG00000288271,-0.0009974776079895466,0.0009974776079895466
DOCK4-AS1,-0.0009974776079895466,0.0009974776079895466
CARNMT1,-0.0009974776079895466,0.0009974776079895466
ENSG00000173867,-0.0009974776079895466,0.0009974776079895466
LINC02611,-0.0009974776079895466,0.0009974776079895466
OR7E12P,-0.0009974776079895466,0.0009974776079895466
ENSG00000288881,-0.0009974776079895466,0.0009974776079895466
ENSG00000237419,-0.0009974776079895466,0.0009974776079895466
LINC02928,-0.0009974776079895466,0.0009974776079895466
ENSG00000259924,-0.0009974776079895466,0.0009974776079895466
LINC02915,-0.0009974776079895466,0.0009974776079895466
ENSG00000234500,-0.0009974776079895466,0.0009974776079895466
GPRC5D-AS1,-0.0009974776079895466,0.0009974776079895466
KIAA0408,-0.0009974776079895466,0.0009974776079895466
LINC02894,-0.0009974776079895466,0.0009974776079895466
ENSG00000249691,-0.0009974776079895466,0.0009974776079895466
ENSG00000227700,-0.0009974776079895466,0.0009974776079895466
FAM32A,-0.0009974776079895466,0.0009974776079895466
SH3TC2-DT,-0.0009974776079895466,0.0009974776079895466
ENSG00000288793,-0.0009974776079895466,0.0009974776079895466
COX16,-0.0009974776079895466,0.0009974776079895466
XKR8,-0.0009974776079895466,0.0009974776079895466
GPR135,-0.0009974776079895466,0.0009974776079895466
COQ2,-0.0009974776079895466,0.0009974776079895466
STOML2,-0.0009974776079895466,0.0009974776079895466
OR1N2,-0.0009974776079895466,0.0009974776079895466
SHCBP1L,-0.0009974776079895466,0.0009974776079895466
OR10J2P,-0.0009974776079895466,0.0009974776079895466
LINC02687,-0.0009974776079895466,0.0009974776079895466
ENSG00000259408,-0.0009974776079895466,0.0009974776079895466
NUP188,-0.0009974776079895466,0.0009974776079895466
ENSG00000250189,-0.0009974776079895466,0.0009974776079895466
DCAF5,-0.0009974776079895466,0.0009974776079895466
CCND2-AS1,-0.0009974776079895466,0.0009974776079895466
EML5,-0.0009974776079895466,0.0009974776079895466
ENSG00000251143,-0.0009974776079895466,0.0009974776079895466
NAA40,-0.0009974776079895466,0.0009974776079895466
GINS1,-0.0009974776079895466,0.0009974776079895466
FAM114A2,-0.0009974776079895466,0.0009974776079895466
RGPD8,-0.0009974776079895466,0.0009974776079895466
ENSG00000216718,-0.0009974776079895466,0.0009974776079895466
SELENOF,-0.0009974776079895466,0.0009974776079895466
MFSD9,-0.0009974776079895466,0.0009974776079895466
ENSG00000287338,-0.0009974776079895466,0.0009974776079895466
ENSG00000176868,-0.0009974776079895466,0.0009974776079895466
TPT1P1,-0.0009974776079895466,0.0009974776079895466
ENSG00000287403,-0.0009974776079895466,0.0009974776079895466
RGS4,-0.0009974776079895466,0.0009974776079895466
C2CD4A,-0.0009974776079895466,0.0009974776079895466
LINC01681,-0.0009974776079895466,0.0009974776079895466
SLC2A3P1,-0.0009974776079895466,0.0009974776079895466
CCNYL7,-0.0009974776079895466,0.0009974776079895466
ENSG00000261276,-0.0009974776079895466,0.0009974776079895466
ENSG00000287470,-0.0009974776079895466,0.0009974776079895466
CCNL2,-0.0009974776079895466,0.0009974776079895466
HEMK1,-0.0009974776079895466,0.0009974776079895466
ATP5MC1P8,-0.0009974776079895466,0.0009974776079895466
CFAP92,-0.0009974776079895466,0.0009974776079895466
LINC01605,-0.0009974776079895466,0.0009974776079895466
ODCP,-0.0009974776079895466,0.0009974776079895466
NLE1,-0.0009974776079895466,0.0009974776079895466
F2RL3,-0.0009974776079895466,0.0009974776079895466
DPRXP3,-0.0009974776079895466,0.0009974776079895466
ENSG00000274471,-0.0009974776079895466,0.0009974776079895466
ENSG00000250274,-0.0009974776079895466,0.0009974776079895466
LINC01176,-0.0009974776079895466,0.0009974776079895466
PCLAF,-0.0009974776079895466,0.0009974776079895466
LINC01203,-0.0009974776079895466,0.0009974776079895466
ENSG00000251417,-0.0009974776079895466,0.0009974776079895466
COQ9,-0.0009974776079895466,0.0009974776079895466
CRPPA-AS1,-0.0009974776079895466,0.0009974776079895466
DOK4,-0.0009974776079895466,0.0009974776079895466
DOLPP1,-0.0009974776079895466,0.0009974776079895466
RPL7,-0.0009974776079895466,0.0009974776079895466
ZBTB26,-0.0009974776079895466,0.0009974776079895466
CHCHD2P6,-0.0009974776079895466,0.0009974776079895466
DOP1A,-0.0009974776079895466,0.0009974776079895466
ZNF75BP,-0.0009974776079895466,0.0009974776079895466
PPM1F,-0.0009974776079895466,0.0009974776079895466
H1-0,-0.0009974776079895466,0.0009974776079895466
CHAMP1,-0.0009974776079895466,0.0009974776079895466
ENSG00000216548,-0.0009974776079895466,0.0009974776079895466
NAMPTP1,-0.0009974776079895466,0.0009974776079895466
CFAP58-DT,-0.0009974776079895466,0.0009974776079895466
ENSG00000250592,-0.0009974776079895466,0.0009974776079895466
NAMA,-0.0009974776079895466,0.0009974776079895466
ENSG00000261222,-0.0009974776079895466,0.0009974776079895466
ENDOG,-0.0009974776079895466,0.0009974776079895466
MERTK,-0.0009974776079895466,0.0009974776079895466
FAXDC2,-0.0009974776079895466,0.0009974776079895466
ENSG00000205537,-0.0009974776079895466,0.0009974776079895466
ENSG00000254459,-0.0009974776079895466,0.0009974776079895466
ENSG00000267102,-0.0009974776079895466,0.0009974776079895466
MIR3652,-0.0009974776079895466,0.0009974776079895466
ENSG00000285881,-0.0009974776079895466,0.0009974776079895466
FBRSL1,-0.0009974776079895466,0.0009974776079895466
LIN7B,-0.0009974776079895466,0.0009974776079895466
CYTL1,-0.0009974776079895466,0.0009974776079895466
CENPS,-0.0009974776079895466,0.0009974776079895466
CENPS-CORT,-0.0009974776079895466,0.0009974776079895466
CENPT,-0.0009974776079895466,0.0009974776079895466
ENSG00000233478,-0.0009974776079895466,0.0009974776079895466
RN7SL306P,-0.0009974776079895466,0.0009974776079895466
ENSG00000277621,-0.0009974776079895466,0.0009974776079895466
EED,-0.0009974776079895466,0.0009974776079895466
ENSG00000238150,-0.0009974776079895466,0.0009974776079895466
LINC00222,-0.0009974776079895466,0.0009974776079895466
ENSG00000269867,-0.0009974776079895466,0.0009974776079895466
ENSG00000269940,-0.0009974776079895466,0.0009974776079895466
ENSG00000238117,-0.0009974776079895466,0.0009974776079895466
ENSG00000233706,-0.0009974776079895466,0.0009974776079895466
TSNAXIP1,-0.0009974776079895466,0.0009974776079895466
DNAJC19P8,-0.0009974776079895466,0.0009974776079895466
ERI2,-0.0009974776079895466,0.0009974776079895466
CIBAR1P1,-0.0009974776079895466,0.0009974776079895466
RN7SL393P,-0.0009974776079895466,0.0009974776079895466
ENSG00000272905,-0.0009974776079895466,0.0009974776079895466
HRAT17,-0.0009974776079895466,0.0009974776079895466
ARIH2,-0.0009974776079895466,0.0009974776079895466
NFU1,-0.0009974776079895466,0.0009974776079895466
PSMD11,-0.0009974776079895466,0.0009974776079895466
PKN3,-0.0009974776079895466,0.0009974776079895466
NOCT,-0.0009974776079895466,0.0009974776079895466
PLA2G4E-AS1,-0.0009974776079895466,0.0009974776079895466
PLA2G7,-0.0009974776079895466,0.0009974776079895466
ENSG00000254571,-0.0009974776079895466,0.0009974776079895466
ENSG00000254568,-0.0009974776079895466,0.0009974776079895466
FBXO48,-0.0009974776079895466,0.0009974776079895466
ELOA-AS1,-0.0009974776079895466,0.0009974776079895466
ENSG00000269755,-0.0009974776079895466,0.0009974776079895466
ENSG00000289159,-0.0009974776079895466,0.0009974776079895466
BTF3P5,-0.0009974776079895466,0.0009974776079895466
ENSG00000272848,-0.0009974776079895466,0.0009974776079895466
PLCD4,-0.0009974776079895466,0.0009974776079895466
ST3GAL1-DT,-0.0009974776079895466,0.0009974776079895466
P2RY14,-0.0009974776079895466,0.0009974776079895466
NFYC-AS1,-0.0009974776079895466,0.0009974776079895466
RPL29,-0.0009974776079895466,0.0009974776079895466
LINC01583,-0.0009974776079895466,0.0009974776079895466
RPS3AP47,-0.0009974776079895466,0.0009974776079895466
ENSG00000228113,-0.0009974776079895466,0.0009974776079895466
MIR3677HG,-0.0009974776079895466,0.0009974776079895466
PLXNA1,-0.0009974776079895466,0.0009974776079895466
MED20,-0.0009974776079895466,0.0009974776079895466
ENSG00000272912,-0.0009974776079895466,0.0009974776079895466
BNIP1,-0.0009974776079895466,0.0009974776079895466
ENSG00000259287,-0.0009974776079895466,0.0009974776079895466
MPV17,-0.0009974776079895466,0.0009974776079895466
ENSG00000276259,-0.0009974776079895466,0.0009974776079895466
ENSG00000227733,-0.0009974776079895466,0.0009974776079895466
TMEM30BP1,-0.0009974776079895466,0.0009974776079895466
BNIP3P42,-0.0009974776079895466,0.0009974776079895466
ENSG00000269910,-0.0009974776079895466,0.0009974776079895466
ACSM3,-0.0009974776079895466,0.0009974776079895466
ACTR3-AS1,-0.0009974776079895466,0.0009974776079895466
ZDHHC12-DT,-0.0009974776079895466,0.0009974776079895466
DTX2,-0.0009974776079895466,0.0009974776079895466
NCBP2AS2,-0.0009974776079895466,0.0009974776079895466
HNRNPMP1,-0.0009974776079895466,0.0009974776079895466
AP2S1,-0.0009974776079895466,0.0009974776079895466
SEC13P1,-0.0009974776079895466,0.0009974776079895466
KIAA1191,-0.0009974776079895466,0.0009974776079895466
CHRM5,-0.0009974776079895466,0.0009974776079895466
SLC15A1,-0.0009974776079895466,0.0009974776079895466
ENSG00000227706,-0.0009974776079895466,0.0009974776079895466
ENSG00000253667,-0.0009974776079895466,0.0009974776079895466
SEPTIN7P1,-0.0009974776079895466,0.0009974776079895466
BNIP3P11,-0.0009974776079895466,0.0009974776079895466
C9orf163,-0.0009974776079895466,0.0009974776079895466
ENSG00000287077,-0.0009974776079895466,0.0009974776079895466
GTF3C2-AS2,-0.0009974776079895466,0.0009974776079895466
ENSG00000259238,-0.0009974776079895466,0.0009974776079895466
TSLP,-0.0009974776079895466,0.0009974776079895466
ENSG00000276698,-0.0009974776079895466,0.0009974776079895466
ARHGEF18-AS1,-0.0009974776079895466,0.0009974776079895466
SLC12A4,-0.0009974776079895466,0.0009974776079895466
RN7SKP187,-0.0009974776079895466,0.0009974776079895466
WNK3,-0.0009974776079895466,0.0009974776079895466
ENSG00000248803,-0.0009974776079895466,0.0009974776079895466
ELOCP27,-0.0009974776079895466,0.0009974776079895466
FANK1,-0.0009974776079895466,0.0009974776079895466
ENSG00000286015,-0.0009974776079895466,0.0009974776079895466
TASL,-0.0009974776079895466,0.0009974776079895466
ZNF703,-0.0009974776079895466,0.0009974776079895466
EEF1A1P1,-0.0009974776079895466,0.0009974776079895466
RPL5P22,-0.000997477607989524,0.000997477607989524
LINC01503,-0.000997477607989524,0.000997477607989524
ENSG00000279834,-0.000997477607989524,0.000997477607989524
LINC00467,-0.000997477607989524,0.000997477607989524
CYCSP1,-0.000997477607989524,0.000997477607989524
HSBP1P2,-0.000997477607989524,0.000997477607989524
TOMM20P4,-0.000997477607989524,0.000997477607989524
NIPSNAP3B,-0.000997477607989524,0.000997477607989524
RPS10P2,-0.000997477607989524,0.000997477607989524
TMPRSS12,-0.000997477607989524,0.000997477607989524
ENSG00000267919,-0.000997477607989524,0.000997477607989524
LINC02019,-0.000997477607989524,0.000997477607989524
KIF22,-0.000997477607989524,0.000997477607989524
MIR23B,-0.000997477607989524,0.000997477607989524
HMGN1P36,-0.000997477607989524,0.000997477607989524
ENSG00000253420,-0.000997477607989524,0.000997477607989524
SOX11,-0.000997477607989524,0.000997477607989524
MANEA-DT,-0.0009974305881656452,0.0009974305881656452
PITRM1-AS1,-0.0009971487377957637,0.0009971487377957637
ENSG00000279526,0.0009970542238017309,0.0009970542238017309
TMEM138,-0.000996970688216974,0.000996970688216974
RTL1,0.0009969689088736291,0.0009969689088736291
ENSG00000274021,0.0009966485653196925,0.0009966485653196925
VIPR1,0.0009966485653196925,0.0009966485653196925
ENSA,-0.0009962884414357071,0.0009962884414357071
FOXN2,-0.0009962884414357071,0.0009962884414357071
ENSG00000258526,-0.0009962884414357071,0.0009962884414357071
PSD3,-0.0009961301101262044,0.0009961301101262044
BUB1B,-0.0009960282945711838,0.0009960282945711838
ULBP3,-0.0009960282945711838,0.0009960282945711838
CELSR2,-0.0009960282945711838,0.0009960282945711838
GAPDHP69,-0.0009956856720092094,0.0009956856720092094
NEK3,-0.0009956856720092094,0.0009956856720092094
RABEP2,-0.0009952967405232216,0.0009952967405232216
ENSG00000184441,-0.0009949541179612516,0.0009949541179612516
KLRC1,0.0009949140895691424,0.0009949140895691424
LAX1,0.0009947489371887194,0.0009947489371887194
ENSG00000250379,-0.0009947283041437873,0.0009947283041437873
DTX3L,-0.0009947283041437873,0.0009947283041437873
SLC8B1,-0.000994593428093973,0.000994593428093973
ENSG00000237070,-0.00099459293198518,0.00099459293198518
CEPT1,-0.0009944778716351615,0.0009944778716351615
PTPRJ,0.0009941756234967602,0.0009941756234967602
SIAE,0.0009931497988332207,0.0009931497988332207
NOP16,0.0009931497988332207,0.0009931497988332207
DPH7,0.0009931497988332207,0.0009931497988332207
GRB7,0.0009931497988332207,0.0009931497988332207
RPS16P9,0.0009931497988332207,0.0009931497988332207
SMARCC2,0.0009931497988332207,0.0009931497988332207
ENSG00000255467,0.0009931497988332207,0.0009931497988332207
GCNT1P3,0.0009931497988332207,0.0009931497988332207
FGD1,0.0009931497988332207,0.0009931497988332207
ENSG00000289307,0.0009931497988332207,0.0009931497988332207
SH3BP5L,0.0009931497988332207,0.0009931497988332207
RASGRP4,0.0009931497988332207,0.0009931497988332207
NKPD1,0.0009931497988332207,0.0009931497988332207
ENSG00000289332,0.0009931497988332207,0.0009931497988332207
CRYAB,0.0009931497988332207,0.0009931497988332207
DIRAS3,0.0009931497988332207,0.0009931497988332207
GATA3-AS1,0.0009931497988332207,0.0009931497988332207
IFNLR1,0.0009931497988332207,0.0009931497988332207
ENSG00000287101,0.0009931497988332207,0.0009931497988332207
TTLL10,0.0009931497988332207,0.0009931497988332207
TTLL10-AS1,0.0009931497988332207,0.0009931497988332207
LINC02575,0.0009931497988332207,0.0009931497988332207
LINC02709,0.0009931497988332207,0.0009931497988332207
PDGFC,0.0009931497988332207,0.0009931497988332207
SLC18B1,0.0009931497988332207,0.0009931497988332207
ENSG00000288872,0.0009931497988332207,0.0009931497988332207
LRATD2,0.0009931497988332207,0.0009931497988332207
ENSG00000260581,0.0009931497988332207,0.0009931497988332207
ZFYVE28,0.000993074492753974,0.000993074492753974
TIMM50,-0.0009930375753944025,0.0009930375753944025
TRDMT1,-0.0009929600016652465,0.0009929600016652465
REPS2,-0.000992868098414729,0.000992868098414729
TGFB1I1,-0.000992868098414729,0.000992868098414729
ARHGAP28-AS1,-0.000992868098414729,0.000992868098414729
TRNP1,-0.000992868098414729,0.000992868098414729
ENSG00000260108,-0.000992868098414729,0.000992868098414729
ZBTB14,-0.000992868098414729,0.000992868098414729
PPP3R1,-0.000992868098414729,0.000992868098414729
ENSG00000286313,-0.000992868098414729,0.000992868098414729
ENSG00000261474,-0.000992868098414729,0.000992868098414729
SSR4P1,-0.000992868098414729,0.000992868098414729
RPS23P8,-0.000992868098414729,0.000992868098414729
ENSG00000260304,-0.000992868098414729,0.000992868098414729
ZNHIT1,-0.000992868098414729,0.000992868098414729
PSMD5,-0.000992868098414729,0.000992868098414729
TTLL4,-0.000992868098414729,0.000992868098414729
PYCR2,-0.000992868098414729,0.000992868098414729
NBDY,-0.000992868098414729,0.000992868098414729
COPZ2,-0.000992868098414729,0.000992868098414729
MED14,-0.000992868098414729,0.000992868098414729
SSNA1,-0.000992868098414729,0.000992868098414729
ZNF702P,-0.000992868098414729,0.000992868098414729
HSD17B7P2,-0.000992868098414729,0.000992868098414729
LINC01666,-0.000992868098414729,0.000992868098414729
TIAL1,-0.0009928654723396558,0.0009928654723396558
NACA2,-0.0009928088416246998,0.0009928088416246998
CCL22,-0.0009925380344682276,0.0009925380344682276
ENSG00000239628,0.0009925377276752642,0.0009925377276752642
ENSG00000254939,0.0009925377276752642,0.0009925377276752642
LINC01142,0.0009925377276752468,0.0009925377276752468
COPB1,0.0009925377276752468,0.0009925377276752468
ENSG00000288575,0.0009925377276752468,0.0009925377276752468
LNC-LBCS,0.0009925377276752468,0.0009925377276752468
ENSG00000215692,0.0009925377276752468,0.0009925377276752468
ENSG00000233081,0.0009925377276752468,0.0009925377276752468
LINC01287,0.0009925377276752468,0.0009925377276752468
ENSG00000249967,0.0009925377276752468,0.0009925377276752468
RCAN2-DT,0.0009925377276752468,0.0009925377276752468
TOLLIP,0.0009925377276752468,0.0009925377276752468
ZBTB3,0.0009925377276752468,0.0009925377276752468
CD164L2,0.0009925377276752468,0.0009925377276752468
CILK1,0.0009925377276752468,0.0009925377276752468
RUSC2,0.0009925377276752468,0.0009925377276752468
SLC25A13,0.0009925377276752468,0.0009925377276752468
HINT3,0.0009925377276752468,0.0009925377276752468
MIGA2,0.0009925377276752468,0.0009925377276752468
SYTL1,0.0009925377276752468,0.0009925377276752468
ENSG00000228172,0.0009925377276752468,0.0009925377276752468
ENSG00000232891,0.0009925377276752468,0.0009925377276752468
RN7SL827P,0.0009925377276752468,0.0009925377276752468
ENSG00000287815,0.0009925377276752468,0.0009925377276752468
FAM241B,0.0009925377276752468,0.0009925377276752468
SUPT3H,0.0009925377276752468,0.0009925377276752468
ENSG00000224331,0.0009925377276752468,0.0009925377276752468
SHARPIN,0.0009925377276752468,0.0009925377276752468
ENSG00000253430,0.0009925377276752468,0.0009925377276752468
TRIM45,0.0009925377276752468,0.0009925377276752468
AGAP1-IT1,0.0009925377276752468,0.0009925377276752468
ENSG00000227512,0.0009925377276752468,0.0009925377276752468
STOX1,0.0009925377276752468,0.0009925377276752468
NALT1,0.0009925377276752468,0.0009925377276752468
ENSG00000286661,0.0009925377276752468,0.0009925377276752468
JPH4,0.0009925377276752468,0.0009925377276752468
ENSG00000287168,0.0009925377276752468,0.0009925377276752468
POU2AF3,0.0009925377276752468,0.0009925377276752468
ENSG00000259522,0.0009925377276752468,0.0009925377276752468
BRAT1,0.0009925377276752468,0.0009925377276752468
HMGB1P21,0.0009925377276752468,0.0009925377276752468
PPM1B-DT,0.0009925377276752468,0.0009925377276752468
ENSG00000287094,0.0009925377276752468,0.0009925377276752468
SEMA5B,0.0009925377276752468,0.0009925377276752468
ENSG00000235066,0.0009925377276752468,0.0009925377276752468
SEMA6C,0.0009925377276752468,0.0009925377276752468
ENSG00000275880,0.0009925377276752468,0.0009925377276752468
H2AC20,0.0009925377276752468,0.0009925377276752468
ENSG00000234261,0.0009925377276752468,0.0009925377276752468
PPP1R26,0.0009925377276752468,0.0009925377276752468
FAM90A26,0.0009925377276752468,0.0009925377276752468
ENSG00000253865,0.0009925377276752468,0.0009925377276752468
STIP1,0.0009925377276752468,0.0009925377276752468
PMS2P5,0.0009925377276752468,0.0009925377276752468
LIX1-AS1,0.0009925377276752468,0.0009925377276752468
ENSG00000287769,0.0009925377276752468,0.0009925377276752468
ENSG00000234286,0.0009925377276752468,0.0009925377276752468
CCL27,0.0009925377276752468,0.0009925377276752468
ENSG00000259039,0.0009925377276752468,0.0009925377276752468
COPG2,0.0009925377276752468,0.0009925377276752468
CHRNA1,0.0009925377276752468,0.0009925377276752468
ENSG00000261324,0.0009925377276752468,0.0009925377276752468
RIMBP2,0.0009925377276752468,0.0009925377276752468
LINC01607,0.0009925377276752468,0.0009925377276752468
FAM83A-AS1,0.0009925377276752468,0.0009925377276752468
TPRG1-AS1,0.0009925377276752468,0.0009925377276752468
ENSG00000261215,0.0009925377276752468,0.0009925377276752468
OR7E8P,0.0009925377276752468,0.0009925377276752468
FAM83A,0.0009925377276752468,0.0009925377276752468
GTSF1,0.0009925377276752468,0.0009925377276752468
FAHD2CP,0.0009925377276752468,0.0009925377276752468
ACTN2,0.0009925377276752468,0.0009925377276752468
H3C9P,0.0009925377276752468,0.0009925377276752468
ENSG00000237409,0.0009925377276752468,0.0009925377276752468
ENSG00000280088,0.0009925377276752468,0.0009925377276752468
ENSG00000241326,0.0009925377276752468,0.0009925377276752468
ENSG00000272167,0.0009925377276752468,0.0009925377276752468
ENSG00000289744,0.0009925377276752468,0.0009925377276752468
ENSG00000291176,0.0009925377276752468,0.0009925377276752468
CPSF7,0.0009925377276752468,0.0009925377276752468
ENSG00000229321,0.0009925377276752468,0.0009925377276752468
ENSG00000289623,0.0009925377276752468,0.0009925377276752468
HAPLN2,0.0009925377276752468,0.0009925377276752468
PELO-AS1,0.0009925377276752468,0.0009925377276752468
BHMT,0.0009925377276752468,0.0009925377276752468
IGKV1D-16,0.0009925377276752468,0.0009925377276752468
CCDC174,0.0009925377276752468,0.0009925377276752468
AMIGO3,0.0009925377276752468,0.0009925377276752468
AMN1,0.0009925377276752468,0.0009925377276752468
ENSG00000289594,0.0009925377276752468,0.0009925377276752468
ENSG00000289585,0.0009925377276752468,0.0009925377276752468
PTMAP11,0.0009925377276752468,0.0009925377276752468
CPNE4,0.0009925377276752468,0.0009925377276752468
TALDO1,0.0009925377276752468,0.0009925377276752468
RNY1P11,0.0009925377276752468,0.0009925377276752468
ENSG00000289952,0.0009925377276752468,0.0009925377276752468
PGBD5,0.0009925377276752468,0.0009925377276752468
UTS2B,0.0009925377276752468,0.0009925377276752468
ENSG00000279725,0.0009925377276752468,0.0009925377276752468
HAVCR1,0.0009925377276752468,0.0009925377276752468
ENSG00000290551,0.0009925377276752468,0.0009925377276752468
KRT4,0.0009925377276752468,0.0009925377276752468
ENSG00000185839,0.0009925377276752468,0.0009925377276752468
E2F5-DT,0.0009925377276752468,0.0009925377276752468
ENSG00000290106,0.0009925377276752468,0.0009925377276752468
KRT85,0.0009925377276752468,0.0009925377276752468
SNORA74B,0.0009925377276752468,0.0009925377276752468
RORB-AS1,0.0009925377276752468,0.0009925377276752468
ROM1,0.0009925377276752468,0.0009925377276752468
ENSG00000290076,0.0009925377276752468,0.0009925377276752468
DHRS12,0.0009925377276752468,0.0009925377276752468
SCRT1,0.0009925377276752468,0.0009925377276752468
PDE6A,0.0009925377276752468,0.0009925377276752468
ENSG00000261572,0.0009925377276752468,0.0009925377276752468
UTP11,0.0009925377276752468,0.0009925377276752468
IGSF22-AS1,0.0009925377276752468,0.0009925377276752468
IGSF22,0.0009925377276752468,0.0009925377276752468
ASTE1,0.0009925377276752468,0.0009925377276752468
M6PR,0.0009925377276752468,0.0009925377276752468
ATF4P4,0.0009925377276752468,0.0009925377276752468
RTP4,0.0009925377276752468,0.0009925377276752468
ENSG00000255026,0.0009925377276752468,0.0009925377276752468
PIGFP2,0.0009925377276752468,0.0009925377276752468
RBM12B-DT,0.0009925377276752468,0.0009925377276752468
PSAT1,0.0009925377276752468,0.0009925377276752468
ARHGEF38,0.0009925377276752468,0.0009925377276752468
ENSG00000238085,0.0009925377276752468,0.0009925377276752468
MYO1B-AS1,0.0009925377276752468,0.0009925377276752468
RBM44,0.0009925377276752468,0.0009925377276752468
NME8,0.0009925377276752468,0.0009925377276752468
TMEM44-AS1,0.0009925377276752468,0.0009925377276752468
FHIP2A,0.0009925377276752468,0.0009925377276752468
SLC12A9-AS1,0.0009925377276752468,0.0009925377276752468
MTPN,0.0009925377276752468,0.0009925377276752468
RNA5SP244,0.0009925377276752468,0.0009925377276752468
RN7SL832P,0.0009925377276752468,0.0009925377276752468
TMEM79,0.0009925377276752468,0.0009925377276752468
HOXA6,0.0009925377276752468,0.0009925377276752468
NCRNA00250,0.0009925377276752468,0.0009925377276752468
ENSG00000285773,0.0009925377276752468,0.0009925377276752468
ENSG00000249685,0.0009925377276752468,0.0009925377276752468
LSM1,0.0009925377276752468,0.0009925377276752468
PSIP1P1,0.0009925377276752468,0.0009925377276752468
SPI1,0.0009925377276752468,0.0009925377276752468
SKP1P1,0.0009925377276752468,0.0009925377276752468
ENSG00000272512,0.0009925377276752468,0.0009925377276752468
RPL15P3,0.0009925377276752468,0.0009925377276752468
FLJ43315,0.0009925377276752468,0.0009925377276752468
INSC,0.0009925377276752468,0.0009925377276752468
ENSG00000283913,0.0009925377276752468,0.0009925377276752468
PAQR7,0.0009925377276752468,0.0009925377276752468
EPHA1-AS1,0.0009925377276752468,0.0009925377276752468
SPINDOC,0.0009925377276752468,0.0009925377276752468
MTCO1P4,0.0009925377276752468,0.0009925377276752468
PHYHD1,0.0009925377276752468,0.0009925377276752468
MIR4634,0.0009925377276752468,0.0009925377276752468
ENSG00000260774,0.0009925377276752468,0.0009925377276752468
VPS28,0.0009925377276752468,0.0009925377276752468
ZMIZ1-AS1,0.000992377410052898,0.000992377410052898
PSMG3,0.000992377410052898,0.000992377410052898
ASRGL1,0.000992377410052898,0.000992377410052898
ENSG00000264937,0.000992377410052898,0.000992377410052898
ZFX,0.000992377410052898,0.000992377410052898
GLRB,0.000992377410052898,0.000992377410052898
ENSG00000270140,0.000992377410052898,0.000992377410052898
RBBP8NL,0.000992377410052898,0.000992377410052898
LDHC,0.000992377410052898,0.000992377410052898
ENSG00000290791,0.000992377410052898,0.000992377410052898
CPB2,0.000992377410052898,0.000992377410052898
TINCR,0.000992377410052898,0.000992377410052898
RPL10P13,0.000992377410052898,0.000992377410052898
COP1,0.000992377410052898,0.000992377410052898
ENSG00000280032,0.000992377410052898,0.000992377410052898
ABTB2,0.000992377410052898,0.000992377410052898
TSGA10,0.000992377410052898,0.000992377410052898
ENSG00000282906,0.000992377410052898,0.000992377410052898
MAB21L4,0.000992377410052898,0.000992377410052898
ENSG00000286600,0.000992377410052898,0.000992377410052898
SPARCL1,0.000992377410052898,0.000992377410052898
RWDD3-DT,0.000992377410052898,0.000992377410052898
DGCR8,0.000992377410052898,0.000992377410052898
MEMO1,0.000992377410052898,0.000992377410052898
TSNARE1,0.000992377410052898,0.000992377410052898
ENSG00000260899,0.000992377410052898,0.000992377410052898
FRMD8,0.000992377410052898,0.000992377410052898
RPL26,0.000992377410052898,0.000992377410052898
MBTPS1,-0.0009919316723666386,0.0009919316723666386
LINC02606,0.0009918746276410166,0.0009918746276410166
CEP70,0.0009917720276597752,0.0009917720276597752
ENSG00000289928,0.0009917175532782054,0.0009917175532782054
CASZ1,0.0009917175532782054,0.0009917175532782054
IL12RB2,0.0009917175532782054,0.0009917175532782054
ENSG00000286555,0.0009917175532782054,0.0009917175532782054
ATP5MG,0.0009913749307162744,0.0009913749307162744
ZNF738,-0.0009911847639677129,0.0009911847639677129
IL32,-0.0009911020925260725,0.0009911020925260725
MS4A7,-0.0009902341764833266,0.0009902341764833266
NDUFS7,-0.0009902217879282883,0.0009902217879282883
TP53BP1,-0.0009900674237563775,0.0009900674237563775
ENSG00000287305,-0.0009899948841055703,0.0009899948841055703
PIGP,-0.0009899948841055703,0.0009899948841055703
MANEA,-0.000989919232567208,0.000989919232567208
FGD5-AS1,0.0009898936000691764,0.0009898936000691764
LMLN,0.0009898054471658073,0.0009898054471658073
TSPAN31,-0.0009894533523353243,0.0009894533523353243
MSL2,-0.0009890454110399736,0.0009890454110399736
NUP98,-0.0009890344897697193,0.0009890344897697193
ZNF141,-0.0009885319399047287,0.0009885319399047287
NOL10,0.0009884498567127795,0.0009884498567127795
SPPL2B,-0.000987878422771667,0.000987878422771667
PELI1,-0.0009877937119645893,0.0009877937119645893
SNORA64,-0.0009877937119645893,0.0009877937119645893
LIAS,-0.0009877887304509752,0.0009877887304509752
PGM5P2,-0.0009873018837439043,0.0009873018837439043
FAM219B,-0.0009873018837439043,0.0009873018837439043
ENSG00000240652,-0.0009868671025980423,0.0009868671025980423
ACTR10,-0.0009867435799367297,0.0009867435799367297
RSPO3,-0.0009867435799367297,0.0009867435799367297
EGFR-AS1,-0.0009867435799367297,0.0009867435799367297
TGFB3,-0.0009867435799367297,0.0009867435799367297
ERP44,-0.0009866633973279987,0.0009866633973279987
ENSG00000280347,0.0009863744135298637,0.0009863744135298637
DNAJC10,-0.0009859944097672976,0.0009859944097672976
LINC02884,0.0009859396761694238,0.0009859396761694238
ENSG00000226439,0.0009858245646740254,0.0009858245646740254
LINC00115,-0.000985713926290241,0.000985713926290241
ATP6V0B,-0.0009855442198766985,0.0009855442198766985
UGGT1,-0.0009849789218276405,0.0009849789218276405
RFWD3,0.0009839321193700196,0.0009839321193700196
HIGD1AP1,-0.000983705507379225,0.000983705507379225
AP4E1,-0.0009829994413089157,0.0009829994413089157
PRICKLE3,0.0009826961045220014,0.0009826961045220014
COL9A3,0.0009822995220252029,0.0009822995220252029
OSGIN1,0.000981761796229482,0.000981761796229482
BOC,0.0009812547420706003,0.0009812547420706003
TCTN2,-0.0009808270893234326,0.0009808270893234326
ENSG00000278730,-0.000980419158199319,0.000980419158199319
CPVL-AS2,0.0009800021846632346,0.0009800021846632346
RPUSD3,-0.0009796328268644305,0.0009796328268644305
HADH,0.0009795224971976978,0.0009795224971976978
PCAT19,-0.000978410490885226,0.000978410490885226
CD300E,-0.000978070994084366,0.000978070994084366
PLXNC1,0.0009779732497112543,0.0009779732497112543
HDDC2,-0.0009772720370993411,0.0009772720370993411
GSTA4,-0.0009772720370993411,0.0009772720370993411
POTEE,0.0009771111477917661,0.0009771111477917661
ATL3,-0.0009760859619375557,0.0009760859619375557
NCOA6,0.0009757750171253636,0.0009757750171253636
FBXW7,0.0009756881499921843,0.0009756881499921843
PLD3,-0.0009756308037662418,0.0009756308037662418
RAP2B,0.000975485350213906,0.000975485350213906
SRPK3,0.0009751526592721061,0.0009751526592721061
ZNF439,-0.0009749007181405604,0.0009749007181405604
HERC2,0.0009747269968986763,0.0009747269968986763
UFSP2,-0.0009743446940451495,0.0009743446940451495
OXR1,0.0009735847938715927,0.0009735847938715927
SLC35G2,0.0009729517343404076,0.0009729517343404076
ARL6IP5,0.000972814480165717,0.000972814480165717
ZC2HC1A,-0.0009727184790649232,0.0009727184790649232
ENSG00000290927,0.0009725039241598279,0.0009725039241598279
BIN2,0.0009722311864755889,0.0009722311864755889
TAOK3,0.0009721870353960241,0.0009721870353960241
DMAP1,-0.000971603748068089,0.000971603748068089
TRAPPC4,-0.0009705838531152183,0.0009705838531152183
CMPK1,-0.0009704440590016265,0.0009704440590016265
PRKD3,-0.0009700704312093392,0.0009700704312093392
RNU5D-1,-0.0009699589524826362,0.0009699589524826362
CBLB,0.0009699351242157419,0.0009699351242157419
ENSG00000272916,-0.0009690539283953143,0.0009690539283953143
EML4,-0.0009684910220427376,0.0009684910220427376
AAK1,0.0009684179811877293,0.0009684179811877293
BTG2-DT,0.0009681498943067389,0.0009681498943067389
AFMID,-0.0009680836471483156,0.0009680836471483156
RUBCN,-0.0009678468311363008,0.0009678468311363008
HS3ST3B1,-0.000967737354806668,0.000967737354806668
RPS7P10,-0.0009676502307420939,0.0009676502307420939
JHY,0.0009676366417239313,0.0009676366417239313
D2HGDH,0.0009675307375395502,0.0009675307375395502
KDM7A,-0.0009673936587775917,0.0009673936587775917
PLAUR,0.000967378921623392,0.000967378921623392
GATA2,-0.0009666745315632133,0.0009666745315632133
MIIP,0.0009661355491564904,0.0009661355491564904
COMMD9,0.0009661355491564904,0.0009661355491564904
PSMA6,0.0009653571090912079,0.0009653571090912079
FAAP20,0.0009652362698140561,0.0009652362698140561
PRDM5,0.0009651731423205498,0.0009651731423205498
ZNF609,-0.0009648834979484159,0.0009648834979484159
GNG5,-0.0009646753794635967,0.0009646753794635967
PITPNB,0.0009634831286469224,0.0009634831286469224
ENSG00000254605,0.0009634831286469224,0.0009634831286469224
NAA25,-0.0009630478337810721,0.0009630478337810721
OTUD4,-0.0009628665687098092,0.0009628665687098092
ENSG00000286864,-0.000962204923599145,0.000962204923599145
COBL,0.0009616812649638156,0.0009616812649638156
SAP30-DT,-0.0009616088502509089,0.0009616088502509089
CSGALNACT2,0.0009615514693783381,0.0009615514693783381
CD40,-0.0009613465350347768,0.0009613465350347768
IQGAP2,0.0009612711709693759,0.0009612711709693759
SLC2A4RG,-0.0009611729515598548,0.0009611729515598548
TIRAP,-0.0009610190493217107,0.0009610190493217107
FCSK,0.0009603359660111634,0.0009603359660111634
SMIM33,0.0009591684618308507,0.0009591684618308507
C4orf36,0.0009591684618308507,0.0009591684618308507
ENSG00000291224,0.0009591684618308507,0.0009591684618308507
ACOT9,-0.0009590356617945418,0.0009590356617945418
POLR2L,0.0009587669453905575,0.0009587669453905575
ITPKB,0.0009587571440864746,0.0009587571440864746
LETR1,-0.0009585005412345925,0.0009585005412345925
ZNF197,0.0009584677425141232,0.0009584677425141232
GATA2-AS1,0.0009584677425141232,0.0009584677425141232
ENSG00000279602,0.0009583458402807177,0.0009583458402807177
AFDN,-0.0009579005382975589,0.0009579005382975589
PPFIBP1,0.0009576865027929426,0.0009576865027929426
ENSG00000253736,-0.000957327378697214,0.000957327378697214
TMX4-AS1,0.000957055498722902,0.000957055498722902
PTGER2,0.000957055498722902,0.000957055498722902
CYB5R1,0.000957055498722902,0.000957055498722902
NSG1,0.000957055498722902,0.000957055498722902
NECAP2,-0.0009564513043762336,0.0009564513043762336
FUBP1,0.0009557041232787704,0.0009557041232787704
ZNRF3,-0.0009556669154112617,0.0009556669154112617
RAB8B,-0.0009554965476619491,0.0009554965476619491
ARMC9,-0.0009552027387899315,0.0009552027387899315
PTPRS,0.0009551354575539732,0.0009551354575539732
TBX18,0.0009546799236970667,0.0009546799236970667
ZNF208,-0.0009542254569675295,0.0009542254569675295
ZNF276,0.0009542003944069632,0.0009542003944069632
FOXP1,-0.0009530931019168491,0.0009530931019168491
BCL2,0.0009530083332646999,0.0009530083332646999
MRPL50,-0.0009528853949857666,0.0009528853949857666
SLC35D1,-0.0009523641332901458,0.0009523641332901458
SNX1,0.0009522284695911291,0.0009522284695911291
PARP15,0.0009521603356982012,0.0009521603356982012
ZNF440,0.0009519706732186745,0.0009519706732186745
EVA1A,-0.0009518276351249665,0.0009518276351249665
SH2B1,-0.0009514850125630243,0.0009514850125630243
PAQR8,-0.0009514850125630243,0.0009514850125630243
CYP26B1,-0.0009514850125630243,0.0009514850125630243
FAM83B,0.0009513752122052493,0.0009513752122052493
DENND5A,0.0009511571120263915,0.0009511571120263915
BRD7,-0.0009509024832897622,0.0009509024832897622
ENSG00000229337,-0.0009503857806934172,0.0009503857806934172
NEK11,-0.0009503857806934172,0.0009503857806934172
ENSG00000265800,-0.0009503857806934172,0.0009503857806934172
MAP2K4,-0.0009503857806934172,0.0009503857806934172
LINC02195,-0.0009503857806934172,0.0009503857806934172
CCDC141,-0.0009503857806934172,0.0009503857806934172
GPR183,-0.0009503857806934172,0.0009503857806934172
ENSG00000231128,-0.0009503857806934172,0.0009503857806934172
ENSG00000261386,-0.0009503857806934172,0.0009503857806934172
ENSG00000238246,-0.0009503857806934172,0.0009503857806934172
AKAP1-DT,-0.0009503857806934172,0.0009503857806934172
ATP13A2,-0.0009503857806934172,0.0009503857806934172
B4GALT6,-0.0009503857806934172,0.0009503857806934172
CYB561A3,0.000950264176405076,0.000950264176405076
ZNF300P1,-0.0009498651472356237,0.0009498651472356237
C4orf46,0.0009497999933651921,0.0009497999933651921
FAM184B,-0.0009497480305187054,0.0009497480305187054
GIPC2,-0.0009497229563400316,0.0009497229563400316
H2BC21,-0.0009496666396082159,0.0009496666396082159
RIOX2,0.0009494924980105108,0.0009494924980105108
ALPK2,-0.0009493157084632033,0.0009493157084632033
ZKSCAN3,-0.0009483815954645967,0.0009483815954645967
ENSG00000289700,0.0009481883488666972,0.0009481883488666972
UBE2H,0.0009480616063510439,0.0009480616063510439
ST3GAL1,0.0009476890788851228,0.0009476890788851228
ZNF552,-0.0009476196829389203,0.0009476196829389203
DNASE1L3,0.0009464153940918563,0.0009464153940918563
RAB21,-0.000946258077545865,0.000946258077545865
FMN1,0.0009460120955144249,0.0009460120955144249
SDHD,-0.000945758466181151,0.000945758466181151
SMAGP,-0.0009453936863233542,0.0009453936863233542
IRF8,0.0009451735433491265,0.0009451735433491265
CLSTN1,0.0009451523789771362,0.0009451523789771362
CNBP,0.0009450582657325904,0.0009450582657325904
RC3H1-IT1,0.0009450582657325904,0.0009450582657325904
ANKDD1A,0.0009448702681393189,0.0009448702681393189
IL1RL1,0.0009447894931356819,0.0009447894931356819
ENSG00000213976,0.0009445288970449631,0.0009445288970449631
KLRC4-KLRK1,0.0009441687808287328,0.0009441687808287328
SIGLEC14,0.000943865288364123,0.000943865288364123
FYN,0.000943865288364123,0.000943865288364123
ZNF875,-0.0009431867040649222,0.0009431867040649222
TENT2,0.0009429698273150887,0.0009429698273150887
ABCA10,-0.0009422207387410386,0.0009422207387410386
PPIH,-0.0009421530028050644,0.0009421530028050644
ENSG00000269481,-0.0009419537821282053,0.0009419537821282053
CEP350,-0.0009413757431042971,0.0009413757431042971
ENSG00000247228,-0.0009412773498600402,0.0009412773498600402
C1orf43,-0.0009411998795109687,0.0009411998795109687
CAP2P1,-0.0009411998795109687,0.0009411998795109687
ENSG00000264365,-0.0009411998795109687,0.0009411998795109687
TMSB10P1,-0.0009411998795109687,0.0009411998795109687
TSPO,-0.0009411998795109687,0.0009411998795109687
ATP5PD,-0.0009411998795109687,0.0009411998795109687
PCIF1,-0.0009411998795109687,0.0009411998795109687
LINC01277,-0.0009411998795109687,0.0009411998795109687
ANKRD20A17P,-0.0009411998795109687,0.0009411998795109687
ENSG00000286463,-0.0009411998795109687,0.0009411998795109687
AGFG1,-0.0009409280342456746,0.0009409280342456746
ENSG00000287725,0.0009408358590997641,0.0009408358590997641
ZNF639,-0.0009408034640620715,0.0009408034640620715
CCNG1,0.0009406312134545287,0.0009406312134545287
TBC1D16,-0.0009406308418724175,0.0009406308418724175
EIF4A2,0.0009406019386771463,0.0009406019386771463
SEC16A,0.0009406019386771463,0.0009406019386771463
FAM227B,-0.000940537391828008,0.000940537391828008
OLFML2A,0.0009405099052214789,0.0009405099052214789
ACAD8,-0.0009405066445916086,0.0009405066445916086
GPAT4-AS1,0.0009403774445088829,0.0009403774445088829
LINC03047,0.0009403208070361614,0.0009403208070361614
EPHB4,0.0009403208070361614,0.0009403208070361614
LINC01914,0.0009403208070361614,0.0009403208070361614
ENSG00000277581,-0.0009399684905576091,0.0009399684905576091
MAP2K6,-0.0009399684905576091,0.0009399684905576091
CHTF18,-0.0009399684905576091,0.0009399684905576091
SLC27A5,-0.0009399684905576091,0.0009399684905576091
ENSG00000288973,-0.0009399684905576091,0.0009399684905576091
SLC7A10,-0.0009399684905576091,0.0009399684905576091
ENSG00000274015,-0.0009399684905576091,0.0009399684905576091
CCDC77,-0.0009399684905576091,0.0009399684905576091
ZGRF1,-0.0009399684905576091,0.0009399684905576091
FBXO28,-0.0009398486207498656,0.0009398486207498656
ADAT3,0.0009398179243680965,0.0009398179243680965
EPHX1,-0.0009397796125937077,0.0009397796125937077
ZNRF2P1,0.0009396273253156878,0.0009396273253156878
FLVCR2-AS1,0.0009393737847358189,0.0009393737847358189
GNPAT,-0.0009389168231014593,0.0009389168231014593
ENSG00000272871,-0.0009389168231014593,0.0009389168231014593
DLX3,0.0009385636170860563,0.0009385636170860563
LY75-CD302,0.0009383151949903985,0.0009383151949903985
ARFGAP3,0.0009380867021951554,0.0009380867021951554
ELL,-0.0009376808705769352,0.0009376808705769352
SLCO2A1,-0.0009368317657116012,0.0009368317657116012
ENSG00000272221,0.0009368017321835087,0.0009368017321835087
IGHV4-34,0.0009368017321835087,0.0009368017321835087
ENSG00000242154,0.0009368017321835087,0.0009368017321835087
ENSG00000267198,0.0009368017321835087,0.0009368017321835087
HLA-DQB2,0.0009368017321835087,0.0009368017321835087
MICA,0.0009368017321835063,0.0009368017321835063
HLA-DPA1,0.0009368017321835049,0.0009368017321835049
HCG18,0.000936801732183503,0.000936801732183503
HLA-DQA2,0.0009368017321834974,0.0009368017321834974
RILP,0.0009368017321834895,0.0009368017321834895
ZNF749,0.0009368017321834895,0.0009368017321834895
ZNF707,0.0009368017321834895,0.0009368017321834895
C2,0.0009368017321834895,0.0009368017321834895
CTSO,0.0009368017321834895,0.0009368017321834895
PMS2P7,0.0009368017321834895,0.0009368017321834895
RGS19,0.0009368017321834895,0.0009368017321834895
TRAV12-2,0.0009368017321834895,0.0009368017321834895
TRAV14DV4,0.0009368017321834895,0.0009368017321834895
STK19,0.0009368017321834895,0.0009368017321834895
PPIAP58,0.0009368017321834895,0.0009368017321834895
PPIAP19,0.0009368017321834895,0.0009368017321834895
SEMA3F-AS1,0.0009368017321834895,0.0009368017321834895
CCL23,0.0009368017321834895,0.0009368017321834895
CHCHD10,0.0009368017321834895,0.0009368017321834895
TRBV14,0.0009368017321834895,0.0009368017321834895
TRAPPC6A,0.0009368017321834895,0.0009368017321834895
SAE1,0.0009368017321834895,0.0009368017321834895
PPM1F-AS1,0.0009368017321834895,0.0009368017321834895
NAPEPLD,0.0009368017321834895,0.0009368017321834895
CIAO1,0.0009368017321834895,0.0009368017321834895
AOAH-IT1,0.0009368017321834895,0.0009368017321834895
SERPINA1,0.0009368017321834895,0.0009368017321834895
SELENOT,0.0009368017321834895,0.0009368017321834895
ABCC1,0.0009368017321834895,0.0009368017321834895
PLIN5,0.0009368017321834895,0.0009368017321834895
TSEN34,0.0009368017321834895,0.0009368017321834895
TRAJ8,0.0009368017321834895,0.0009368017321834895
TRBC2,0.0009368017321834895,0.0009368017321834895
TRBV23-1,0.0009368017321834895,0.0009368017321834895
TRBV18,0.0009368017321834895,0.0009368017321834895
RN7SKP50,0.0009368017321834895,0.0009368017321834895
CCL4L2,0.0009368017321834895,0.0009368017321834895
RXRB,0.0009368017321834895,0.0009368017321834895
STOML1,0.0009368017321834895,0.0009368017321834895
TRIM39-RPP21,0.0009368017321834895,0.0009368017321834895
APBA2,0.0009368017321834895,0.0009368017321834895
PPP1R18,0.0009368017321834895,0.0009368017321834895
ABCF1,0.0009368017321834895,0.0009368017321834895
RHOQ-AS1,0.0009368017321834895,0.0009368017321834895
TRIM39,0.0009368017321834895,0.0009368017321834895
CCL13,0.0009368017321834895,0.0009368017321834895
NCAM1,0.0009368017321834895,0.0009368017321834895
CCL3-AS1,0.0009368017321834895,0.0009368017321834895
ABHD10,0.0009368017321834895,0.0009368017321834895
TRBV21-1,0.0009368017321834895,0.0009368017321834895
ZNF723,0.0009368017321834895,0.0009368017321834895
RING1,0.0009368017321834895,0.0009368017321834895
POU2AF2,0.0009368017321834895,0.0009368017321834895
CCNB2,0.0009368017321834895,0.0009368017321834895
ATRIP,0.0009368017321834895,0.0009368017321834895
TRD-AS1,0.0009368017321834895,0.0009368017321834895
CCL3,0.0009368017321834895,0.0009368017321834895
CCHCR1,0.0009368017321834895,0.0009368017321834895
S100A12,0.0009368017321834895,0.0009368017321834895
CCL18,0.0009368017321834895,0.0009368017321834895
TRBV7-9,0.0009368017321834895,0.0009368017321834895
POLD1,0.0009368017321834895,0.0009368017321834895
TRIM27,0.0009368017321834895,0.0009368017321834895
NOTCH4,0.0009368017321834895,0.0009368017321834895
RGL2,0.0009368017321834895,0.0009368017321834895
TMEM120A,0.0009368017321834895,0.0009368017321834895
PSME3IP1,0.0009368017321834895,0.0009368017321834895
PSMB8-AS1,0.0009368017321834895,0.0009368017321834895
PSMB3,0.0009368017321834895,0.0009368017321834895
TBC1D3P2,0.0009368017321834895,0.0009368017321834895
TBC1D3G,0.0009368017321834895,0.0009368017321834895
SDF2,0.0009368017321834895,0.0009368017321834895
TBC1D3B,0.0009368017321834895,0.0009368017321834895
SBNO2,0.0009368017321834895,0.0009368017321834895
SDHAP2,0.0009368017321834895,0.0009368017321834895
MYO19,0.0009368017321834895,0.0009368017321834895
PRRT1B,0.0009368017321834895,0.0009368017321834895
PRRC2A,0.0009368017321834895,0.0009368017321834895
TAS2R30,0.0009368017321834895,0.0009368017321834895
PRR3,0.0009368017321834895,0.0009368017321834895
CEP170,0.0009368017321834895,0.0009368017321834895
MYO5B,0.0009368017321834895,0.0009368017321834895
ARHGEF10,0.0009368017321834895,0.0009368017321834895
PSORS1C1,0.0009368017321834895,0.0009368017321834895
SDCCAG8,0.0009368017321834895,0.0009368017321834895
CCNI2,0.0009368017321834895,0.0009368017321834895
TCIM,0.0009368017321834895,0.0009368017321834895
ART5,0.0009368017321834895,0.0009368017321834895
RAB11FIP3,0.0009368017321834895,0.0009368017321834895
RAC1P5,0.0009368017321834895,0.0009368017321834895
MYH11,0.0009368017321834895,0.0009368017321834895
THUMPD2,0.0009368017321834895,0.0009368017321834895
RAD17,0.0009368017321834895,0.0009368017321834895
TESC,0.0009368017321834895,0.0009368017321834895
SCUBE3,0.0009368017321834895,0.0009368017321834895
PYHIN1,0.0009368017321834895,0.0009368017321834895
PWP1,0.0009368017321834895,0.0009368017321834895
TKTL1,0.0009368017321834895,0.0009368017321834895
TLCD2,0.0009368017321834895,0.0009368017321834895
PTPRK,0.0009368017321834895,0.0009368017321834895
ARMC10,0.0009368017321834895,0.0009368017321834895
TDO2,0.0009368017321834895,0.0009368017321834895
CEBPA,0.0009368017321834895,0.0009368017321834895
CD96,0.0009368017321834895,0.0009368017321834895
TAS2R15P,0.0009368017321834895,0.0009368017321834895
ARHGDIA,0.0009368017321834895,0.0009368017321834895
CD38,0.0009368017321834895,0.0009368017321834895
TAS2R14,0.0009368017321834895,0.0009368017321834895
N4BP1,0.0009368017321834895,0.0009368017321834895
REG4,0.0009368017321834895,0.0009368017321834895
CD101,0.0009368017321834895,0.0009368017321834895
CFAP36,0.0009368017321834895,0.0009368017321834895
ATP2C1,0.0009368017321834895,0.0009368017321834895
SYNRG,0.0009368017321834895,0.0009368017321834895
PPT2-EGFL8,0.0009368017321834895,0.0009368017321834895
ABHD17C,0.0009368017321834895,0.0009368017321834895
PPT2,0.0009368017321834895,0.0009368017321834895
ARAP1-AS2,0.0009368017321834895,0.0009368017321834895
CCR2,0.0009368017321834895,0.0009368017321834895
TP53RK,0.0009368017321834895,0.0009368017321834895
TPI1,0.0009368017321834895,0.0009368017321834895
TPM3P5,0.0009368017321834895,0.0009368017321834895
NACAP2,0.0009368017321834895,0.0009368017321834895
SV2B,0.0009368017321834895,0.0009368017321834895
TPRN,0.0009368017321834895,0.0009368017321834895
ATP2A3,0.0009368017321834895,0.0009368017321834895
RDM1,0.0009368017321834895,0.0009368017321834895
TNPO1P1,0.0009368017321834895,0.0009368017321834895
PRKD2,0.0009368017321834895,0.0009368017321834895
TMEM50B,0.0009368017321834895,0.0009368017321834895
ARHGAP4,0.0009368017321834895,0.0009368017321834895
PRPF8,0.0009368017321834895,0.0009368017321834895
TAPBP,0.0009368017321834895,0.0009368017321834895
TMEM87B,0.0009368017321834895,0.0009368017321834895
TAP2,0.0009368017321834895,0.0009368017321834895
TAF9,0.0009368017321834895,0.0009368017321834895
TAF15,0.0009368017321834895,0.0009368017321834895
CWC25,0.0009368017321834895,0.0009368017321834895
ARHGAP23,0.0009368017321834895,0.0009368017321834895
TMX1,0.0009368017321834895,0.0009368017321834895
PRKACB-DT,0.0009368017321834895,0.0009368017321834895
PRH1,0.0009368017321834895,0.0009368017321834895
SAP30L,0.0009368017321834895,0.0009368017321834895
TADA2A,0.0009368017321834895,0.0009368017321834895
RDH13,0.0009368017321834895,0.0009368017321834895
C2CD4D,0.0009368017321834895,0.0009368017321834895
AZU1,0.0009368017321834895,0.0009368017321834895
PLEKHM1,0.0009368017321834895,0.0009368017321834895
RPL21P110,0.0009368017321834895,0.0009368017321834895
WHAMMP1,0.0009368017321834895,0.0009368017321834895
AGPAT1,0.0009368017321834895,0.0009368017321834895
AGMAT,0.0009368017321834895,0.0009368017321834895
OSCAR,0.0009368017321834895,0.0009368017321834895
CATSPERB,0.0009368017321834895,0.0009368017321834895
CATSPER1,0.0009368017321834895,0.0009368017321834895
OR7E14P,0.0009368017321834895,0.0009368017321834895
OR52T1P,0.0009368017321834895,0.0009368017321834895
SH3GL1P3,0.0009368017321834895,0.0009368017321834895
C12orf4,0.0009368017321834895,0.0009368017321834895
OR3D1P,0.0009368017321834895,0.0009368017321834895
OR2I1P,0.0009368017321834895,0.0009368017321834895
RPL3P2,0.0009368017321834895,0.0009368017321834895
OR13C9,0.0009368017321834895,0.0009368017321834895
RPL41P2,0.0009368017321834895,0.0009368017321834895
RPL5P32,0.0009368017321834895,0.0009368017321834895
BPI,0.0009368017321834895,0.0009368017321834895
P2RY10,0.0009368017321834895,0.0009368017321834895
P2RY12,0.0009368017321834895,0.0009368017321834895
ACSL6,0.0009368017321834895,0.0009368017321834895
SMARCB1,0.0009368017321834895,0.0009368017321834895
ZNF384,0.0009368017321834895,0.0009368017321834895
AK6,0.0009368017321834895,0.0009368017321834895
SMBD1P,0.0009368017321834895,0.0009368017321834895
ZNF350-AS1,0.0009368017321834895,0.0009368017321834895
PAK1,0.0009368017321834895,0.0009368017321834895
RPL23AP11,0.0009368017321834895,0.0009368017321834895
ACP6,0.0009368017321834895,0.0009368017321834895
PAFAH2,0.0009368017321834895,0.0009368017321834895
RPS7P5,0.0009368017321834895,0.0009368017321834895
RPL23AP57,0.0009368017321834895,0.0009368017321834895
RPL23AP64,0.0009368017321834895,0.0009368017321834895
WBP4,0.0009368017321834895,0.0009368017321834895
RPL23AP97,0.0009368017321834895,0.0009368017321834895
PABPN1P2,0.0009368017321834895,0.0009368017321834895
SGSM2-AS1,0.0009368017321834895,0.0009368017321834895
RPS9,0.0009368017321834895,0.0009368017321834895
YTHDC1,0.0009368017321834895,0.0009368017321834895
RPS4Y1,0.0009368017321834895,0.0009368017321834895
BRD2,0.0009368017321834895,0.0009368017321834895
RPS17,0.0009368017321834895,0.0009368017321834895
RPS3P1,0.0009368017321834895,0.0009368017321834895
CRK,0.0009368017321834895,0.0009368017321834895
BTBD7,0.0009368017321834895,0.0009368017321834895
NTRK1,0.0009368017321834895,0.0009368017321834895
NTAN1P2,0.0009368017321834895,0.0009368017321834895
SKIC2,0.0009368017321834895,0.0009368017321834895
NSMCE3,0.0009368017321834895,0.0009368017321834895
RPS18,0.0009368017321834895,0.0009368017321834895
NMRAL1,0.0009368017321834895,0.0009368017321834895
SIRT1,0.0009368017321834895,0.0009368017321834895
NRBF2P5,0.0009368017321834895,0.0009368017321834895
NOMO1,0.0009368017321834895,0.0009368017321834895
CPSF6,0.0009368017321834895,0.0009368017321834895
RPS24P16,0.0009368017321834895,0.0009368017321834895
NPHP4,0.0009368017321834895,0.0009368017321834895
RPS26P47,0.0009368017321834895,0.0009368017321834895
SLC12A7,0.0009368017321834895,0.0009368017321834895
ZDHHC20P1,0.0009368017321834895,0.0009368017321834895
OCLN,0.0009368017321834895,0.0009368017321834895
CARNMT1-AS1,0.0009368017321834895,0.0009368017321834895
RPL7AP66,0.0009368017321834895,0.0009368017321834895
OBP2B,0.0009368017321834895,0.0009368017321834895
CORO2A,0.0009368017321834895,0.0009368017321834895
SLC25A53,0.0009368017321834895,0.0009368017321834895
ZBTB22,0.0009368017321834895,0.0009368017321834895
RPL9P2,0.0009368017321834895,0.0009368017321834895
CORO7,0.0009368017321834895,0.0009368017321834895
ZBTB34,0.0009368017321834895,0.0009368017321834895
COX5BP1,0.0009368017321834895,0.0009368017321834895
CORO7-PAM16,0.0009368017321834895,0.0009368017321834895
SLC22A18,0.0009368017321834895,0.0009368017321834895
SLC19A2,0.0009368017321834895,0.0009368017321834895
SLC16A6,0.0009368017321834895,0.0009368017321834895
NUGGC,0.0009368017321834895,0.0009368017321834895
COX4I2,0.0009368017321834895,0.0009368017321834895
ZDHHC2,0.0009368017321834895,0.0009368017321834895
SMDT1,0.0009368017321834895,0.0009368017321834895
PANX2,0.0009368017321834895,0.0009368017321834895
NCOA5,0.0009368017321834895,0.0009368017321834895
SMIM10L1,0.0009368017321834895,0.0009368017321834895
TXNIP,0.0009368017321834895,0.0009368017321834895
SPOPL,0.0009368017321834895,0.0009368017321834895
ACAA1,0.0009368017321834895,0.0009368017321834895
NDUFA6,0.0009368017321834895,0.0009368017321834895
NDUFA6-DT,0.0009368017321834895,0.0009368017321834895
ACACA,0.0009368017321834895,0.0009368017321834895
PHF8,0.0009368017321834895,0.0009368017321834895
RNU1-61P,0.0009368017321834895,0.0009368017321834895
PHF1,0.0009368017321834895,0.0009368017321834895
SPATA22,0.0009368017321834895,0.0009368017321834895
NDUFAF5,0.0009368017321834895,0.0009368017321834895
UBE2Q2P2,0.0009368017321834895,0.0009368017321834895
C19orf54,0.0009368017321834895,0.0009368017321834895
UBE2V1P2,0.0009368017321834895,0.0009368017321834895
UBQLN2,0.0009368017321834895,0.0009368017321834895
ACAN,0.0009368017321834895,0.0009368017321834895
UBR7,0.0009368017321834895,0.0009368017321834895
PHRF1,0.0009368017321834895,0.0009368017321834895
TWF1,0.0009368017321834895,0.0009368017321834895
PIGW,0.0009368017321834895,0.0009368017321834895
PLA2G3,0.0009368017321834895,0.0009368017321834895
ST7-AS1,0.0009368017321834895,0.0009368017321834895
TTC1,0.0009368017321834895,0.0009368017321834895
RN7SL470P,0.0009368017321834895,0.0009368017321834895
ZNF676,0.0009368017321834895,0.0009368017321834895
TTC31,0.0009368017321834895,0.0009368017321834895
ST20-MTHFS,0.0009368017321834895,0.0009368017321834895
CISD3,0.0009368017321834895,0.0009368017321834895
RN7SL798P,0.0009368017321834895,0.0009368017321834895
PIK3CD-AS1,0.0009368017321834895,0.0009368017321834895
SSR2,0.0009368017321834895,0.0009368017321834895
RPS26P52,0.0009368017321834895,0.0009368017321834895
B2M,0.0009368017321834895,0.0009368017321834895
NDE1,0.0009368017321834895,0.0009368017321834895
TUBB,0.0009368017321834895,0.0009368017321834895
PIP4K2B,0.0009368017321834895,0.0009368017321834895
PIMREGP3,0.0009368017321834895,0.0009368017321834895
PFDN6,0.0009368017321834895,0.0009368017321834895
RNU6-45P,0.0009368017321834895,0.0009368017321834895
RNU6-908P,0.0009368017321834895,0.0009368017321834895
PATL2,0.0009368017321834895,0.0009368017321834895
UTY,0.0009368017321834895,0.0009368017321834895
SNORA23,0.0009368017321834895,0.0009368017321834895
SNORA17A,0.0009368017321834895,0.0009368017321834895
PBX3,0.0009368017321834895,0.0009368017321834895
PBX2,0.0009368017321834895,0.0009368017321834895
PAXBP1,0.0009368017321834895,0.0009368017321834895
RPL12P42,0.0009368017321834895,0.0009368017321834895
AKT3-IT1,0.0009368017321834895,0.0009368017321834895
PCGF2,0.0009368017321834895,0.0009368017321834895
AKT3,0.0009368017321834895,0.0009368017321834895
RPL13P,0.0009368017321834895,0.0009368017321834895
PARN,0.0009368017321834895,0.0009368017321834895
RPL17P11,0.0009368017321834895,0.0009368017321834895
RPL18P13,0.0009368017321834895,0.0009368017321834895
SMIM17,0.0009368017321834895,0.0009368017321834895
NEU1,0.0009368017321834895,0.0009368017321834895
PCDHB15,0.0009368017321834895,0.0009368017321834895
BDP1,0.0009368017321834895,0.0009368017321834895
CMSS1,0.0009368017321834895,0.0009368017321834895
CNOT3,0.0009368017321834895,0.0009368017321834895
CSNK2B,0.0009368017321834895,0.0009368017321834895
SNX22,0.0009368017321834895,0.0009368017321834895
UNC13B,0.0009368017321834895,0.0009368017321834895
CNN3-DT,0.0009368017321834895,0.0009368017321834895
ZNF485,0.0009368017321834895,0.0009368017321834895
BCOR,0.0009368017321834895,0.0009368017321834895
ZNF474-AS1,0.0009368017321834895,0.0009368017321834895
RPA4,0.0009368017321834895,0.0009368017321834895
BDH1,0.0009368017321834895,0.0009368017321834895
PDCD7,0.0009368017321834895,0.0009368017321834895
ALOX5,0.0009368017321834895,0.0009368017321834895
USP27X-DT,0.0009368017321834895,0.0009368017321834895
PDCD1,0.0009368017321834895,0.0009368017321834895
NECTIN3,0.0009368017321834895,0.0009368017321834895
CNPY4,0.0009368017321834895,0.0009368017321834895
SNORD48,0.0009368017321834895,0.0009368017321834895
CDIPT,0.0009368017321834895,0.0009368017321834895
hsa-mir-423,0.0009368017321834895,0.0009368017321834895
HERC2P9,0.0009368017321834895,0.0009368017321834895
ENSG00000289375,0.0009368017321834895,0.0009368017321834895
ENSG00000258985,0.0009368017321834895,0.0009368017321834895
ENSG00000263756,0.0009368017321834895,0.0009368017321834895
ENSG00000267580,0.0009368017321834895,0.0009368017321834895
ENSG00000245768,0.0009368017321834895,0.0009368017321834895
ENSG00000283118,0.0009368017321834895,0.0009368017321834895
IGHA1,0.0009368017321834895,0.0009368017321834895
KBTBD11-OT1,0.0009368017321834895,0.0009368017321834895
FZD8,0.0009368017321834895,0.0009368017321834895
KBTBD11-AS1,0.0009368017321834895,0.0009368017321834895
GABRA2,0.0009368017321834895,0.0009368017321834895
ENSG00000289485,0.0009368017321834895,0.0009368017321834895
EGFL8,0.0009368017321834895,0.0009368017321834895
ENSG00000267618,0.0009368017321834895,0.0009368017321834895
KANSL1,0.0009368017321834895,0.0009368017321834895
ENSG00000261003,0.0009368017321834895,0.0009368017321834895
ENSG00000289334,0.0009368017321834895,0.0009368017321834895
DYNLT2,0.0009368017321834895,0.0009368017321834895
MARS2,0.0009368017321834895,0.0009368017321834895
ENSG00000228634,0.0009368017321834895,0.0009368017321834895
LINC01537,0.0009368017321834895,0.0009368017321834895
ENSG00000229405,0.0009368017321834895,0.0009368017321834895
MRPL2P1,0.0009368017321834895,0.0009368017321834895
ENSG00000283689,0.0009368017321834895,0.0009368017321834895
LENG1,0.0009368017321834895,0.0009368017321834895
EIF2S2P4,0.0009368017321834895,0.0009368017321834895
ENSG00000289942,0.0009368017321834895,0.0009368017321834895
ENSG00000261058,0.0009368017321834895,0.0009368017321834895
DAXX,0.0009368017321834895,0.0009368017321834895
ENSG00000267474,0.0009368017321834895,0.0009368017321834895
ENSG00000289874,0.0009368017321834895,0.0009368017321834895
ENSG00000274767,0.0009368017321834895,0.0009368017321834895
ENSG00000289866,0.0009368017321834895,0.0009368017321834895
ENSG00000244255,0.0009368017321834895,0.0009368017321834895
ENSG00000272077,0.0009368017321834895,0.0009368017321834895
ENSG00000267554,0.0009368017321834895,0.0009368017321834895
LENG8,0.0009368017321834895,0.0009368017321834895
LINC01623,0.0009368017321834895,0.0009368017321834895
DERL3,0.0009368017321834895,0.0009368017321834895
MROH6,0.0009368017321834895,0.0009368017321834895
ENSG00000267510,0.0009368017321834895,0.0009368017321834895
LENG8-AS1,0.0009368017321834895,0.0009368017321834895
LINC02829,0.0009368017321834895,0.0009368017321834895
ENSG00000289507,0.0009368017321834895,0.0009368017321834895
ENSG00000258699,0.0009368017321834895,0.0009368017321834895
ENSG00000247311,0.0009368017321834895,0.0009368017321834895
MARF1,0.0009368017321834895,0.0009368017321834895
ENSG00000272719,0.0009368017321834895,0.0009368017321834895
ENSG00000262884,0.0009368017321834895,0.0009368017321834895
ENSG00000280128,0.0009368017321834895,0.0009368017321834895
ENSG00000279145,0.0009368017321834895,0.0009368017321834895
ENSG00000289047,0.0009368017321834895,0.0009368017321834895
ENSG00000260836,0.0009368017321834895,0.0009368017321834895
ENSG00000226394,0.0009368017321834895,0.0009368017321834895
ENSG00000268434,0.0009368017321834895,0.0009368017321834895
GLIS2-AS1,0.0009368017321834895,0.0009368017321834895
ENSG00000225864,0.0009368017321834895,0.0009368017321834895
IGHV3-21,0.0009368017321834895,0.0009368017321834895
ENSG00000183562,0.0009368017321834895,0.0009368017321834895
ENSG00000263020,0.0009368017321834895,0.0009368017321834895
ENSG00000225689,0.0009368017321834895,0.0009368017321834895
MAMLD1,0.0009368017321834895,0.0009368017321834895
ENSG00000225528,0.0009368017321834895,0.0009368017321834895
ENSG00000225407,0.0009368017321834895,0.0009368017321834895
GNB3,0.0009368017321834895,0.0009368017321834895
MAGT1,0.0009368017321834895,0.0009368017321834895
GNL1,0.0009368017321834895,0.0009368017321834895
ENSG00000249236,0.0009368017321834895,0.0009368017321834895
ENSG00000280036,0.0009368017321834895,0.0009368017321834895
DUSP14,0.0009368017321834895,0.0009368017321834895
ENSG00000275381,0.0009368017321834895,0.0009368017321834895
MAP3K14,0.0009368017321834895,0.0009368017321834895
ENSG00000289100,0.0009368017321834895,0.0009368017321834895
GARRE1,0.0009368017321834895,0.0009368017321834895
MLLT6,0.0009368017321834895,0.0009368017321834895
LINC01364,0.0009368017321834895,0.0009368017321834895
LETM2,0.0009368017321834895,0.0009368017321834895
ENSG00000267755,0.0009368017321834895,0.0009368017321834895
ENSG00000280453,0.0009368017321834895,0.0009368017321834895
GBA1,0.0009368017321834895,0.0009368017321834895
ENSG00000228021,0.0009368017321834895,0.0009368017321834895
ENSG00000280407,0.0009368017321834895,0.0009368017321834895
ENSG00000289177,0.0009368017321834895,0.0009368017321834895
ENSG00000227712,0.0009368017321834895,0.0009368017321834895
LINC03009,0.0009368017321834895,0.0009368017321834895
ENSG00000280380,0.0009368017321834895,0.0009368017321834895
DHX16,0.0009368017321834895,0.0009368017321834895
ENSG00000227370,0.0009368017321834895,0.0009368017321834895
ENSG00000260920,0.0009368017321834895,0.0009368017321834895
GGNBP2,0.0009368017321834895,0.0009368017321834895
ENSG00000280206,0.0009368017321834895,0.0009368017321834895
ENSG00000260197,0.0009368017321834895,0.0009368017321834895
ENSG00000283525,0.0009368017321834895,0.0009368017321834895
FLOT1,0.0009368017321834895,0.0009368017321834895
ENSG00000225173,0.0009368017321834895,0.0009368017321834895
MIR2277,0.0009368017321834895,0.0009368017321834895
MIR4284,0.0009368017321834895,0.0009368017321834895
MIR423,0.0009368017321834895,0.0009368017321834895
LINC02352,0.0009368017321834895,0.0009368017321834895
ENSG00000285974,0.0009368017321834895,0.0009368017321834895
ENSG00000236031,0.0009368017321834895,0.0009368017321834895
ENSG00000235833,0.0009368017321834895,0.0009368017321834895
ENSG00000271959,0.0009368017321834895,0.0009368017321834895
FAM13A-AS1,0.0009368017321834895,0.0009368017321834895
ENSG00000291175,0.0009368017321834895,0.0009368017321834895
KIR2DL4,0.0009368017321834895,0.0009368017321834895
ENSG00000254288,0.0009368017321834895,0.0009368017321834895
FAM157C,0.0009368017321834895,0.0009368017321834895
FAM157D,0.0009368017321834895,0.0009368017321834895
KIR3DL2,0.0009368017321834895,0.0009368017321834895
KIR3DP1,0.0009368017321834895,0.0009368017321834895
ENSG00000241169,0.0009368017321834895,0.0009368017321834895
ENSG00000241449,0.0009368017321834895,0.0009368017321834895
FAM83D,0.0009368017321834895,0.0009368017321834895
MICB-DT,0.0009368017321834895,0.0009368017321834895
ENSG00000234361,0.0009368017321834895,0.0009368017321834895
ENSG00000291276,0.0009368017321834895,0.0009368017321834895
FABP3,0.0009368017321834895,0.0009368017321834895
FKRP,0.0009368017321834895,0.0009368017321834895
ENSG00000240207,0.0009368017321834895,0.0009368017321834895
ENSG00000239572,0.0009368017321834895,0.0009368017321834895
EPHB6,0.0009368017321834895,0.0009368017321834895
ENSG00000238387,0.0009368017321834895,0.0009368017321834895
ENSG00000271984,0.0009368017321834895,0.0009368017321834895
LINC02091,0.0009368017321834895,0.0009368017321834895
EDRF1-DT,0.0009368017321834895,0.0009368017321834895
DDAH1,0.0009368017321834895,0.0009368017321834895
EPB41L1,0.0009368017321834895,0.0009368017321834895
IDH2,0.0009368017321834895,0.0009368017321834895
DDAH2,0.0009368017321834895,0.0009368017321834895
DDTL,0.0009368017321834895,0.0009368017321834895
ETNK2,0.0009368017321834895,0.0009368017321834895
ENSG00000254503,0.0009368017321834895,0.0009368017321834895
ENSG00000285781,0.0009368017321834895,0.0009368017321834895
ENTREP3,0.0009368017321834895,0.0009368017321834895
MIR604,0.0009368017321834895,0.0009368017321834895
ENSG00000285957,0.0009368017321834895,0.0009368017321834895
KIR2DL1,0.0009368017321834895,0.0009368017321834895
DDT,0.0009368017321834895,0.0009368017321834895
MIR4804,0.0009368017321834895,0.0009368017321834895
INTS3,0.0009368017321834895,0.0009368017321834895
ENSG00000272855,0.0009368017321834895,0.0009368017321834895
ENSG00000278918,0.0009368017321834895,0.0009368017321834895
ENSG00000290574,0.0009368017321834895,0.0009368017321834895
LCT-AS1,0.0009368017321834895,0.0009368017321834895
METRNL,0.0009368017321834895,0.0009368017321834895
ENOPH1,0.0009368017321834895,0.0009368017321834895
MPIG6B,0.0009368017321834895,0.0009368017321834895
DENND11,0.0009368017321834895,0.0009368017321834895
ENSG00000290609,0.0009368017321834895,0.0009368017321834895
ENSG00000272037,0.0009368017321834895,0.0009368017321834895
ENSG00000243024,0.0009368017321834895,0.0009368017321834895
ENSG00000271680,0.0009368017321834895,0.0009368017321834895
ENSG00000232059,0.0009368017321834895,0.0009368017321834895
FAN1,0.0009368017321834895,0.0009368017321834895
IQANK1,0.0009368017321834895,0.0009368017321834895
ENSG00000243517,0.0009368017321834895,0.0009368017321834895
MPV17L,0.0009368017321834895,0.0009368017321834895
FHIP1B,0.0009368017321834895,0.0009368017321834895
ENSG00000290056,0.0009368017321834895,0.0009368017321834895
KLHL2,0.0009368017321834895,0.0009368017321834895
ENSG00000231482,0.0009368017321834895,0.0009368017321834895
LDHAL6B,0.0009368017321834895,0.0009368017321834895
ENSG00000286235,0.0009368017321834895,0.0009368017321834895
FCRL6,0.0009368017321834895,0.0009368017321834895
LCN6,0.0009368017321834895,0.0009368017321834895
FCAR,0.0009368017321834895,0.0009368017321834895
ENSG00000290879,0.0009368017321834895,0.0009368017321834895
KLF13,0.0009368017321834895,0.0009368017321834895
ENSG00000259600,0.0009368017321834895,0.0009368017321834895
ENSG00000278472,0.0009368017321834895,0.0009368017321834895
ENSG00000284954,0.0009368017321834895,0.0009368017321834895
FAU,0.0009368017321834895,0.0009368017321834895
ENSG00000278376,0.0009368017321834895,0.0009368017321834895
MGAT4C,0.0009368017321834895,0.0009368017321834895
ENSG00000273416,0.0009368017321834895,0.0009368017321834895
ENSG00000284803,0.0009368017321834895,0.0009368017321834895
ENSG00000284740,0.0009368017321834895,0.0009368017321834895
ENSG00000264982,0.0009368017321834895,0.0009368017321834895
ENSG00000284726,0.0009368017321834895,0.0009368017321834895
ENSG00000278949,0.0009368017321834895,0.0009368017321834895
DDX39B,0.0009368017321834895,0.0009368017321834895
ENSG00000290933,0.0009368017321834895,0.0009368017321834895
ENSG00000290916,0.0009368017321834895,0.0009368017321834895
DDX39B-AS1,0.0009368017321834895,0.0009368017321834895
ENSG00000232716,0.0009368017321834895,0.0009368017321834895
HSPA1A,0.0009368017321834895,0.0009368017321834895
ENSG00000184084,0.0009368017321834895,0.0009368017321834895
ENSG00000281808,0.0009368017321834895,0.0009368017321834895
LINC00484,0.0009368017321834895,0.0009368017321834895
ENSG00000218713,0.0009368017321834895,0.0009368017321834895
ENSG00000273333,0.0009368017321834895,0.0009368017321834895
ENSG00000269604,0.0009368017321834895,0.0009368017321834895
GSDMD,0.0009368017321834895,0.0009368017321834895
ENSG00000287970,0.0009368017321834895,0.0009368017321834895
ENSG00000287920,0.0009368017321834895,0.0009368017321834895
ENSG00000279762,0.0009368017321834895,0.0009368017321834895
HLA-DPB1,0.0009368017321834895,0.0009368017321834895
ENSG00000278002,0.0009368017321834895,0.0009368017321834895
DLG3,0.0009368017321834895,0.0009368017321834895
LNCATV,0.0009368017321834895,0.0009368017321834895
HLA-DOA,0.0009368017321834895,0.0009368017321834895
HLA-DMB,0.0009368017321834895,0.0009368017321834895
LST1,0.0009368017321834895,0.0009368017321834895
ENSG00000219410,0.0009368017321834895,0.0009368017321834895
MTHFD1P1,0.0009368017321834895,0.0009368017321834895
LSR,0.0009368017321834895,0.0009368017321834895
LINC00943,0.0009368017321834895,0.0009368017321834895
ENSG00000262248,0.0009368017321834895,0.0009368017321834895
HLA-DPB2,0.0009368017321834895,0.0009368017321834895
ENSG00000269599,0.0009368017321834895,0.0009368017321834895
HLA-DRB6,0.0009368017321834895,0.0009368017321834895
ENSG00000262413,0.0009368017321834895,0.0009368017321834895
HLA-F,0.0009368017321834895,0.0009368017321834895
ENSG00000260711,0.0009368017321834895,0.0009368017321834895
MTCYBP42,0.0009368017321834895,0.0009368017321834895
ENSG00000288587,0.0009368017321834895,0.0009368017321834895
HLA-E,0.0009368017321834895,0.0009368017321834895
LILRB2,0.0009368017321834895,0.0009368017321834895
GRID2,0.0009368017321834895,0.0009368017321834895
ENSG00000256928,0.0009368017321834895,0.0009368017321834895
LILRB3,0.0009368017321834895,0.0009368017321834895
ELAC2,0.0009368017321834895,0.0009368017321834895
LINC00941,0.0009368017321834895,0.0009368017321834895
LY6H,0.0009368017321834895,0.0009368017321834895
HLA-DRA,0.0009368017321834895,0.0009368017321834895
LY6G6C,0.0009368017321834895,0.0009368017321834895
GRINA,0.0009368017321834895,0.0009368017321834895
ENSG00000256981,0.0009368017321834895,0.0009368017321834895
LILRB5,0.0009368017321834895,0.0009368017321834895
LILRB1,0.0009368017321834895,0.0009368017321834895
HLA-DMA,0.0009368017321834895,0.0009368017321834895
ENSG00000275850,0.0009368017321834895,0.0009368017321834895
LINC00113,0.0009368017321834895,0.0009368017321834895
MUC20-OT1,0.0009368017321834895,0.0009368017321834895
HCG17,0.0009368017321834895,0.0009368017321834895
HCG22,0.0009368017321834895,0.0009368017321834895
HCG27,0.0009368017321834895,0.0009368017321834895
HCP5,0.0009368017321834895,0.0009368017321834895
ENSG00000261832,0.0009368017321834895,0.0009368017321834895
ENSG00000286974,0.0009368017321834895,0.0009368017321834895
HDAC3,0.0009368017321834895,0.0009368017321834895
HERC5,0.0009368017321834895,0.0009368017321834895
ENSG00000213315,0.0009368017321834895,0.0009368017321834895
ENSG00000251468,0.0009368017321834895,0.0009368017321834895
HENMT1,0.0009368017321834895,0.0009368017321834895
MYBL2,0.0009368017321834895,0.0009368017321834895
ENSG00000270282,0.0009368017321834895,0.0009368017321834895
DNAJA3,0.0009368017321834895,0.0009368017321834895
ENSG00000279476,0.0009368017321834895,0.0009368017321834895
LRRC24,0.0009368017321834895,0.0009368017321834895
ENSG00000259202,0.0009368017321834895,0.0009368017321834895
ENSG00000272501,0.0009368017321834895,0.0009368017321834895
ENSG00000275778,0.0009368017321834895,0.0009368017321834895
EHMT2,0.0009368017321834895,0.0009368017321834895
ENSG00000279665,0.0009368017321834895,0.0009368017321834895
ING3,0.0009368017321834895,0.0009368017321834895
MTMR10,0.0009368017321834895,0.0009368017321834895
LINC01060,0.0009368017321834895,0.0009368017321834895
HISLA,0.0009368017321834895,0.0009368017321834895
ENSG00000270083,0.0009368017321834895,0.0009368017321834895
ENSG00000279532,0.0009368017321834895,0.0009368017321834895
CYP2R1,0.0009368017321834895,0.0009368017321834895
MTND4P15,0.0009368017321834895,0.0009368017321834895
ENSG00000287569,0.0009368017321834895,0.0009368017321834895
CYP21A2,0.0009368017321834895,0.0009368017321834895
IL23A,0.0009368017321834895,0.0009368017321834895
LRRC39,0.0009368017321834895,0.0009368017321834895
ENSG00000279271,0.0009368017321834895,0.0009368017321834895
ENSG00000223751,0.0009368017321834895,0.0009368017321834895
ENSG00000259682,0.0009368017321834895,0.0009368017321834895
HLA-G,0.0009368017321834895,0.0009368017321834895
LINC01271,0.0009368017321834895,0.0009368017321834895
ENSG00000288829,0.0009368017321834895,0.0009368017321834895
ENSG00000288771,0.0009368017321834895,0.0009368017321834895
ENSG00000288821,0.0009368017321834895,0.0009368017321834895
ENSG00000288757,0.0009368017321834895,0.0009368017321834895
GPANK1,0.0009368017321834895,0.0009368017321834895
LINC01149,0.0009368017321834895,0.0009368017321834895
ENSG00000288813,0.0009368017321834895,0.0009368017321834895
LILRA2,0.0009368017321834895,0.0009368017321834895
ITIH3,0.0009368017321834895,0.0009368017321834895
LMNTD2,0.0009368017321834895,0.0009368017321834895
ENSG00000256723,0.0009368017321834895,0.0009368017321834895
ENSG00000288887,0.0009368017321834895,0.0009368017321834895
ENSG00000269161,0.0009368017321834895,0.0009368017321834895
ENSG00000288782,0.0009368017321834895,0.0009368017321834895
ENSG00000288917,0.0009368017321834895,0.0009368017321834895
LILRA6,0.0009368017321834895,0.0009368017321834895
ENSG00000270661,0.0009368017321834895,0.0009368017321834895
ENSG00000279887,0.0009368017321834895,0.0009368017321834895
ENSG00000286638,0.0009368017321834895,0.0009368017321834895
ENSG00000224272,0.0009368017321834895,0.0009368017321834895
MT2P1,0.0009368017321834895,0.0009368017321834895
DPY19L1P1,0.0009368017321834895,0.0009368017321834895
ENSG00000277969,0.0009368017321834895,0.0009368017321834895
HMGB1P23,0.0009368017321834895,0.0009368017321834895
HLA-J,0.0009368017321834895,0.0009368017321834895
GPM6A,0.0009368017321834895,0.0009368017321834895
KRT10,0.0009368017321834895,0.0009368017321834895
GOLGA7,0.0009368017321834895,0.0009368017321834895
HLA-F-AS1,0.0009368017321834895,0.0009368017321834895
ENSG00000224415,0.0009368017321834895,0.0009368017321834895
HLA-L,0.0009368017321834895,0.0009368017321834895
ATP6V1G2-DDX39B,0.0009368017321834854,0.0009368017321834854
ITPK1,0.0009368017321834854,0.0009368017321834854
ARHGEF26,0.0009368017321834854,0.0009368017321834854
GP6-AS1,0.0009368017321834854,0.0009368017321834854
DUSP8,0.0009368017321834854,0.0009368017321834854
TPT1P10,0.0009368017321834854,0.0009368017321834854
PTP4A3,0.0009368017321834854,0.0009368017321834854
ENSG00000291182,0.0009368017321834854,0.0009368017321834854
NCR1,0.0009368017321834854,0.0009368017321834854
ENSG00000230521,0.0009368017321834854,0.0009368017321834854
UBD,0.0009368017321834854,0.0009368017321834854
DCAF17,0.0009368017321834854,0.0009368017321834854
CCL3L1,0.0009368017321834854,0.0009368017321834854
TNXB,0.0009368017321834854,0.0009368017321834854
HS6ST1,0.0009368017321834854,0.0009368017321834854
LPCAT1,0.0009368017321834854,0.0009368017321834854
CCL4,0.0009368017321834854,0.0009368017321834854
ENSG00000289995,0.0009368017321834854,0.0009368017321834854
RPP21,0.0009368017321834854,0.0009368017321834854
ENSG00000259616,0.0009368017321834854,0.0009368017321834854
VASN,0.0009368017321834854,0.0009368017321834854
SLC43A2,0.0009368017321834854,0.0009368017321834854
ENSG00000268734,0.0009368017321834854,0.0009368017321834854
IGHV1-3,0.0009368017321834854,0.0009368017321834854
CEP20,0.0009368017321834854,0.0009368017321834854
RPS26P8,0.0009368017321834854,0.0009368017321834854
HLA-DQB1-AS1,0.0009368017321834854,0.0009368017321834854
CARS1,0.0009368017321834854,0.0009368017321834854
CFB,0.0009368017321834854,0.0009368017321834854
ENSG00000287576,0.0009368017321834854,0.0009368017321834854
MYOM2,0.0009368017321834854,0.0009368017321834854
WDR46,0.0009368017321834854,0.0009368017321834854
TAP1,0.0009368017321834854,0.0009368017321834854
ENSG00000237669,0.0009368017321834854,0.0009368017321834854
ARL17A,0.0009368017321834854,0.0009368017321834854
TAS2R64P,0.0009368017321834854,0.0009368017321834854
CLN8,0.0009368017321834854,0.0009368017321834854
GABBR1,0.0009368017321834854,0.0009368017321834854
TNFRSF14,0.0009368017321834854,0.0009368017321834854
TNFRSF14-AS1,0.0009368017321834854,0.0009368017321834854
MAGEA10,0.0009368017321834854,0.0009368017321834854
ZNF85,0.0009368017321834854,0.0009368017321834854
DDX24,0.0009368017321834854,0.0009368017321834854
CYP4X1,0.0009368017321834854,0.0009368017321834854
IGHM,0.0009368017321834854,0.0009368017321834854
LY6G5B,0.0009368017321834854,0.0009368017321834854
FRG1,0.0009368017321834854,0.0009368017321834854
LAIR1,0.0009368017321834854,0.0009368017321834854
ENSG00000287265,0.0009368017321834854,0.0009368017321834854
CYP4F2,0.0009368017321834854,0.0009368017321834854
PACSIN1,0.0009368017321834854,0.0009368017321834854
GPR26,0.0009368017321834854,0.0009368017321834854
VPS52,0.0009368017321834854,0.0009368017321834854
FKTN,-0.0009366065024889914,0.0009366065024889914
CEP57,-0.0009363980823973088,0.0009363980823973088
RPL32P16,0.0009358445653817889,0.0009358445653817889
ZBTB10,0.0009350307385534308,0.0009350307385534308
PSTK,-0.0009349074449592789,0.0009349074449592789
PANK2,-0.0009347433562930837,0.0009347433562930837
TARBP1,0.0009346804027953263,0.0009346804027953263
DR1,0.0009338823535720764,0.0009338823535720764
ATP2B4,0.0009337265174921963,0.0009337265174921963
ENSG00000288025,-0.0009336937651482333,0.0009336937651482333
RNF44,0.0009336299466225503,0.0009336299466225503
KLRD1,0.0009334754567082002,0.0009334754567082002
SPIB,0.0009332741121870035,0.0009332741121870035
ZNF486,0.0009330640043545499,0.0009330640043545499
ENSG00000261060,0.0009327399461191729,0.0009327399461191729
POLR3F,0.0009326483010013996,0.0009326483010013996
HDAC4,0.0009324181566027273,0.0009324181566027273
ENSG00000284428,0.0009320598368439743,0.0009320598368439743
PSMB2,-0.0009316622191848761,0.0009316622191848761
CD59,-0.0009316274223420679,0.0009316274223420679
CLIP4,0.0009312678149678606,0.0009312678149678606
TMEM44,-0.0009305592887112841,0.0009305592887112841
RNF125,0.000930414146787026,0.000930414146787026
ZNF654,0.0009304130229462332,0.0009304130229462332
PLCB3,-0.0009303296700647944,0.0009303296700647944
NEBL,0.000930218356523131,0.000930218356523131
HERC3,0.0009296951316847712,0.0009296951316847712
ENSG00000285803,0.000929537102410833,0.000929537102410833
ATP13A3,0.0009292498349612203,0.0009292498349612203
GPR78,-0.000929240464563449,0.000929240464563449
FERMT2,-0.0009291984429959402,0.0009291984429959402
MT1JP,-0.0009291811907614526,0.0009291811907614526
CROT,-0.0009291811907614526,0.0009291811907614526
POLR2H,-0.0009291811907614526,0.0009291811907614526
NET1,-0.0009291811907614526,0.0009291811907614526
ENSG00000237356,-0.0009291811907614526,0.0009291811907614526
AK9,-0.0009291811907614526,0.0009291811907614526
WDR83,-0.0009291811907614526,0.0009291811907614526
R3HCC1L,-0.0009291811907614526,0.0009291811907614526
ZNF74,-0.0009291811907614526,0.0009291811907614526
NCOA2,-0.0009291811907614526,0.0009291811907614526
GULP1,0.0009291305109216637,0.0009291305109216637
DMXL1,-0.0009290999427605158,0.0009290999427605158
SERINC1,-0.0009290783467727155,0.0009290783467727155
NIPSNAP3A,-0.0009290783467727155,0.0009290783467727155
SZRD1,-0.0009290783467727155,0.0009290783467727155
PLA2G2A,-0.0009290153578498836,0.0009290153578498836
HR,0.0009289492785249865,0.0009289492785249865
ENSG00000288849,0.0009289492785249865,0.0009289492785249865
CAPN7,0.0009289492785249865,0.0009289492785249865
SNX31,0.0009289492785249865,0.0009289492785249865
PLA2G4F,0.0009289492785249865,0.0009289492785249865
ATP10D,-0.0009287357242107303,0.0009287357242107303
SIK2,-0.0009287357242107303,0.0009287357242107303
DHCR7,-0.0009287357242107303,0.0009287357242107303
ZFHX2-AS1,0.0009287117026342293,0.0009287117026342293
PTPN23,0.0009286876708116236,0.0009286876708116236
ENSG00000285973,-0.0009285409195902887,0.0009285409195902887
KDELR2,-0.0009285409195902887,0.0009285409195902887
MXRA7P1,-0.0009279498018080828,0.0009279498018080828
CLCA4-AS1,-0.0009279498018080828,0.0009279498018080828
ENSG00000273619,-0.0009279498018080828,0.0009279498018080828
COQ6,-0.0009279498018080828,0.0009279498018080828
IRF9,-0.0009279498018080828,0.0009279498018080828
NANOS2,-0.0009279498018080828,0.0009279498018080828
PLOD3,-0.0009279498018080828,0.0009279498018080828
ENSG00000249773,-0.0009279498018080828,0.0009279498018080828
ENSG00000279748,-0.0009279498018080828,0.0009279498018080828
PCDH18,-0.0009279498018080828,0.0009279498018080828
ENSG00000284644,-0.0009279498018080828,0.0009279498018080828
IRX3,0.0009278546190195494,0.0009278546190195494
HNRNPK-AS1,0.0009274000294553551,0.0009274000294553551
JAK3,0.000927394055654217,0.000927394055654217
PAXIP1-AS2,-0.0009273484498994671,0.0009273484498994671
ENTREP1,0.0009273386334139888,0.0009273386334139888
MT-ND4,0.0009272798585484998,0.0009272798585484998
ZNF28,0.0009270610760796011,0.0009270610760796011
SIRPA,0.000926832526280788,0.000926832526280788
OIP5-AS1,-0.0009267653528895362,0.0009267653528895362
ENSG00000250899,0.0009266933363379823,0.0009266933363379823
COL6A2-DT,0.0009266021197878742,0.0009266021197878742
RPL38,0.0009260534137737845,0.0009260534137737845
SPDYA,-0.0009258628836401596,0.0009258628836401596
DFFA,-0.0009254202064931901,0.0009254202064931901
ENSG00000251034,-0.0009252998051539351,0.0009252998051539351
PCDH7,-0.0009252998051539351,0.0009252998051539351
DZIP3,-0.0009252998051539351,0.0009252998051539351
CCDC171,-0.0009248404249367243,0.0009248404249367243
IL18,0.000924784384760331,0.000924784384760331
NR1D1,-0.0009243444996112256,0.0009243444996112256
ENSG00000267022,-0.0009243444996112256,0.0009243444996112256
SNHG7,-0.0009243059937156619,0.0009243059937156619
LMF2,-0.0009241285799329628,0.0009241285799329628
H3C3,-0.000923852671390505,0.000923852671390505
ZSCAN32,-0.000923852671390505,0.000923852671390505
CCDC106,-0.000923852671390505,0.000923852671390505
TRIP12,-0.00092369944391384,0.00092369944391384
TRIM38,0.0009233557104055801,0.0009233557104055801
KMT2E,0.000923188456720232,0.000923188456720232
NF1,0.0009231040584628103,0.0009231040584628103
PPP1CB,0.0009229215042504483,0.0009229215042504483
RPL32P32,-0.0009227200754240741,0.0009227200754240741
PSMA7,-0.0009227098533625743,0.0009227098533625743
HNRNPD,-0.0009226410744406822,0.0009226410744406822
GAK,0.00092250119806836,0.00092250119806836
SGCD,-0.0009223158919621615,0.0009223158919621615
ENSG00000214144,-0.0009218490647662101,0.0009218490647662101
FXN,0.0009216151079304688,0.0009216151079304688
ENSG00000260166,0.0009214142116607313,0.0009214142116607313
ADAMTS9-AS1,-0.0009209995092392659,0.0009209995092392659
ZBTB5,-0.00092068654115095,0.00092068654115095
UBE2G2,-0.000920652512294923,0.000920652512294923
SMG1,-0.000920597233878573,0.000920597233878573
SS18,-0.0009203389321151322,0.0009203389321151322
ENSG00000214942,0.0009199177993154889,0.0009199177993154889
BSG,0.0009186212078883722,0.0009186212078883722
ENSG00000287100,-0.0009186089683522673,0.0009186089683522673
ANKRD50,-0.0009186089683522673,0.0009186089683522673
NUBP2,-0.0009186089683522673,0.0009186089683522673
RTTN,-0.0009182745531710165,0.0009182745531710165
ANGPT4,-0.0009180830767189264,0.0009180830767189264
RPS15AP1,0.000917601007071622,0.000917601007071622
ZNF8-ERVK3-1,0.000917601007071622,0.000917601007071622
EEF2,0.0009172919521766704,0.0009172919521766704
LRPPRC,-0.0009165401975023617,0.0009165401975023617
ENSG00000174171,0.0009160627012430693,0.0009160627012430693
ELP4,-0.0009154538746738086,0.0009154538746738086
EIF4E,-0.000915427389668115,0.000915427389668115
CDC25B,-0.0009154225972577506,0.0009154225972577506
GLT8D2,-0.0009154033108347786,0.0009154033108347786
ENSG00000285280,-0.0009154033108347786,0.0009154033108347786
SMARCAL1,-0.0009154033108347786,0.0009154033108347786
ENSG00000285693,-0.0009154033108347786,0.0009154033108347786
ENSG00000226149,-0.0009154033108347786,0.0009154033108347786
SETP17,-0.0009154033108347786,0.0009154033108347786
ENSG00000236069,-0.0009154033108347786,0.0009154033108347786
LINC02362,-0.0009154033108347786,0.0009154033108347786
TMPO,-0.0009153708264769,0.0009153708264769
IL6ST,0.0009152677940459452,0.0009152677940459452
NKIRAS2,-0.0009152387134869121,0.0009152387134869121
RASSF1,0.0009152183820840736,0.0009152183820840736
NID1,-0.0009139887054167241,0.0009139887054167241
ZNF394,-0.0009139731389934139,0.0009139731389934139
LRRN1,-0.0009137952392059568,0.0009137952392059568
DPY19L2,-0.0009135024173590814,0.0009135024173590814
TBC1D5,-0.0009130794156235315,0.0009130794156235315
CHN1,0.0009130481807570653,0.0009130481807570653
USP37,-0.0009129933864301964,0.0009129933864301964
VIRMA-DT,0.0009129755768468196,0.0009129755768468196
HERC1,-0.0009127063105881196,0.0009127063105881196
ST3GAL2,-0.0009124947740103678,0.0009124947740103678
NADK2,0.0009124813797726317,0.0009124813797726317
AMZ2,0.0009124813797726317,0.0009124813797726317
CYP1B1-AS1,0.0009124704009403919,0.0009124704009403919
RPS6KA2,-0.0009123152000411043,0.0009123152000411043
SLC1A5,-0.0009122393720593156,0.0009122393720593156
SANBR,0.000912034654606632,0.000912034654606632
ENSG00000283201,0.000912034654606632,0.000912034654606632
CLIC6,0.000912034654606632,0.000912034654606632
BRD8,-0.0009118841042927141,0.0009118841042927141
ZNF460,0.0009115557402199178,0.0009115557402199178
ZACN,-0.0009112399994985541,0.0009112399994985541
KCTD9,-0.0009111484427836733,0.0009111484427836733
RFC5,0.0009111004187273621,0.0009111004187273621
MED29,-0.0009109246116491778,0.0009109246116491778
TBK1,-0.0009108438980958544,0.0009108438980958544
SH3BP4,0.0009107073727619354,0.0009107073727619354
DEGS1,0.0009107065287346402,0.0009107065287346402
RLF,-0.0009104342745438713,0.0009104342745438713
CLEC12A,-0.0009104342745438713,0.0009104342745438713
ZNF385D,0.0009102364718829755,0.0009102364718829755
PRDM16,0.0009100477486818582,0.0009100477486818582
MTCH1,0.0009095095298692255,0.0009095095298692255
FZD3,-0.0009094667390450594,0.0009094667390450594
TRIM52,-0.0009087685101355994,0.0009087685101355994
GPR180,-0.0009086302308762611,0.0009086302308762611
ENSG00000248994,-0.0009083539963311261,0.0009083539963311261
SETD7,-0.0009079662357318502,0.0009079662357318502
ATF4P3,-0.0009079562020400924,0.0009079562020400924
EIF2B1,-0.0009078877024797029,0.0009078877024797029
KDM5A,0.0009077129354824336,0.0009077129354824336
ZNF333,0.0009074791502796591,0.0009074791502796591
EPB41L2,0.0009070559381052247,0.0009070559381052247
LINC01730,-0.0009069600698015982,0.0009069600698015982
HDDC3,0.000906471784445478,0.000906471784445478
HLA-H,0.0009061713093471065,0.0009061713093471065
PMS2,0.00090607040117945,0.00090607040117945
TNS2,0.0009058827583679807,0.0009058827583679807
SLC31A2,0.0009057651562475572,0.0009057651562475572
BTF3L4,0.0009054085065161851,0.0009054085065161851
DCLRE1C,-0.0009050766747620909,0.0009050766747620909
TNFSF14,-0.0009048968443753411,0.0009048968443753411
LDLRAD3,0.0009045989914493504,0.0009045989914493504
RPL6P6,-0.0009044050161546645,0.0009044050161546645
FTH1P4,-0.0009043841967031321,0.0009043841967031321
PARD6G-AS1,-0.0009043231630281224,0.0009043231630281224
ZNF619,-0.0009043231630281224,0.0009043231630281224
IGHEP2,-0.0009042066213962733,0.0009042066213962733
RPL36AP19,-0.0009038467123474666,0.0009038467123474666
EIF3A,-0.0009033548841267904,0.0009033548841267904
ENSG00000279133,-0.0009033239300194489,0.0009033239300194489
PHLDA1,0.0009030509912795533,0.0009030509912795533
STING1,0.0009030349059849186,0.0009030349059849186
EEF1A1,0.0009025008535866584,0.0009025008535866584
CRELD1,0.0009024205114969466,0.0009024205114969466
CDIP1,0.0009022567840002687,0.0009022567840002687
RAB23,-0.0009015791860425462,0.0009015791860425462
USP3,-0.0009004293824096755,0.0009004293824096755
METTL2B,-0.0008995183590146266,0.0008995183590146266
MTF1,-0.000899483866582562,0.000899483866582562
NEB,-0.000899483866582562,0.000899483866582562
DUX4L50,-0.000899483866582562,0.000899483866582562
PEX13,-0.000899483866582562,0.000899483866582562
CD99L2,-0.000899483866582562,0.000899483866582562
SLC27A1,-0.000899483866582562,0.000899483866582562
RAP1BL,-0.000899483866582562,0.000899483866582562
GPR132,0.0008992368706918231,0.0008992368706918231
XPNPEP1,-0.0008991412440206239,0.0008991412440206239
SETD1B,-0.0008991412440206239,0.0008991412440206239
TMEM158,-0.0008991412440206239,0.0008991412440206239
BMPR1A,-0.0008989497229237834,0.0008989497229237834
PTBP2,-0.0008988836614103688,0.0008988836614103688
INMT,0.0008982142809831988,0.0008982142809831988
GJB3,-0.0008978978069288241,0.0008978978069288241
RAD17P2,-0.0008977043497194248,0.0008977043497194248
ZNF772,-0.0008977043497194248,0.0008977043497194248
ASTL,0.000897225802012145,0.000897225802012145
HAPSTR1,-0.0008969077278872567,0.0008969077278872567
STX2,-0.0008968554087026705,0.0008968554087026705
RAB4B,-0.0008967625832677547,0.0008967625832677547
CNOT4,-0.0008963714232805044,0.0008963714232805044
ENSG00000256056,-0.0008962887453621597,0.0008962887453621597
AGO2,-0.0008959888776806082,0.0008959888776806082
B4GALT5,-0.0008949268533426044,0.0008949268533426044
ZC3H12D,0.0008948305027276646,0.0008948305027276646
APH1A,0.0008944636170657187,0.0008944636170657187
C2orf49,-0.0008944495393166449,0.0008944495393166449
LINC00649,-0.0008944331197580207,0.0008944331197580207
FTO,-0.0008941557854673026,0.0008941557854673026
KLHL36,0.000893975093246096,0.000893975093246096
UBE2M,0.000893735652445314,0.000893735652445314
SIPA1,0.000893735652445314,0.000893735652445314
ZNF608,-0.0008932964447497108,0.0008932964447497108
ARID1B,-0.0008929121321689086,0.0008929121321689086
MAD1L1,0.0008927051726347475,0.0008927051726347475
C2orf42,0.0008927051726347475,0.0008927051726347475
BMP6,0.0008924188966303118,0.0008924188966303118
CHMP2A,-0.0008922946244418628,0.0008922946244418628
AP3D1,0.0008921985731900473,0.0008921985731900473
REPS1,0.0008921985731900473,0.0008921985731900473
DAPP1,0.0008921985731900473,0.0008921985731900473
PCSK6,0.0008921985731900473,0.0008921985731900473
CST3,-0.0008921580705498987,0.0008921580705498987
ATF5,-0.0008919657264738437,0.0008919657264738437
ACKR2,0.0008918559506281067,0.0008918559506281067
ENSG00000228863,0.0008918559506281067,0.0008918559506281067
NISCH,-0.0008916883255717148,0.0008916883255717148
PCDHGA10,-0.0008916883255717148,0.0008916883255717148
PDK1,0.0008914763270192632,0.0008914763270192632
MTSS1,-0.0008912917974693277,0.0008912917974693277
EREG,0.0008912468747230203,0.0008912468747230203
PODXL2,-0.0008911964973510097,0.0008911964973510097
WDR48,-0.0008911964973510097,0.0008911964973510097
ENSG00000242477,-0.0008911964973510097,0.0008911964973510097
NRBP1,-0.0008911774923769097,0.0008911774923769097
POLR2A,0.0008906059180348781,0.0008906059180348781
SUDS3,0.0008901895150287792,0.0008901895150287792
MAFTRR,0.0008899164343566509,0.0008899164343566509
MSTO1,0.0008897931654417834,0.0008897931654417834
VPS26B,0.0008897931654417834,0.0008897931654417834
DYRK1A,0.0008896218767590959,0.0008896218767590959
LINC01048,0.0008892164457323856,0.0008892164457323856
SSU72,0.0008892164457323856,0.0008892164457323856
BACE1,0.0008892164457323856,0.0008892164457323856
NUCB2,0.0008891685596901654,0.0008891685596901654
SWT1,0.0008891269498766249,0.0008891269498766249
ENSG00000275719,0.0008888075743670992,0.0008888075743670992
RAB38,-0.0008885655666535349,0.0008885655666535349
LINC02979,-0.0008885655666535349,0.0008885655666535349
TRIO,-0.0008884082496290389,0.0008884082496290389
MEIS1,-0.0008882251653968821,0.0008882251653968821
ELMO2,-0.0008880862724790129,0.0008880862724790129
SNHG5,-0.0008880195678644938,0.0008880195678644938
MMS22L,-0.0008877725268256833,0.0008877725268256833
TPT1P14,-0.0008874311442577294,0.0008874311442577294
NIN,-0.0008870838676392899,0.0008870838676392899
EEF1A1P38,-0.000886490718235285,0.000886490718235285
AMOTL2,0.0008864860530533286,0.0008864860530533286
FNBP1,-0.0008864321472801337,0.0008864321472801337
SEC62,-0.0008861908496200241,0.0008861908496200241
IRS1,0.0008860815760190684,0.0008860815760190684
ADGRL3,0.0008859910695834261,0.0008859910695834261
CCDC9,-0.0008852655257068007,0.0008852655257068007
SCARB1,-0.0008852038087889564,0.0008852038087889564
CACNA1D,0.0008849424473200667,0.0008849424473200667
TUBGCP6,-0.0008849038545529115,0.0008849038545529115
ENAH,-0.000884581877402836,0.000884581877402836
MYO1F,0.0008842437369684646,0.0008842437369684646
PPP3CA,0.0008840638618794085,0.0008840638618794085
WDR41,-0.0008839818206909587,0.0008839818206909587
DNAJC3-DT,0.0008838358131377671,0.0008838358131377671
AACS,0.0008838358131377671,0.0008838358131377671
TTLL1,0.0008835517561150979,0.0008835517561150979
MTHFD1,-0.0008835393204123533,0.0008835393204123533
PVR,-0.0008832235042818169,0.0008832235042818169
PI4K2A,0.0008829556843341994,0.0008829556843341994
ZNF275,0.0008829087836720462,0.0008829087836720462
RASGRF1,0.0008828628006469537,0.0008828628006469537
DAPK2,0.0008828628006469537,0.0008828628006469537
PTPRF,0.0008828141110012946,0.0008828141110012946
SEMA6D,-0.0008827537518091704,0.0008827537518091704
CAT,-0.0008826704911255812,0.0008826704911255812
GAPVD1,0.0008826084350229919,0.0008826084350229919
HNRNPC,0.0008824859078223019,0.0008824859078223019
LOH12CR2,0.0008824859078223019,0.0008824859078223019
FLYWCH1,-0.0008818231720109661,0.0008818231720109661
FGFR3,0.0008815475260024546,0.0008815475260024546
BRF1,-0.000881148183132948,0.000881148183132948
LINC02966,-0.0008808616255389316,0.0008808616255389316
TOPORS,-0.0008808616255389316,0.0008808616255389316
DCP2,0.0008800597195873782,0.0008800597195873782
ZFP62,-0.0008800307522002552,0.0008800307522002552
LMTK2,-0.0008798426165690524,0.0008798426165690524
MCM3,-0.0008797026555453924,0.0008797026555453924
ZNF696,-0.000879600253149142,0.000879600253149142
SRP19,-0.0008795146234298257,0.0008795146234298257
SLC7A6,-0.0008794132608949424,0.0008794132608949424
ABCC9,-0.0008792559303794327,0.0008792559303794327
EIF3M,0.0008790381792330734,0.0008790381792330734
HDHD3,0.0008787507246819381,0.0008787507246819381
RPL38P2,-0.0008785286766467319,0.0008785286766467319
TSPAN18,-0.0008780651493551679,0.0008780651493551679
TMC6,-0.0008780480302542969,0.0008780480302542969
RPS6P16,-0.0008779909954512276,0.0008779909954512276
UPF1,0.0008777839975698525,0.0008777839975698525
NNMT,0.0008776253895361953,0.0008776253895361953
ERCC6L2,-0.0008775329286381078,0.0008775329286381078
MAPK10,0.0008770701687761471,0.0008770701687761471
TBC1D10B,-0.0008766549340726466,0.0008766549340726466
FKBP11,-0.0008759429467181396,0.0008759429467181396
NRP1,0.0008759254105704327,0.0008759254105704327
SLC25A25,-0.0008759062632234439,0.0008759062632234439
MICALL2,0.0008758409291121243,0.0008758409291121243
ZNF433-AS1,0.0008754146927339005,0.0008754146927339005
CTSH,-0.0008753357193248203,0.0008753357193248203
COL6A2,-0.0008752201005034542,0.0008752201005034542
HNRNPH3,-0.0008751140095037391,0.0008751140095037391
SHOC1,-0.0008751140095037391,0.0008751140095037391
ANP32A,0.0008750431552698459,0.0008750431552698459
NAB2,-0.0008747713869418176,0.0008747713869418176
NRCAM,-0.0008747713869418176,0.0008747713869418176
CEMIP2,-0.0008744810015197159,0.0008744810015197159
ACVR2A,-0.0008742199023257298,0.0008742199023257298
ANKRD33B,0.0008740195808682045,0.0008740195808682045
CTTNBP2NL,-0.0008737362471752127,0.0008737362471752127
TRIM52-AS1,-0.0008736528907719288,0.0008736528907719288
MTND4P12,0.0008730567091516546,0.0008730567091516546
ITGA3,0.0008729186713188332,0.0008729186713188332
CLK4,0.0008720592959005747,0.0008720592959005747
ENSG00000286813,-0.000871864425188886,0.000871864425188886
CACNA2D1,0.0008716827949871293,0.0008716827949871293
B4GALT7,0.0008716827949871293,0.0008716827949871293
RIPOR2,-0.0008715816796846666,0.0008715816796846666
ENSG00000251537,0.0008714744384000044,0.0008714744384000044
EFCAB11,-0.0008709164089584833,0.0008709164089584833
RPS12P4,-0.0008707868001677217,0.0008707868001677217
ACP3,0.0008707289652053095,0.0008707289652053095
ENSG00000265907,0.0008707172763613789,0.0008707172763613789
VEZF1,0.0008707172763613789,0.0008707172763613789
CUL3,-0.0008705199239034168,0.0008705199239034168
DRC3,0.000870130004728503,0.000870130004728503
ENSG00000288915,0.0008697634465795414,0.0008697634465795414
CENPV,0.0008697634465795414,0.0008697634465795414
ACTG1P9,-0.0008693863688891485,0.0008693863688891485
SHROOM2,-0.0008691569395193773,0.0008691569395193773
PDHA1,0.0008691165664839909,0.0008691165664839909
RPL19P11,0.0008691165664839909,0.0008691165664839909
ZFPM2,0.0008691165664839909,0.0008691165664839909
TMEM109,0.0008691165664839909,0.0008691165664839909
CRISP3,0.0008691165664839909,0.0008691165664839909
PSME2P3,0.0008691165664839909,0.0008691165664839909
LINC02268,0.0008691165664839909,0.0008691165664839909
ENSG00000261635,0.0008691165664839909,0.0008691165664839909
MLF1,0.0008691165664839909,0.0008691165664839909
MT-ND4L,0.0008691165664839909,0.0008691165664839909
FOSL2-AS1,0.0008691165664839909,0.0008691165664839909
MYADML,0.0008691165664839909,0.0008691165664839909
ENSG00000223886,0.0008691165664839909,0.0008691165664839909
ROCR,0.0008691165664839909,0.0008691165664839909
YWHAQ,0.0008691165664839909,0.0008691165664839909
RAET1G,0.0008691165664839742,0.0008691165664839742
JMJD8,0.0008691165664839742,0.0008691165664839742
MRPL46,0.0008691165664839742,0.0008691165664839742
ENSG00000287170,0.0008691165664839742,0.0008691165664839742
UBLCP1,0.0008691165664839742,0.0008691165664839742
ENSG00000289111,0.0008691165664839742,0.0008691165664839742
ENSG00000289261,0.0008691165664839742,0.0008691165664839742
RNU2-28P,0.0008691165664839742,0.0008691165664839742
UBOX5-AS1,0.0008691165664839742,0.0008691165664839742
PCDHGA1,0.0008691165664839742,0.0008691165664839742
PCDHGA11,0.0008691165664839742,0.0008691165664839742
PCDHGA2,0.0008691165664839742,0.0008691165664839742
PCLO,0.0008691165664839742,0.0008691165664839742
ZFPL1,0.0008691165664839742,0.0008691165664839742
ARHGEF38-IT1,0.0008691165664839742,0.0008691165664839742
PCDHGA3,0.0008691165664839742,0.0008691165664839742
ENSG00000270207,0.0008691165664839742,0.0008691165664839742
ENSG00000226756,0.0008691165664839742,0.0008691165664839742
ENSG00000289231,0.0008691165664839742,0.0008691165664839742
CIR1,0.0008691165664839742,0.0008691165664839742
PSME2P1,0.0008691165664839742,0.0008691165664839742
ARHGEF26-AS1,0.0008691165664839742,0.0008691165664839742
NDUFB2,0.0008691165664839742,0.0008691165664839742
PCDHB14,0.0008691165664839742,0.0008691165664839742
ENSG00000255639,0.0008691165664839742,0.0008691165664839742
NDUFA13,0.0008691165664839742,0.0008691165664839742
POLD2,0.0008691165664839742,0.0008691165664839742
POC5,0.0008691165664839742,0.0008691165664839742
ENSG00000228201,0.0008691165664839742,0.0008691165664839742
SMIM22,0.0008691165664839742,0.0008691165664839742
ENSG00000289104,0.0008691165664839742,0.0008691165664839742
RPL21P119,0.0008691165664839742,0.0008691165664839742
CCN2,0.0008691165664839742,0.0008691165664839742
VDAC2P5,0.0008691165664839742,0.0008691165664839742
PCDHGC5,0.0008691165664839742,0.0008691165664839742
PCDHGB1,0.0008691165664839742,0.0008691165664839742
GAMT,0.0008691165664839742,0.0008691165664839742
PCDHGB3,0.0008691165664839742,0.0008691165664839742
PCDHGB4,0.0008691165664839742,0.0008691165664839742
PCDHGB5,0.0008691165664839742,0.0008691165664839742
ENSG00000287217,0.0008691165664839742,0.0008691165664839742
PCDHGA9,0.0008691165664839742,0.0008691165664839742
NDUFC2,0.0008691165664839742,0.0008691165664839742
BLZF1,0.0008691165664839742,0.0008691165664839742
PCDHGA8,0.0008691165664839742,0.0008691165664839742
ENSG00000257910,0.0008691165664839742,0.0008691165664839742
ENSG00000287086,0.0008691165664839742,0.0008691165664839742
ENSG00000286481,0.0008691165664839742,0.0008691165664839742
PCDHGC4,0.0008691165664839742,0.0008691165664839742
ENSG00000228559,0.0008691165664839742,0.0008691165664839742
ENSG00000267827,0.0008691165664839742,0.0008691165664839742
KRT6B,0.0008691165664839742,0.0008691165664839742
SMC6,0.0008691165664839742,0.0008691165664839742
RAB17,0.0008691165664839742,0.0008691165664839742
ENSG00000289175,0.0008691165664839742,0.0008691165664839742
HNRNPA3P6,0.0008691165664839742,0.0008691165664839742
ENSG00000248468,0.0008691165664839742,0.0008691165664839742
LINC01473,0.0008691165664839742,0.0008691165664839742
PCDHGA7,0.0008691165664839742,0.0008691165664839742
XXYLT1,0.0008691165664839742,0.0008691165664839742
SAMD14,0.0008691165664839742,0.0008691165664839742
PCDHGA5,0.0008691165664839742,0.0008691165664839742
SLC44A2,0.0008691165664839742,0.0008691165664839742
HNRNPKP4,0.0008691165664839742,0.0008691165664839742
PCDHGA4,0.0008691165664839742,0.0008691165664839742
PCDHGB7,0.0008691165664839742,0.0008691165664839742
ENSG00000258337,0.0008691165664839742,0.0008691165664839742
VDAC1P8,0.0008691165664839742,0.0008691165664839742
MAP3K15,0.0008691165664839742,0.0008691165664839742
RTKN,0.0008691165664839742,0.0008691165664839742
ZSCAN1,0.0008691165664839742,0.0008691165664839742
CYP4F11,0.0008691165664839742,0.0008691165664839742
RTEL1,0.0008691165664839742,0.0008691165664839742
RN7SL430P,0.0008691165664839742,0.0008691165664839742
ENSG00000287535,0.0008691165664839742,0.0008691165664839742
GRB14,0.0008691165664839742,0.0008691165664839742
HEXIM2-AS1,0.0008691165664839742,0.0008691165664839742
MTCO3P39,0.0008691165664839742,0.0008691165664839742
ENSG00000288605,0.0008691165664839742,0.0008691165664839742
ENSG00000262526,0.0008691165664839742,0.0008691165664839742
ENSG00000223786,0.0008691165664839742,0.0008691165664839742
ACP5,0.0008691165664839742,0.0008691165664839742
PSMA6P1,0.0008691165664839742,0.0008691165664839742
ENSG00000286707,0.0008691165664839742,0.0008691165664839742
ENSG00000259784,0.0008691165664839742,0.0008691165664839742
ENSG00000250999,0.0008691165664839742,0.0008691165664839742
LINC01152,0.0008691165664839742,0.0008691165664839742
CTNNA1-AS1,0.0008691165664839742,0.0008691165664839742
USP1,0.0008691165664839742,0.0008691165664839742
ENSG00000288778,0.0008691165664839742,0.0008691165664839742
PLEKHB1,0.0008691165664839742,0.0008691165664839742
ENSG00000277895,0.0008691165664839742,0.0008691165664839742
SHC4,0.0008691165664839742,0.0008691165664839742
ENSG00000269243,0.0008691165664839742,0.0008691165664839742
PLEKHA6,0.0008691165664839742,0.0008691165664839742
LRRC3-DT,0.0008691165664839742,0.0008691165664839742
PIMREG,0.0008691165664839742,0.0008691165664839742
TPD52,0.0008691165664839742,0.0008691165664839742
SEC14L2,0.0008691165664839742,0.0008691165664839742
ZSCAN31,0.0008691165664839742,0.0008691165664839742
H2BC11,0.0008691165664839742,0.0008691165664839742
KRCC1,0.0008691165664839742,0.0008691165664839742
ENSG00000251257,0.0008691165664839742,0.0008691165664839742
LIMD2,0.0008691165664839742,0.0008691165664839742
ALG1L5P,0.0008691165664839742,0.0008691165664839742
IL11RA,0.0008691165664839742,0.0008691165664839742
LSAMP,0.0008691165664839742,0.0008691165664839742
LNPK,0.0008691165664839742,0.0008691165664839742
EIF4ENIF1,0.0008691165664839742,0.0008691165664839742
TP73,0.0008691165664839742,0.0008691165664839742
ENSG00000287811,0.0008691165664839742,0.0008691165664839742
ENSG00000260537,0.0008691165664839742,0.0008691165664839742
ENSG00000287838,0.0008691165664839742,0.0008691165664839742
RPL13AP20,0.0008691165664839742,0.0008691165664839742
CALM1P1,0.0008691165664839742,0.0008691165664839742
RPL10P3,0.0008691165664839742,0.0008691165664839742
CLEC4G,0.0008691165664839742,0.0008691165664839742
MYZAP,0.0008691165664839742,0.0008691165664839742
GTF3C1,0.0008691165664839742,0.0008691165664839742
LNP1,0.0008691165664839742,0.0008691165664839742
ENSG00000261884,0.0008691165664839742,0.0008691165664839742
RN7SL208P,0.0008691165664839742,0.0008691165664839742
EID2B,0.0008691165664839742,0.0008691165664839742
SESN1,0.0008691165664839742,0.0008691165664839742
H2BC9,0.0008691165664839742,0.0008691165664839742
IRF2BP1,0.0008691165664839742,0.0008691165664839742
S100P,0.0008691165664839742,0.0008691165664839742
ENSG00000253397,0.0008691165664839742,0.0008691165664839742
ENSG00000249743,0.0008691165664839742,0.0008691165664839742
ENSG00000226143,0.0008691165664839742,0.0008691165664839742
ING2-DT,0.0008691165664839742,0.0008691165664839742
PDK2,0.0008691165664839742,0.0008691165664839742
SLC22A10,0.0008691165664839742,0.0008691165664839742
ITPRID1,0.0008691165664839742,0.0008691165664839742
ENSG00000272247,0.0008691165664839742,0.0008691165664839742
IMMTP1,0.0008691165664839742,0.0008691165664839742
CT70,0.0008691165664839742,0.0008691165664839742
TMEM262,0.0008691165664839742,0.0008691165664839742
ENSG00000286542,0.0008691165664839742,0.0008691165664839742
KRT18P13,0.0008691165664839742,0.0008691165664839742
C9orf152,0.0008691165664839742,0.0008691165664839742
RRAGA,0.0008691165664839742,0.0008691165664839742
KRT19,0.0008691165664839742,0.0008691165664839742
CXCL3,0.0008691165664839742,0.0008691165664839742
LHFPL7,0.0008691165664839742,0.0008691165664839742
ISOC1,0.0008691165664839742,0.0008691165664839742
ALX4,0.0008691165664839742,0.0008691165664839742
SAXO2,0.0008691165664839742,0.0008691165664839742
ENSG00000180211,0.0008691165664839742,0.0008691165664839742
ITPRIPL2,0.0008691165664839742,0.0008691165664839742
SLC26A5-AS1,0.0008691165664839742,0.0008691165664839742
VDAC1P1,0.0008691165664839742,0.0008691165664839742
ENSG00000259460,0.0008691165664839742,0.0008691165664839742
PSMD6-AS1,0.0008691165664839742,0.0008691165664839742
ENSG00000251661,0.0008691165664839742,0.0008691165664839742
CSTF2,0.0008691165664839742,0.0008691165664839742
MUC7,0.0008691165664839742,0.0008691165664839742
LKAAEAR1,0.0008691165664839742,0.0008691165664839742
MT-TA,0.0008691165664839742,0.0008691165664839742
APRT,0.0008691165664839742,0.0008691165664839742
CLVS1,0.0008691165664839742,0.0008691165664839742
ENSG00000288910,0.0008691165664839742,0.0008691165664839742
ENSG00000288912,0.0008691165664839742,0.0008691165664839742
SIGMAR1,0.0008691165664839742,0.0008691165664839742
RMEL3,0.0008691165664839742,0.0008691165664839742
CDC37,0.0008691165664839742,0.0008691165664839742
PEMT,0.0008691165664839742,0.0008691165664839742
CCL28,0.0008691165664839742,0.0008691165664839742
ENSG00000288945,0.0008691165664839742,0.0008691165664839742
VLDLR-AS1,0.0008691165664839742,0.0008691165664839742
UQCRFS1,0.0008691165664839742,0.0008691165664839742
RNASEH2A,0.0008691165664839742,0.0008691165664839742
UPK2,0.0008691165664839742,0.0008691165664839742
ENSG00000251095,0.0008691165664839742,0.0008691165664839742
ELK1,0.0008691165664839742,0.0008691165664839742
SLAIN1,0.0008691165664839742,0.0008691165664839742
HMGB2,0.0008691165664839742,0.0008691165664839742
DIO3OS,0.0008691165664839742,0.0008691165664839742
CMPK2,0.0008691165664839742,0.0008691165664839742
PDXDC2P,0.0008691165664839742,0.0008691165664839742
KRT18P11,0.0008691165664839742,0.0008691165664839742
SLC13A2,0.0008691165664839742,0.0008691165664839742
RPL18P11,0.0008691165664839742,0.0008691165664839742
ENSG00000270773,0.0008691165664839742,0.0008691165664839742
ENSG00000260196,0.0008691165664839742,0.0008691165664839742
ENSG00000272156,0.0008691165664839742,0.0008691165664839742
LINC01563,0.0008691165664839742,0.0008691165664839742
COASY,0.0008691165664839742,0.0008691165664839742
CD79B,0.0008691165664839742,0.0008691165664839742
ENSG00000290051,0.0008691165664839742,0.0008691165664839742
MMRN1,0.0008691165664839742,0.0008691165664839742
ENSG00000285688,0.0008691165664839742,0.0008691165664839742
REEP4,0.0008691165664839742,0.0008691165664839742
UACA,0.0008691165664839742,0.0008691165664839742
THSD8,0.0008691165664839742,0.0008691165664839742
ENSG00000236120,0.0008691165664839742,0.0008691165664839742
KDELR1,0.0008691165664839742,0.0008691165664839742
OR7E38P,0.0008691165664839742,0.0008691165664839742
PPP1R35,0.0008691165664839742,0.0008691165664839742
NIFK,0.0008691165664839742,0.0008691165664839742
MESTIT1,0.0008691165664839742,0.0008691165664839742
MIR3679,0.0008691165664839742,0.0008691165664839742
ENSG00000272293,0.0008691165664839742,0.0008691165664839742
RPS12P26,0.0008691165664839742,0.0008691165664839742
NINJ2,0.0008691165664839742,0.0008691165664839742
B4GALNT3,0.0008691165664839742,0.0008691165664839742
ENSG00000265460,0.0008691165664839742,0.0008691165664839742
ENSG00000232386,0.0008691165664839742,0.0008691165664839742
LINC01816,0.0008691165664839742,0.0008691165664839742
SRPK2P,0.0008691165664839742,0.0008691165664839742
IPPK,0.0008691165664839742,0.0008691165664839742
CRTC2,0.0008691165664839742,0.0008691165664839742
MPHOSPH6,0.0008691165664839742,0.0008691165664839742
KRTAP13-4,0.0008691165664839742,0.0008691165664839742
ENSG00000291290,0.0008691165664839742,0.0008691165664839742
ENSG00000289926,0.0008691165664839742,0.0008691165664839742
ENSG00000236308,0.0008691165664839742,0.0008691165664839742
EXTL1,0.0008691165664839742,0.0008691165664839742
NFIL3,0.0008691165664839742,0.0008691165664839742
MRFAP1P1,0.0008691165664839742,0.0008691165664839742
ENSG00000273403,0.0008691165664839742,0.0008691165664839742
ENSG00000289970,0.0008691165664839742,0.0008691165664839742
ENSG00000289974,0.0008691165664839742,0.0008691165664839742
KCTD14,0.0008691165664839742,0.0008691165664839742
MIR6858,0.0008691165664839742,0.0008691165664839742
ARPIN-AP3S2,0.0008691165664839742,0.0008691165664839742
WDFY1,0.0008691165664839742,0.0008691165664839742
RNU1-109P,0.0008691165664839742,0.0008691165664839742
BAP1,0.0008691165664839742,0.0008691165664839742
ADCY8,0.0008691165664839742,0.0008691165664839742
ENSG00000283743,0.0008691165664839742,0.0008691165664839742
ZNF205,0.0008691165664839742,0.0008691165664839742
SYNJ2-IT1,0.0008691165664839742,0.0008691165664839742
RBM27,0.0008691165664839742,0.0008691165664839742
HOXD8,0.0008691165664839742,0.0008691165664839742
RASGEF1C,0.0008691165664839742,0.0008691165664839742
LDHAP4,0.0008691165664839742,0.0008691165664839742
ZNF582-DT,0.0008691165664839742,0.0008691165664839742
MRAP,0.0008691165664839742,0.0008691165664839742
NSUN7,0.0008691165664839742,0.0008691165664839742
LINC01852,0.0008691165664839742,0.0008691165664839742
RDH14,0.0008691165664839742,0.0008691165664839742
EIF2S3,0.0008691165664839742,0.0008691165664839742
ENSG00000285655,0.0008691165664839742,0.0008691165664839742
FAM169A,0.0008691165664839742,0.0008691165664839742
ATP6V0C,0.0008691165664839742,0.0008691165664839742
PPARG,0.0008691165664839742,0.0008691165664839742
DCAF4L1,0.0008691165664839742,0.0008691165664839742
LCA5,0.0008691165664839742,0.0008691165664839742
EEF1B2P3,0.0008691165664839742,0.0008691165664839742
ZNF185,0.0008691165664839742,0.0008691165664839742
CDR2,0.0008691165664839742,0.0008691165664839742
KLF15,0.0008691165664839742,0.0008691165664839742
TFCP2L1,0.0008691165664839742,0.0008691165664839742
ENSG00000267174,0.0008691165664839742,0.0008691165664839742
NXT1,0.0008691165664839742,0.0008691165664839742
ENSG00000272836,0.0008691165664839742,0.0008691165664839742
ENSG00000254829,0.0008691165664839742,0.0008691165664839742
TFAP2A-AS2,0.0008691165664839742,0.0008691165664839742
EMID1,0.0008691165664839742,0.0008691165664839742
RNPC3,0.0008691165664839742,0.0008691165664839742
FAM86B2,0.0008691165664839742,0.0008691165664839742
RPL35P5,0.0008691165664839742,0.0008691165664839742
TESPA1,0.0008691165664839742,0.0008691165664839742
DDX19B,0.0008691165664839742,0.0008691165664839742
FAM47E,0.0008691165664839742,0.0008691165664839742
DDX19A-DT,0.0008691165664839742,0.0008691165664839742
RPL5P34,0.0008691165664839742,0.0008691165664839742
HSPB1,0.0008691165664839742,0.0008691165664839742
FBXL13,0.0008691165664839742,0.0008691165664839742
AIFM3,0.0008691165664839742,0.0008691165664839742
FAHD1,0.0008691165664839742,0.0008691165664839742
ENSG00000276533,0.0008691165664839742,0.0008691165664839742
CFP,0.0008691165664839742,0.0008691165664839742
OGN,0.0008691165664839742,0.0008691165664839742
RPL5P23,0.0008691165664839742,0.0008691165664839742
ENSG00000273027,0.0008691165664839742,0.0008691165664839742
MIR3188,0.0008691165664839742,0.0008691165664839742
TXNL4B,0.0008691165664839742,0.0008691165664839742
SSBP4,0.0008691165664839742,0.0008691165664839742
ZNF182,0.0008691165664839742,0.0008691165664839742
SSC4D,0.0008691165664839742,0.0008691165664839742
ENSG00000265069,0.0008691165664839742,0.0008691165664839742
FAM117B,0.0008691165664839742,0.0008691165664839742
KDM8,0.0008691165664839742,0.0008691165664839742
NOA1,0.0008691165664839742,0.0008691165664839742
ENSG00000272009,0.0008691165664839742,0.0008691165664839742
NKAIN3,0.0008691165664839742,0.0008691165664839742
ZNF165,0.0008691165664839742,0.0008691165664839742
RNF207-AS1,0.0008691165664839742,0.0008691165664839742
ENSG00000241772,0.0008691165664839742,0.0008691165664839742
ENSG00000284719,0.0008691165664839742,0.0008691165664839742
ADCY1,0.0008691165664839742,0.0008691165664839742
ENSG00000230676,0.0008691165664839742,0.0008691165664839742
RPL7AP20,0.0008691165664839742,0.0008691165664839742
DARS1,0.0008691165664839742,0.0008691165664839742
EOLA2,0.0008691165664839742,0.0008691165664839742
ADCY5,0.0008691165664839742,0.0008691165664839742
FOXD2,0.0008691165664839742,0.0008691165664839742
HOXD11,0.0008691165664839742,0.0008691165664839742
EFS,0.0008691165664839742,0.0008691165664839742
COL23A1,0.0008691165664839742,0.0008691165664839742
TBC1D31,0.0008691165664839742,0.0008691165664839742
DYNC1I1,0.0008691165664839742,0.0008691165664839742
ENSG00000272079,0.0008691165664839742,0.0008691165664839742
FOXC1,0.0008691165664839742,0.0008691165664839742
FRG1CP,0.0008691165664839742,0.0008691165664839742
UBE2D4,0.0008691165664839742,0.0008691165664839742
BET1,0.0008691165664839742,0.0008691165664839742
CDC26,0.0008691165664839742,0.0008691165664839742
TIMP4,0.0008691165664839742,0.0008691165664839742
ENSG00000272008,0.0008691165664839742,0.0008691165664839742
ENSG00000260252,0.0008691165664839742,0.0008691165664839742
IGFBP5,0.0008691165664839742,0.0008691165664839742
UBE2R2,0.0008691165664839742,0.0008691165664839742
RPL36AP8,0.0008691165664839742,0.0008691165664839742
ESPNL,0.0008691165664839742,0.0008691165664839742
ZBED5,0.0008691165664839742,0.0008691165664839742
LINC02006,0.0008691165664839742,0.0008691165664839742
ENSG00000286282,0.0008691165664839742,0.0008691165664839742
CPXM1,0.0008691165664839742,0.0008691165664839742
ENSG00000285887,0.0008691165664839742,0.0008691165664839742
LINC00861,0.0008691165664839742,0.0008691165664839742
CD7,0.0008691165664839742,0.0008691165664839742
RPL36P16,0.0008691165664839742,0.0008691165664839742
ENSG00000237271,0.0008691165664839742,0.0008691165664839742
SNUPN,0.0008691165664839742,0.0008691165664839742
HOXD-AS2,0.0008691165664839742,0.0008691165664839742
RPL26P36,0.0008691165664839742,0.0008691165664839742
CAPN14,0.0008691165664839742,0.0008691165664839742
DCXR,0.0008691165664839742,0.0008691165664839742
DCPS,0.0008691165664839742,0.0008691165664839742
CHMP4B,0.0008691165664839742,0.0008691165664839742
MMD,0.0008691165664839742,0.0008691165664839742
ENSG00000274001,0.0008691165664839742,0.0008691165664839742
SNORD3B-1,0.0008691165664839742,0.0008691165664839742
ENSG00000289440,0.0008691165664839742,0.0008691165664839742
PTH2R,0.0008691165664839742,0.0008691165664839742
SOX2,0.0008691165664839742,0.0008691165664839742
ENSG00000254366,0.0008691165664839742,0.0008691165664839742
MB,0.0008691165664839742,0.0008691165664839742
ENSG00000238171,0.0008691165664839742,0.0008691165664839742
ENSG00000266313,0.0008691165664839742,0.0008691165664839742
ENSG00000276649,0.0008691165664839742,0.0008691165664839742
BEND5,0.0008691165664839742,0.0008691165664839742
COL4A3,0.0008691165664839742,0.0008691165664839742
ENSG00000286364,0.0008691165664839742,0.0008691165664839742
TBX5,0.0008691165664839742,0.0008691165664839742
SOSTDC1,0.0008691165664839742,0.0008691165664839742
LINC02188,0.0008691165664839742,0.0008691165664839742
RPS2P55,0.0008691165664839742,0.0008691165664839742
NOXA1,0.0008691165664839742,0.0008691165664839742
SOX12,0.0008691165664839742,0.0008691165664839742
FNDC1-AS1,0.0008691165664839742,0.0008691165664839742
MEA1,0.0008691165664839742,0.0008691165664839742
ENSG00000240052,0.0008691165664839742,0.0008691165664839742
RBFADN,0.0008691165664839742,0.0008691165664839742
PPP2R5D,0.0008691165664839742,0.0008691165664839742
CHMP4C,0.0008691165664839742,0.0008691165664839742
NRG3,0.0008691165664839742,0.0008691165664839742
DEPTOR,0.0008691165664839742,0.0008691165664839742
ENSG00000254340,0.0008691165664839742,0.0008691165664839742
CD55,0.0008686870815891869,0.0008686870815891869
TMSB4X,-0.0008685821765241737,0.0008685821765241737
CDKN2B,-0.0008685821765241737,0.0008685821765241737
KRR1,-0.0008681666810342336,0.0008681666810342336
CRIPT,-0.0008671575636342568,0.0008671575636342568
HOXB-AS3,-0.0008667990831183127,0.0008667990831183127
ENSG00000255067,-0.0008667990831183127,0.0008667990831183127
LINC02767,-0.0008667990831183127,0.0008667990831183127
TRIM6,-0.0008667990831183127,0.0008667990831183127
ENSG00000269836,-0.0008667990831183127,0.0008667990831183127
ENSG00000260810,-0.0008667990831183127,0.0008667990831183127
HSF2BP,-0.0008667990831183127,0.0008667990831183127
APBA3,-0.0008667990831183127,0.0008667990831183127
SPNS2-AS1,-0.0008667990831183127,0.0008667990831183127
ENSG00000268119,-0.0008667990831183127,0.0008667990831183127
ZNF850,-0.0008667990831183127,0.0008667990831183127
ATP2A1,-0.0008667990831183127,0.0008667990831183127
XNDC1N-ZNF705EP-ALG1L9P,-0.0008667990831183127,0.0008667990831183127
HAGLROS,-0.0008667990831183127,0.0008667990831183127
C18orf15,-0.0008667990831183127,0.0008667990831183127
GGA3,-0.0008667990831183127,0.0008667990831183127
CNTD1,-0.0008667990831183127,0.0008667990831183127
ZNF253,-0.0008667990831183127,0.0008667990831183127
ENSG00000270504,0.0008664824193504263,0.0008664824193504263
MVB12B,0.0008661199248254567,0.0008661199248254567
ARID5A,0.0008661199248254567,0.0008661199248254567
TIAM1,-0.0008660906609184883,0.0008660906609184883
LRBA,-0.0008657793680313581,0.0008657793680313581
TMEM167A,-0.0008657086004893439,0.0008657086004893439
XYLB,0.0008655874744943564,0.0008655874744943564
RPL30,-0.0008651820182804628,0.0008651820182804628
PPIE,0.0008649578543457022,0.0008649578543457022
SLC35E4,0.0008643992533877564,0.0008643992533877564
CANX,0.0008640219110429551,0.0008640219110429551
TXNRD2,0.0008636992584707473,0.0008636992584707473
ATP6V1FNB,0.0008636486107447848,0.0008636486107447848
GDPD5,0.0008631415201825687,0.0008631415201825687
PCGF5,0.0008631415201825687,0.0008631415201825687
MAD2L1BP,0.0008631415201825687,0.0008631415201825687
ITGB5,-0.0008623610534720427,0.0008623610534720427
RPL36AP13,0.000861980050389857,0.000861980050389857
ANOS1,-0.0008619292509600224,0.0008619292509600224
MTMR1,-0.0008619292509600224,0.0008619292509600224
ARL6,-0.0008617011333191835,0.0008617011333191835
COPS8,-0.0008615181234882803,0.0008615181234882803
TMEM30A,-0.0008615181234882803,0.0008615181234882803
CSTF3,-0.0008615132359498746,0.0008615132359498746
FAM187A,-0.0008611605045343054,0.0008611605045343054
PLEKHO1,-0.0008607682053588504,0.0008607682053588504
SGTA,0.0008606655744897366,0.0008606655744897366
ERICH2,-0.0008605533254516798,0.0008605533254516798
IGKJ1,-0.0008605472914073631,0.0008605472914073631
CDC42,0.0008600047423321311,0.0008600047423321311
ENSG00000213287,-0.0008591079065859202,0.0008591079065859202
GNPTG,-0.0008589433747709203,0.0008589433747709203
ENSG00000279700,0.0008582552344117884,0.0008582552344117884
LANCL1,-0.0008582478816880025,0.0008582478816880025
SERBP1,-0.0008580280822745512,0.0008580280822745512
ABCF2,0.0008576628624654353,0.0008576628624654353
ENSG00000279095,-0.0008575898452095862,0.0008575898452095862
DTD1,-0.0008572376441122475,0.0008572376441122475
IRAG2,-0.0008568387215027631,0.0008568387215027631
CLDND1,0.0008563727395315857,0.0008563727395315857
SYNJ2BP,0.0008563312957453658,0.0008563312957453658
ENSG00000288096,-0.000855906534448682,0.000855906534448682
LY6E-DT,-0.0008552987419021611,0.0008552987419021611
ENSG00000267173,-0.0008547803943688106,0.0008547803943688106
FBXL12,-0.0008547803943688106,0.0008547803943688106
ENSG00000246225,-0.0008547803943688106,0.0008547803943688106
C17orf75,-0.0008547803943688106,0.0008547803943688106
ENSG00000290958,-0.0008547803943688106,0.0008547803943688106
ENSG00000265139,-0.0008547803943688106,0.0008547803943688106
ENSG00000213557,-0.0008547803943688106,0.0008547803943688106
LINC00211,-0.0008547803943688106,0.0008547803943688106
ZNF550,-0.0008547803943688106,0.0008547803943688106
ENSG00000284057,-0.0008547803943688106,0.0008547803943688106
ENSG00000287494,-0.0008547803943688106,0.0008547803943688106
ENSG00000267079,-0.0008547803943688106,0.0008547803943688106
CPSF1P1,-0.0008547803943688106,0.0008547803943688106
FLYWCH2,-0.0008547803943688106,0.0008547803943688106
BSG-AS1,-0.0008547803943688106,0.0008547803943688106
ENSG00000274269,-0.0008547803943688106,0.0008547803943688106
HOXD4,-0.0008547803943688106,0.0008547803943688106
ENSG00000242795,-0.0008547803943688106,0.0008547803943688106
CBR3,-0.0008547803943688106,0.0008547803943688106
MYCBPAP,-0.0008547803943688106,0.0008547803943688106
RBM24,-0.0008547803943688106,0.0008547803943688106
ENSG00000267466,-0.0008547803943688106,0.0008547803943688106
ENSG00000248015,-0.0008547803943688106,0.0008547803943688106
ENSG00000226647,-0.0008547803943688106,0.0008547803943688106
MOB3C,-0.0008545909759591318,0.0008545909759591318
ENSG00000291171,0.0008545662228456225,0.0008545662228456225
CRNDE,-0.0008544637357373212,0.0008544637357373212
VKORC1L1,-0.0008539924923695825,0.0008539924923695825
LINC02384,0.0008536025033325052,0.0008536025033325052
LLGL1,0.0008536025033325052,0.0008536025033325052
PSMD12,0.0008535809184405084,0.0008535809184405084
RPS6KC1,0.0008533599067666551,0.0008533599067666551
PSRC1,0.0008533599067666551,0.0008533599067666551
PRR5,-0.000853155497816546,0.000853155497816546
ENSG00000259137,0.000852939690717413,0.000852939690717413
GABPB1-IT1,-0.000852709286361768,0.000852709286361768
WRAP73,-0.0008522406847165745,0.0008522406847165745
ENSG00000267136,0.0008518080300863078,0.0008518080300863078
TCN2,-0.0008517808588994507,0.0008517808588994507
PPIG,-0.0008516593762344418,0.0008516593762344418
TMEM220,0.00085162976686832,0.00085162976686832
MAP1LC3B,-0.0008514662141098583,0.0008514662141098583
ZNF770,-0.0008514487448323331,0.0008514487448323331
ZMIZ2,-0.0008510407731753177,0.0008510407731753177
RCOR1,-0.0008510011973584637,0.0008510011973584637
WDR1,-0.0008509053937052202,0.0008509053937052202
NMRAL2P,-0.0008507784705507356,0.0008507784705507356
RPS3AP12,-0.0008500295455463277,0.0008500295455463277
ZNF638,-0.0008499157671515,0.0008499157671515
PICALM,0.0008496963090880764,0.0008496963090880764
TMEM39A,0.0008494538199784912,0.0008494538199784912
PIK3CG,0.0008493015166858999,0.0008493015166858999
ENSG00000243696,-0.0008492060078504101,0.0008492060078504101
MUSTN1,-0.0008492060078504101,0.0008492060078504101
RCBTB1,-0.0008488317189743539,0.0008488317189743539
GRN,0.000848741330825541,0.000848741330825541
ENSG00000287287,-0.0008487141796297,0.0008487141796297
RASA3,-0.0008487141796297,0.0008487141796297
EIF2S1,-0.0008484647479566335,0.0008484647479566335
ENSG00000289027,-0.0008484577261912038,0.0008484577261912038
DENND2C,0.0008483406778148567,0.0008483406778148567
CRYBG1,0.0008477868311921757,0.0008477868311921757
FCGR3B,0.0008476159578962709,0.0008476159578962709
SLF1,0.0008475555319428973,0.0008475555319428973
HPS1,-0.0008474241402146772,0.0008474241402146772
GLUL,-0.0008472712958536342,0.0008472712958536342
PHLDB3,-0.0008471605304179693,0.0008471605304179693
U3,-0.0008466979964750104,0.0008466979964750104
DGLUCY,-0.0008466790444194339,0.0008466790444194339
ST7,-0.0008463852395638511,0.0008463852395638511
NUDT22,-0.000846209018381784,0.000846209018381784
ASAP2,0.0008460593913931619,0.0008460593913931619
RPS15AP24,0.000846015788428618,0.000846015788428618
BLTP3A,0.000846015788428618,0.000846015788428618
DNASE1,-0.000845525232699768,0.000845525232699768
STAG2,-0.000845429816206979,0.000845429816206979
FAH,-0.0008452909718002968,0.0008452909718002968
USP40,-0.0008451661827941039,0.0008451661827941039
SEPTIN2,-0.0008451467048788274,0.0008451467048788274
ISG15,-0.0008451144733251022,0.0008451144733251022
RPL27A,0.0008449565291123926,0.0008449565291123926
PHC3,-0.0008443749058109525,0.0008443749058109525
NAMPT,-0.0008439188195964455,0.0008439188195964455
GINS4,0.0008438879515555506,0.0008438879515555506
SIX5,0.0008437486208850353,0.0008437486208850353
ABCA12,0.0008433855242839678,0.0008433855242839678
SMG6,-0.0008432387039699737,0.0008432387039699737
TNFRSF10D,0.0008431690424696293,0.0008431690424696293
TXNP1,-0.0008431406597010193,0.0008431406597010193
APOD,0.0008429728093628402,0.0008429728093628402
WWTR1,-0.0008418784845952875,0.0008418784845952875
DIPK1A,-0.0008414476320219899,0.0008414476320219899
ENSG00000261670,-0.0008414476320219899,0.0008414476320219899
ANKRD18EP,-0.0008412293240485998,0.0008412293240485998
FZD10-AS1,-0.0008411352201812345,0.0008411352201812345
FBXO31,-0.0008409558038012694,0.0008409558038012694
ZNF138,0.0008405180405243917,0.0008405180405243917
SMAD1,-0.0008403720202513577,0.0008403720202513577
CLEC16A,-0.0008401711034155722,0.0008401711034155722
DAPK1,-0.0008398792000583912,0.0008398792000583912
NBL1,-0.000839341024487172,0.000839341024487172
TRPC4AP,-0.0008392111888693633,0.0008392111888693633
HECTD1,0.0008386324972137814,0.0008386324972137814
TLN1,-0.0008381995001592846,0.0008381995001592846
ENSG00000286918,0.0008365578201974276,0.0008365578201974276
ZHX1,0.0008365252219158101,0.0008365252219158101
C18orf32,0.0008354603941159135,0.0008354603941159135
LNPEP,-0.0008352173088147672,0.0008352173088147672
PER2,0.0008347580751533458,0.0008347580751533458
PLCL1,-0.0008346818114293615,0.0008346818114293615
CTU2,-0.0008346818114293615,0.0008346818114293615
SCAF11,0.0008338780310217286,0.0008338780310217286
ANXA4,-0.0008335797533959596,0.0008335797533959596
NIP7,0.0008333851377897824,0.0008333851377897824
UBQLN1-AS1,0.0008332336775584143,0.0008332336775584143
SH3RF3,-0.0008325688483211615,0.0008325688483211615
RPL39P5,0.0008324669672884975,0.0008324669672884975
POU2F1,0.0008322260137576335,0.0008322260137576335
DNMT3A,0.0008315890801357022,0.0008315890801357022
TNRC6C,0.0008312258632711433,0.0008312258632711433
CYTOR,0.0008310594933079308,0.0008310594933079308
ZNF516,0.0008310191562260334,0.0008310191562260334
ZNF780A,0.0008306974650635806,0.0008306974650635806
GFPT1,0.0008302747828936198,0.0008302747828936198
BZW1,0.0008299991273680691,0.0008299991273680691
CIART,0.0008294115869600233,0.0008294115869600233
VEGFD,-0.0008293111823428933,0.0008293111823428933
SRSF9,-0.0008290635262790174,0.0008290635262790174
LRP5,0.0008289712098469097,0.0008289712098469097
TTF2,-0.0008289606566948143,0.0008289606566948143
TRIM7-AS2,-0.0008285063247754875,0.0008285063247754875
ENSG00000213169,-0.0008285063247754875,0.0008285063247754875
LINC00989,-0.0008285063247754875,0.0008285063247754875
MC1R,-0.0008285063247754875,0.0008285063247754875
DHX9-AS1,-0.0008285063247754875,0.0008285063247754875
KIF16B,-0.0008285063247754875,0.0008285063247754875
ENSG00000289273,-0.0008285063247754875,0.0008285063247754875
NOL3,-0.0008285063247754875,0.0008285063247754875
SBSPON,-0.0008285063247754875,0.0008285063247754875
TSR1,-0.0008285063247754875,0.0008285063247754875
ENSG00000223522,-0.0008285063247754875,0.0008285063247754875
ACSS2,-0.0008285063247754875,0.0008285063247754875
FHL5,-0.0008283409879998667,0.0008283409879998667
ENSG00000279759,-0.0008282679600481856,0.0008282679600481856
NOL9,-0.0008278210027066627,0.0008278210027066627
TULP2,0.0008277480126628936,0.0008277480126628936
MTA2,0.0008277480126628936,0.0008277480126628936
CNNM3,0.0008277480126628936,0.0008277480126628936
BRD9,0.0008276082190436401,0.0008276082190436401
LINC01550,0.0008269757617206056,0.0008269757617206056
RPL7AP36,-0.0008268746371090347,0.0008268746371090347
CEBPZOS,-0.0008266098872917897,0.0008266098872917897
LINC00513,-0.0008265887857357561,0.0008265887857357561
SETD5,-0.0008264283112254267,0.0008264283112254267
DDX20,-0.0008257042617118849,0.0008257042617118849
CNR1,-0.0008257042617118849,0.0008257042617118849
TLCD3A,-0.0008249598058892952,0.0008249598058892952
ENSG00000264853,-0.0008245237120960449,0.0008245237120960449
ENSG00000263244,-0.0008241909244591862,0.0008241909244591862
DCTN5,-0.0008241736420113026,0.0008241736420113026
LPAR6,-0.0008241736420113026,0.0008241736420113026
DHX38,0.0008236167792653887,0.0008236167792653887
CDC14A,-0.0008230258762525345,0.0008230258762525345
SETD4,-0.0008229389170184856,0.0008229389170184856
CHMP2B,-0.0008229111376204596,0.0008229111376204596
ENSG00000264514,-0.0008228376528556284,0.0008228376528556284
ENSG00000290890,-0.0008226739548093952,0.0008226739548093952
POLR1E,0.0008225279486089203,0.0008225279486089203
RPS27AP9,-0.0008218671588318831,0.0008218671588318831
MDFIC,0.0008213710302263646,0.0008213710302263646
YIPF3,0.0008213710302263646,0.0008213710302263646
UBR5,0.0008206942679719519,0.0008206942679719519
DENND3,-0.0008205905568939367,0.0008205905568939367
ZSWIM8,-0.0008205731538895946,0.0008205731538895946
EZR,-0.0008205503102149176,0.0008205503102149176
MITD1,0.0008201335620839436,0.0008201335620839436
SNX32,0.0008201335620839436,0.0008201335620839436
CCDC28A,0.0008201335620839436,0.0008201335620839436
ERRFI1,0.0008201335620839436,0.0008201335620839436
EOGT,0.0008199434351004024,0.0008199434351004024
ARID1A,-0.0008193089766397949,0.0008193089766397949
ELF1,0.0008192217221640035,0.0008192217221640035
CACUL1,0.000818952913623899,0.000818952913623899
PALS1,-0.000818112268742179,0.000818112268742179
UTP15,0.0008178609884334611,0.0008178609884334611
RIN2,-0.000817833573188509,0.000817833573188509
IL34,0.000817086953468864,0.000817086953468864
RNU1-146P,0.000817086953468864,0.000817086953468864
LINC02021,0.000817086953468864,0.000817086953468864
LINC02960,0.000817086953468864,0.000817086953468864
CBLN3,0.000817086953468864,0.000817086953468864
ENSG00000141979,0.000817086953468864,0.000817086953468864
ENSG00000259275,0.000817086953468864,0.000817086953468864
LINC00880,0.000817086953468864,0.000817086953468864
CBR1,0.000817086953468864,0.000817086953468864
LINC02965,0.000817086953468864,0.000817086953468864
RPL36AP21,0.000817086953468864,0.000817086953468864
LINC02970,0.000817086953468864,0.000817086953468864
LINC02094,0.000817086953468864,0.000817086953468864
ENSG00000166104,0.000817086953468864,0.000817086953468864
HNRNPH2,0.000817086953468864,0.000817086953468864
IGHG1,0.000817086953468864,0.000817086953468864
HOXB9,0.000817086953468864,0.000817086953468864
HOXB8,0.000817086953468864,0.000817086953468864
LINC02976,0.000817086953468864,0.000817086953468864
LINC02897,0.000817086953468864,0.000817086953468864
LINC02029,0.000817086953468864,0.000817086953468864
LINC00551,0.000817086953468864,0.000817086953468864
RPL7AP28,0.000817086953468864,0.000817086953468864
CASTOR1,0.000817086953468864,0.000817086953468864
LINC02175,0.000817086953468864,0.000817086953468864
ENSG00000182376,0.000817086953468864,0.000817086953468864
RNU2-65P,0.000817086953468864,0.000817086953468864
PPP1R3D,0.000817086953468864,0.000817086953468864
INSYN1,0.000817086953468864,0.000817086953468864
EIF3FP3,0.000817086953468864,0.000817086953468864
RNF217-AS1,0.000817086953468864,0.000817086953468864
IHO1,0.000817086953468864,0.000817086953468864
CATSPER2,0.000817086953468864,0.000817086953468864
WDR49,0.000817086953468864,0.000817086953468864
WDR97,0.000817086953468864,0.000817086953468864
LINC01275,0.000817086953468864,0.000817086953468864
LINC00407,0.000817086953468864,0.000817086953468864
IGLL5,0.000817086953468864,0.000817086953468864
LINC01273,0.000817086953468864,0.000817086953468864
IGLJ1,0.000817086953468864,0.000817086953468864
EIF5A2P1,0.000817086953468864,0.000817086953468864
WDR75,0.000817086953468864,0.000817086953468864
ZNF222,0.000817086953468864,0.000817086953468864
ENSG00000278932,0.000817086953468864,0.000817086953468864
LINC01989,0.000817086953468864,0.000817086953468864
RPL7AP60,0.000817086953468864,0.000817086953468864
PLVAP,0.000817086953468864,0.000817086953468864
LINC02541,0.000817086953468864,0.000817086953468864
PRKD1,0.000817086953468864,0.000817086953468864
RPL6P24,0.000817086953468864,0.000817086953468864
ENSG00000272234,0.000817086953468864,0.000817086953468864
PLTP,0.000817086953468864,0.000817086953468864
ENSG00000279009,0.000817086953468864,0.000817086953468864
LINC01085,0.000817086953468864,0.000817086953468864
ENSG00000179066,0.000817086953468864,0.000817086953468864
LONRF3,0.000817086953468864,0.000817086953468864
LINC01703,0.000817086953468864,0.000817086953468864
LOXL4,0.000817086953468864,0.000817086953468864
CAPNS1,0.000817086953468864,0.000817086953468864
LINC02206,0.000817086953468864,0.000817086953468864
ENSG00000260360,0.000817086953468864,0.000817086953468864
RPS6KL1,0.000817086953468864,0.000817086953468864
LINC01362,0.000817086953468864,0.000817086953468864
LINC00316,0.000817086953468864,0.000817086953468864
ENSG00000279212,0.000817086953468864,0.000817086953468864
RPL27AP,0.000817086953468864,0.000817086953468864
HHIP,0.000817086953468864,0.000817086953468864
VIPR1-AS1,0.000817086953468864,0.000817086953468864
RPL36P5,0.000817086953468864,0.000817086953468864
IL13RA1,0.000817086953468864,0.000817086953468864
DPPA5P1,0.000817086953468864,0.000817086953468864
PLEKHO2,0.000817086953468864,0.000817086953468864
LIPC,0.000817086953468864,0.000817086953468864
DNAJC4,0.000817086953468864,0.000817086953468864
PNMA8B,0.000817086953468864,0.000817086953468864
LINC02232,0.000817086953468864,0.000817086953468864
ENSG00000258982,0.000817086953468864,0.000817086953468864
HIGD1B,0.000817086953468864,0.000817086953468864
ZNF215,0.000817086953468864,0.000817086953468864
LINC02246,0.000817086953468864,0.000817086953468864
PQBP1,0.000817086953468864,0.000817086953468864
LINC00487,0.000817086953468864,0.000817086953468864
LINC02940,0.000817086953468864,0.000817086953468864
ULK2,0.000817086953468864,0.000817086953468864
ENSG00000257943,0.000817086953468864,0.000817086953468864
NPTN,0.000817086953468864,0.000817086953468864
ENSG00000259756,0.000817086953468864,0.000817086953468864
ENSG00000272948,0.000817086953468864,0.000817086953468864
KIF5A,0.000817086953468864,0.000817086953468864
EPHA1,0.000817086953468864,0.000817086953468864
DCUN1D2,0.000817086953468864,0.000817086953468864
TBL3,0.000817086953468864,0.000817086953468864
EPO,0.000817086953468864,0.000817086953468864
TBC1D23,0.000817086953468864,0.000817086953468864
TBC1D17,0.000817086953468864,0.000817086953468864
ENSG00000254307,0.000817086953468864,0.000817086953468864
NQO1-DT,0.000817086953468864,0.000817086953468864
ESM1,0.000817086953468864,0.000817086953468864
TTC23L-AS1,0.000817086953468864,0.000817086953468864
ZNF70,0.000817086953468864,0.000817086953468864
ABHD12,0.000817086953468864,0.000817086953468864
ENSG00000236833,0.000817086953468864,0.000817086953468864
NRN1L,0.000817086953468864,0.000817086953468864
ENSG00000236576,0.000817086953468864,0.000817086953468864
TSPAN8,0.000817086953468864,0.000817086953468864
ENSG00000291297,0.000817086953468864,0.000817086953468864
ZNF688,0.000817086953468864,0.000817086953468864
CDC20,0.000817086953468864,0.000817086953468864
EBP,0.000817086953468864,0.000817086953468864
ENSG00000290395,0.000817086953468864,0.000817086953468864
ENSG00000290427,0.000817086953468864,0.000817086953468864
ENSG00000253853,0.000817086953468864,0.000817086953468864
MPP3,0.000817086953468864,0.000817086953468864
ENSG00000286158,0.000817086953468864,0.000817086953468864
ENSG00000253945,0.000817086953468864,0.000817086953468864
ENSG00000290778,0.000817086953468864,0.000817086953468864
KLHL10,0.000817086953468864,0.000817086953468864
CRISPLD1,0.000817086953468864,0.000817086953468864
ASB11,0.000817086953468864,0.000817086953468864
MORN3,0.000817086953468864,0.000817086953468864
ENSG00000254043,0.000817086953468864,0.000817086953468864
RASA4CP,0.000817086953468864,0.000817086953468864
ENSG00000291089,0.000817086953468864,0.000817086953468864
ENSG00000259782,0.000817086953468864,0.000817086953468864
DCC,0.000817086953468864,0.000817086953468864
ASH2L,0.000817086953468864,0.000817086953468864
ENSG00000236540,0.000817086953468864,0.000817086953468864
ENSG00000260017,0.000817086953468864,0.000817086953468864
ENSG00000289978,0.000817086953468864,0.000817086953468864
OGFR-AS1,0.000817086953468864,0.000817086953468864
FAM83E,0.000817086953468864,0.000817086953468864
NUTM1,0.000817086953468864,0.000817086953468864
STAU1,0.000817086953468864,0.000817086953468864
ENSG00000234083,0.000817086953468864,0.000817086953468864
ZER1,0.000817086953468864,0.000817086953468864
STAT2,0.000817086953468864,0.000817086953468864
ENSG00000270277,0.000817086953468864,0.000817086953468864
FBXL8,0.000817086953468864,0.000817086953468864
SRSF9P1,0.000817086953468864,0.000817086953468864
MINDY1,0.000817086953468864,0.000817086953468864
FCN2,0.000817086953468864,0.000817086953468864
ENSG00000261136,0.000817086953468864,0.000817086953468864
RDM1P5,0.000817086953468864,0.000817086953468864
METRN,0.000817086953468864,0.000817086953468864
ENSG00000284188,0.000817086953468864,0.000817086953468864
ENSG00000260036,0.000817086953468864,0.000817086953468864
FGF13-AS1,0.000817086953468864,0.000817086953468864
OR9Q1,0.000817086953468864,0.000817086953468864
STK39,0.000817086953468864,0.000817086953468864
ADRB1,0.000817086953468864,0.000817086953468864
MIR6821,0.000817086953468864,0.000817086953468864
MIR3942,0.000817086953468864,0.000817086953468864
SYNM-AS1,0.000817086953468864,0.000817086953468864
CPEB3,0.000817086953468864,0.000817086953468864
MIR6084,0.000817086953468864,0.000817086953468864
NSUN5,0.000817086953468864,0.000817086953468864
FA2H,0.000817086953468864,0.000817086953468864
SYDE1,0.000817086953468864,0.000817086953468864
SUZ12P1,0.000817086953468864,0.000817086953468864
NTRK3,0.000817086953468864,0.000817086953468864
MIR3940,0.000817086953468864,0.000817086953468864
ATP6V0CP4,0.000817086953468864,0.000817086953468864
ENSG00000285676,0.000817086953468864,0.000817086953468864
RBM38-AS1,0.000817086953468864,0.000817086953468864
CD33,0.000817086953468864,0.000817086953468864
ENSG00000267124,0.000817086953468864,0.000817086953468864
RBM41,0.000817086953468864,0.000817086953468864
FAM153A,0.000817086953468864,0.000817086953468864
ADRA1A,0.000817086953468864,0.000817086953468864
SUCLG2,0.000817086953468864,0.000817086953468864
ZNF799,0.000817086953468864,0.000817086953468864
NFIA-AS2,0.000817086953468864,0.000817086953468864
ZNF585B,0.000817086953468864,0.000817086953468864
CDH7,0.000817086953468864,0.000817086953468864
NAA80,0.000817086953468864,0.000817086953468864
ZSCAN23,0.000817086953468864,0.000817086953468864
ENSG00000262202,0.000817086953468864,0.000817086953468864
CDH26,0.000817086953468864,0.000817086953468864
TNNT3,0.000817086953468864,0.000817086953468864
ENSG00000288253,0.000817086953468864,0.000817086953468864
ENSG00000288262,0.000817086953468864,0.000817086953468864
NAP1L3,0.000817086953468864,0.000817086953468864
NAP1L4P1,0.000817086953468864,0.000817086953468864
APLN,0.000817086953468864,0.000817086953468864
MTCYBP18,0.000817086953468864,0.000817086953468864
ZNRF3-AS1,0.000817086953468864,0.000817086953468864
NAT1,0.000817086953468864,0.000817086953468864
ENSG00000288750,0.000817086953468864,0.000817086953468864
NAV2-AS2,0.000817086953468864,0.000817086953468864
ENSG00000262873,0.000817086953468864,0.000817086953468864
KRT128P,0.000817086953468864,0.000817086953468864
KLK4,0.000817086953468864,0.000817086953468864
ENSG00000286833,0.000817086953468864,0.000817086953468864
CYP3A7,0.000817086953468864,0.000817086953468864
ZBTB8A,0.000817086953468864,0.000817086953468864
AQP2,0.000817086953468864,0.000817086953468864
ENSG00000261734,0.000817086953468864,0.000817086953468864
ZXDA,0.000817086953468864,0.000817086953468864
RABGAP1L-DT,0.000817086953468864,0.000817086953468864
ENSG00000286989,0.000817086953468864,0.000817086953468864
E2F7,0.000817086953468864,0.000817086953468864
ENSG00000287378,0.000817086953468864,0.000817086953468864
CDH19,0.000817086953468864,0.000817086953468864
MYO3A,0.000817086953468864,0.000817086953468864
RABL2B,0.000817086953468864,0.000817086953468864
NAA10,0.000817086953468864,0.000817086953468864
AR,0.000817086953468864,0.000817086953468864
MZB1,0.000817086953468864,0.000817086953468864
MTMR6,0.000817086953468864,0.000817086953468864
ENSG00000287735,0.000817086953468864,0.000817086953468864
E4F1,0.000817086953468864,0.000817086953468864
ENSG00000287759,0.000817086953468864,0.000817086953468864
N4BP3,0.000817086953468864,0.000817086953468864
ENSG00000287807,0.000817086953468864,0.000817086953468864
CYP4F8,0.000817086953468864,0.000817086953468864
KRT17,0.000817086953468864,0.000817086953468864
ENSG00000289885,0.000817086953468864,0.000817086953468864
ARL9,0.000817086953468864,0.000817086953468864
ENSG00000286391,0.000817086953468864,0.000817086953468864
TMED9,0.000817086953468864,0.000817086953468864
ENSG00000273348,0.000817086953468864,0.000817086953468864
NEFH,0.000817086953468864,0.000817086953468864
ENSG00000253697,0.000817086953468864,0.000817086953468864
MRPL36,0.000817086953468864,0.000817086953468864
MRPL32,0.000817086953468864,0.000817086953468864
ENSG00000289436,0.000817086953468864,0.000817086953468864
MRPL27,0.000817086953468864,0.000817086953468864
ENSG00000289284,0.000817086953468864,0.000817086953468864
ENSG00000289531,0.000817086953468864,0.000817086953468864
ENSG00000244676,0.000817086953468864,0.000817086953468864
ENSG00000263946,0.000817086953468864,0.000817086953468864
ENSG00000286268,0.000817086953468864,0.000817086953468864
ENSG00000289733,0.000817086953468864,0.000817086953468864
ARMCX5-GPRASP2,0.000817086953468864,0.000817086953468864
ENSG00000264254,0.000817086953468864,0.000817086953468864
MROCKI,0.000817086953468864,0.000817086953468864
ENSG00000289347,0.000817086953468864,0.000817086953468864
ENSG00000263165,0.000817086953468864,0.000817086953468864
ENSG00000288863,0.000817086953468864,0.000817086953468864
CSTPP1,0.000817086953468864,0.000817086953468864
ENSG00000288885,0.000817086953468864,0.000817086953468864
CTDNEP1,0.000817086953468864,0.000817086953468864
ENSG00000286588,0.000817086953468864,0.000817086953468864
ENSG00000249240,0.000817086953468864,0.000817086953468864
ENSG00000289017,0.000817086953468864,0.000817086953468864
TRIM6-TRIM34,0.000817086953468864,0.000817086953468864
ENSG00000289029,0.000817086953468864,0.000817086953468864
MSANTD2-AS1,0.000817086953468864,0.000817086953468864
NDN,0.000817086953468864,0.000817086953468864
ENSG00000263126,0.000817086953468864,0.000817086953468864
ENSG00000289038,0.000817086953468864,0.000817086953468864
ENSG00000289067,0.000817086953468864,0.000817086953468864
TRIM72,0.000817086953468864,0.000817086953468864
TMEM202-AS1,0.000817086953468864,0.000817086953468864
TMEM200C,0.000817086953468864,0.000817086953468864
ENSG00000289230,0.000817086953468864,0.000817086953468864
ENSG00000289244,0.000817086953468864,0.000817086953468864
ENSG00000289250,0.000817086953468864,0.000817086953468864
ENSG00000261103,0.000817086953468864,0.000817086953468864
STAP1,0.000817086953468864,0.000817086953468864
ENSG00000267359,0.000817086953468864,0.000817086953468864
GPR156,0.000817086953468864,0.000817086953468864
PSMC4,0.000817086953468864,0.000817086953468864
PSMC3IP,0.000817086953468864,0.000817086953468864
PEF1,0.000817086953468864,0.000817086953468864
GOLGA8M,0.000817086953468864,0.000817086953468864
SIRPAP1,0.000817086953468864,0.000817086953468864
MAD2L2,0.000817086953468864,0.000817086953468864
MAB21L2,0.000817086953468864,0.000817086953468864
LZTS3,0.000817086953468864,0.000817086953468864
ENSG00000272564,0.000817086953468864,0.000817086953468864
ENSG00000255495,0.000817086953468864,0.000817086953468864
ENSG00000256824,0.000817086953468864,0.000817086953468864
ENSG00000269318,0.000817086953468864,0.000817086953468864
GPR4,0.000817086953468864,0.000817086953468864
ENSG00000223711,0.000817086953468864,0.000817086953468864
C12orf60,0.000817086953468864,0.000817086953468864
ENSG00000269533,0.000817086953468864,0.000817086953468864
C16orf46,0.000817086953468864,0.000817086953468864
ENSG00000260701,0.000817086953468864,0.000817086953468864
ENSG00000275672,0.000817086953468864,0.000817086953468864
SLC16A5,0.000817086953468864,0.000817086953468864
ENSG00000259420,0.000817086953468864,0.000817086953468864
ENSG00000225606,0.000817086953468864,0.000817086953468864
ENSG00000255513,0.000817086953468864,0.000817086953468864
AMDHD1,0.000817086953468864,0.000817086953468864
ZNF48,0.000817086953468864,0.000817086953468864
ACBD4,0.000817086953468864,0.000817086953468864
UGT2A1,0.000817086953468864,0.000817086953468864
UGT2A2,0.000817086953468864,0.000817086953468864
ENSG00000226772,0.000817086953468864,0.000817086953468864
ENSG00000226644,0.000817086953468864,0.000817086953468864
ENSG00000226471,0.000817086953468864,0.000817086953468864
DHX58,0.000817086953468864,0.000817086953468864
ENSG00000226409,0.000817086953468864,0.000817086953468864
SLC25A6,0.000817086953468864,0.000817086953468864
SLC25A5-AS1,0.000817086953468864,0.000817086953468864
ENSG00000226396,0.000817086953468864,0.000817086953468864
ENSG00000225806,0.000817086953468864,0.000817086953468864
SLC20A1-DT,0.000817086953468864,0.000817086953468864
ENSG00000268678,0.000817086953468864,0.000817086953468864
ZNF341,0.000817086953468864,0.000817086953468864
CLIP3,0.000817086953468864,0.000817086953468864
GRIN2B,0.000817086953468864,0.000817086953468864
UTP4,0.000817086953468864,0.000817086953468864
DMRT3,0.000817086953468864,0.000817086953468864
ENSG00000257378,0.000817086953468864,0.000817086953468864
ENSG00000260570,0.000817086953468864,0.000817086953468864
PIP4P1,0.000817086953468864,0.000817086953468864
HAR1A,0.000817086953468864,0.000817086953468864
ENSG00000279541,0.000817086953468864,0.000817086953468864
ENSG00000214248,0.000817086953468864,0.000817086953468864
SCN5A,0.000817086953468864,0.000817086953468864
SCN4B,0.000817086953468864,0.000817086953468864
ENSG00000257452,0.000817086953468864,0.000817086953468864
ZIM2,0.000817086953468864,0.000817086953468864
VASH1,0.000817086953468864,0.000817086953468864
DNAH1,0.000817086953468864,0.000817086953468864
ENSG00000257663,0.000817086953468864,0.000817086953468864
PLA2G4A,0.000817086953468864,0.000817086953468864
RN7SL608P,0.000817086953468864,0.000817086953468864
DNAJA1P3,0.000817086953468864,0.000817086953468864
ENSG00000257346,0.000817086953468864,0.000817086953468864
SDR42E2,0.000817086953468864,0.000817086953468864
ENSG00000222604,0.000817086953468864,0.000817086953468864
SDS,0.000817086953468864,0.000817086953468864
ENSG00000279792,0.000817086953468864,0.000817086953468864
PHKA1,0.000817086953468864,0.000817086953468864
ENSG00000219681,0.000817086953468864,0.000817086953468864
ENSG00000269802,0.000817086953468864,0.000817086953468864
SEPTIN7-DT,0.000817086953468864,0.000817086953468864
ALG5,0.000817086953468864,0.000817086953468864
GUCY1B2,0.000817086953468864,0.000817086953468864
CLEC11A,0.000817086953468864,0.000817086953468864
SENP3,0.000817086953468864,0.000817086953468864
ENSG00000257022,0.000817086953468864,0.000817086953468864
ENSG00000260643,0.000817086953468864,0.000817086953468864
ENSG00000270082,0.000817086953468864,0.000817086953468864
ENSG00000272505,0.000817086953468864,0.000817086953468864
PIGU,0.000817086953468864,0.000817086953468864
H2BC7,0.000817086953468864,0.000817086953468864
ENSG00000215869,0.000817086953468864,0.000817086953468864
LRRC73,0.000817086953468864,0.000817086953468864
ENSG00000280367,0.000817086953468864,0.000817086953468864
ENSG00000280115,0.000817086953468864,0.000817086953468864
INAFM2,0.000817086953468864,0.000817086953468864
ENSG00000267523,0.000817086953468864,0.000817086953468864
FTH1P10,0.000817086953468864,0.000817086953468864
GALNT17,0.000817086953468864,0.000817086953468864
EFNA1,0.000817086953468864,0.000817086953468864
SMIM10,0.000817086953468864,0.000817086953468864
ENSG00000272763,0.000817086953468864,0.000817086953468864
ACAA2,0.000817086953468864,0.000817086953468864
FRG1BP,0.000817086953468864,0.000817086953468864
ENSG00000228719,0.000817086953468864,0.000817086953468864
PTGER1,0.000817086953468864,0.000817086953468864
ENSG00000267615,0.000817086953468864,0.000817086953468864
SNRPGP5,0.000817086953468864,0.000817086953468864
FRG1GP,0.000817086953468864,0.000817086953468864
ENSG00000229863,0.000817086953468864,0.000817086953468864
SLC4A4,0.000817086953468864,0.000817086953468864
SNORD97,0.000817086953468864,0.000817086953468864
SMURF2P1,0.000817086953468864,0.000817086953468864
FUCA1P1,0.000817086953468864,0.000817086953468864
ENSG00000272248,0.000817086953468864,0.000817086953468864
SNORD3D,0.000817086953468864,0.000817086953468864
UBE2Q2P13,0.000817086953468864,0.000817086953468864
COL4A6,0.000817086953468864,0.000817086953468864
KCNIP1,0.000817086953468864,0.000817086953468864
FTCD,0.000817086953468864,0.000817086953468864
SNORA32,0.000817086953468864,0.000817086953468864
ENSG00000260086,0.000817086953468864,0.000817086953468864
PTGES2-AS1,0.000817086953468864,0.000817086953468864
ENSG00000259539,0.000817086953468864,0.000817086953468864
PBX3-DT,0.000817086953468864,0.000817086953468864
GCNT4,0.000817086953468864,0.000817086953468864
CD101-AS1,0.000817086953468864,0.000817086953468864
MEGF8,0.000817086953468864,0.000817086953468864
SLC7A7,0.000817086953468864,0.000817086953468864
OSGEPL1-AS1,0.000817086953468864,0.000817086953468864
SPIRE2,0.000817086953468864,0.000817086953468864
ZNF502,0.000817086953468864,0.000817086953468864
FIRRE,0.000817086953468864,0.000817086953468864
SLC9A6,0.000817086953468864,0.000817086953468864
SLFN14,0.000817086953468864,0.000817086953468864
ENSG00000280607,0.000817086953468864,0.000817086953468864
SPDYE1,0.000817086953468864,0.000817086953468864
ENSG00000280893,0.000817086953468864,0.000817086953468864
KCTD13-DT,0.000817086953468864,0.000817086953468864
SLTM,0.000817086953468864,0.000817086953468864
ENSG00000283415,0.000817086953468864,0.000817086953468864
COA4,0.000817086953468864,0.000817086953468864
SP5,0.000817086953468864,0.000817086953468864
ENSG00000228434,0.000817086953468864,0.000817086953468864
ENSG00000255326,0.000817086953468864,0.000817086953468864
BLVRA,0.000817086953468864,0.000817086953468864
SOWAHD,0.000817086953468864,0.000817086953468864
RGL3,0.000817086953468864,0.000817086953468864
ZNF235,0.000817086953468855,0.000817086953468855
ENSG00000273203,0.000817086953468855,0.000817086953468855
MIER2,0.000817086953468855,0.000817086953468855
H2AZ2P1,0.000817086953468855,0.000817086953468855
MICE,0.000817086953468855,0.000817086953468855
IGHV2-5,0.000817086953468855,0.000817086953468855
PEX7,0.000817086953468855,0.000817086953468855
HMGB1P33,0.000817086953468855,0.000817086953468855
ENSG00000229700,0.0008170869534688444,0.0008170869534688444
DDX5,0.0008170492261812081,0.0008170492261812081
NCLN,-0.0008170485604429986,0.0008170485604429986
RRP7BP,0.0008169844153267915,0.0008169844153267915
SENP6,-0.0008168248636730737,0.0008168248636730737
DMXL2,0.0008167655191326736,0.0008167655191326736
RAC1P2,0.0008167068276187489,0.0008167068276187489
ENSG00000269139,-0.0008164876360258636,0.0008164876360258636
ENSG00000270072,-0.0008164876360258636,0.0008164876360258636
PTGES3P1,-0.0008164876360258636,0.0008164876360258636
SMIM30,-0.0008164876360258636,0.0008164876360258636
ZNF876P,-0.0008164876360258636,0.0008164876360258636
HILPDA,-0.0008164876360258636,0.0008164876360258636
NHS,-0.0008164876360258636,0.0008164876360258636
MED27,-0.0008164876360258636,0.0008164876360258636
WRAP53,-0.0008164876360258636,0.0008164876360258636
KYAT1,-0.0008164876360258636,0.0008164876360258636
ENSG00000273055,-0.0008164876360258636,0.0008164876360258636
PLEKHA4,-0.0008164876360258636,0.0008164876360258636
TRPC1,-0.0008164876360258636,0.0008164876360258636
RPS6KB2,-0.000816272929606582,0.000816272929606582
ENSG00000289253,-0.0008156907181832652,0.0008156907181832652
GABRE,-0.0008154221220171162,0.0008154221220171162
ENSG00000278948,-0.0008152613478375446,0.0008152613478375446
RNF20,-0.0008152613478375446,0.0008152613478375446
NEK8,-0.0008150374840468121,0.0008150374840468121
ENSG00000265073,-0.0008150374840468121,0.0008150374840468121
CHD4,0.0008149836938542052,0.0008149836938542052
PSMA3,0.0008146045737438324,0.0008146045737438324
EIF2AK1,0.0008144989110784292,0.0008144989110784292
SLC16A7,0.0008143835175150733,0.0008143835175150733
MS4A6A,-0.0008142235379917635,0.0008142235379917635
HCLS1,-0.0008142235379917635,0.0008142235379917635
ENSG00000234902,-0.0008142235379917635,0.0008142235379917635
IL2RA,0.0008140521859124657,0.0008140521859124657
PKIB,0.0008140521859124657,0.0008140521859124657
TTC13,0.0008140521859124657,0.0008140521859124657
FAM221A,0.0008138758598988397,0.0008138758598988397
TXNDC5,0.0008138758598988397,0.0008138758598988397
NFIC,0.0008138054444178939,0.0008138054444178939
ENSG00000226842,-0.0008137317097710627,0.0008137317097710627
ENSG00000286256,-0.0008114239315496791,0.0008114239315496791
OR4D9,-0.0008114239315496791,0.0008114239315496791
NBPF11,-0.0008114239315496791,0.0008114239315496791
TYMP,-0.0008114239315496791,0.0008114239315496791
MTM1,-0.0008114239315496791,0.0008114239315496791
ZNF780B,-0.0008114239315496791,0.0008114239315496791
MARK4,-0.0008114239315496791,0.0008114239315496791
SPTSSA,-0.0008114239315496791,0.0008114239315496791
SOX7,-0.0008114239315496791,0.0008114239315496791
ENSG00000283977,-0.0008114239315496791,0.0008114239315496791
DHX35,-0.0008114239315496791,0.0008114239315496791
ITFG1,-0.0008114239315496791,0.0008114239315496791
BPNT1,0.0008112458700960701,0.0008112458700960701
POC1B-AS1,-0.0008111696189227425,0.0008111696189227425
RC3H2,0.0008104311679291811,0.0008104311679291811
HELLPAR,-0.0008097335112288154,0.0008097335112288154
SMG9,-0.00080958931545386,0.00080958931545386
NSFL1C,-0.0008091556601846075,0.0008091556601846075
SETD6,-0.0008091289688111392,0.0008091289688111392
KCND3,-0.0008091151234491925,0.0008091151234491925
TOMM22,-0.0008087914579824604,0.0008087914579824604
RPL30P4,0.0008084230822452755,0.0008084230822452755
PPP4R3B,0.0008083800163856342,0.0008083800163856342
KHNYN,0.0008083800163856342,0.0008083800163856342
YIF1B,0.0008083800163856342,0.0008083800163856342
PTPRZ1,0.0008083800163856342,0.0008083800163856342
MOCS3,0.0008078414472094467,0.0008078414472094467
ENSG00000258830,0.0008078414472094467,0.0008078414472094467
LPCAT2,-0.0008076466845445585,0.0008076466845445585
RSPRY1,0.0008075871400080398,0.0008075871400080398
PRTFDC1,-0.0008075281631845099,0.0008075281631845099
EBAG9,-0.0008075281631845099,0.0008075281631845099
ENSG00000277654,-0.0008075281631845099,0.0008075281631845099
IDH3B-DT,-0.0008075281631845099,0.0008075281631845099
SYS1,-0.0008075281631845099,0.0008075281631845099
ELMOD3,-0.0008075281631845099,0.0008075281631845099
TXNP6,-0.0008075281631845099,0.0008075281631845099
ENSG00000265254,-0.0008075281631845099,0.0008075281631845099
FER1L4,-0.0008075281631845099,0.0008075281631845099
PRELID3B,-0.0008075281631845099,0.0008075281631845099
ENSG00000283294,-0.0008075281631845099,0.0008075281631845099
COILP1,-0.0008075281631845099,0.0008075281631845099
ABCB10,-0.0008075281631845099,0.0008075281631845099
GINS2,-0.0008075281631845099,0.0008075281631845099
PLD5P1,-0.0008075281631845099,0.0008075281631845099
ENSG00000285848,-0.0008075281631845099,0.0008075281631845099
IFIT3,0.0008070435103419523,0.0008070435103419523
DCAF4,0.0008061075205233854,0.0008061075205233854
HAUS7,0.0008053293150858217,0.0008053293150858217
CREG1,0.0008052136450945344,0.0008052136450945344
ENSG00000213062,0.0008046074055550124,0.0008046074055550124
ATP13A3-DT,0.0008043702886594245,0.0008043702886594245
ENSAP2,-0.0008039621950771526,0.0008039621950771526
IMPACT,-0.0008032252433116481,0.0008032252433116481
PSMD6-AS2,-0.0008032252433116481,0.0008032252433116481
MAPK13,-0.0008032252433116481,0.0008032252433116481
GPM6B,-0.0008032252433116481,0.0008032252433116481
NLGN4X,-0.0008032252433116481,0.0008032252433116481
ENSG00000230552,-0.0008032252433116481,0.0008032252433116481
LINC02323,-0.0008032252433116481,0.0008032252433116481
GTF2B,-0.0008032252433116481,0.0008032252433116481
B3GNT2,-0.0008032252433116481,0.0008032252433116481
ENSG00000258424,-0.0008032252433116481,0.0008032252433116481
ITGB4,-0.0008032252433116481,0.0008032252433116481
ENSG00000255092,-0.0008032252433116481,0.0008032252433116481
CAVIN3,-0.0008032252433116481,0.0008032252433116481
LAMP1,-0.0008032252433116481,0.0008032252433116481
CLDN15,-0.0008032252433116481,0.0008032252433116481
ENSG00000279410,-0.0008032252433116481,0.0008032252433116481
ENSG00000276434,-0.0008032252433116481,0.0008032252433116481
LINC01709,-0.0008032252433116481,0.0008032252433116481
TTI2,-0.0008032252433116481,0.0008032252433116481
VDAC2,-0.0008032252433116481,0.0008032252433116481
BTBD19,-0.0008032252433116481,0.0008032252433116481
ANK3,-0.0008029414699337213,0.0008029414699337213
CRADD,-0.0008026740694582316,0.0008026740694582316
PUDP,0.0008024693520055497,0.0008024693520055497
TMIGD3,-0.0008021751112837887,0.0008021751112837887
L1TD1,-0.0008021751112837887,0.0008021751112837887
DNAJB2,-0.0008021751112837887,0.0008021751112837887
ENSG00000273319,-0.0008021751112837887,0.0008021751112837887
ERICH6B,-0.0008021751112837887,0.0008021751112837887
PLA2G4E,-0.0008021751112837887,0.0008021751112837887
ENSG00000235007,-0.0008021751112837887,0.0008021751112837887
ODR4,-0.0008021751112837887,0.0008021751112837887
LRRC1,-0.0008021751112837887,0.0008021751112837887
ENSG00000288804,-0.0008021751112837887,0.0008021751112837887
SCUBE1,-0.0008021751112837887,0.0008021751112837887
ITFG2-AS1,-0.0008021751112837887,0.0008021751112837887
TCF20,-0.0008021751112837887,0.0008021751112837887
SRP9,-0.0008021751112837887,0.0008021751112837887
ZNF750,-0.0008021751112837887,0.0008021751112837887
BACH1-IT2,-0.0008021751112837887,0.0008021751112837887
PGLYRP3,-0.0008021751112837887,0.0008021751112837887
PCBP2,-0.0008021751112837887,0.0008021751112837887
CDCA8,-0.0008021751112837887,0.0008021751112837887
RNF123,-0.0008021751112837887,0.0008021751112837887
LINC00840,-0.0008021751112837887,0.0008021751112837887
MMGT1,0.0008021024116626811,0.0008021024116626811
PPARGC1B,-0.000801463357746937,0.000801463357746937
ILF3,0.0008012659328447077,0.0008012659328447077
H2AZ1,0.0008009931956775673,0.0008009931956775673
NCKAP1L,-0.00080066297671819,0.00080066297671819
TMEM35A,0.000800368077741536,0.000800368077741536
LARS2,-0.0007999648864946299,0.0007999648864946299
ENSG00000277491,-0.0007999648864946299,0.0007999648864946299
SRRD,-0.0007999648864946299,0.0007999648864946299
ADTRP,-0.0007999648864946299,0.0007999648864946299
STAB1,-0.0007999648864946299,0.0007999648864946299
DMD,-0.0007997431956528783,0.0007997431956528783
ENSG00000253204,-0.0007997419852781516,0.0007997419852781516
ENSG00000267082,-0.0007997028462030247,0.0007997028462030247
ARRB1,-0.0007997028462030247,0.0007997028462030247
ENSG00000237982,-0.0007996222639326852,0.0007996222639326852
PI4KA,-0.0007996222639326852,0.0007996222639326852
PTPN7,-0.0007996222639326852,0.0007996222639326852
RPS8,-0.0007996222639326852,0.0007996222639326852
NAGA,-0.0007996222639326852,0.0007996222639326852
ENSG00000272980,-0.0007993787577047937,0.0007993787577047937
DNHD1,-0.0007993787577047937,0.0007993787577047937
ENSG00000253558,-0.0007991648870797378,0.0007991648870797378
ENSG00000264772,0.0007987499375629384,0.0007987499375629384
COQ7,-0.0007985484075763807,0.0007985484075763807
SAP30BP,0.0007978661195749582,0.0007978661195749582
CPNE1,0.0007978661195749582,0.0007978661195749582
BMP7,0.0007978661195749582,0.0007978661195749582
ENSG00000260103,0.0007978661195749582,0.0007978661195749582
PABPC1L,0.0007978661195749582,0.0007978661195749582
HNRNPA1,0.0007978661195749582,0.0007978661195749582
ARHGAP19,0.0007978661195749582,0.0007978661195749582
MAP2K2,0.0007978141250052702,0.0007978141250052702
CCDC61,-0.000797811921659306,0.000797811921659306
EXOSC6,0.0007967857367035733,0.0007967857367035733
ENSG00000273151,0.0007965610440087549,0.0007965610440087549
STAT3,-0.0007961926747813197,0.0007961926747813197
XPNPEP3,-0.0007955937117092427,0.0007955937117092427
ENSG00000266998,0.0007954964082934037,0.0007954964082934037
FOXO1,-0.0007949594122993005,0.0007949594122993005
P3H4,-0.0007949594122993005,0.0007949594122993005
CYFIP1,-0.0007949361751268148,0.0007949361751268148
ENSG00000255266,0.0007949291393356956,0.0007949291393356956
NAP1L4,0.0007948171073956323,0.0007948171073956323
SPINT1,0.0007945029072873025,0.0007945029072873025
PRRG4,0.000794297246098075,0.000794297246098075
TNNC2,0.000793927334177891,0.000793927334177891
ZCCHC14,-0.0007935713995457913,0.0007935713995457913
SIPA1L2,-0.0007931307697495403,0.0007931307697495403
TP53,-0.0007929043704526765,0.0007929043704526765
IRF1,0.0007926280606201138,0.0007926280606201138
SLC3A2,-0.0007924106034022926,0.0007924106034022926
ENSG00000279207,0.0007922827212124631,0.0007922827212124631
TCP10L,-0.0007922169887016515,0.0007922169887016515
RREB1,-0.0007920437631958909,0.0007920437631958909
ADGRE5,0.0007920364373828646,0.0007920364373828646
SH2D1B,0.000792007409293479,0.000792007409293479
TWF2,0.000792007409293479,0.000792007409293479
SLC38A1,0.0007918613174939143,0.0007918613174939143
SOX13,-0.0007918186507808995,0.0007918186507808995
MRPS27,-0.0007917611071492583,0.0007917611071492583
ATOSA,-0.0007913855397165149,0.0007913855397165149
MRPS9-AS1,-0.000791242213321656,0.000791242213321656
ENSG00000281920,-0.000791242213321656,0.000791242213321656
SNX17,-0.000791242213321656,0.000791242213321656
RMDN2-AS1,-0.000791242213321656,0.000791242213321656
TMEM140,0.0007908251056724054,0.0007908251056724054
UIMC1,0.0007905230594805581,0.0007905230594805581
UNK,-0.0007905208961398464,0.0007905208961398464
ENSG00000244480,-0.0007900846201184093,0.0007900846201184093
SIPA1L1,-0.0007900689573282065,0.0007900689573282065
KDM2A,0.0007896278591639581,0.0007896278591639581
ZNF14,-0.0007895646891698903,0.0007895646891698903
PLIN2,-0.0007895646891698903,0.0007895646891698903
CCDC71,0.0007890755387170973,0.0007890755387170973
TMEM44-AS2,0.0007890755387170973,0.0007890755387170973
ZNF542P,-0.0007890280256255567,0.0007890280256255567
OARD1,0.0007887329161551705,0.0007887329161551705
TPM3P9,-0.0007879393977906161,0.0007879393977906161
NOC2L,0.0007877709555623142,0.0007877709555623142
ATP6V0E2,0.0007875606871031362,0.0007875606871031362
CSAD,-0.0007864129394957174,0.0007864129394957174
ENSG00000285725,0.0007861114549277378,0.0007861114549277378
CACNA1A,-0.0007851148751183998,0.0007851148751183998
PSMG3-AS1,0.0007846256095465232,0.0007846256095465232
CARHSP1,-0.0007845741868739678,0.0007845741868739678
ZFP36L2,-0.0007845239160320259,0.0007845239160320259
SFXN4,0.000784445918639968,0.000784445918639968
SLC35E1,-0.0007842165456139191,0.0007842165456139191
ERBIN,0.0007840004714149933,0.0007840004714149933
RPL7L1,-0.0007839433832816062,0.0007839433832816062
LEMD3,-0.0007835110629005938,0.0007835110629005938
ST8SIA1,0.0007834418508826684,0.0007834418508826684
RNF146,-0.0007832661952737779,0.0007832661952737779
PANX1,0.0007829780572097306,0.0007829780572097306
NLRP1,-0.0007826848691618698,0.0007826848691618698
GNPTAB,0.0007825431204807628,0.0007825431204807628
PRELP,0.0007824301025185188,0.0007824301025185188
ZFTRAF1,0.0007822777797358232,0.0007822777797358232
RCHY1,0.0007822777797358232,0.0007822777797358232
LGALSL,0.0007822777797358232,0.0007822777797358232
ANAPC7,-0.0007822379472406482,0.0007822379472406482
RND3,-0.0007818923609923124,0.0007818923609923124
SELL,-0.0007816582801071148,0.0007816582801071148
FCHSD1,-0.000781482006879144,0.000781482006879144
ME2,-0.0007814287853394638,0.0007814287853394638
RPL3P9,0.0007810170630812595,0.0007810170630812595
SLC26A11,0.0007807080690490102,0.0007807080690490102
IRF4,0.000780181082387836,0.000780181082387836
ENSG00000285867,0.0007798974240045341,0.0007798974240045341
ENSG00000260966,0.0007797817024644533,0.0007797817024644533
SAMD4A-AS1,0.0007792991340387762,0.0007792991340387762
EML2,-0.0007792461533153676,0.0007792461533153676
MOK,-0.0007792183874694791,0.0007792183874694791
DYNC1LI1,-0.0007792183874694791,0.0007792183874694791
FOXN3,-0.0007791940140446547,0.0007791940140446547
GM2A,0.0007788321155889589,0.0007788321155889589
ENSG00000250167,0.0007788278726826255,0.0007788278726826255
PPP1R12A,0.0007787347336000129,0.0007787347336000129
TBCAP3,-0.0007786913916372302,0.0007786913916372302
VMA21,-0.0007786913916372302,0.0007786913916372302
ENSG00000278514,-0.0007786913916372302,0.0007786913916372302
CDK13-DT,-0.0007786913916372302,0.0007786913916372302
MS4A6E,-0.0007786913916372302,0.0007786913916372302
AKIRIN2,-0.0007786913916372302,0.0007786913916372302
AP1S2,-0.0007786913916372302,0.0007786913916372302
ENSG00000267228,-0.0007786913916372302,0.0007786913916372302
ENSG00000262020,-0.0007786913916372302,0.0007786913916372302
ENSG00000288018,-0.0007786913916372302,0.0007786913916372302
NFKBIB,-0.0007786913916372302,0.0007786913916372302
SEM1P1,-0.0007786913916372302,0.0007786913916372302
STAT5A,-0.0007786913916372302,0.0007786913916372302
NFKBID,-0.0007786913916372302,0.0007786913916372302
FAM89A,-0.0007786913916372302,0.0007786913916372302
ENSG00000213791,-0.0007786913916372302,0.0007786913916372302
ANKRD49P2,-0.0007786913916372302,0.0007786913916372302
ENSG00000253273,-0.0007786913916372302,0.0007786913916372302
ENSG00000279361,-0.0007786913916372302,0.0007786913916372302
LAT2,-0.0007786913916372302,0.0007786913916372302
ZNF775,-0.0007786913916372302,0.0007786913916372302
ZNF674-AS1,-0.0007786913916372302,0.0007786913916372302
ATP5PBP1,-0.0007786913916372302,0.0007786913916372302
PPP1CA,-0.0007786913916372302,0.0007786913916372302
ENSG00000236434,-0.0007786913916372302,0.0007786913916372302
ASCC1,-0.0007786913916372302,0.0007786913916372302
NBPF13P,-0.0007786913916372302,0.0007786913916372302
PKD1,-0.0007786913916372302,0.0007786913916372302
PPP4R3A,-0.0007786913916372302,0.0007786913916372302
ATG5,-0.0007786913916372302,0.0007786913916372302
ENSG00000259274,-0.0007786913916372302,0.0007786913916372302
ENSG00000288775,-0.0007786913916372302,0.0007786913916372302
DTNA,-0.0007786913916372302,0.0007786913916372302
ENSG00000232174,-0.0007786913916372302,0.0007786913916372302
RPP40,-0.0007786913916372302,0.0007786913916372302
SIGIRR,-0.0007786913916372302,0.0007786913916372302
SNORA53,-0.0007786913916372302,0.0007786913916372302
ENSG00000230433,-0.0007786913916372302,0.0007786913916372302
RPS13,-0.0007786913916372302,0.0007786913916372302
PATZ1,-0.0007786913916372302,0.0007786913916372302
ENSG00000282057,-0.0007786913916372302,0.0007786913916372302
MARK2P16,-0.0007786913916372302,0.0007786913916372302
FNDC5,-0.0007786913916372302,0.0007786913916372302
ENSG00000231699,-0.0007786913916372302,0.0007786913916372302
ENSG00000268199,-0.0007786913916372302,0.0007786913916372302
ENSG00000280474,-0.0007786913916372302,0.0007786913916372302
CLSPN,-0.0007786913916372302,0.0007786913916372302
ACAD10,-0.0007786913916372302,0.0007786913916372302
MMP14,-0.0007786728958894524,0.0007786728958894524
RPS23,0.0007782702489610667,0.0007782702489610667
ASXL1,0.0007780451044119491,0.0007780451044119491
PIK3C2B,0.0007779780460246083,0.0007779780460246083
TMED4,0.000777315628680736,0.000777315628680736
C4orf3,-0.0007771699233700053,0.0007771699233700053
RPS20,0.0007771038470422389,0.0007771038470422389
ADGRD1,-0.0007770060404019655,0.0007770060404019655
CCDC186,0.0007769855226632111,0.0007769855226632111
MIOS-DT,0.0007768112717167749,0.0007768112717167749
MCM3AP,-0.0007764998917774711,0.0007764998917774711
BCORP1,-0.0007761760805116834,0.0007761760805116834
ACAP2,0.0007760373087558618,0.0007760373087558618
SMTN,-0.00077541858696656,0.00077541858696656
TPT1,-0.000775130846537498,0.000775130846537498
RC3H1,-0.0007750292956262945,0.0007750292956262945
RGS2,0.0007748707543908304,0.0007748707543908304
CYP20A1,-0.0007747833011954379,0.0007747833011954379
SECISBP2,-0.0007736943475767564,0.0007736943475767564
CCNI,0.0007731647145986447,0.0007731647145986447
U2AF2,0.0007730561890658388,0.0007730561890658388
RPS6P26,-0.0007729764920900163,0.0007729764920900163
RAB11FIP1,0.0007727348076671837,0.0007727348076671837
ENSG00000280064,0.0007727348076671837,0.0007727348076671837
ZNF254,-0.000772239375180147,0.000772239375180147
DCBLD2,-0.0007722222432505365,0.0007722222432505365
AHI1,-0.000772192483156369,0.000772192483156369
METTL22,-0.000772188175630026,0.000772188175630026
ACYP2,-0.0007717611833198229,0.0007717611833198229
PPP2R2A,-0.0007714015140364155,0.0007714015140364155
SEC61A2,-0.0007714015140364155,0.0007714015140364155
KNTC1,-0.0007710143740831956,0.0007710143740831956
APLNR,0.0007708153193332462,0.0007708153193332462
NUMBL,-0.0007707372023401098,0.0007707372023401098
PPP1R3C,0.0007705726454528153,0.0007705726454528153
ATP6V1D,0.0007705726454528153,0.0007705726454528153
RAB11FIP2,-0.0007705373190154269,0.0007705373190154269
PABIR1,-0.0007705293996802337,0.0007705293996802337
ENSG00000272195,0.0007702900376680206,0.0007702900376680206
CYB5R4,0.0007699700221325823,0.0007699700221325823
NIPA1,-0.0007698578713468477,0.0007698578713468477
ENSG00000279662,-0.0007695882642643733,0.0007695882642643733
MAP2K1,-0.0007695004185496702,0.0007695004185496702
SLC37A2,-0.0007693749502280833,0.0007693749502280833
PMAIP1,-0.0007687196556257585,0.0007687196556257585
KDM5D,0.0007686761618029784,0.0007686761618029784
CDC73,-0.000768477921690137,0.000768477921690137
EIF3H,-0.0007678823432047915,0.0007678823432047915
CLN3,-0.0007676525372597143,0.0007676525372597143
TRAF3,-0.0007667300699688639,0.0007667300699688639
ENSG00000267589,-0.0007666727028877298,0.0007666727028877298
ENSG00000290787,-0.0007666727028877298,0.0007666727028877298
ENSG00000248458,-0.0007666727028877298,0.0007666727028877298
RPL10P2,-0.0007666727028877298,0.0007666727028877298
CASP2,-0.0007666727028877298,0.0007666727028877298
C17orf67,-0.0007666727028877298,0.0007666727028877298
DENND1C,-0.0007666727028877298,0.0007666727028877298
RN7SKP150,-0.0007666727028877298,0.0007666727028877298
KRT8P33,-0.0007666727028877298,0.0007666727028877298
RHEB,-0.0007666727028877298,0.0007666727028877298
ENSG00000224794,-0.0007666727028877298,0.0007666727028877298
RHBDF1,-0.0007666727028877298,0.0007666727028877298
MRPL17,-0.0007666727028877298,0.0007666727028877298
ENSG00000231401,-0.0007666727028877298,0.0007666727028877298
ENSG00000280162,-0.0007666727028877298,0.0007666727028877298
MAP3K4-AS1,-0.0007666727028877298,0.0007666727028877298
MYBL1,-0.0007666727028877298,0.0007666727028877298
ENSG00000276136,-0.0007666727028877298,0.0007666727028877298
SIK1,-0.0007666727028877298,0.0007666727028877298
NMB,-0.0007666727028877298,0.0007666727028877298
ZNF763,-0.0007666727028877298,0.0007666727028877298
ENSG00000286067,-0.0007666727028877298,0.0007666727028877298
RNU6-143P,-0.0007666727028877298,0.0007666727028877298
NME4,-0.0007666727028877298,0.0007666727028877298
NPL,-0.0007666727028877298,0.0007666727028877298
LINC01348,-0.0007666727028877298,0.0007666727028877298
SPATA33,-0.0007666727028877298,0.0007666727028877298
MCM8,-0.0007666727028877298,0.0007666727028877298
TDGF1,-0.0007666727028877298,0.0007666727028877298
TTC14,-0.0007666727028877298,0.0007666727028877298
GNG5B,-0.0007666727028877298,0.0007666727028877298
CELF6,-0.0007666727028877298,0.0007666727028877298
ENSG00000276952,-0.0007666727028877298,0.0007666727028877298
RPL21P41,-0.0007666727028877298,0.0007666727028877298
PDE9A-AS1,-0.0007666727028877298,0.0007666727028877298
GPR84-AS1,-0.0007666727028877298,0.0007666727028877298
POLR2J3,-0.0007666727028877298,0.0007666727028877298
LINC01619,-0.0007666727028877298,0.0007666727028877298
ENSG00000279863,-0.0007666727028877298,0.0007666727028877298
U2AF1L4,-0.0007666727028877298,0.0007666727028877298
ENSG00000267179,-0.0007666727028877298,0.0007666727028877298
ANAPC1,-0.0007666727028877298,0.0007666727028877298
C5orf15,-0.0007666727028877298,0.0007666727028877298
CHDH,-0.0007665836654422534,0.0007665836654422534
RALGPS2,-0.0007665836654422534,0.0007665836654422534
MED28-DT,-0.0007665836654422534,0.0007665836654422534
BCAS2P2,-0.0007663091402611654,0.0007663091402611654
ENSG00000288076,-0.0007663091402611654,0.0007663091402611654
IGHA2,-0.0007663091402611654,0.0007663091402611654
DCAF16,-0.0007663049795202008,0.0007663049795202008
NDFIP2,-0.0007662067920380615,0.0007662067920380615
GLRX5,-0.0007656359217692498,0.0007656359217692498
PPP1R3E,-0.0007655885333035038,0.0007655885333035038
LAMP2,-0.0007654362422952722,0.0007654362422952722
RIOK2,0.0007649205652280212,0.0007649205652280212
LMAN1,-0.0007648689015371157,0.0007648689015371157
ENSG00000287916,0.000764732970721322,0.000764732970721322
BCL6,0.0007638433025685446,0.0007638433025685446
CD200R1,0.0007637663190352708,0.0007637663190352708
PEDS1-UBE2V1,0.0007636225400943952,0.0007636225400943952
IL13,0.0007636225400943952,0.0007636225400943952
IVNS1ABP,0.0007633752808062092,0.0007633752808062092
TGFBRAP1,0.0007630851129117116,0.0007630851129117116
RPL4,-0.0007627916750909251,0.0007627916750909251
FAM153CP,0.0007625294837312911,0.0007625294837312911
MOCS1,0.0007625294837312911,0.0007625294837312911
MYOF,-0.0007623100373058196,0.0007623100373058196
ENSG00000277639,0.0007621820698458264,0.0007621820698458264
CNTRL,-0.00076151496444936,0.00076151496444936
TMED7,0.0007600657353246807,0.0007600657353246807
PFN2,-0.0007599957941103873,0.0007599957941103873
RPS20P22,-0.0007599549924903663,0.0007599549924903663
KCTD18,-0.0007599549924903663,0.0007599549924903663
MTAP,-0.0007596034635012014,0.0007596034635012014
PTMAP5,-0.000759386992276319,0.000759386992276319
FST,0.0007590506994962885,0.0007590506994962885
ANKRA2,-0.0007583474476837299,0.0007583474476837299
TFG,0.0007578368517159666,0.0007578368517159666
PNISR-AS1,-0.0007577090666894177,0.0007577090666894177
SLC9A9,0.0007574528787671391,0.0007574528787671391
ENSG00000229721,-0.0007572740291681202,0.0007572740291681202
PPM1D,0.0007571177902342814,0.0007571177902342814
AATK,0.0007567534936695466,0.0007567534936695466
SSC5D,0.0007564986924003534,0.0007564986924003534
PRRG3,-0.0007564134722149472,0.0007564134722149472
SH3BP5-AS1,-0.0007563174990991633,0.0007563174990991633
CRIP1P3,-0.0007560699824683796,0.0007560699824683796
NLRC5,-0.0007559359532786253,0.0007559359532786253
PPARA,-0.0007555966706855932,0.0007555966706855932
IGKV1-16,-0.0007555812931592903,0.0007555812931592903
ENSG00000233757,0.0007554956747230176,0.0007554956747230176
C22orf23,-0.0007550396780184013,0.0007550396780184013
SENP5,-0.0007550257256768719,0.0007550257256768719
MYBBP1A,-0.0007549453307293445,0.0007549453307293445
TBL1X,-0.0007543012125064631,0.0007543012125064631
WDR83OS,-0.0007533773969489598,0.0007533773969489598
SESTD1,0.0007533129686410346,0.0007533129686410346
RNF168,-0.0007531917482593692,0.0007531917482593692
SNAPC4,-0.0007530164681336048,0.0007530164681336048
ENSG00000271778,-0.0007529099421606438,0.0007529099421606438
TFAM,0.0007527499752317819,0.0007527499752317819
RPL35AP23,-0.0007524555794155469,0.0007524555794155469
CCN4,-0.000751832813703884,0.000751832813703884
TTC7B,-0.0007516265751588651,0.0007516265751588651
STK4,-0.0007502925218287808,0.0007502925218287808
CCNYL1,0.0007499654403975423,0.0007499654403975423
FER,-0.0007497303570357264,0.0007497303570357264
GTPBP4,0.0007497081945532878,0.0007497081945532878
ENSG00000285976,-0.0007495937901233267,0.0007495937901233267
ARMC8,0.0007492593839161527,0.0007492593839161527
SPTBN2,0.0007490443889623464,0.0007490443889623464
PUS7L,-0.0007490114031518181,0.0007490114031518181
PLLP,-0.0007489410487204107,0.0007489410487204107
MEG8,-0.0007488355345407747,0.0007488355345407747
ENSG00000280205,0.0007487117735664385,0.0007487117735664385
NOTCH2NLC,0.0007486116580748307,0.0007486116580748307
FRMD4A,-0.0007484443099284027,0.0007484443099284027
ENSG00000291316,0.0007479198654193838,0.0007479198654193838
ESR1,-0.0007478358000367488,0.0007478358000367488
HADHA,0.0007477564983356309,0.0007477564983356309
MFAP3,-0.000746792494941401,0.000746792494941401
ENSG00000274944,0.0007461052916446384,0.0007461052916446384
HNRNPH1,-0.0007450279307871691,0.0007450279307871691
ANKRD37,0.0007448387429308983,0.0007448387429308983
TXLNG,0.0007448387429308983,0.0007448387429308983
RNF126,-0.0007445499770940944,0.0007445499770940944
OPN3,0.0007444706072858459,0.0007444706072858459
FMNL1,-0.0007444545037530886,0.0007444545037530886
CYBRD1,0.0007442822675315977,0.0007442822675315977
PNPT1,0.0007441464645143396,0.0007441464645143396
CADM4,0.000744138023614668,0.000744138023614668
UTP18,0.000744138023614668,0.000744138023614668
UBE2L3,0.000744138023614668,0.000744138023614668
SPACA6-AS1,0.000744138023614668,0.000744138023614668
NAA50,0.0007436912984487055,0.0007436912984487055
OSBPL1A,0.0007436912984487055,0.0007436912984487055
OLFML3,0.0007436912984487055,0.0007436912984487055
TMEM164,0.0007436912984487055,0.0007436912984487055
ECSIT,0.0007436912984487055,0.0007436912984487055
NIPBL,0.000743430453309964,0.000743430453309964
UBN1,-0.0007428891340234453,0.0007428891340234453
RPF2,0.0007426661749558013,0.0007426661749558013
UBXN2B,0.0007425437157934938,0.0007425437157934938
ANKIB1,0.0007421995109309231,0.0007421995109309231
TDP1,0.0007421746594650275,0.0007421746594650275
PRKACB,-0.0007421367455155907,0.0007421367455155907
MAP3K1,0.0007419080951394293,0.0007419080951394293
SNX27,0.0007414501070529115,0.0007414501070529115
PGM1,0.0007414331341088602,0.0007414331341088602
NTN4,0.0007405657083510873,0.0007405657083510873
RNASEH1,-0.0007405585871422296,0.0007405585871422296
SEMA6A,-0.0007400920835294562,0.0007400920835294562
RALGAPA2,0.0007400068666489288,0.0007400068666489288
PDPR2P,0.000739993201997513,0.000739993201997513
LINC01618,-0.0007399853262895395,0.0007399853262895395
ENSG00000287430,-0.0007399853262895395,0.0007399853262895395
ALG14,-0.0007399853262895395,0.0007399853262895395
RASL11B,-0.0007399853262895395,0.0007399853262895395
SLC16A3,-0.0007398101580674915,0.0007398101580674915
LAPTM4A,-0.0007397760309583201,0.0007397760309583201
ZNF554,-0.0007397760309583201,0.0007397760309583201
OLFML2B,-0.0007397760309583201,0.0007397760309583201
PLPP4,-0.0007397760309583201,0.0007397760309583201
MEIS3,-0.0007397760309583201,0.0007397760309583201
SIRPG,-0.0007397760309583201,0.0007397760309583201
C11orf98,-0.0007397760309583201,0.0007397760309583201
PLD2,-0.0007397760309583201,0.0007397760309583201
NDUFB4,-0.0007397760309583201,0.0007397760309583201
KIFAP3,-0.0007397760309583201,0.0007397760309583201
TDRD9,-0.0007397760309583201,0.0007397760309583201
CA5BP1,-0.0007397760309583201,0.0007397760309583201
IGFN1,-0.0007397760309583201,0.0007397760309583201
ABHD4,-0.0007397760309583201,0.0007397760309583201
SLC25A17,-0.0007397760309583201,0.0007397760309583201
FABP6,-0.0007397760309583201,0.0007397760309583201
SYNGR2,-0.0007397760309583201,0.0007397760309583201
UBE2SP1,-0.0007397760309583201,0.0007397760309583201
ZNF461,-0.0007397760309583201,0.0007397760309583201
LRRC4B,-0.0007397760309583201,0.0007397760309583201
LIPT2,-0.0007397760309583201,0.0007397760309583201
CHMP1B,-0.0007397760309583201,0.0007397760309583201
ENSG00000248968,-0.0007397760309583201,0.0007397760309583201
ENSG00000276131,-0.0007397760309583201,0.0007397760309583201
VPREB1,-0.0007397760309583201,0.0007397760309583201
CAMLG,-0.0007396221017129695,0.0007396221017129695
IDE,-0.000739212937509209,0.000739212937509209
BBOX1-AS1,-0.000739212937509209,0.000739212937509209
PIGB,-0.0007391821686526319,0.0007391821686526319
ENSG00000246250,-0.0007391821686526319,0.0007391821686526319
ENSG00000289194,-0.0007391821686526319,0.0007391821686526319
ENSG00000288815,-0.0007391821686526319,0.0007391821686526319
GAB1,-0.0007391590016778657,0.0007391590016778657
MATR3,0.000738967750367482,0.000738967750367482
CD79A,-0.0007388179528168901,0.0007388179528168901
IRF2,0.0007385861294234192,0.0007385861294234192
ARHGAP12,-0.0007385821027804647,0.0007385821027804647
BRWD3,-0.0007382106863197087,0.0007382106863197087
RHOBTB3,-0.0007381086437941672,0.0007381086437941672
DGKD,-0.0007380635728976276,0.0007380635728976276
FBXW8,0.0007379199548035216,0.0007379199548035216
DEPDC5,-0.000737904907828456,0.000737904907828456
SMARCE1,-0.0007376876822055833,0.0007376876822055833
ENSG00000280161,-0.0007376708096514595,0.0007376708096514595
ENSG00000234818,-0.0007376708096514595,0.0007376708096514595
PDCD6-DT,-0.0007376708096514595,0.0007376708096514595
OSGIN2,-0.0007376708096514595,0.0007376708096514595
ENSG00000287190,-0.0007376708096514595,0.0007376708096514595
ENSG00000225000,-0.0007376708096514595,0.0007376708096514595
CFAP300,-0.0007376708096514595,0.0007376708096514595
IRX2,-0.0007376708096514595,0.0007376708096514595
RPL36P3,-0.0007374752667510033,0.0007374752667510033
DDB1,0.0007374520812303483,0.0007374520812303483
ENSG00000291207,-0.0007373024416100543,0.0007373024416100543
SAT2,-0.0007370830119884929,0.0007370830119884929
SLC25A1,-0.0007370830119884929,0.0007370830119884929
SPRING1,0.000737080523808944,0.000737080523808944
ARF1,-0.0007370439543449704,0.0007370439543449704
MACORIS,-0.0007369834931526588,0.0007369834931526588
ANPEP,0.0007369822437710031,0.0007369822437710031
BCL11A,0.0007368571612259747,0.0007368571612259747
HAUS3,0.0007358319578479988,0.0007358319578479988
NCKAP5,-0.0007353442961410895,0.0007353442961410895
EMC1,-0.0007349900851259799,0.0007349900851259799
IFRD1,0.0007348888402948118,0.0007348888402948118
CAND1,0.0007346561920448288,0.0007346561920448288
MORF4L1P1,-0.0007342656320830286,0.0007342656320830286
HTR2A,-0.0007342656320830286,0.0007342656320830286
ENSG00000243802,0.0007335601204073297,0.0007335601204073297
CLDN23,-0.0007334002593974249,0.0007334002593974249
SPIN1,-0.0007325999572038158,0.0007325999572038158
SNAPC2,-0.0007322958235940538,0.0007322958235940538
SHB,0.0007322639888553526,0.0007322639888553526
ATAD5,-0.0007321201424310912,0.0007321201424310912
ENSG00000231955,0.0007316927783887837,0.0007316927783887837
ENSG00000258744,0.0007313508738432566,0.0007313508738432566
MRPL18,-0.0007313266704025293,0.0007313266704025293
FAM234A,0.000730830002953032,0.000730830002953032
MBIP,-0.000730720087926332,0.000730720087926332
NEK7,0.0007307003742857094,0.0007307003742857094
ENSG00000288065,-0.0007304603979977477,0.0007304603979977477
IVL,0.0007301984328603349,0.0007301984328603349
SH2B3,0.0007301108532066964,0.0007301108532066964
AP2B1,-0.0007300682663914702,0.0007300682663914702
BRME1,0.0007299253521881767,0.0007299253521881767
UTP20,0.0007294051483720856,0.0007294051483720856
ISLR,-0.0007291780454924558,0.0007291780454924558
SNHG17,0.0007290066295105469,0.0007290066295105469
COQ8A,0.0007289326790661493,0.0007289326790661493
SLC35C2,-0.0007284149139575499,0.0007284149139575499
XPO7,-0.000728388365335119,0.000728388365335119
ZNF521,0.0007277774368045825,0.0007277774368045825
CFLAR,0.0007277189393162641,0.0007277189393162641
CCDC91,-0.0007277146667731362,0.0007277146667731362
ZNF543,-0.0007276342299847589,0.0007276342299847589
IGKV4-1,-0.0007275640441952059,0.0007275640441952059
IFFO2,0.0007272600110764988,0.0007272600110764988
MIR561,-0.0007256521209018384,0.0007256521209018384
CACNA2D2,-0.0007256521209018384,0.0007256521209018384
ENDOD1,-0.0007256521209018384,0.0007256521209018384
ARL8B,-0.0007256521209018384,0.0007256521209018384
ENSG00000286736,-0.0007256521209018384,0.0007256521209018384
TNFSF15,-0.0007256521209018384,0.0007256521209018384
CCNB1,-0.0007256521209018384,0.0007256521209018384
SH3RF3-AS1,-0.0007256521209018384,0.0007256521209018384
CTBP1-DT,-0.0007252199290180427,0.0007252199290180427
PKN2,-0.000725078776227914,0.000725078776227914
TXNDC11,-0.0007245592845111283,0.0007245592845111283
CYP27C1,-0.0007245592845111283,0.0007245592845111283
CIAO3,0.0007234525259118437,0.0007234525259118437
HEXD,0.0007233670336944313,0.0007233670336944313
ENSG00000291046,-0.0007232278082954601,0.0007232278082954601
TUSC1,-0.000723140155352348,0.000723140155352348
SLC30A4,-0.0007225269603267864,0.0007225269603267864
ZNF432,0.0007225227064381098,0.0007225227064381098
DDOST,0.00072215109338978,0.00072215109338978
NOP56,0.0007220828464078907,0.0007220828464078907
RRP8,-0.0007212044556170909,0.0007212044556170909
NSL1,-0.0007210731543716173,0.0007210731543716173
MRPL28,-0.0007210080588715737,0.0007210080588715737
NAA30,0.0007208106564748564,0.0007208106564748564
ID3,0.0007208106564748564,0.0007208106564748564
ENSG00000229116,0.0007205360950833483,0.0007205360950833483
ENSG00000267504,-0.0007200368715584419,0.0007200368715584419
ADAMTS4,-0.0007198947275902365,0.0007198947275902365
DSG1,0.0007197644786725679,0.0007197644786725679
ENSG00000285627,0.0007195707760641011,0.0007195707760641011
PIR,0.00071949213875092,0.00071949213875092
NTRK2,0.0007194091207658294,0.0007194091207658294
NSA2,-0.0007190805847961142,0.0007190805847961142
PNRC2,-0.0007190451165426737,0.0007190451165426737
ENSG00000289505,-0.0007190451165426737,0.0007190451165426737
CDR2L,-0.0007190451165426737,0.0007190451165426737
PIN4P1,0.0007190172741830711,0.0007190172741830711
SLAIN2,-0.0007187755997389649,0.0007187755997389649
ZNF140,0.0007182479957534301,0.0007182479957534301
PCCA,0.0007181920058679936,0.0007181920058679936
LARS1,0.0007181292865209451,0.0007181292865209451
RPL5P13,0.0007176693058943029,0.0007176693058943029
PATL1-DT,0.0007176693058943029,0.0007176693058943029
USP39,0.0007176693058943029,0.0007176693058943029
EMILIN3,0.0007176693058943029,0.0007176693058943029
PAX3,0.0007176693058943029,0.0007176693058943029
SEMA7A,0.0007176693058943029,0.0007176693058943029
WASF1,0.0007176693058943029,0.0007176693058943029
PIGAP1,0.0007176693058943029,0.0007176693058943029
DLX6,0.0007176693058943029,0.0007176693058943029
ENSG00000228737,0.0007176693058943029,0.0007176693058943029
ENSG00000278891,0.0007176693058943029,0.0007176693058943029
RMC1,0.0007176693058943029,0.0007176693058943029
MATN4,0.0007176693058943029,0.0007176693058943029
RPL6,0.0007176693058943029,0.0007176693058943029
SMIM5,0.0007176693058943029,0.0007176693058943029
RPL7P42,0.0007176693058943029,0.0007176693058943029
PKIA-AS1,0.0007176693058943029,0.0007176693058943029
HDAC11,0.0007176693058943029,0.0007176693058943029
RPS10P9,0.0007176693058943029,0.0007176693058943029
ENSG00000227678,0.0007176693058943029,0.0007176693058943029
SLC50A1,0.0007176693058943029,0.0007176693058943029
ENSG00000280422,0.0007176693058943029,0.0007176693058943029
GATA5,0.0007176693058943029,0.0007176693058943029
SLC9A3R2,0.0007176693058943029,0.0007176693058943029
ZNF511,0.0007176693058943029,0.0007176693058943029
ENSG00000220660,0.0007176693058943029,0.0007176693058943029
CLEC4GP1,0.0007176693058943029,0.0007176693058943029
PCDH11X,0.0007176693058943029,0.0007176693058943029
C1QBPP2,0.0007176693058943029,0.0007176693058943029
PCDH10,0.0007176693058943029,0.0007176693058943029
USP30,0.0007176693058943029,0.0007176693058943029
ENSG00000220412,0.0007176693058943029,0.0007176693058943029
GAREM2,0.0007176693058943029,0.0007176693058943029
ENSG00000219992,0.0007176693058943029,0.0007176693058943029
ENSG00000255367,0.0007176693058943029,0.0007176693058943029
LINC02154,0.0007176693058943029,0.0007176693058943029
RINT1,0.0007176693058943029,0.0007176693058943029
LINC01569,0.0007176693058943029,0.0007176693058943029
FSIP2-AS1,0.0007176693058943029,0.0007176693058943029
MCEMP1,0.0007176693058943029,0.0007176693058943029
PALS2,0.0007176693058943029,0.0007176693058943029
ALDH5A1,0.0007176693058943029,0.0007176693058943029
PPP1R8,0.0007176693058943029,0.0007176693058943029
SDR16C5,0.0007176693058943029,0.0007176693058943029
RPL22P18,0.0007176693058943029,0.0007176693058943029
SNRPG,0.0007176693058943029,0.0007176693058943029
H3C2,0.0007176693058943029,0.0007176693058943029
DPM2,0.0007176693058943029,0.0007176693058943029
LINC01532,0.0007176693058943029,0.0007176693058943029
ZNF564,0.0007176693058943029,0.0007176693058943029
PABPN1P1,0.0007176693058943029,0.0007176693058943029
SCTR,0.0007176693058943029,0.0007176693058943029
DMRT2,0.0007176693058943029,0.0007176693058943029
FOXN1,0.0007176693058943029,0.0007176693058943029
SNORD10,0.0007176693058943029,0.0007176693058943029
ENSG00000270091,0.0007176693058943029,0.0007176693058943029
GZMK,0.0007176693058943029,0.0007176693058943029
PPP1R14A,0.0007176693058943029,0.0007176693058943029
ENSG00000278966,0.0007176693058943029,0.0007176693058943029
HCN2,0.0007176693058943029,0.0007176693058943029
LINC02026,0.0007176693058943029,0.0007176693058943029
ZMPSTE24-DT,0.0007176693058943029,0.0007176693058943029
ENSG00000269925,0.0007176693058943029,0.0007176693058943029
RPL36AP14,0.0007176693058943029,0.0007176693058943029
UBE2QL1,0.0007176693058943029,0.0007176693058943029
INGX,0.0007176693058943029,0.0007176693058943029
PRDM11,0.0007176693058943029,0.0007176693058943029
PPP1R14BP3,0.0007176693058943029,0.0007176693058943029
DLX6-AS1,0.0007176693058943029,0.0007176693058943029
CLDN16,0.0007176693058943029,0.0007176693058943029
EGR3,0.0007176693058943029,0.0007176693058943029
LINC01254,0.0007176693058943029,0.0007176693058943029
LGALSL-DT,0.0007176693058943029,0.0007176693058943029
RNU1-123P,0.0007176693058943029,0.0007176693058943029
ZNF496-DT,0.0007176693058943029,0.0007176693058943029
LINC00642,0.0007176693058943029,0.0007176693058943029
RN7SL118P,0.0007176693058943029,0.0007176693058943029
UNC50,0.0007176693058943029,0.0007176693058943029
RNA5SP492,0.0007176693058943029,0.0007176693058943029
ENSG00000268744,0.0007176693058943029,0.0007176693058943029
RYR3-DT,0.0007176693058943029,0.0007176693058943029
ENSG00000280042,0.0007176693058943029,0.0007176693058943029
ACTR6,0.0007176693058943029,0.0007176693058943029
ENSG00000279172,0.0007176693058943029,0.0007176693058943029
LIX1L-AS1,0.0007176693058943029,0.0007176693058943029
ENSG00000269514,0.0007176693058943029,0.0007176693058943029
ACTR5,0.0007176693058943029,0.0007176693058943029
SLC16A8,0.0007176693058943029,0.0007176693058943029
CEP152,0.0007176693058943029,0.0007176693058943029
SLC18A2,0.0007176693058943029,0.0007176693058943029
CEP250-AS1,0.0007176693058943029,0.0007176693058943029
SFTPD,0.0007176693058943029,0.0007176693058943029
C17orf107,0.0007176693058943029,0.0007176693058943029
ENSG00000270978,0.0007176693058943029,0.0007176693058943029
UPK3A,0.0007176693058943029,0.0007176693058943029
PGLYRP4,0.0007176693058943029,0.0007176693058943029
RN7SL12P,0.0007176693058943029,0.0007176693058943029
CADM1,0.0007176693058943029,0.0007176693058943029
SH2D3C,0.0007176693058943029,0.0007176693058943029
ZNF358,0.0007176693058943029,0.0007176693058943029
DISP2,0.0007176693058943029,0.0007176693058943029
WIZ,0.0007176693058943029,0.0007176693058943029
GPRC5B,0.0007176693058943029,0.0007176693058943029
RNU6-942P,0.0007176693058943029,0.0007176693058943029
C11orf1,0.0007176693058943029,0.0007176693058943029
USE1,0.0007176693058943029,0.0007176693058943029
ENSG00000256462,0.0007176693058943029,0.0007176693058943029
SHISA5,0.0007176693058943029,0.0007176693058943029
SHLD3,0.0007176693058943029,0.0007176693058943029
SHPK,0.0007176693058943029,0.0007176693058943029
CADM1-AS1,0.0007176693058943029,0.0007176693058943029
RNU6-987P,0.0007176693058943029,0.0007176693058943029
RNU7-1,0.0007176693058943029,0.0007176693058943029
RUNDC3A,0.0007176693058943029,0.0007176693058943029
ENSG00000259357,0.0007176693058943029,0.0007176693058943029
CNKSR1,0.0007176693058943029,0.0007176693058943029
RNF2,0.0007176693058943029,0.0007176693058943029
DNMBP-AS1,0.0007176693058943029,0.0007176693058943029
SLC29A1,0.0007176693058943029,0.0007176693058943029
SLC29A2,0.0007176693058943029,0.0007176693058943029
LINC02714,0.0007176693058943029,0.0007176693058943029
SAMD12-AS1,0.0007176693058943029,0.0007176693058943029
PLCB2,0.0007176693058943029,0.0007176693058943029
RN7SL308P,0.0007176693058943029,0.0007176693058943029
SF3B6,0.0007176693058943029,0.0007176693058943029
ENPP1,0.0007176693058943029,0.0007176693058943029
BCL2L10,0.0007176693058943029,0.0007176693058943029
GS1-279B7.1,0.0007176693058943029,0.0007176693058943029
HRURF,0.0007176693058943029,0.0007176693058943029
ENSG00000279336,0.0007176693058943029,0.0007176693058943029
POMC,0.0007176693058943029,0.0007176693058943029
RN7SL184P,0.0007176693058943029,0.0007176693058943029
RN7SL174P,0.0007176693058943029,0.0007176693058943029
ENSG00000279827,0.0007176693058943029,0.0007176693058943029
ACBD7,0.0007176693058943029,0.0007176693058943029
ULK3,0.0007176693058943029,0.0007176693058943029
ISY1,0.0007176693058943029,0.0007176693058943029
ENSG00000275854,0.0007176693058943029,0.0007176693058943029
ENSG00000271100,0.0007176693058943029,0.0007176693058943029
SCYL2P1,0.0007176693058943029,0.0007176693058943029
SLC22A16,0.0007176693058943029,0.0007176693058943029
ENSG00000268460,0.0007176693058943029,0.0007176693058943029
RN7SL674P,0.0007176693058943029,0.0007176693058943029
ENSG00000276087,0.0007176693058943029,0.0007176693058943029
CLK1,0.0007176693058943029,0.0007176693058943029
CHRD,0.0007176693058943029,0.0007176693058943029
PLCH2,0.0007176693058943029,0.0007176693058943029
ENSG00000258592,0.0007176693058943029,0.0007176693058943029
ENSG00000225974,0.0007176693058943029,0.0007176693058943029
GLI2,0.0007176693058943029,0.0007176693058943029
ENSG00000271398,0.0007176693058943029,0.0007176693058943029
HOXD10,0.0007176693058943029,0.0007176693058943029
PHC2,0.0007176693058943029,0.0007176693058943029
ENSG00000269729,0.0007176693058943029,0.0007176693058943029
ENSG00000287132,0.0007176693058943029,0.0007176693058943029
ZNG1B,0.0007176693058943029,0.0007176693058943029
MIR222HG,0.0007176693058943029,0.0007176693058943029
MILIP,0.0007176693058943029,0.0007176693058943029
ENSG00000262877,0.0007176693058943029,0.0007176693058943029
ENSG00000289366,0.0007176693058943029,0.0007176693058943029
SOD1-DT,0.0007176693058943029,0.0007176693058943029
ENSG00000267127,0.0007176693058943029,0.0007176693058943029
KLF2-DT,0.0007176693058943029,0.0007176693058943029
COX5BP6,0.0007176693058943029,0.0007176693058943029
NKX3-1,0.0007176693058943029,0.0007176693058943029
ENSG00000240919,0.0007176693058943029,0.0007176693058943029
ENSG00000289355,0.0007176693058943029,0.0007176693058943029
ENSG00000263218,0.0007176693058943029,0.0007176693058943029
TMEM132C,0.0007176693058943029,0.0007176693058943029
ENSG00000267114,0.0007176693058943029,0.0007176693058943029
TMEM74,0.0007176693058943029,0.0007176693058943029
TRIM4,0.0007176693058943029,0.0007176693058943029
DYNLT2B,0.0007176693058943029,0.0007176693058943029
DYNLT3,0.0007176693058943029,0.0007176693058943029
STRAP,0.0007176693058943029,0.0007176693058943029
PTMAP2,0.0007176693058943029,0.0007176693058943029
TFAP2A-AS1,0.0007176693058943029,0.0007176693058943029
ENSG00000288744,0.0007176693058943029,0.0007176693058943029
MIA2-AS1,0.0007176693058943029,0.0007176693058943029
TUSC3,0.0007176693058943029,0.0007176693058943029
TNFRSF13B,0.0007176693058943029,0.0007176693058943029
ENSG00000284946,0.0007176693058943029,0.0007176693058943029
PTH1R,0.0007176693058943029,0.0007176693058943029
TNFRSF13C,0.0007176693058943029,0.0007176693058943029
ENSG00000291060,0.0007176693058943029,0.0007176693058943029
ENSG00000288637,0.0007176693058943029,0.0007176693058943029
ENSG00000262304,0.0007176693058943029,0.0007176693058943029
ABCC10,0.0007176693058943029,0.0007176693058943029
ENSG00000259771,0.0007176693058943029,0.0007176693058943029
FADS6,0.0007176693058943029,0.0007176693058943029
ENSG00000240535,0.0007176693058943029,0.0007176693058943029
TTC22,0.0007176693058943029,0.0007176693058943029
ENSG00000248493,0.0007176693058943029,0.0007176693058943029
ENSG00000289152,0.0007176693058943029,0.0007176693058943029
ENSG00000238039,0.0007176693058943029,0.0007176693058943029
ENSG00000237773,0.0007176693058943029,0.0007176693058943029
ENSG00000289188,0.0007176693058943029,0.0007176693058943029
MKRN2OS,0.0007176693058943029,0.0007176693058943029
KHSRP,0.0007176693058943029,0.0007176693058943029
ENSG00000237551,0.0007176693058943029,0.0007176693058943029
TRIM7-AS1,0.0007176693058943029,0.0007176693058943029
ATG13,0.0007176693058943029,0.0007176693058943029
ANO8,0.0007176693058943029,0.0007176693058943029
TTC21B-AS1,0.0007176693058943029,0.0007176693058943029
TBX5-AS1,0.0007176693058943029,0.0007176693058943029
TSPOAP1-AS1,0.0007176693058943029,0.0007176693058943029
ENSG00000253475,0.0007176693058943029,0.0007176693058943029
TMEM150A,0.0007176693058943029,0.0007176693058943029
TTC28,0.0007176693058943029,0.0007176693058943029
NDUFB3,0.0007176693058943029,0.0007176693058943029
MIS18A-AS1,0.0007176693058943029,0.0007176693058943029
ZBED1,0.0007176693058943029,0.0007176693058943029
TTC39A-AS1,0.0007176693058943029,0.0007176693058943029
EXOSC10-AS1,0.0007176693058943029,0.0007176693058943029
ENSG00000272817,0.0007176693058943029,0.0007176693058943029
ENSG00000249456,0.0007176693058943029,0.0007176693058943029
SYT15B,0.0007176693058943029,0.0007176693058943029
ATP2C2,0.0007176693058943029,0.0007176693058943029
SYP,0.0007176693058943029,0.0007176693058943029
MIR646HG,0.0007176693058943029,0.0007176693058943029
ENSG00000286616,0.0007176693058943029,0.0007176693058943029
ENSG00000265656,0.0007176693058943029,0.0007176693058943029
NKX3-2,0.0007176693058943029,0.0007176693058943029
TBC1D22A,0.0007176693058943029,0.0007176693058943029
ENSG00000284242,0.0007176693058943029,0.0007176693058943029
TRGV3,0.0007176693058943029,0.0007176693058943029
ARRDC2,0.0007176693058943029,0.0007176693058943029
ENSG00000274874,0.0007176693058943029,0.0007176693058943029
ANKRD13A,0.0007176693058943029,0.0007176693058943029
EFHC2,0.0007176693058943029,0.0007176693058943029
TIA1,0.0007176693058943029,0.0007176693058943029
ZC3H10,0.0007176693058943029,0.0007176693058943029
FEM1B,0.0007176693058943029,0.0007176693058943029
METTL15P1,0.0007176693058943029,0.0007176693058943029
APOBEC3A,0.0007176693058943029,0.0007176693058943029
MYPOP,0.0007176693058943029,0.0007176693058943029
DDX25,0.0007176693058943029,0.0007176693058943029
ENSG00000290039,0.0007176693058943029,0.0007176693058943029
PTCD1,0.0007176693058943029,0.0007176693058943029
ENSG00000273204,0.0007176693058943029,0.0007176693058943029
MTMR11,0.0007176693058943029,0.0007176693058943029
TPH1,0.0007176693058943029,0.0007176693058943029
FGFBP3,0.0007176693058943029,0.0007176693058943029
RGS11,0.0007176693058943029,0.0007176693058943029
MEIOC,0.0007176693058943029,0.0007176693058943029
CDCA5,0.0007176693058943029,0.0007176693058943029
SPINK2,0.0007176693058943029,0.0007176693058943029
ENSG00000231156,0.0007176693058943029,0.0007176693058943029
KAT5,0.0007176693058943029,0.0007176693058943029
TRGV10,0.0007176693058943029,0.0007176693058943029
ENSG00000287554,0.0007176693058943029,0.0007176693058943029
FLG2,0.0007176693058943029,0.0007176693058943029
SPC24,0.0007176693058943029,0.0007176693058943029
ENSG00000261407,0.0007176693058943029,0.0007176693058943029
TPPP3,0.0007176693058943029,0.0007176693058943029
ENSG00000231010,0.0007176693058943029,0.0007176693058943029
ENSG00000287847,0.0007176693058943029,0.0007176693058943029
ENSG00000259759,0.0007176693058943029,0.0007176693058943029
RAB33A,0.0007176693058943029,0.0007176693058943029
ABITRAM,0.0007176693058943029,0.0007176693058943029
ENSG00000287300,0.0007176693058943029,0.0007176693058943029
ENSG00000264272,0.0007176693058943029,0.0007176693058943029
ENSG00000250378,0.0007176693058943029,0.0007176693058943029
ENSG00000287082,0.0007176693058943029,0.0007176693058943029
ENSG00000287826,0.0007176693058943029,0.0007176693058943029
ENSG00000286948,0.0007176693058943029,0.0007176693058943029
ENSG00000273017,0.0007176693058943029,0.0007176693058943029
ENSG00000273483,0.0007176693058943029,0.0007176693058943029
APPBP2-DT,0.0007176693058943029,0.0007176693058943029
ODC1,0.0007176693058943029,0.0007176693058943029
THBS4-AS1,0.0007176693058943029,0.0007176693058943029
ENSG00000287369,0.0007176693058943029,0.0007176693058943029
ENSG00000284639,0.0007176693058943029,0.0007176693058943029
EAF2,0.0007176693058943029,0.0007176693058943029
ENSG00000264187,0.0007176693058943029,0.0007176693058943029
TIMM8A,0.0007176693058943029,0.0007176693058943029
ENSG00000243302,0.0007176693058943029,0.0007176693058943029
MTCYBP5,0.0007176693058942989,0.0007176693058942989
IGKV2D-29,0.0007176693058942897,0.0007176693058942897
ZDHHC11,0.0007176693058942897,0.0007176693058942897
GRIA3,-0.0007174620100573503,0.0007174620100573503
ENSG00000254112,0.0007171796623718979,0.0007171796623718979
SLC2A1,-0.0007171217938709011,0.0007171217938709011
CHFR,0.0007169516799698276,0.0007169516799698276
GLIPR1,-0.0007168356433472232,0.0007168356433472232
CNDP2,-0.000716826768310371,0.000716826768310371
PPP1R13B,0.0007167218024083503,0.0007167218024083503
MINK1,0.0007165153890910089,0.0007165153890910089
DACT2,0.0007159961777759049,0.0007159961777759049
ENSG00000248288,0.0007159961777759049,0.0007159961777759049
MRPS24,0.0007159961777759049,0.0007159961777759049
ENSG00000214265,0.0007159961777759049,0.0007159961777759049
ENSG00000248240,0.0007159961777759049,0.0007159961777759049
PLEKHH3,0.0007159961777759049,0.0007159961777759049
ENSG00000289424,0.0007159961777759049,0.0007159961777759049
PLEKHF1,0.0007159961777759049,0.0007159961777759049
CIC,0.0007159961777759049,0.0007159961777759049
ENSG00000289452,0.0007159961777759049,0.0007159961777759049
ENSG00000245008,0.0007159961777759049,0.0007159961777759049
ARMC5,0.0007159961777759049,0.0007159961777759049
PKD1L2,0.0007159961777759049,0.0007159961777759049
HIKESHI,0.0007159961777759049,0.0007159961777759049
HCAR2,0.0007159961777759049,0.0007159961777759049
HDAC4-AS1,0.0007159961777759049,0.0007159961777759049
C9orf40,0.0007159961777759049,0.0007159961777759049
ENSG00000257496,0.0007159961777759049,0.0007159961777759049
TMCC2,0.0007159961777759049,0.0007159961777759049
PLAA,0.0007159961777759049,0.0007159961777759049
ALAS2,0.0007159961777759049,0.0007159961777759049
ARMCX1,0.0007159961777759049,0.0007159961777759049
ENSG00000279504,0.0007159961777759049,0.0007159961777759049
ENSG00000244538,0.0007159961777759049,0.0007159961777759049
ENSG00000247934,0.0007159961777759049,0.0007159961777759049
SCML2,0.0007159961777759049,0.0007159961777759049
SAC3D1,0.0007159961777759049,0.0007159961777759049
ENSG00000279315,0.0007159961777759049,0.0007159961777759049
ALDH1A1,0.0007159961777759049,0.0007159961777759049
UBE2E3-DT,0.0007159961777759049,0.0007159961777759049
NDUFAF2P2,0.0007159961777759049,0.0007159961777759049
RPL5P6,0.0007159961777759049,0.0007159961777759049
ENSG00000249951,0.0007159961777759049,0.0007159961777759049
RPS15AP28,0.0007159961777759049,0.0007159961777759049
MTCO2P22,0.0007159961777759049,0.0007159961777759049
CTSV,0.0007159961777759049,0.0007159961777759049
CARD16,0.0007159961777759049,0.0007159961777759049
ENSG00000258761,0.0007159961777759049,0.0007159961777759049
HSPE1P3,0.0007159961777759049,0.0007159961777759049
HTATSF1,0.0007159961777759049,0.0007159961777759049
ENSG00000262302,0.0007159961777759049,0.0007159961777759049
ENSG00000278922,0.0007159961777759049,0.0007159961777759049
RPL7AP39,0.0007159961777759049,0.0007159961777759049
APEX2,0.0007159961777759049,0.0007159961777759049
ENSG00000258796,0.0007159961777759049,0.0007159961777759049
ENSG00000286817,0.0007159961777759049,0.0007159961777759049
ENSG00000261916,0.0007159961777759049,0.0007159961777759049
HOXD9,0.0007159961777759049,0.0007159961777759049
LINC02234,0.0007159961777759049,0.0007159961777759049
ID2-AS1,0.0007159961777759049,0.0007159961777759049
CYP39A1,0.0007159961777759049,0.0007159961777759049
ENSG00000287665,0.0007159961777759049,0.0007159961777759049
ENSG00000287625,0.0007159961777759049,0.0007159961777759049
CYP2C18,0.0007159961777759049,0.0007159961777759049
RPL34P34,0.0007159961777759049,0.0007159961777759049
PPP1R1B,0.0007159961777759049,0.0007159961777759049
ADAM20P1,0.0007159961777759049,0.0007159961777759049
ENSG00000287425,0.0007159961777759049,0.0007159961777759049
IGFL1,0.0007159961777759049,0.0007159961777759049
MVB12A,0.0007159961777759049,0.0007159961777759049
DPP4-DT,0.0007159961777759049,0.0007159961777759049
ENSG00000251196,0.0007159961777759049,0.0007159961777759049
HPCAL1,0.0007159961777759049,0.0007159961777759049
CYP4F26P,0.0007159961777759049,0.0007159961777759049
LNX1-AS1,0.0007159961777759049,0.0007159961777759049
ENSG00000179253,0.0007159961777759049,0.0007159961777759049
ENSG00000289149,0.0007159961777759049,0.0007159961777759049
NDUFA11,0.0007159961777759049,0.0007159961777759049
PLS3-AS1,0.0007159961777759049,0.0007159961777759049
CALR,0.0007159961777759049,0.0007159961777759049
ENSG00000289074,0.0007159961777759049,0.0007159961777759049
CAMK1G,0.0007159961777759049,0.0007159961777759049
TMEM238L,0.0007159961777759049,0.0007159961777759049
TMEM243,0.0007159961777759049,0.0007159961777759049
HMGB3P10,0.0007159961777759049,0.0007159961777759049
TMEM265,0.0007159961777759049,0.0007159961777759049
ENSG00000249184,0.0007159961777759049,0.0007159961777759049
MST1R,0.0007159961777759049,0.0007159961777759049
ENSG00000258572,0.0007159961777759049,0.0007159961777759049
TMEM47,0.0007159961777759049,0.0007159961777759049
ENSG00000249388,0.0007159961777759049,0.0007159961777759049
ENSG00000288779,0.0007159961777759049,0.0007159961777759049
ENSG00000279114,0.0007159961777759049,0.0007159961777759049
TRIM46,0.0007159961777759049,0.0007159961777759049
RPS6KB1,0.0007159961777759049,0.0007159961777759049
ENSG00000288928,0.0007159961777759049,0.0007159961777759049
POFUT2,0.0007159961777759049,0.0007159961777759049
ARHGAP30,0.0007159961777759049,0.0007159961777759049
ENSG00000288888,0.0007159961777759049,0.0007159961777759049
RPS2P52,0.0007159961777759049,0.0007159961777759049
VPS33B-DT,0.0007159961777759049,0.0007159961777759049
ENSG00000279069,0.0007159961777759049,0.0007159961777759049
RPS26P28,0.0007159961777759049,0.0007159961777759049
CHMP5,0.0007159961777759049,0.0007159961777759049
ENSG00000258728,0.0007159961777759049,0.0007159961777759049
POLR2I,0.0007159961777759049,0.0007159961777759049
ARPC4,0.0007159961777759049,0.0007159961777759049
ENSG00000241185,0.0007159961777759049,0.0007159961777759049
ENSG00000289910,0.0007159961777759049,0.0007159961777759049
OCIAD1-AS1,0.0007159961777759049,0.0007159961777759049
ENSG00000280195,0.0007159961777759049,0.0007159961777759049
ENSG00000284876,0.0007159961777759049,0.0007159961777759049
ENSG00000280224,0.0007159961777759049,0.0007159961777759049
ENSG00000255680,0.0007159961777759049,0.0007159961777759049
ENSG00000280348,0.0007159961777759049,0.0007159961777759049
ZNF487,0.0007159961777759049,0.0007159961777759049
MAP7-AS1,0.0007159961777759049,0.0007159961777759049
ODAD1,0.0007159961777759049,0.0007159961777759049
SDHAF3,0.0007159961777759049,0.0007159961777759049
SLC5A10,0.0007159961777759049,0.0007159961777759049
PCF11-AS1,0.0007159961777759049,0.0007159961777759049
GCSAM,0.0007159961777759049,0.0007159961777759049
GCDH,0.0007159961777759049,0.0007159961777759049
ENSG00000232993,0.0007159961777759049,0.0007159961777759049
ENSG00000232909,0.0007159961777759049,0.0007159961777759049
GAS5-AS1,0.0007159961777759049,0.0007159961777759049
PCYT2,0.0007159961777759049,0.0007159961777759049
ENSG00000226816,0.0007159961777759049,0.0007159961777759049
STARD4,0.0007159961777759049,0.0007159961777759049
PDCD4,0.0007159961777759049,0.0007159961777759049
ENSG00000235189,0.0007159961777759049,0.0007159961777759049
ENSG00000254802,0.0007159961777759049,0.0007159961777759049
GLI1,0.0007159961777759049,0.0007159961777759049
MINDY4,0.0007159961777759049,0.0007159961777759049
ENSG00000285220,0.0007159961777759049,0.0007159961777759049
PDE4C,0.0007159961777759049,0.0007159961777759049
ENSG00000255968,0.0007159961777759049,0.0007159961777759049
FAM222A,0.0007159961777759049,0.0007159961777759049
ENSG00000285188,0.0007159961777759049,0.0007159961777759049
ANKRD36BP1,0.0007159961777759049,0.0007159961777759049
ENSG00000285165,0.0007159961777759049,0.0007159961777759049
NUP85,0.0007159961777759049,0.0007159961777759049
ZNF467,0.0007159961777759049,0.0007159961777759049
NUTF2,0.0007159961777759049,0.0007159961777759049
NVL,0.0007159961777759049,0.0007159961777759049
TXNDC16,0.0007159961777759049,0.0007159961777759049
FBXO36,0.0007159961777759049,0.0007159961777759049
MFAP3L,0.0007159961777759049,0.0007159961777759049
SPDYE17,0.0007159961777759049,0.0007159961777759049
MED28P3,0.0007159961777759049,0.0007159961777759049
SPATA2,0.0007159961777759049,0.0007159961777759049
UBE2O,0.0007159961777759049,0.0007159961777759049
SPATA12,0.0007159961777759049,0.0007159961777759049
LINC01358,0.0007159961777759049,0.0007159961777759049
ENSG00000229672,0.0007159961777759049,0.0007159961777759049
ANGPTL7,0.0007159961777759049,0.0007159961777759049
MECOM-AS1,0.0007159961777759049,0.0007159961777759049
BCAP29,0.0007159961777759049,0.0007159961777759049
FRG1EP,0.0007159961777759049,0.0007159961777759049
SNX10-AS1,0.0007159961777759049,0.0007159961777759049
UBE2CP5,0.0007159961777759049,0.0007159961777759049
ENSG00000261026,0.0007159961777759049,0.0007159961777759049
SORCS1,0.0007159961777759049,0.0007159961777759049
SORBS3,0.0007159961777759049,0.0007159961777759049
COL28A1,0.0007159961777759049,0.0007159961777759049
FHIP1A,0.0007159961777759049,0.0007159961777759049
DHPS,0.0007159961777759049,0.0007159961777759049
MELTF-AS1,0.0007159961777759049,0.0007159961777759049
SSBP3-AS1,0.0007159961777759049,0.0007159961777759049
SSBL4P,0.0007159961777759049,0.0007159961777759049
GALT,0.0007159961777759049,0.0007159961777759049
FBXW9,0.0007159961777759049,0.0007159961777759049
ENSG00000267244,0.0007159961777759049,0.0007159961777759049
ENSG00000232518,0.0007159961777759049,0.0007159961777759049
PBK,0.0007159961777759049,0.0007159961777759049
ZNF525,0.0007159961777759049,0.0007159961777759049
METTL25B,0.0007159961777759049,0.0007159961777759049
METTL24,0.0007159961777759049,0.0007159961777759049
SRF,0.0007159961777759049,0.0007159961777759049
ENSG00000232140,0.0007159961777759049,0.0007159961777759049
ANAPC1P2,0.0007159961777759049,0.0007159961777759049
BICC1,0.0007159961777759049,0.0007159961777759049
Telomerase-vert,0.0007159961777759049,0.0007159961777759049
TTLL8,0.0007159961777759049,0.0007159961777759049
ENSG00000235563,0.0007159961777759049,0.0007159961777759049
MIR3127,0.0007159961777759049,0.0007159961777759049
ENSG00000279733,0.0007159961777759049,0.0007159961777759049
GTF2H2C,0.0007159961777759049,0.0007159961777759049
NME1-NME2,0.0007159961777759049,0.0007159961777759049
ENSG00000254230,0.0007159961777759049,0.0007159961777759049
ENSG00000241026,0.0007159961777759049,0.0007159961777759049
ENSG00000291234,0.0007159961777759049,0.0007159961777759049
ASIP,0.0007159961777759049,0.0007159961777759049
TEDC1,0.0007159961777759049,0.0007159961777759049
TEAD3,0.0007159961777759049,0.0007159961777759049
ALKBH7,0.0007159961777759049,0.0007159961777759049
GRIN1,0.0007159961777759049,0.0007159961777759049
ASPRV1,0.0007159961777759049,0.0007159961777759049
MMP28,0.0007159961777759049,0.0007159961777759049
C16orf89,0.0007159961777759049,0.0007159961777759049
ENSG00000266088,0.0007159961777759049,0.0007159961777759049
PGRMC2,0.0007159961777759049,0.0007159961777759049
ENSG00000291068,0.0007159961777759049,0.0007159961777759049
CLEC3B,0.0007159961777759049,0.0007159961777759049
TCEAL5,0.0007159961777759049,0.0007159961777759049
ENSG00000218521,0.0007159961777759049,0.0007159961777759049
ENSG00000264739,0.0007159961777759049,0.0007159961777759049
NFYA,0.0007159961777759049,0.0007159961777759049
SEC11C,0.0007159961777759049,0.0007159961777759049
H3C4,0.0007159961777759049,0.0007159961777759049
ENSG00000243762,0.0007159961777759049,0.0007159961777759049
ENSG00000257258,0.0007159961777759049,0.0007159961777759049
NHLRC1,0.0007159961777759049,0.0007159961777759049
CLDN7,0.0007159961777759049,0.0007159961777759049
ENSG00000264924,0.0007159961777759049,0.0007159961777759049
ENSG00000279694,0.0007159961777759049,0.0007159961777759049
H1-4,0.0007159961777759049,0.0007159961777759049
ENSG00000290758,0.0007159961777759049,0.0007159961777759049
ENSG00000264932,0.0007159961777759049,0.0007159961777759049
ENSG00000254019,0.0007159961777759049,0.0007159961777759049
ENSG00000241728,0.0007159961777759049,0.0007159961777759049
LY9,0.0007159961777759049,0.0007159961777759049
EPGN,0.0007159961777759049,0.0007159961777759049
ENSG00000225879,0.0007159961777759049,0.0007159961777759049
ENSG00000254484,0.0007159961777759049,0.0007159961777759049
NRBF2P6,0.0007159961777759049,0.0007159961777759049
ACKR4,0.0007159961777759049,0.0007159961777759049
MAGEH1,0.0007159961777759049,0.0007159961777759049
EVPL,0.0007159961777759049,0.0007159961777759049
TAB1,0.0007159961777759049,0.0007159961777759049
BTBD1,0.0007159961777759049,0.0007159961777759049
EXOSC7,0.0007159961777759049,0.0007159961777759049
TTK,0.0007159961777759049,0.0007159961777759049
MIR493HG,0.0007159961777759049,0.0007159961777759049
MIR4751,0.0007159961777759049,0.0007159961777759049
MIR4680,0.0007159961777759049,0.0007159961777759049
ZNF436,0.0007159961777759049,0.0007159961777759049
SUV39H2-DT,0.0007159961777759049,0.0007159961777759049
CNN1,0.0007159961777759049,0.0007159961777759049
COX7A2,0.0007159961777759049,0.0007159961777759049
ZNF700,0.0007159961777759049,0.0007159961777759049
ATP10B,0.0007159961777759049,0.0007159961777759049
ENSG00000261216,0.0007159961777759049,0.0007159961777759049
SIL1,0.0007159961777759049,0.0007159961777759049
TSSK6,0.0007159961777759049,0.0007159961777759049
CRABP2,0.0007159961777759049,0.0007159961777759049
GPR42,0.0007159961777759049,0.0007159961777759049
CRABP1,0.0007159961777759049,0.0007159961777759049
GPR162,0.0007159961777759049,0.0007159961777759049
MLF1-DT,0.0007159961777759049,0.0007159961777759049
ENSG00000269274,0.0007159961777759049,0.0007159961777759049
SHC2,0.0007159961777759049,0.0007159961777759049
GPR137B,0.0007159961777759049,0.0007159961777759049
ALOX5AP,0.0007159961777759049,0.0007159961777759049
ATOSB,0.0007159961777759049,0.0007159961777759049
ENSG00000266990,0.0007159961777759049,0.0007159961777759049
GPC3,0.0007159961777759049,0.0007159961777759049
URGCP-MRPS24,0.0007159961777759049,0.0007159961777759049
ENSG00000224376,0.0007159961777759049,0.0007159961777759049
DPPA2P4,0.0007159961777759049,0.0007159961777759049
SLC22A1,0.0007159961777759049,0.0007159961777759049
ADGRL1-AS1,0.0007159961777759049,0.0007159961777759049
RADIL,0.0007159961777759049,0.0007159961777759049
KLHL20,0.0007159961777759049,0.0007159961777759049
LINC01241,0.0007159961777759049,0.0007159961777759049
RAET1L,0.0007159961777759049,0.0007159961777759049
PSMB5,0.0007159961777759049,0.0007159961777759049
ENSG00000274105,0.0007159961777759049,0.0007159961777759049
AGA,0.0007159961777759049,0.0007159961777759049
ADPRS,0.0007159961777759049,0.0007159961777759049
QPCT,0.0007159961777759049,0.0007159961777759049
KIF18A,0.0007159961777759049,0.0007159961777759049
IL20RB-AS1,0.0007159961777759049,0.0007159961777759049
ENSG00000272617,0.0007159961777759049,0.0007159961777759049
INTS5,0.0007159961777759049,0.0007159961777759049
IL1RAPL1,0.0007159961777759049,0.0007159961777759049
ENSG00000276570,0.0007159961777759049,0.0007159961777759049
RFESDP1,0.0007159961777759049,0.0007159961777759049
KCNN1,0.0007159961777759049,0.0007159961777759049
CES1,0.0007159961777759049,0.0007159961777759049
CCNY-AS1,0.0007159961777759049,0.0007159961777759049
XXYLT1-AS2,0.0007159961777759049,0.0007159961777759049
KRT8,0.0007159961777759049,0.0007159961777759049
IL36G,0.0007159961777759049,0.0007159961777759049
RGS22,0.0007159961777759049,0.0007159961777759049
LINC01126,0.0007159961777759049,0.0007159961777759049
RIPK4,0.0007159961777759049,0.0007159961777759049
RNU6-32P,0.0007159961777759049,0.0007159961777759049
AGR3,0.0007159961777759049,0.0007159961777759049
RNU6-430P,0.0007159961777759049,0.0007159961777759049
RPL10,0.0007159961777759049,0.0007159961777759049
ENSG00000259757,0.0007159961777759049,0.0007159961777759049
RNU6-446P,0.0007159961777759049,0.0007159961777759049
PTENP1,0.0007159961777759049,0.0007159961777759049
ENSG00000272563,0.0007159961777759049,0.0007159961777759049
CDPF1,0.0007159961777759049,0.0007159961777759049
KIAA0825,0.0007159961777759049,0.0007159961777759049
EEF1B2P4,0.0007159961777759049,0.0007159961777759049
ZC4H2,0.0007159961777759049,0.0007159961777759049
LDHAL6A,0.0007159961777759049,0.0007159961777759049
ENSG00000259442,0.0007159961777759049,0.0007159961777759049
AFP,0.0007159961777759049,0.0007159961777759049
ENSG00000260190,0.0007159961777759049,0.0007159961777759049
RORC,0.0007159961777759049,0.0007159961777759049
CDX1,0.0007159961777759049,0.0007159961777759049
LCMT2,0.0007159961777759049,0.0007159961777759049
YPEL3-DT,0.0007159961777759049,0.0007159961777759049
ADIPOQ,0.0007159961777759049,0.0007159961777759049
CD207,0.0007159961777759049,0.0007159961777759049
PRR29-AS1,0.0007159961777759049,0.0007159961777759049
RPL18,0.0007159961777759049,0.0007159961777759049
ENSG00000274414,0.0007159961777759049,0.0007159961777759049
ENSG00000277715,0.0007159961777759049,0.0007159961777759049
PRKACA,0.0007159961777759049,0.0007159961777759049
PRC1,0.0007159961777759049,0.0007159961777759049
ENSG00000276564,0.0007159961777759049,0.0007159961777759049
RPL12P13,0.0007159961777759049,0.0007159961777759049
LINC01117,0.0007159961777759049,0.0007159961777759049
LCAT,0.0007159961777759049,0.0007159961777759049
ADIPOQ-AS1,0.0007159961777759049,0.0007159961777759049
ENSG00000275120,0.0007159961777759049,0.0007159961777759049
IL18R1,0.0007159961777759049,0.0007159961777759049
ENSG00000260267,0.0007159961777759049,0.0007159961777759049
LCK,0.0007159961777758947,0.0007159961777758947
ENSG00000276850,-0.0007159404529722709,0.0007159404529722709
PARVB,-0.0007152916438905969,0.0007152916438905969
CHEK1,-0.0007151774192843715,0.0007151774192843715
RPL30-AS1,-0.000714993917829402,0.000714993917829402
TEX14,0.0007147301328539018,0.0007147301328539018
VPS41,-0.000714616341017365,0.000714616341017365
ZNF565,0.0007144765805459836,0.0007144765805459836
GPS2,0.0007144765805459836,0.0007144765805459836
DAGLB,-0.0007142508425303005,0.0007142508425303005
RAB7A,-0.0007142345728326655,0.0007142345728326655
SPRN,0.0007140298553800142,0.0007140298553800142
H4C8,0.0007140298553800142,0.0007140298553800142
UAP1L1,0.0007140298553800142,0.0007140298553800142
DDIAS,0.0007140298553800142,0.0007140298553800142
LGMN,0.0007140298553800142,0.0007140298553800142
PFKL,0.0007140298553800142,0.0007140298553800142
CYB5R2,-0.000713575563914054,0.000713575563914054
CD53,0.0007133986103374739,0.0007133986103374739
ZNF805,-0.0007130890200155511,0.0007130890200155511
CCNH,0.0007127829876408554,0.0007127829876408554
RNF149,0.0007125172652240862,0.0007125172652240862
IFITM3P6,0.0007123619130958687,0.0007123619130958687
MEGF6,0.0007121263741384577,0.0007121263741384577
SBNO1-AS1,0.000712019290533946,0.000712019290533946
B3GAT2,0.000712019290533946,0.000712019290533946
RBM4,0.000712019290533946,0.000712019290533946
CDCA4,0.0007119669921908581,0.0007119669921908581
ZNF561,0.0007119669921908581,0.0007119669921908581
MCFD2,-0.0007115654414230269,0.0007115654414230269
CMKLR2,-0.0007109319274193106,0.0007109319274193106
ENSG00000260534,0.0007105203916011654,0.0007105203916011654
TMTC1,-0.0007104477666637041,0.0007104477666637041
TCP11L2,0.0007101142815799116,0.0007101142815799116
ENSG00000233737,0.0007097680214780599,0.0007097680214780599
ZNF234,-0.0007090291794116283,0.0007090291794116283
ICAM4-AS1,-0.0007090291794116283,0.0007090291794116283
USP22,-0.0007086749488641147,0.0007086749488641147
SLFN12L,0.000707850303728767,0.000707850303728767
OPA1,-0.0007078363192745162,0.0007078363192745162
PLXND1,-0.0007077890093711423,0.0007077890093711423
BCAS4,0.0007077682282225728,0.0007077682282225728
HELZ2,0.0007076395551133265,0.0007076395551133265
MED30,-0.000707119856918759,0.000707119856918759
ENSG00000229368,-0.000707119856918759,0.000707119856918759
CETN4P,-0.000707119856918759,0.000707119856918759
AREG,-0.000707119856918759,0.000707119856918759
RPL21,-0.000707119856918759,0.000707119856918759
BHMT2,-0.000707119856918759,0.000707119856918759
TFAP2C,-0.000707119856918759,0.000707119856918759
ATP6V0E2-AS1,-0.000707119856918759,0.000707119856918759
ENSG00000259370,-0.000707119856918759,0.000707119856918759
STX1B,-0.000707119856918759,0.000707119856918759
ADRB2,-0.000707119856918759,0.000707119856918759
GRAMD1C,-0.000707119856918759,0.000707119856918759
SGCA,-0.000707119856918759,0.000707119856918759
PCDHB16,-0.000707119856918759,0.000707119856918759
KIF23-AS1,-0.000707119856918759,0.000707119856918759
PIK3R4,-0.000707119856918759,0.000707119856918759
EGR1,-0.000707119856918759,0.000707119856918759
PMS2P1,-0.000707119856918759,0.000707119856918759
VAMP2,-0.000707119856918759,0.000707119856918759
TSC22D4,-0.000707119856918759,0.000707119856918759
GAPDHP44,-0.000707119856918759,0.000707119856918759
SCARA3,-0.000707119856918759,0.000707119856918759
SRP14-DT,-0.000707119856918759,0.000707119856918759
EDN1,-0.000707119856918759,0.000707119856918759
DNAJB9,-0.000707119856918759,0.000707119856918759
PLS3,-0.000707119856918759,0.000707119856918759
LINC00937,-0.0007066528743299262,0.0007066528743299262
ENSG00000290110,-0.0007064569790961785,0.0007064569790961785
ATP6V1A,-0.0007063483903415029,0.0007063483903415029
CCDC103,-0.0007059464348257831,0.0007059464348257831
LEPROTL1,-0.0007058565621207876,0.0007058565621207876
ENSG00000225420,-0.0007058565621207876,0.0007058565621207876
ENSG00000279432,-0.0007055673151957804,0.0007055673151957804
PRKAR1B,-0.0007049249365585468,0.0007049249365585468
RNU6-977P,0.0007044868833113868,0.0007044868833113868
LINC01119,0.0007044335797138531,0.0007044335797138531
ALG13,0.0007044335797138531,0.0007044335797138531
MRPS15,-0.0007043510255496877,0.0007043510255496877
ENSG00000241352,0.0007039716174936326,0.0007039716174936326
SERPINB6,-0.0007036875918407431,0.0007036875918407431
ADAM19,-0.0007036519344880765,0.0007036519344880765
DAZAP2,0.0007033695748496099,0.0007033695748496099
IL4R,0.0007029936566270933,0.0007029936566270933
ZNF600,0.0007028526274754609,0.0007028526274754609
CD36,-0.000702762858383477,0.000702762858383477
NNT,0.000701837482778228,0.000701837482778228
CEP120,0.0007008901313886949,0.0007008901313886949
TRAPPC6B,0.000700794830225978,0.000700794830225978
SUSD5,0.0007004099891322334,0.0007004099891322334
C2CD2,-0.0007001584249695698,0.0007001584249695698
PROS1,-0.0006999275460704505,0.0006999275460704505
KDM4A-AS1,-0.0006993963655701257,0.0006993963655701257
FANCM,0.0006989399750356261,0.0006989399750356261
ENSG00000289040,0.000698415134204039,0.000698415134204039
UBR2,-0.0006980951515547224,0.0006980951515547224
CORO1C,-0.0006980025603661637,0.0006980025603661637
DTYMK,-0.0006980025603661637,0.0006980025603661637
NIBAN1,0.000697944092375751,0.000697944092375751
TIGAR,-0.0006976608931947259,0.0006976608931947259
RNASEH1-DT,-0.0006976076810305003,0.0006976076810305003
SRP54-AS1,-0.0006976076810305003,0.0006976076810305003
CEBPB-AS1,-0.0006976076810305003,0.0006976076810305003
SFRP4,-0.0006974909967147505,0.0006974909967147505
RPL23P8,-0.000697147342822071,0.000697147342822071
ENSG00000287733,0.0006969731306411836,0.0006969731306411836
UNC5B,-0.0006967006176560993,0.0006967006176560993
TANGO2,-0.0006967006176560993,0.0006967006176560993
OCIAD1,0.0006961351651132258,0.0006961351651132258
PFKFB2,-0.0006959287208651472,0.0006959287208651472
ENSG00000228925,-0.0006958258100703157,0.0006958258100703157
USP10,-0.0006957647015906905,0.0006957647015906905
ENSG00000287825,-0.0006952627315839495,0.0006952627315839495
CAPN2,-0.0006951543905416594,0.0006951543905416594
CMAHP,0.0006950463640307589,0.0006950463640307589
MAPK12,0.0006947599678983661,0.0006947599678983661
SLC35B1,0.00069464347440466,0.00069464347440466
ACE,0.0006944115485464422,0.0006944115485464422
LYVE1,0.0006942618931610605,0.0006942618931610605
USP24,-0.0006940487975892463,0.0006940487975892463
OTUD7B,0.0006939121892442597,0.0006939121892442597
APOBEC3G,0.0006936671271177355,0.0006936671271177355
PYDC5,-0.0006935766698761229,0.0006935766698761229
TBCA,-0.0006933174231670966,0.0006933174231670966
ZBTB46-AS2,-0.0006933174231670966,0.0006933174231670966
EAPP,-0.000692982107836322,0.000692982107836322
TEF,-0.000692982107836322,0.000692982107836322
CTTN-DT,-0.0006929578914208985,0.0006929578914208985
OSBPL5,0.000692917435993346,0.000692917435993346
ANAPC4,0.0006928394505705025,0.0006928394505705025
PMFBP1,0.0006928394505705025,0.0006928394505705025
RN7SL124P,0.0006927544318178953,0.0006927544318178953
ENSG00000289788,0.0006927544318178953,0.0006927544318178953
BCL11B,0.0006927544318178953,0.0006927544318178953
ENSG00000287680,0.0006927544318178953,0.0006927544318178953
CALM3,0.0006927544318178953,0.0006927544318178953
RAMP2-AS1,0.0006927544318178953,0.0006927544318178953
ARMC6,0.0006927544318178953,0.0006927544318178953
ENSG00000265671,0.0006927544318178953,0.0006927544318178953
ENSG00000249207,0.0006927544318178953,0.0006927544318178953
CCNY,0.0006927544318178953,0.0006927544318178953
ENSG00000279394,0.0006927544318178953,0.0006927544318178953
ENSG00000279411,0.0006927544318178953,0.0006927544318178953
ENSG00000278829,0.0006927544318178953,0.0006927544318178953
ENSG00000254694,0.0006927544318178953,0.0006927544318178953
MAN2C1,0.0006927544318178953,0.0006927544318178953
SLC25A33,0.0006927544318178953,0.0006927544318178953
PDE7B,0.0006927544318178953,0.0006927544318178953
CASR,0.0006927544318178944,0.0006927544318178944
DYNC2I2,-0.0006926414607035896,0.0006926414607035896
LRP2BP,-0.0006926311103341248,0.0006926311103341248
NDRG1,0.0006926018400249369,0.0006926018400249369
APC,0.0006923173979041025,0.0006923173979041025
FRS2,0.0006922626035971817,0.0006922626035971817
H3P14,0.0006922626035971817,0.0006922626035971817
RHEX,0.0006922626035971817,0.0006922626035971817
CPNE2,0.0006922626035971817,0.0006922626035971817
MTFP1,0.0006922626035971817,0.0006922626035971817
ENSG00000269148,0.0006922626035971817,0.0006922626035971817
BLVRB,0.0006922626035971817,0.0006922626035971817
TRIM8-DT,0.0006922626035971817,0.0006922626035971817
ALDH9A1,0.0006922626035971817,0.0006922626035971817
CBX5P1,0.0006922626035971817,0.0006922626035971817
TRAJ13,0.0006922626035971817,0.0006922626035971817
ENSG00000254246,0.0006922626035971817,0.0006922626035971817
MAD2L1,0.0006922626035971817,0.0006922626035971817
CCT7,0.0006922626035971817,0.0006922626035971817
ENSG00000291095,0.0006922626035971817,0.0006922626035971817
ENSG00000260296,0.0006922626035971817,0.0006922626035971817
FAM230B,0.0006922626035971817,0.0006922626035971817
DDX31,0.0006922626035971817,0.0006922626035971817
RPS6KA3,0.0006922626035971817,0.0006922626035971817
ENSG00000249590,0.0006922626035971817,0.0006922626035971817
CCDC39,0.0006922626035971817,0.0006922626035971817
ENSG00000259326,0.0006922626035971817,0.0006922626035971817
FLOT2,0.0006922626035971817,0.0006922626035971817
CYP51A1,0.0006922626035971817,0.0006922626035971817
RFX7,0.0006922626035971817,0.0006922626035971817
NONOP2,0.0006922626035971817,0.0006922626035971817
ZEB1,0.0006922626035971817,0.0006922626035971817
GSDMA,0.0006922626035971817,0.0006922626035971817
TEAD4,0.0006922626035971817,0.0006922626035971817
ENSG00000285772,0.0006922626035971817,0.0006922626035971817
TBL1XR1,0.0006922033784858093,0.0006922033784858093
RAC2,-0.000692166060769121,0.000692166060769121
IMPA2,-0.0006913774765844158,0.0006913774765844158
JUP,0.0006910624168897722,0.0006910624168897722
CGAS,-0.0006908709368017354,0.0006908709368017354
POGLUT1,0.0006903766872131206,0.0006903766872131206
GMEB1,-0.0006890261048123277,0.0006890261048123277
SPECC1L,0.0006890224401159493,0.0006890224401159493
ANXA6,-0.0006882744916583286,0.0006882744916583286
BCLAF3,-0.0006882656264721893,0.0006882656264721893
MDM1,0.0006876494334551185,0.0006876494334551185
ENSG00000291178,0.0006876183522156909,0.0006876183522156909
LIN52,-0.0006875955676219932,0.0006875955676219932
ENSG00000245025,-0.0006868042747263945,0.0006868042747263945
DUSP18,-0.0006865038502301031,0.0006865038502301031
ENSG00000291015,0.0006859835595770128,0.0006859835595770128
SHC1,0.0006859679320303645,0.0006859679320303645
RGS5,0.0006858553235973326,0.0006858553235973326
SLC25A51,-0.0006848475093451744,0.0006848475093451744
MTA1,0.0006846238537150966,0.0006846238537150966
FBXO42,-0.0006844696360381904,0.0006844696360381904
ZMYM5,-0.0006840749019145921,0.0006840749019145921
LIMD1,0.000683914689600713,0.000683914689600713
MPZL3,0.0006837904178069151,0.0006837904178069151
MTMR12,0.0006835269413063526,0.0006835269413063526
RSBN1L,0.0006833561306779801,0.0006833561306779801
ARHGEF1,0.0006832655751974348,0.0006832655751974348
HCFC1,0.0006828278813268127,0.0006828278813268127
ENSG00000286116,0.0006827399403570812,0.0006827399403570812
PCDHB11,-0.0006826993111791507,0.0006826993111791507
H6PD,-0.0006822460545869183,0.0006822460545869183
SLC16A10,0.0006811647251297008,0.0006811647251297008
SP1,-0.0006799319156603316,0.0006799319156603316
ENSG00000277763,0.0006798017043624675,0.0006798017043624675
C6orf120,0.0006798017043624675,0.0006798017043624675
ENSG00000288907,0.0006798017043624675,0.0006798017043624675
THAP4,0.000679315961478876,0.000679315961478876
C5orf22,-0.000678983177601283,0.000678983177601283
SDHAP4,0.0006787856147544565,0.0006787856147544565
TMEM128,0.0006786735593734929,0.0006786735593734929
FAM76A,0.0006786185547035879,0.0006786185547035879
ENSG00000264895,-0.0006783616358595686,0.0006783616358595686
MACROD1,0.0006783283387535499,0.0006783283387535499
ATG101,0.0006781292986176077,0.0006781292986176077
PLEKHA2,-0.0006775556020800314,0.0006775556020800314
TRIM59,-0.0006771482647516939,0.0006771482647516939
UBL5P2,-0.0006769063714653846,0.0006769063714653846
PLA2G12A,0.000676490579742333,0.000676490579742333
OTULIN,-0.0006763488108617807,0.0006763488108617807
CXCL16,0.0006761519698338705,0.0006761519698338705
C3orf70,-0.0006761300759200209,0.0006761300759200209
ENSG00000284052,-0.0006760338507892159,0.0006760338507892159
UBA6-DT,-0.0006757447082907131,0.0006757447082907131
ZNF471,-0.0006756480915452819,0.0006756480915452819
TAF3,0.0006755747123397905,0.0006755747123397905
CROCCP2,0.000675547567310881,0.000675547567310881
STON1-GTF2A1L,0.0006748471064790201,0.0006748471064790201
SELENOK,-0.0006746825729195444,0.0006746825729195444
ZNF366,-0.0006745788854815931,0.0006745788854815931
MTUS1,-0.0006745356104568894,0.0006745356104568894
ENSG00000266371,-0.0006743214340552907,0.0006743214340552907
TTC21A,-0.0006742358477535835,0.0006742358477535835
POLR3C,0.0006733674519076754,0.0006733674519076754
DGAT2,0.0006733674519076754,0.0006733674519076754
ENSG00000276900,0.0006733674519076754,0.0006733674519076754
CSTB,0.0006730648954692108,0.0006730648954692108
LYRM4-AS1,0.0006727124771347279,0.0006727124771347279
HSPA12B,-0.0006727058305458338,0.0006727058305458338
PLB1,0.0006715762957212304,0.0006715762957212304
CCDC85A,0.0006715383221315496,0.0006715383221315496
SORBS2,-0.0006712506862548606,0.0006712506862548606
CEP126,0.0006710993401418535,0.0006710993401418535
RETREG2,-0.0006710618842331327,0.0006710618842331327
KATNIP,0.0006708393634813052,0.0006708393634813052
SCIRT,0.0006708393634813052,0.0006708393634813052
NCOR2,-0.0006705450322765338,0.0006705450322765338
SMC5-DT,-0.0006705264108730552,0.0006705264108730552
ZNF83,-0.0006701237082553514,0.0006701237082553514
ENSG00000257298,-0.0006697662063842143,0.0006697662063842143
MGLL,0.0006694134672590072,0.0006694134672590072
TCF7L1,-0.0006692982886512079,0.0006692982886512079
KANK3,0.0006692977133276109,0.0006692977133276109
PIWIL4,0.0006690991807015689,0.0006690991807015689
APCDD1,0.000669061471069425,0.000669061471069425
RBM12,0.0006690323743869639,0.0006690323743869639
STRBP,0.0006690323743869639,0.0006690323743869639
NQO1,0.0006690323743869639,0.0006690323743869639
SFRP1,-0.0006688682822080332,0.0006688682822080332
RPS6KA5,0.0006685744029478223,0.0006685744029478223
PHF20L1,-0.000668469682412881,0.000668469682412881
PFDN1,0.0006683481158514663,0.0006683481158514663
C2orf27A,-0.000668309800623256,0.000668309800623256
WDFY2,-0.0006681795096658087,0.0006681795096658087
LGALS8,-0.000667658582621105,0.000667658582621105
CRAT,-0.0006674858997536339,0.0006674858997536339
TEAD1,-0.0006674772105210214,0.0006674772105210214
CD163,-0.0006671990485901612,0.0006671990485901612
ANKRD39,-0.0006663499777829799,0.0006663499777829799
MED18,-0.0006663384552711718,0.0006663384552711718
MFSD1,-0.0006663384552711718,0.0006663384552711718
GLIPR1-AS1,-0.0006663384552711718,0.0006663384552711718
ENSG00000289750,-0.0006663384552711718,0.0006663384552711718
IDH3B,-0.0006663384552711718,0.0006663384552711718
SPRED1,-0.000665721728153889,0.000665721728153889
RPL37P2,-0.0006654687299241841,0.0006654687299241841
ENSG00000289270,-0.0006653729366454264,0.0006653729366454264
NBAT1,-0.0006649262114794672,0.0006649262114794672
ENSG00000286162,-0.0006649262114794672,0.0006649262114794672
ATP6V0A1,0.0006647247798983543,0.0006647247798983543
ENSG00000278126,-0.0006646375391974741,0.0006646375391974741
RPL7P15,-0.0006646375391974741,0.0006646375391974741
DVL3,-0.0006646375391974741,0.0006646375391974741
RPL21P136,-0.0006646375391974741,0.0006646375391974741
ZNF277,-0.0006646375391974741,0.0006646375391974741
RPL37AP8,-0.0006646375391974741,0.0006646375391974741
ZNF682,-0.0006646375391974741,0.0006646375391974741
ENSG00000249617,-0.0006646375391974741,0.0006646375391974741
ENSG00000260465,-0.0006646375391974741,0.0006646375391974741
LOXL1-AS1,-0.0006646375391974741,0.0006646375391974741
PEX5L,-0.0006646375391974741,0.0006646375391974741
PRICKLE2-AS1,-0.0006646375391974741,0.0006646375391974741
SMC1A,-0.0006646375391974741,0.0006646375391974741
SLC9A3R1-AS1,-0.0006646375391974741,0.0006646375391974741
EIF4BP5,-0.0006646375391974741,0.0006646375391974741
ENSG00000285807,-0.0006646375391974741,0.0006646375391974741
MIR3615,-0.0006646375391974741,0.0006646375391974741
PDLIM7,-0.0006646375391974741,0.0006646375391974741
AFAP1L1,-0.0006646375391974741,0.0006646375391974741
SLC9A3R1,-0.0006646375391974741,0.0006646375391974741
BRD7P3,-0.0006646375391974741,0.0006646375391974741
CEBPZ,-0.0006646375391974741,0.0006646375391974741
PHETA2,-0.0006646375391974741,0.0006646375391974741
SEMA4B,-0.0006646375391974741,0.0006646375391974741
PHB1P3,-0.0006646375391974474,0.0006646375391974474
ZBTB20-AS5,-0.000664637539197445,0.000664637539197445
SF3B2,-0.0006645971614988131,0.0006645971614988131
NID2,-0.000664482740987198,0.000664482740987198
TNFAIP6,0.0006639613759464854,0.0006639613759464854
TRIB2,0.0006638602989076528,0.0006638602989076528
FBXW11,-0.0006634156743484176,0.0006634156743484176
FSD1L,-0.0006630860137530035,0.0006630860137530035
EVC2,0.0006626630897576403,0.0006626630897576403
RBM23,0.0006626527710278223,0.0006626527710278223
LRSAM1,0.0006619789152524624,0.0006619789152524624
ENSG00000278275,0.0006618761458965018,0.0006618761458965018
IL10RA,0.0006609639900516146,0.0006609639900516146
HSPA8,0.0006606174486796152,0.0006606174486796152
LINC03002,0.0006604995056214476,0.0006604995056214476
CEP112,-0.0006604183885237433,0.0006604183885237433
ENSG00000288674,0.0006597491489515648,0.0006597491489515648
FOXK2,-0.0006596129237325414,0.0006596129237325414
PLAGL2,0.0006595119168595141,0.0006595119168595141
SNX8,-0.00065944612662975,0.00065944612662975
ENSG00000284820,-0.00065944612662975,0.00065944612662975
KCTD21-AS1,0.0006593611599783882,0.0006593611599783882
DIO2,0.0006588962931133468,0.0006588962931133468
ANO6,0.0006585252079586072,0.0006585252079586072
TRIM14,-0.0006584578396394403,0.0006584578396394403
HMGCR,-0.0006581271588357604,0.0006581271588357604
KDSR,0.0006579065735728167,0.0006579065735728167
HSH2D,0.0006578418020763779,0.0006578418020763779
DSC2,-0.0006577640825872598,0.0006577640825872598
STAT1,-0.0006576937770411975,0.0006576937770411975
TENM1,0.0006571066716036584,0.0006571066716036584
FITM2,0.0006571066716036584,0.0006571066716036584
TBC1D7,-0.0006568565328154461,0.0006568565328154461
SPOP,-0.0006565852996475216,0.0006565852996475216
LIN54,0.0006560799130199428,0.0006560799130199428
SCEL,0.0006559235023625641,0.0006559235023625641
AQP1,0.0006559235023625641,0.0006559235023625641
AP1S3,0.000655714329429064,0.000655714329429064
ENSG00000286018,0.0006556943498410797,0.0006556943498410797
CHKA,-0.0006555371514098654,0.0006555371514098654
SUCLA2,-0.0006553049680677235,0.0006553049680677235
ENSG00000265967,-0.0006549217481616803,0.0006549217481616803
ENSG00000170846,-0.0006548964921733013,0.0006548964921733013
ARPC3,-0.0006548790914186788,0.0006548790914186788
HOMER1,-0.000654375558462638,0.000654375558462638
RELT,0.0006541935258539692,0.0006541935258539692
YIPF6,-0.0006538929357237931,0.0006538929357237931
RPL4P4,-0.0006538753498533847,0.0006538753498533847
ENSG00000235089,0.0006538252337532536,0.0006538252337532536
NCOA7,-0.0006536949105871061,0.0006536949105871061
FAM171B,0.0006536700705130174,0.0006536700705130174
ATXN7,0.0006533872252452539,0.0006533872252452539
CASTOR2,0.0006530357476401272,0.0006530357476401272
ALDH2,0.0006523280377446754,0.0006523280377446754
VPS13C,-0.000652187482974088,0.000652187482974088
ATPSCKMT,0.0006517902059260184,0.0006517902059260184
USP3-AS1,0.0006517902059260184,0.0006517902059260184
EIF2B4,0.0006517902059260184,0.0006517902059260184
PDAP1,0.0006517902059260184,0.0006517902059260184
USP11,0.0006517902059260184,0.0006517902059260184
SPTY2D1,0.000650816084143419,0.000650816084143419
MYO1C,0.000650816084143419,0.000650816084143419
ING1,0.0006502841720039629,0.0006502841720039629
HMGN2P46,0.000650272114096615,0.000650272114096615
STAP2,0.000650272114096615,0.000650272114096615
PIGX,0.000650272114096615,0.000650272114096615
SPIDR,0.000650272114096615,0.000650272114096615
ENSG00000245059,0.0006497802858758891,0.0006497802858758891
RPL34P27,-0.0006494255185388289,0.0006494255185388289
FNTA,-0.0006492865440427347,0.0006492865440427347
SH3D21,0.000649246302316721,0.000649246302316721
ZCCHC7,0.000649246302316721,0.000649246302316721
ATR,-0.0006490738723221083,0.0006490738723221083
ENSG00000280087,0.0006489099266308629,0.0006489099266308629
ENSG00000261158,-0.0006482495291329745,0.0006482495291329745
SNRPA1,-0.0006482441942711251,0.0006482441942711251
PEPD,0.0006482206236457287,0.0006482206236457287
MLXIP,0.0006479126175573437,0.0006479126175573437
TUBGCP4,-0.0006476189368687143,0.0006476189368687143
ESR2,0.0006475716285138164,0.0006475716285138164
SLC41A3-AS1,0.0006472631061157812,0.0006472631061157812
PRNP,0.0006472048827736021,0.0006472048827736021
CREB5,0.0006470861920955818,0.0006470861920955818
C7,0.0006469118414205062,0.0006469118414205062
ENSG00000232628,0.0006468562742367305,0.0006468562742367305
PTTG1,0.0006468562742367305,0.0006468562742367305
NPHP3-ACAD11,-0.0006457262037669949,0.0006457262037669949
NSRP1,0.0006452902774410927,0.0006452902774410927
ZBTB20,-0.0006452636766187952,0.0006452636766187952
ADCY7,-0.000645217281155082,0.000645217281155082
GATAD2A,0.0006434927913541824,0.0006434927913541824
GSAP,0.000643467603782065,0.000643467603782065
GNA13,0.0006434471968017075,0.0006434471968017075
STK32B,0.0006428789235612848,0.0006428789235612848
GIPC1,0.0006428789235612848,0.0006428789235612848
NPC1,-0.0006424805776634239,0.0006424805776634239
CIZ1,-0.0006422268830416459,0.0006422268830416459
ENSG00000235978,0.0006415343701322093,0.0006415343701322093
ENSG00000286482,0.0006415343701322093,0.0006415343701322093
TMEM51,0.0006415343701322093,0.0006415343701322093
PTDSS1,0.0006414163197369646,0.0006414163197369646
IL18BP,0.0006406483092858809,0.0006406483092858809
ICAM1,-0.0006404663457145385,0.0006404663457145385
LSG1,-0.0006400294070551478,0.0006400294070551478
IL33,-0.0006399071488390844,0.0006399071488390844
SNHG12,0.0006396833406763126,0.0006396833406763126
NUDT5,-0.0006394424315646597,0.0006394424315646597
C14orf119,0.0006391356384070737,0.0006391356384070737
COA8,0.0006385090760042168,0.0006385090760042168
ABHD6,0.0006384013526526285,0.0006384013526526285
THBD,0.0006382489329919739,0.0006382489329919739
SMIM19,-0.0006380518694399111,0.0006380518694399111
ENSG00000256591,-0.0006380518694399111,0.0006380518694399111
WDR91,-0.0006379026719014874,0.0006379026719014874
KLHDC7B,-0.0006374929270238827,0.0006374929270238827
ENSG00000279108,-0.0006374929270238827,0.0006374929270238827
FAM76B,-0.000636905735010677,0.000636905735010677
ATP11B,-0.0006363923026023195,0.0006363923026023195
MT-RNR2,0.0006361783584421276,0.0006361783584421276
GPSM2,0.0006357291622938271,0.0006357291622938271
MON1B,0.0006356262555751474,0.0006356262555751474
ENSG00000291067,-0.0006346054323237622,0.0006346054323237622
DPH3,0.0006345440942365147,0.0006345440942365147
PCMTD2,0.0006345090798160615,0.0006345090798160615
ENSG00000255351,-0.0006343307133000404,0.0006343307133000404
TYMSOS,0.0006341259958476326,0.0006341259958476326
EIF4B,-0.0006340885026512577,0.0006340885026512577
KLRB1,0.0006337310176910685,0.0006337310176910685
SLC41A3,-0.0006335946449361984,0.0006335946449361984
C19orf48,-0.0006333846015815614,0.0006333846015815614
NCAPH2,-0.0006331641807787166,0.0006331641807787166
INKA2,-0.0006329797545992898,0.0006329797545992898
ZNF292,-0.0006328744400583519,0.0006328744400583519
TRPV3,0.0006320925357587601,0.0006320925357587601
LRRC27,-0.0006320625218989315,0.0006320625218989315
ENSG00000228692,-0.0006316462546427233,0.0006316462546427233
RUBCNL,0.0006315462970756093,0.0006315462970756093
OXCT1,-0.0006314810499184378,0.0006314810499184378
DOCK10,-0.0006308092245518399,0.0006308092245518399
DERL2,-0.0006306771321066785,0.0006306771321066785
VPS33A,0.0006303352198671653,0.0006303352198671653
PTPN4,-0.0006301320123837335,0.0006301320123837335
SLFN11,-0.0006297763059527609,0.0006297763059527609
HOMER2,-0.000629740312964429,0.000629740312964429
ENSG00000227914,-0.0006296550693388508,0.0006296550693388508
RPS26,-0.0006296550693388508,0.0006296550693388508
ENSG00000287355,-0.0006296550693388508,0.0006296550693388508
SURF1,-0.0006296550693388508,0.0006296550693388508
RPS2P17,-0.0006296550693388508,0.0006296550693388508
C7orf25,-0.0006296550693388508,0.0006296550693388508
SRRT,-0.0006296550693388508,0.0006296550693388508
ENSG00000291126,-0.0006296550693388508,0.0006296550693388508
CCR5AS,-0.0006296550693388508,0.0006296550693388508
ERICH6-AS1,-0.0006296550693388508,0.0006296550693388508
ENSG00000248378,-0.0006296550693388508,0.0006296550693388508
CGRRF1,-0.0006296550693388508,0.0006296550693388508
NBPF10,-0.0006296550693388508,0.0006296550693388508
IL17D,-0.0006296550693388508,0.0006296550693388508
ENSG00000256646,-0.0006296550693388508,0.0006296550693388508
ENSG00000268173,0.0006291700473141456,0.0006291700473141456
ENSG00000250869,-0.0006288564249907158,0.0006288564249907158
THAP7-AS1,-0.0006285684552892387,0.0006285684552892387
GINM1,-0.0006276112085228825,0.0006276112085228825
PYGL,0.0006275915877197918,0.0006275915877197918
MGRN1,-0.0006274245020528365,0.0006274245020528365
ANKRD42,0.000627081130844799,0.000627081130844799
SLC9A7,0.000627057201780522,0.000627057201780522
NBPF1,-0.0006267876862663475,0.0006267876862663475
EZH2,-0.0006265848824202275,0.0006265848824202275
KDR,0.0006264831626129371,0.0006264831626129371
PTDSS2,0.0006264778359440757,0.0006264778359440757
DENND2D,0.0006262990363774937,0.0006262990363774937
ROR1,-0.0006262990363774837,0.0006262990363774837
CDK5RAP3,-0.0006260545887345592,0.0006260545887345592
MIR30DHG,-0.0006258455348777649,0.0006258455348777649
RPS4XP2,-0.0006258455348777649,0.0006258455348777649
ZNF789,-0.0006255132419556427,0.0006255132419556427
EPHB3,0.0006253520974534606,0.0006253520974534606
ARHGAP17,0.0006253076221495557,0.0006253076221495557
CEP41,-0.0006252888761426538,0.0006252888761426538
ENSG00000257511,0.000624646040972076,0.000624646040972076
EIF3D,-0.0006246066733053472,0.0006246066733053472
CHMP1A,0.0006241710075267734,0.0006241710075267734
CACNB4,-0.0006240862199680632,0.0006240862199680632
NEDD4,-0.0006237282411546022,0.0006237282411546022
LINC02908,-0.0006234515227522583,0.0006234515227522583
FICD,-0.0006234515227522583,0.0006234515227522583
ENSG00000284952,-0.0006234515227522583,0.0006234515227522583
NAIF1,-0.0006234515227522583,0.0006234515227522583
MED15,-0.0006229596945315623,0.0006229596945315623
WHRN,-0.0006229596945315623,0.0006229596945315623
ENSG00000273433,-0.0006229596945315623,0.0006229596945315623
BOD1L1,0.0006227208931006276,0.0006227208931006276
TMED2,-0.0006224938443035448,0.0006224938443035448
ZEB1-AS1,0.0006223352292169798,0.0006223352292169798
ENSG00000254676,0.0006221287628573346,0.0006221287628573346
WDR47,0.0006221287628573346,0.0006221287628573346
ETFDH,-0.0006221004125441505,0.0006221004125441505
ZNG1A,0.0006218615882583631,0.0006218615882583631
USP7,0.0006218196247639938,0.0006218196247639938
TCFL5,-0.0006216825034391029,0.0006216825034391029
RPL17P1,-0.0006215047200282253,0.0006215047200282253
NGLY1,0.0006210797089531142,0.0006210797089531142
RIPK2,0.0006206256161614492,0.0006206256161614492
USP47,0.000620530857273169,0.000620530857273169
NACA,-0.0006205053807394692,0.0006205053807394692
RTL6,0.0006202403706265016,0.0006202403706265016
CCNG2,0.0006200989110523568,0.0006200989110523568
RAB18,0.0006194504308632561,0.0006194504308632561
MRPL52,-0.0006194470134831704,0.0006194470134831704
KMT2D,-0.0006184170178449388,0.0006184170178449388
CD34,-0.0006179747990937361,0.0006179747990937361
C1QTNF3,-0.0006178869009302678,0.0006178869009302678
ENSG00000229742,0.0006176159400568225,0.0006176159400568225
MMP9,0.0006176159400568225,0.0006176159400568225
NACC1,0.0006176159400568225,0.0006176159400568225
SUFU,-0.0006174817237204364,0.0006174817237204364
ENSG00000220472,-0.0006174581894897863,0.0006174581894897863
MTFR1L,0.0006171731608581407,0.0006171731608581407
RSL1D1-DT,0.0006171241118361087,0.0006171241118361087
CCDC13,0.0006171241118361087,0.0006171241118361087
CTDSPL2,0.0006171241118361087,0.0006171241118361087
PABPC1P1,0.0006167189599590829,0.0006167189599590829
LRG1,0.0006164214181254956,0.0006164214181254956
TMCC3,-0.0006163645443337403,0.0006163645443337403
PSMG2,-0.0006163136395228283,0.0006163136395228283
IMPDH1P10,0.000616248795292003,0.000616248795292003
SERINC5,-0.0006158640697151755,0.0006158640697151755
ENSG00000287109,0.0006158018544667905,0.0006158018544667905
UBR1,0.0006158018544667905,0.0006158018544667905
CHRNE,0.0006158018544667905,0.0006158018544667905
ZNF180,-0.0006157977488784522,0.0006157977488784522
KDM4C,-0.0006156704017857914,0.0006156704017857914
GAN,0.0006156318397176873,0.0006156318397176873
ARHGAP21,0.0006156070445666157,0.0006156070445666157
TTC4,0.0006156070445666157,0.0006156070445666157
ENSG00000259321,0.0006156070445666157,0.0006156070445666157
ENSG00000285779,0.0006156070445666157,0.0006156070445666157
EPSTI1,0.0006156070445666157,0.0006156070445666157
BDKRB2,-0.0006154724324146553,0.0006154724324146553
ARHGEF11,-0.0006154492161043726,0.0006154492161043726
ENSG00000279811,0.0006150818680600701,0.0006150818680600701
NEK9,-0.0006146098667413664,0.0006146098667413664
LRP12,0.000614605929995598,0.000614605929995598
CD86,0.000614605929995598,0.000614605929995598
RPL32P34,0.0006142441825301042,0.0006142441825301042
COLGALT2,-0.000613884073480941,0.000613884073480941
MRE11,-0.0006130921485257936,0.0006130921485257936
SLC39A14,0.0006127911716909098,0.0006127911716909098
REEP1,0.0006127837727455508,0.0006127837727455508
AK3,0.000612776526987466,0.000612776526987466
C19orf53,0.0006127233326264759,0.0006127233326264759
AQP3,0.0006127233326264759,0.0006127233326264759
LIPT1,0.0006127233326264759,0.0006127233326264759
COX11,-0.000611977262075265,0.000611977262075265
MAML2,0.0006116626037016468,0.0006116626037016468
TACC2,0.0006113253811357925,0.0006113253811357925
OAF,-0.0006111759864937918,0.0006111759864937918
TASP1,-0.0006111759864937918,0.0006111759864937918
KLHL15,-0.0006111759864937918,0.0006111759864937918
ENSG00000286994,-0.0006111759864937918,0.0006111759864937918
PLCG1,-0.0006111759864937918,0.0006111759864937918
SH3GL1P1,-0.0006111759864937918,0.0006111759864937918
ENSG00000286861,-0.0006111759864937918,0.0006111759864937918
ENSG00000257270,-0.0006111759864937918,0.0006111759864937918
PCNA,-0.0006111759864937918,0.0006111759864937918
ENSG00000267638,-0.0006111759864937918,0.0006111759864937918
CHRNA10,-0.0006111759864937918,0.0006111759864937918
LINC02656,-0.0006111759864937918,0.0006111759864937918
SNAP47,-0.0006111759864937918,0.0006111759864937918
MTCO2P11,-0.0006111759864937918,0.0006111759864937918
MVD,-0.0006111759864937918,0.0006111759864937918
TBC1D10A,-0.0006111759864937918,0.0006111759864937918
IPO5P1,-0.0006111759864937918,0.0006111759864937918
ENSG00000281974,-0.0006111759864937918,0.0006111759864937918
ENSG00000286128,-0.0006111759864937918,0.0006111759864937918
ENSG00000253720,-0.0006111759864937918,0.0006111759864937918
PDE6D,-0.0006111759864937918,0.0006111759864937918
ORMDL3,-0.0006111759864937918,0.0006111759864937918
AQP7B,-0.0006111759864937918,0.0006111759864937918
ENSG00000207022,-0.0006111759864937918,0.0006111759864937918
ENSG00000287509,-0.0006111759864937918,0.0006111759864937918
C3orf80,-0.0006111759864937918,0.0006111759864937918
RMND5B,-0.0006111759864937918,0.0006111759864937918
EXOC8,-0.0006111759864937918,0.0006111759864937918
ENSG00000269107,-0.0006111759864937918,0.0006111759864937918
JMJD4,-0.0006111759864937918,0.0006111759864937918
CD244,-0.0006111759864937918,0.0006111759864937918
ENSG00000259250,-0.0006111759864937918,0.0006111759864937918
ENSG00000273100,-0.0006111759864937918,0.0006111759864937918
IMPA1,-0.0006111759864937918,0.0006111759864937918
TCF15,0.0006111196394573944,0.0006111196394573944
PIGL,-0.0006109260281529279,0.0006109260281529279
TRAF1,0.0006109174062822805,0.0006109174062822805
ADAMTSL5,0.0006107347937496839,0.0006107347937496839
MECOM,0.000610513108828913,0.000610513108828913
EBF3,0.0006100357853838749,0.0006100357853838749
PHF11,-0.0006099812586999563,0.0006099812586999563
APPL2,-0.0006090142818332577,0.0006090142818332577
NFATC1,0.0006083398422097604,0.0006083398422097604
HUS1,-0.000607977467318583,0.000607977467318583
AAAS,-0.000607967766930492,0.000607967766930492
SNHG16,-0.0006079127708261456,0.0006079127708261456
NCKAP1,-0.0006075152066614941,0.0006075152066614941
GPI,0.0006072212724935272,0.0006072212724935272
CTBS,0.0006071821643640046,0.0006071821643640046
ZFP36L1,0.0006070335947409032,0.0006070335947409032
SLC16A1,-0.0006069687421506146,0.0006069687421506146
INTS8,-0.0006066944509506038,0.0006066944509506038
GEMIN5,0.0006062744581249646,0.0006062744581249646
ABI3BP,0.0006051884049983631,0.0006051884049983631
EXOC6B,0.000604794830006924,0.000604794830006924
ACSF2,0.0006046876142350869,0.0006046876142350869
MVP-DT,0.0006046876142350869,0.0006046876142350869
G2E3,-0.0006043691450892684,0.0006043691450892684
TC2N,0.0006041785948905752,0.0006041785948905752
IDUA,-0.000603910386852434,0.000603910386852434
CD27-AS1,0.0006035728269778121,0.0006035728269778121
NDUFB1,-0.0006029098822129091,0.0006029098822129091
GYPC,-0.0006028839741824594,0.0006028839741824594
RPL37P6,-0.0006027318131178168,0.0006027318131178168
EIF4G1,-0.0006021402982519802,0.0006021402982519802
LIG1,-0.0006021402982519802,0.0006021402982519802
PSMD1,-0.0006020893013446871,0.0006020893013446871
HMGB1P40,-0.0006020474367594429,0.0006020474367594429
ENSG00000274272,0.0006013960031421917,0.0006013960031421917
DUT-AS1,0.000601187960374805,0.000601187960374805
HERPUD2,0.0005999704748444845,0.0005999704748444845
ELMO1,0.0005999385256878592,0.0005999385256878592
SREK1,-0.0005998984763501463,0.0005998984763501463
L3MBTL2-AS1,0.000599383960503125,0.000599383960503125
FNDC1,-0.0005993027644299943,0.0005993027644299943
LIF,0.0005992481145626772,0.0005992481145626772
RSRP1,0.0005992481145626772,0.0005992481145626772
NASP,-0.0005991572977441417,0.0005991572977441417
FGGY-DT,-0.0005991572977441417,0.0005991572977441417
RANBP3-DT,-0.0005991572977441417,0.0005991572977441417
RPS7P8,-0.0005991572977441417,0.0005991572977441417
ENSG00000271780,-0.0005991572977441417,0.0005991572977441417
DDN-AS1,-0.0005991572977441417,0.0005991572977441417
TSPY26P,-0.0005991572977441417,0.0005991572977441417
RPS7P1,-0.0005991572977441417,0.0005991572977441417
ENSG00000289102,-0.0005991572977441417,0.0005991572977441417
ENSG00000256609,-0.0005991572977441417,0.0005991572977441417
SLC25A18,-0.0005991572977441417,0.0005991572977441417
PORCN,-0.0005991572977441417,0.0005991572977441417
GRK2,-0.0005991572977441417,0.0005991572977441417
LINC02550,-0.0005991572977441417,0.0005991572977441417
PHF6,-0.0005991572977441417,0.0005991572977441417
SYS1-DBNDD2,-0.0005991572977441417,0.0005991572977441417
RPSAP9,-0.0005991572977441417,0.0005991572977441417
LINC01315,-0.0005991572977441417,0.0005991572977441417
ENSG00000251285,-0.0005991572977441417,0.0005991572977441417
SOS1-IT1,-0.0005991572977441417,0.0005991572977441417
INSL6,-0.0005991572977441417,0.0005991572977441417
RTN4RL1,-0.0005991572977441417,0.0005991572977441417
ENSG00000262265,-0.0005991572977441417,0.0005991572977441417
IMP4,-0.0005991572977441417,0.0005991572977441417
AFG1L,-0.0005991572977441417,0.0005991572977441417
SNX20,-0.0005991572977441417,0.0005991572977441417
HHEX,-0.0005991572977441417,0.0005991572977441417
ENSG00000276842,-0.0005991572977441417,0.0005991572977441417
ARPP19P1,-0.0005991572977441417,0.0005991572977441417
EMC3,-0.0005991572977441417,0.0005991572977441417
RPL24P8,-0.0005991572977441417,0.0005991572977441417
EDRF1-AS1,-0.0005991572977441417,0.0005991572977441417
NEK1,-0.0005990621479319237,0.0005990621479319237
ZBTB44,0.0005986571873708984,0.0005986571873708984
ENSG00000263809,0.0005986056613853379,0.0005986056613853379
UBXN4,0.0005985835817674439,0.0005985835817674439
ATP5PBP3,0.0005982875376375611,0.0005982875376375611
ESYT2,0.0005978745355918269,0.0005978745355918269
HLA-DQB1,0.0005974663344460692,0.0005974663344460692
TNFRSF9,-0.000597412799165542,0.000597412799165542
ZNF57,0.0005973577747576108,0.0005973577747576108
GAS6,0.0005970868098125472,0.0005970868098125472
COMMD2,-0.0005964644202394605,0.0005964644202394605
SCRN2,-0.00059624336964251,0.00059624336964251
S100PBP,-0.00059624336964251,0.00059624336964251
TTC21B,-0.0005962297022874785,0.0005962297022874785
STAT5B,0.0005959365224298018,0.0005959365224298018
PPIEL,-0.0005958797317642618,0.0005958797317642618
SH3PXD2A,-0.0005952828079365974,0.0005952828079365974
TNIK,-0.0005942571285817589,0.0005942571285817589
ENSG00000272884,0.0005941883796743415,0.0005941883796743415
ENSG00000262880,0.0005941883796743415,0.0005941883796743415
CCDC80,0.0005941399568646018,0.0005941399568646018
ELN,0.0005938693640761458,0.0005938693640761458
WASHC4,-0.0005933836511491915,0.0005933836511491915
SHLD1,0.0005931540589542998,0.0005931540589542998
GOLIM4,0.0005930692019815533,0.0005930692019815533
DDB2,-0.0005929628163326654,0.0005929628163326654
FGD5,-0.0005926530251251406,0.0005926530251251406
ENSG00000268836,-0.0005926530251251406,0.0005926530251251406
DNAJC16,-0.0005926530251251406,0.0005926530251251406
SEPTIN11,-0.0005922995096555677,0.0005922995096555677
RNASEH2B,0.0005920732142616836,0.0005920732142616836
NOP2,-0.000591891856591129,0.000591891856591129
ENSG00000232346,0.0005918394479049543,0.0005918394479049543
TMEM41A,0.0005916431144222833,0.0005916431144222833
LRIG1,-0.000591300331672971,0.000591300331672971
ENSG00000266521,-0.0005911466674046049,0.0005911466674046049
OGG1,-0.0005911466674046049,0.0005911466674046049
ENSG00000234789,0.0005910828307541674,0.0005910828307541674
PSMB6,0.0005910828307541674,0.0005910828307541674
CALM2P2,0.0005910828307541674,0.0005910828307541674
ENSG00000263798,0.0005910828307541674,0.0005910828307541674
IL6-AS1,0.0005910828307541674,0.0005910828307541674
RAB44,0.0005910828307541674,0.0005910828307541674
FUNDC2,0.0005910828307541674,0.0005910828307541674
CDC42-IT1,0.0005910828307541674,0.0005910828307541674
PTPN22,0.0005910828307541674,0.0005910828307541674
ENSG00000272155,0.0005910828307541674,0.0005910828307541674
ZMYM6,0.0005910828307541674,0.0005910828307541674
ANXA7,0.0005910828307541674,0.0005910828307541674
MAPK6,0.0005910828307541674,0.0005910828307541674
PLEKHG2,0.0005910456794569505,0.0005910456794569505
MAP3K2-DT,-0.0005910436361181257,0.0005910436361181257
RAB3C,-0.0005910436361181257,0.0005910436361181257
PDE1A,-0.0005910436361181257,0.0005910436361181257
TLL1,-0.0005908818802792622,0.0005908818802792622
NOP53,-0.0005904785838324152,0.0005904785838324152
CCDC12,-0.0005904231724736012,0.0005904231724736012
SORL1,0.0005904201683990493,0.0005904201683990493
ENSG00000240388,0.000590374731096582,0.000590374731096582
KREMEN1,-0.0005903742786242637,0.0005903742786242637
POSTN,-0.0005903742786242637,0.0005903742786242637
RAPGEF5,-0.000590069988528526,0.000590069988528526
PRORP,0.0005900254322622608,0.0005900254322622608
LURAP1L,-0.0005899366782942758,0.0005899366782942758
SH2D3A,-0.0005893268547277181,0.0005893268547277181
LYST,0.0005892308895054386,0.0005892308895054386
PHF24,0.0005886429696770491,0.0005886429696770491
ENSG00000275367,0.0005886429696770491,0.0005886429696770491
GHR,0.0005886429696770491,0.0005886429696770491
PINK1,-0.0005885845851890353,0.0005885845851890353
MED28,-0.0005878372040840991,0.0005878372040840991
KDM6A,0.0005877576828906018,0.0005877576828906018
SCN11A,0.0005877333876972635,0.0005877333876972635
METTL23,-0.000587695476497237,0.000587695476497237
GNAZ,0.0005875700328632357,0.0005875700328632357
WBP2NL,-0.0005874478126322711,0.0005874478126322711
PSMB3P1,0.0005870043120807674,0.0005870043120807674
DIAPH2,0.0005867505892361089,0.0005867505892361089
BLNK,0.0005867505892361089,0.0005867505892361089
NPM1P25,0.0005867505892361089,0.0005867505892361089
OSBPL8,0.0005866538492533886,0.0005866538492533886
REV1,-0.0005861804874976913,0.0005861804874976913
MESD,0.0005860633623108606,0.0005860633623108606
SIGLEC6,0.0005858508813605965,0.0005858508813605965
ZNF331,0.0005850158936000085,0.0005850158936000085
ENSG00000289056,0.0005848792841676185,0.0005848792841676185
ZBTB8OS,-0.0005847707516137919,0.0005847707516137919
COX20P2,0.000584371304536021,0.000584371304536021
DBNL,0.0005843611846696461,0.0005843611846696461
ABCA7,0.0005840720479455881,0.0005840720479455881
LRRC8B,0.0005837858800002263,0.0005837858800002263
UTP25,0.0005834870169910908,0.0005834870169910908
GBF1,0.0005832743741820414,0.0005832743741820414
GRK5,0.0005828404847576206,0.0005828404847576206
ENSG00000279926,0.0005827842593955689,0.0005827842593955689
FYTTD1,0.0005827842593955689,0.0005827842593955689
C1QTNF7,0.0005827842593955689,0.0005827842593955689
DACH1,0.0005827842593955689,0.0005827842593955689
NEGR1,-0.0005822574302468559,0.0005822574302468559
ZYG11B,-0.0005816888738412883,0.0005816888738412883
EWSR1,0.0005815197198345715,0.0005815197198345715
ADA,-0.0005814350080017367,0.0005814350080017367
SNAP29,-0.0005813489703431538,0.0005813489703431538
YEATS2,-0.0005807061911193977,0.0005807061911193977
LARP4,0.0005804856947059884,0.0005804856947059884
ENSG00000290469,-0.0005803707262003149,0.0005803707262003149
ENSG00000279019,-0.0005803142490691968,0.0005803142490691968
MED12,0.0005800997096056825,0.0005800997096056825
MAU2,-0.0005800930373943477,0.0005800930373943477
PIK3C3,-0.0005800243673876713,0.0005800243673876713
GJA1,-0.0005799748340998714,0.0005799748340998714
ARL3,-0.0005799748340998714,0.0005799748340998714
PLIN3,-0.0005799748340998714,0.0005799748340998714
PPT1,-0.0005799748340998714,0.0005799748340998714
RNF144A,-0.0005799748340998714,0.0005799748340998714
RDH11,-0.0005799748340998714,0.0005799748340998714
TMUB2,-0.0005799748340998714,0.0005799748340998714
GBA2,-0.0005799748340998714,0.0005799748340998714
C1orf35,-0.0005799748340998714,0.0005799748340998714
IFI6,-0.0005799748340998714,0.0005799748340998714
PHF13,-0.0005799748340998714,0.0005799748340998714
ANKS3,-0.0005799748340998714,0.0005799748340998714
SMIM20,-0.0005799748340998714,0.0005799748340998714
SMIM13,-0.0005799748340998714,0.0005799748340998714
NR1D2,-0.0005799748340998714,0.0005799748340998714
VGLL4,-0.0005799748340998714,0.0005799748340998714
RPF1,-0.0005799748340998714,0.0005799748340998714
NPM1P14,-0.0005799748340998714,0.0005799748340998714
GDI2,-0.0005799748340998714,0.0005799748340998714
NDUFAF1,-0.0005799748340998714,0.0005799748340998714
ENSG00000231615,-0.0005799748340998714,0.0005799748340998714
CAMSAP1,-0.0005799748340998714,0.0005799748340998714
ECHDC1,-0.0005799384471767077,0.0005799384471767077
DNM1,-0.0005796617098234106,0.0005796617098234106
MAD2L1-DT,-0.0005795391136028629,0.0005795391136028629
ZNF721,-0.0005793795782382988,0.0005793795782382988
DYNC2H1,0.0005791041220613957,0.0005791041220613957
CDC5L,0.0005790614628929047,0.0005790614628929047
RPTOR,0.0005790373664420749,0.0005790373664420749
NDUFB5,-0.0005789489208781772,0.0005789489208781772
DNAAF1,-0.0005788195567119216,0.0005788195567119216
HS3ST1,-0.0005785701192972445,0.0005785701192972445
SLCO3A1,-0.00057840032715962,0.00057840032715962
ENSG00000284966,-0.0005781909713541185,0.0005781909713541185
LRCH4,0.000576831045049032,0.000576831045049032
OCEL1,-0.0005767104950627378,0.0005767104950627378
XNDC1N,0.0005765531854431869,0.0005765531854431869
ANKRD29,0.000576495386772969,0.000576495386772969
VSIG10L2,0.000576495386772969,0.000576495386772969
ENSG00000262898,0.000576495386772969,0.000576495386772969
PLSCR1,-0.0005762694259678017,0.0005762694259678017
EIF4G3,-0.0005762533790593975,0.0005762533790593975
MIDEAS,0.0005762152289262137,0.0005762152289262137
MT-ND5,0.0005756782275317883,0.0005756782275317883
PKP1,0.0005756285659519093,0.0005756285659519093
ENSG00000286894,-0.0005756071306896775,0.0005756071306896775
WASHC2C,-0.0005756071306896775,0.0005756071306896775
PGLS-DT,-0.0005752990937811151,0.0005752990937811151
ENSG00000275765,0.0005742366722124343,0.0005742366722124343
CCDC107,0.0005739976555615207,0.0005739976555615207
TMOD3,-0.0005739365000026392,0.0005739365000026392
TEP1,-0.0005738748215948008,0.0005738748215948008
ENSG00000266237,-0.0005734671433923973,0.0005734671433923973
RAB40B,-0.0005732586166488693,0.0005732586166488693
TLNRD1,0.0005724633562490224,0.0005724633562490224
ZNF680,0.0005721424258816512,0.0005721424258816512
ZNF740,0.0005721028519797285,0.0005721028519797285
COLGALT1,-0.0005720509964026204,0.0005720509964026204
CNOT7,0.0005718437071363131,0.0005718437071363131
BET1L,-0.0005710032499594067,0.0005710032499594067
PSMD13,-0.0005709190056787589,0.0005709190056787589
SUSD6,0.0005709079873928766,0.0005709079873928766
PBLD,0.0005706636928488164,0.0005706636928488164
SGMS1,0.0005705336841171501,0.0005705336841171501
SPG21,-0.0005702958286101953,0.0005702958286101953
COL24A1,0.0005702261001940039,0.0005702261001940039
HNRNPU,-0.000569573095610817,0.000569573095610817
RPSA,-0.0005694436126609865,0.0005694436126609865
COQ8B,-0.0005692519229931096,0.0005692519229931096
STX12,0.0005684548415078769,0.0005684548415078769
IRF2-DT,-0.0005682741976414184,0.0005682741976414184
ENSG00000289145,-0.0005680533510755205,0.0005680533510755205
EHMT1,0.0005680263927895881,0.0005680263927895881
TMC1,0.0005675395478626416,0.0005675395478626416
COX7A2L,0.0005675395478626416,0.0005675395478626416
ENSG00000203325,0.0005675395478626416,0.0005675395478626416
C3orf38,0.0005675395478626416,0.0005675395478626416
YEATS4,0.0005675395478626416,0.0005675395478626416
MCMBP,-0.0005675014237126074,0.0005675014237126074
AP1M1,-0.0005674817284157135,0.0005674817284157135
DYSF,-0.000567390467951233,0.000567390467951233
ENSG00000237472,-0.000567390467951233,0.000567390467951233
NRG1,-0.0005671416372398557,0.0005671416372398557
ZNF426,-0.0005670584457939435,0.0005670584457939435
RSBN1,-0.0005669437427852764,0.0005669437427852764
VPS11,-0.0005667682656704278,0.0005667682656704278
FPR1,-0.0005665042907421015,0.0005665042907421015
G3BP1,0.0005657945804510671,0.0005657945804510671
CEP162,0.0005654265847541636,0.0005654265847541636
DENR,0.0005654265847541636,0.0005654265847541636
NKG7,0.0005654265847541636,0.0005654265847541636
BLOC1S5-TXNDC5,0.0005654265847541636,0.0005654265847541636
ENSG00000273314,0.0005654265847541636,0.0005654265847541636
PTGS1,0.0005653390398231545,0.0005653390398231545
ZFP14,0.0005653390398231545,0.0005653390398231545
CANT1,-0.0005652625519621139,0.0005652625519621139
GTF2H1,-0.000564845359942018,0.000564845359942018
TJP2,0.0005648377933800586,0.0005648377933800586
TNRC6A,0.0005645094268761635,0.0005645094268761635
PRMT7,-0.0005644760576721612,0.0005644760576721612
SMAD5-AS1,0.0005644578535275149,0.0005644578535275149
RPL19,0.0005643125550865132,0.0005643125550865132
ZNF516-AS1,0.0005643125550865132,0.0005643125550865132
BZW2,-0.0005640730691718085,0.0005640730691718085
ART3,0.0005636064986051265,0.0005636064986051265
CD84,-0.0005634541297895073,0.0005634541297895073
RDH10,-0.00056317138695338,0.00056317138695338
CCL20,0.0005627758545485,0.0005627758545485
SPAG4,0.0005627758545485,0.0005627758545485
ENSG00000268931,0.0005627758545485,0.0005627758545485
YAP1,0.0005627758545485,0.0005627758545485
TMEM100,0.0005627758545485,0.0005627758545485
MYDGF,0.0005627758545485,0.0005627758545485
ENSG00000234389,0.0005627758545485,0.0005627758545485
OTUD1,0.0005627758545485,0.0005627758545485
MAEA,0.0005627758545485,0.0005627758545485
SP2,-0.0005619196639138591,0.0005619196639138591
MOB3B,0.0005618275042031232,0.0005618275042031232
ENSG00000260563,-0.0005617871352426106,0.0005617871352426106
SNAP23,-0.0005617759496798322,0.0005617759496798322
SMARCD2,-0.0005603522552923294,0.0005603522552923294
CTNND1,0.0005603384341550787,0.0005603384341550787
BTN3A2,0.0005598678394591986,0.0005598678394591986
ERVK13-1,0.00055956009640097,0.00055956009640097
RPL23P5,-0.0005591943533094964,0.0005591943533094964
FRY,0.0005589323181482591,0.0005589323181482591
NECTIN1,-0.0005589132216684936,0.0005589132216684936
LHFPL5,-0.0005582354227940526,0.0005582354227940526
IRAK3,0.0005577012584336479,0.0005577012584336479
ARSD,-0.0005575873545620687,0.0005575873545620687
STON1,-0.0005575612764013906,0.0005575612764013906
ANXA2,0.0005573173156811319,0.0005573173156811319
EHD4,0.0005572092719054914,0.0005572092719054914
GLS,0.0005570862983837537,0.0005570862983837537
UBA1,0.0005568382270712527,0.0005568382270712527
CNRIP1,0.0005561169484803164,0.0005561169484803164
SH2D1A,0.0005561169484803164,0.0005561169484803164
PCDHGA12,0.0005561169484803164,0.0005561169484803164
RPL13A,0.0005561169484803164,0.0005561169484803164
PTGIS,0.0005560262126057002,0.0005560262126057002
VAMP8,0.0005557732340292727,0.0005557732340292727
HLTF,0.0005557154721362856,0.0005557154721362856
CAMK4,0.0005556356894674465,0.0005556356894674465
STAMBPL1,0.0005556356894674465,0.0005556356894674465
SNHG15,0.0005556356894674465,0.0005556356894674465
SYNJ1,0.0005556356894674465,0.0005556356894674465
CCNK,0.0005552206107518909,0.0005552206107518909
ENSG00000263276,0.0005552168597313284,0.0005552168597313284
TATDN1,0.0005552168597313284,0.0005552168597313284
SPRR1B,0.0005552168597313284,0.0005552168597313284
PAXIP1,-0.0005547589942400294,0.0005547589942400294
ZNF610,-0.0005543492756911611,0.0005543492756911611
ENSG00000285458,0.0005542509042746199,0.0005542509042746199
BCAS3,0.0005541667277034468,0.0005541667277034468
GAREM1,-0.000553894652259925,0.000553894652259925
EML6,0.0005536748994827549,0.0005536748994827549
DBIL5P,0.0005536748994827549,0.0005536748994827549
CCDC93,-0.0005528287558718226,0.0005528287558718226
RYR2,0.0005525708310832472,0.0005525708310832472
ODF3B,0.0005522944196706016,0.0005522944196706016
CTBP1,0.0005522096445002286,0.0005522096445002286
LY75,0.0005506897814554412,0.0005506897814554412
PSME2P2,0.0005505912175207558,0.0005505912175207558
PHF2,-0.0005504364910296938,0.0005504364910296938
SLC66A2,0.0005497005965693774,0.0005497005965693774
LINC02576,-0.0005496785494533493,0.0005496785494533493
ATP5MKP1,0.0005494859802707167,0.0005494859802707167
ST7-OT4,-0.0005493358708987942,0.0005493358708987942
DGKE,-0.0005492743583503871,0.0005492743583503871
UNC45A,0.0005486005130328688,0.0005486005130328688
ATP6AP1L,0.0005482203021751798,0.0005482203021751798
KLHDC10,-0.0005480466106902605,0.0005480466106902605
MFSD8,-0.0005480050742259312,0.0005480050742259312
ENSG00000260121,0.000547998865752278,0.000547998865752278
RPL7AP44,-0.0005479442710208624,0.0005479442710208624
ZNF124,0.0005476438181756117,0.0005476438181756117
TMEM43,-0.0005476194330795132,0.0005476194330795132
MKNK2,0.000547350181443852,0.000547350181443852
CEP78,0.0005472661865471447,0.0005472661865471447
IMMP2L,0.0005470830656486011,0.0005470830656486011
ENSG00000249930,0.0005470492843389164,0.0005470492843389164
HEIH,-0.0005469404602540907,0.0005469404602540907
POLG2,0.0005468339437042644,0.0005468339437042644
CPT2,0.0005468339437042644,0.0005468339437042644
AHSA1,-0.0005464760450072009,0.0005464760450072009
PLEKHM3,-0.0005463771265773599,0.0005463771265773599
EIF5AL1,0.0005460199342336269,0.0005460199342336269
RIC8B,-0.0005460069614320089,0.0005460069614320089
ZFYVE26,0.0005459349377293239,0.0005459349377293239
EIF2AK3,-0.000545617718994457,0.000545617718994457
STX7,-0.0005453808245153803,0.0005453808245153803
ADAM17,-0.0005452580158471006,0.0005452580158471006
MARCHF2,-0.000544912587884108,0.000544912587884108
SLC24A3,-0.0005444787642821431,0.0005444787642821431
IKBIP,0.000544474056879622,0.000544474056879622
WAPL,-0.0005444217802090228,0.0005444217802090228
SLC25A26,-0.0005442648926132689,0.0005442648926132689
SOD2,-0.0005442173684569474,0.0005442173684569474
ZBTB2,0.0005439718293544508,0.0005439718293544508
ZNF512B,-0.0005437552693511623,0.0005437552693511623
RPS13P2,-0.0005436980222792065,0.0005436980222792065
TET2,0.0005432132024812742,0.0005432132024812742
CREB1,-0.0005427393818702276,0.0005427393818702276
CBX2,0.0005424555500132257,0.0005424555500132257
ENSG00000253824,0.0005419051382258821,0.0005419051382258821
IBTK,0.0005419051382258821,0.0005419051382258821
GOLPH3-DT,0.0005417411189237291,0.0005417411189237291
RNF4,0.0005416752514003435,0.0005416752514003435
SNAPC1,0.0005416525069735167,0.0005416525069735167
CYP2U1-AS1,-0.0005413225935153534,0.0005413225935153534
CST7,-0.0005411901732885631,0.0005411901732885631
ENSG00000291100,0.0005409593433271616,0.0005409593433271616
ZNF480,-0.0005408423299489976,0.0005408423299489976
SLC28A2-AS1,-0.0005408423299489976,0.0005408423299489976
MAT2B,-0.0005408331950671586,0.0005408331950671586
ENC1,-0.0005408331950671586,0.0005408331950671586
TTC3,-0.0005403059926578431,0.0005403059926578431
MCM9,-0.0005401640741940325,0.0005401640741940325
NGDN,-0.0005400870781574329,0.0005400870781574329
NBPF17P,0.0005400350304840656,0.0005400350304840656
PEX2,-0.0005400173658529949,0.0005400173658529949
ZNF281,0.0005398248530876252,0.0005398248530876252
ENSG00000255328,-0.0005394266030138259,0.0005394266030138259
AHCTF1,-0.0005391022925169409,0.0005391022925169409
ABCF3,0.0005389019373084677,0.0005389019373084677
CLEC7A,-0.0005379406959120946,0.0005379406959120946
ATP8B1,-0.0005378376404828724,0.0005378376404828724
ENSG00000259536,0.0005372135942946184,0.0005372135942946184
ENSG00000289216,-0.0005372127617222813,0.0005372127617222813
DCTD,0.0005371900691501507,0.0005371900691501507
LINC01011,0.000536843121926768,0.000536843121926768
ZSCAN18,-0.0005367814806253548,0.0005367814806253548
NTN1,-0.0005364825112659864,0.0005364825112659864
AIFM2,0.0005358881600023652,0.0005358881600023652
RELN,0.0005358881600023652,0.0005358881600023652
SIM2,0.0005358881600023652,0.0005358881600023652
FAM131B-AS2,0.0005357651416860163,0.0005357651416860163
CLINT1,0.0005357651416860163,0.0005357651416860163
ENSG00000262831,0.0005357651416860163,0.0005357651416860163
PSTPIP2,0.0005357651416860163,0.0005357651416860163
ENSG00000285920,0.0005356602401548234,0.0005356602401548234
DENND6A,-0.0005355989889511642,0.0005355989889511642
KANK1,0.0005347886183446326,0.0005347886183446326
KPNA3,-0.0005342244413182736,0.0005342244413182736
TRIML2,-0.0005329778234912197,0.0005329778234912197
CD177,-0.0005329778234912197,0.0005329778234912197
ATP6V1B2,-0.0005329778234912197,0.0005329778234912197
COL14A1,-0.000532420763343145,0.000532420763343145
LINC00910,0.0005316102090883827,0.0005316102090883827
RNF112,-0.0005315131091127915,0.0005315131091127915
NFE2L1-DT,-0.0005311541290167415,0.0005311541290167415
LAMA2,-0.0005309857804995364,0.0005309857804995364
PTGER3,-0.0005308525144644046,0.0005308525144644046
ENSG00000289547,0.0005304288428591473,0.0005304288428591473
RUFY3,-0.000530408127934717,0.000530408127934717
RPL27,-0.0005303086791410479,0.0005303086791410479
TP53I11,0.0005299209235251646,0.0005299209235251646
MBD1,0.000529821542731271,0.000529821542731271
HS1BP3,0.0005294742906762702,0.0005294742906762702
SRSF5,0.0005292688222053312,0.0005292688222053312
GOLPH3,-0.0005290235552225528,0.0005290235552225528
COTL1,0.0005279486295627114,0.0005279486295627114
SLC35A3,-0.000527838350755081,0.000527838350755081
MRPL42,-0.0005270903772636491,0.0005270903772636491
CDKN1A,0.0005270277228385652,0.0005270277228385652
PFKP,0.0005270234776561147,0.0005270234776561147
RTRAFP2,-0.0005269366050589752,0.0005269366050589752
C5AR2,0.0005269126831381312,0.0005269126831381312
MRPS22,-0.0005267161467111481,0.0005267161467111481
ZBTB21,0.0005265003757083302,0.0005265003757083302
ST6GALNAC3,0.0005264555054116296,0.0005264555054116296
CASKIN2,0.0005264555054116296,0.0005264555054116296
CCT2,-0.0005264064491685703,0.0005264064491685703
ENSG00000230291,0.0005258184105399948,0.0005258184105399948
ITGA4,-0.0005257675391314551,0.0005257675391314551
PDE1B,0.0005244066713603995,0.0005244066713603995
TBCB,-0.0005243631632789546,0.0005243631632789546
WAC,-0.0005243576103617612,0.0005243576103617612
RASA2,0.0005242064881050515,0.0005242064881050515
MRTFA,0.0005238262898171535,0.0005238262898171535
OGFR,0.0005236072807016217,0.0005236072807016217
ELAPOR1,0.0005234151695331697,0.0005234151695331697
DIXDC1,-0.000523324334463638,0.000523324334463638
TEX261,-0.0005233174612904473,0.0005233174612904473
ETV3,-0.0005232980548070254,0.0005232980548070254
BAIAP2-DT,-0.0005232980548070254,0.0005232980548070254
DGCR5,-0.0005232980548070254,0.0005232980548070254
HAGH,-0.0005232980548070254,0.0005232980548070254
PPP2R1A,-0.0005231125983494713,0.0005231125983494713
GALC,0.0005230136086618119,0.0005230136086618119
IFITM3P2,-0.0005228446720233625,0.0005228446720233625
GATC,0.0005228161155603135,0.0005228161155603135
NUCKS1,0.0005226786354550733,0.0005226786354550733
SAFB2,-0.0005224539215025554,0.0005224539215025554
ENSG00000228274,-0.0005223442250251937,0.0005223442250251937
TDRP,-0.0005223442250251937,0.0005223442250251937
AGRN,-0.0005223320096337584,0.0005223320096337584
KMT2A,-0.0005223095222415921,0.0005223095222415921
ANKRD22,-0.0005217799216885619,0.0005217799216885619
DPAGT1,-0.0005217799216885619,0.0005217799216885619
ZDHHC5,-0.0005217799216885619,0.0005217799216885619
RPL6P27,-0.0005217799216885619,0.0005217799216885619
ENSG00000288710,-0.0005217799216885619,0.0005217799216885619
ENSG00000289557,-0.0005217799216885619,0.0005217799216885619
VN1R108P,-0.0005217799216885619,0.0005217799216885619
TYRO3,-0.0005217799216885619,0.0005217799216885619
ENSG00000261997,-0.0005217799216885619,0.0005217799216885619
MRPL38,-0.0005217799216885619,0.0005217799216885619
KBTBD2,-0.0005217799216885619,0.0005217799216885619
ENSG00000289554,-0.0005217799216885619,0.0005217799216885619
MPEG1,-0.0005217799216885619,0.0005217799216885619
ENSG00000273350,-0.0005217799216885619,0.0005217799216885619
ENSG00000288934,-0.0005217799216885619,0.0005217799216885619
CARD8-AS1,-0.0005217799216885619,0.0005217799216885619
CCT6P3,-0.0005217799216885619,0.0005217799216885619
SOCS5P4,-0.0005217799216885619,0.0005217799216885619
SLC16A2,-0.0005217799216885619,0.0005217799216885619
NUDCD1,-0.0005217799216885619,0.0005217799216885619
ENSG00000226465,-0.0005217799216885619,0.0005217799216885619
FTH1P7,-0.0005217799216885619,0.0005217799216885619
RNU5F-1,-0.0005217799216885619,0.0005217799216885619
TPTEP1,-0.0005217799216885619,0.0005217799216885619
LINC02864,-0.0005217799216885619,0.0005217799216885619
ENSG00000286863,-0.0005217799216885619,0.0005217799216885619
MIR28,-0.0005217799216885619,0.0005217799216885619
TMEM126B,-0.0005217799216885619,0.0005217799216885619
ENSG00000280239,-0.0005217799216885619,0.0005217799216885619
RAP2C-AS1,-0.0005217799216885619,0.0005217799216885619
ADCYAP1R1,-0.0005217799216885486,0.0005217799216885486
BPIFB9P,-0.0005217799216885486,0.0005217799216885486
IQCE,0.0005217621714053926,0.0005217621714053926
ENSG00000272279,0.0005212573660134808,0.0005212573660134808
SYK,-0.0005210475089971867,0.0005210475089971867
GDE1,0.0005206200850647665,0.0005206200850647665
PHF12,-0.0005204596297662541,0.0005204596297662541
BIN1,-0.0005204596297662541,0.0005204596297662541
FAM86C1P,-0.0005204596297662541,0.0005204596297662541
CEBPE,0.0005200670630389925,0.0005200670630389925
FMO1,-0.0005198243050862912,0.0005198243050862912
NKD1,-0.0005197361348352661,0.0005197361348352661
CA3-AS1,-0.0005197361348352661,0.0005197361348352661
MAPK1,-0.0005193795204191434,0.0005193795204191434
SRI,-0.0005193189029707142,0.0005193189029707142
MED23,-0.0005193189029707142,0.0005193189029707142
BSDC1,-0.0005189399302566685,0.0005189399302566685
MMP2,-0.0005186854699288023,0.0005186854699288023
KIRREL1,-0.0005182220338395789,0.0005182220338395789
HEY1,0.0005175801059292121,0.0005175801059292121
P4HA2,0.0005174762047780279,0.0005174762047780279
CEACAM16-AS1,0.0005174220352380203,0.0005174220352380203
ZC3H6,0.0005173244716170309,0.0005173244716170309
TTN,0.0005171361994075965,0.0005171361994075965
ENSG00000279530,0.0005171310724018073,0.0005171310724018073
MYO6,-0.0005169621121419675,0.0005169621121419675
ITFG2,0.0005166842890700884,0.0005166842890700884
SKIC3,-0.0005164220567698922,0.0005164220567698922
SAMD4B,0.0005159443389933577,0.0005159443389933577
FGF2,-0.0005159222372944875,0.0005159222372944875
FBXO30,-0.0005155853702624735,0.0005155853702624735
ZNF587P1,0.0005151111473735171,0.0005151111473735171
ZFAND5,0.0005150317292739973,0.0005150317292739973
DDX59,0.0005147243479394449,0.0005147243479394449
IGF1R,0.0005144207058176889,0.0005144207058176889
EXD2,-0.0005132381254483083,0.0005132381254483083
ENSG00000214908,0.0005131631681233028,0.0005131631681233028
LINC00294,-0.0005128760470563199,0.0005128760470563199
TLN2,0.0005128445848589745,0.0005128445848589745
ENSG00000217644,0.000512842272208435,0.000512842272208435
PLEC,0.0005128318829652232,0.0005128318829652232
MSH6,-0.0005126813526942282,0.0005126813526942282
TNFAIP8,-0.0005125167657137225,0.0005125167657137225
ENSG00000279996,0.0005119965886179615,0.0005119965886179615
TNFRSF1B,0.000511915236112952,0.000511915236112952
TUSC8,-0.00051179896816164,0.00051179896816164
PPM1A,-0.00051179896816164,0.00051179896816164
TNFSF8,0.0005117485048729086,0.0005117485048729086
ZNG1E,0.0005113789833298522,0.0005113789833298522
REL,-0.0005112396944469308,0.0005112396944469308
RNF114,0.0005110486214995658,0.0005110486214995658
ADAMTS1,0.0005107884130152541,0.0005107884130152541
DPYD,-0.0005106049944266623,0.0005106049944266623
PUS1,0.0005098042948781774,0.0005098042948781774
TRIM36,0.0005097407924067919,0.0005097407924067919
POLR2J4,0.0005097407924067919,0.0005097407924067919
ENSG00000283849,0.0005097407924067919,0.0005097407924067919
XRCC2,0.0005097407924067919,0.0005097407924067919
LINC02422,0.0005097407924067919,0.0005097407924067919
ENSG00000272655,0.0005097407924067919,0.0005097407924067919
EFHD2,0.0005097407924067919,0.0005097407924067919
LINC01931,0.0005097407924067919,0.0005097407924067919
ENSG00000290872,0.0005097407924067919,0.0005097407924067919
ENSG00000272476,0.0005097407924067919,0.0005097407924067919
SPOUT1,0.0005097407924067919,0.0005097407924067919
ENSG00000260273,0.0005097407924067919,0.0005097407924067919
RUSC1-AS1,0.0005097407924067919,0.0005097407924067919
ENSG00000289589,0.0005097407924067919,0.0005097407924067919
ENSG00000228144,0.0005097407924067919,0.0005097407924067919
ACTL6A,0.0005097407924067919,0.0005097407924067919
RAI14-DT,0.0005092489641860948,0.0005092489641860948
CACNA1C-AS4,0.0005092489641860948,0.0005092489641860948
ARHGEF25,0.0005092489641860948,0.0005092489641860948
C7orf31,0.0005092489641860948,0.0005092489641860948
BBS1,0.0005092489641860948,0.0005092489641860948
PRIM2,0.0005092489641860948,0.0005092489641860948
LTB4R,0.0005092489641860948,0.0005092489641860948
ANO2,0.0005092489641860948,0.0005092489641860948
COX18,0.0005092489641860948,0.0005092489641860948
GPSM1,0.0005092489641860948,0.0005092489641860948
KIF9,0.0005092489641860948,0.0005092489641860948
CLDN11,0.0005092489641860948,0.0005092489641860948
ENSG00000268659,0.0005092489641860948,0.0005092489641860948
INSIG1,0.0005092489641860948,0.0005092489641860948
RFC4,0.0005092489641860948,0.0005092489641860948
ENSG00000256349,0.0005092489641860948,0.0005092489641860948
LINC00327,0.0005092489641860948,0.0005092489641860948
C2CD6,0.0005092489641860948,0.0005092489641860948
ZNF268,-0.0005091578541371309,0.0005091578541371309
DOCK8,0.0005089118061023495,0.0005089118061023495
GSDMB,-0.0005088314502486367,0.0005088314502486367
TRG-AS1,-0.0005086847543893361,0.0005086847543893361
RECK,-0.000508622531967024,0.000508622531967024
MRPL20,-0.0005084521798695437,0.0005084521798695437
DNAJC17,-0.0005084521798695437,0.0005084521798695437
GALNT2,-0.000508443927714088,0.000508443927714088
DPF2,0.0005083701716370416,0.0005083701716370416
CHROMR,0.0005082449898475548,0.0005082449898475548
FRMD6-AS2,0.000508185963164934,0.000508185963164934
LTK,0.000508185963164934,0.000508185963164934
CILP,0.000508185963164934,0.000508185963164934
TCAIM,0.000508185963164934,0.000508185963164934
CRTAM,0.000508185963164934,0.000508185963164934
DEXI,0.000508185963164934,0.000508185963164934
PCID2,0.000508185963164934,0.000508185963164934
ENSG00000274387,0.000508185963164934,0.000508185963164934
ENSG00000179038,0.000508185963164934,0.000508185963164934
SNRPEP11,0.000508185963164934,0.000508185963164934
SPECC1L-ADORA2A,0.0005080344951225685,0.0005080344951225685
ENSG00000262663,-0.0005080054547035885,0.0005080054547035885
ENSG00000286319,-0.0005080054547035885,0.0005080054547035885
RPL13AP6,-0.0005080054547035885,0.0005080054547035885
EIF1AXP1,-0.0005080054547035885,0.0005080054547035885
DLGAP4,-0.0005076122424951175,0.0005076122424951175
PKP2,0.0005074144965879388,0.0005074144965879388
PTCH1,0.0005074144965879388,0.0005074144965879388
SERPING1,-0.0005071979886383843,0.0005071979886383843
TAF1B,-0.0005071749250716943,0.0005071749250716943
DENND4C,-0.0005069427932559354,0.0005069427932559354
FGF22,0.0005069226683672391,0.0005069226683672391
TMEM30A-DT,0.0005069226683672391,0.0005069226683672391
NKAP,0.0005069226683672391,0.0005069226683672391
ITIH4-AS1,0.0005069226683672391,0.0005069226683672391
DRAM1,0.0005064652111530895,0.0005064652111530895
NPM1P4,-0.0005064365935336291,0.0005064365935336291
ARAP3,-0.0005064129964182496,0.0005064129964182496
FRK,0.0005063157355514867,0.0005063157355514867
ZFPM1,0.000506041145591925,0.000506041145591925
NCOA3,-0.0005053103862979518,0.0005053103862979518
POLA2,0.0005048564235369152,0.0005048564235369152
POLL,0.0005048564235369152,0.0005048564235369152
PYM1,0.0005045094172319518,0.0005045094172319518
NEO1,0.0005045094172319518,0.0005045094172319518
F11R,0.0005043857048065734,0.0005043857048065734
PVT1,-0.0005043258536891458,0.0005043258536891458
CCDC85C,0.0005042838556714096,0.0005042838556714096
SDHAF1,0.0005041667946700158,0.0005041667946700158
RNF216,0.0005041667946700158,0.0005041667946700158
JCAD,-0.0005040522592429043,0.0005040522592429043
DEDD,0.000503777863183984,0.000503777863183984
ENSG00000289210,0.0005034352406220393,0.0005034352406220393
IRF6,0.0005034297611596016,0.0005034297611596016
PNN,0.0005032919209250607,0.0005032919209250607
GNAQ,0.0005032734446223701,0.0005032734446223701
RAD1,-0.0005024364228318726,0.0005024364228318726
VMAC,-0.0005018945226679055,0.0005018945226679055
CTSS,0.0005011667907382918,0.0005011667907382918
SSH1,0.0005008463400262277,0.0005008463400262277
DYNLL2,-0.000499974851087929,0.000499974851087929
PREP,0.000499887072648111,0.000499887072648111
PKD2,-0.0004998038637775421,0.0004998038637775421
LINC01088,-0.0004994766799609392,0.0004994766799609392
ENSG00000290590,-0.0004991425435954296,0.0004991425435954296
CDC34,-0.0004991425435954296,0.0004991425435954296
NBEAL1,0.0004991099909764909,0.0004991099909764909
SNU13,-0.0004986958184294672,0.0004986958184294672
HNRNPLL,-0.0004986958184294672,0.0004986958184294672
PEX6,-0.0004986958184294672,0.0004986958184294672
TRIOBP,-0.0004986958184294672,0.0004986958184294672
TOMM7,0.0004985149587306275,0.0004985149587306275
DLG4,0.0004983934348247258,0.0004983934348247258
TUBB3,-0.0004983385775691111,0.0004983385775691111
DISP1,-0.0004981434602363889,0.0004981434602363889
PPIF,-0.0004981434602363889,0.0004981434602363889
KIAA0930,0.0004981224352269862,0.0004981224352269862
FLI1,-0.000497948147886053,0.000497948147886053
ADGRE2,-0.0004979267901674264,0.0004979267901674264
SEMA3A,0.0004973667398188186,0.0004973667398188186
ENSG00000285830,-0.0004972239205845578,0.0004972239205845578
CEP295,0.0004968968240307137,0.0004968968240307137
SH3GLB1,-0.0004964920638237577,0.0004964920638237577
UPP1,0.0004964207296776482,0.0004964207296776482
HINT1,0.0004962579141495365,0.0004962579141495365
TEX9,-0.0004961052849013343,0.0004961052849013343
ENSG00000286742,0.0004958612131058253,0.0004958612131058253
EBF1,0.0004957296347522295,0.0004957296347522295
KLHL13,-0.0004955786608355437,0.0004955786608355437
EIF2D,-0.0004954112421707575,0.0004954112421707575
DPH1,0.0004949839499281825,0.0004949839499281825
CUL9,-0.0004948323894080829,0.0004948323894080829
PARK7,-0.0004948323894080829,0.0004948323894080829
POLR2J,-0.000494776332867453,0.000494776332867453
MAPK9,-0.000494776332867453,0.000494776332867453
MXD1,-0.0004940702763860716,0.0004940702763860716
TRRAP,-0.0004938760759221164,0.0004938760759221164
FZD6,-0.000493636611738605,0.000493636611738605
ZBED3,0.0004932943888413294,0.0004932943888413294
PINK1-AS,-0.0004932792605867735,0.0004932792605867735
CDC37L1,-0.0004929559636876408,0.0004929559636876408
SBDS,-0.0004926827819567818,0.0004926827819567818
BAZ2B,-0.0004924865966155097,0.0004924865966155097
FAM98C,-0.0004922868424539671,0.0004922868424539671
ENSG00000230551,0.0004922405005521757,0.0004922405005521757
ITPA,0.0004918321921279597,0.0004918321921279597
CD28,0.0004917896925621481,0.0004917896925621481
RBM47,-0.0004912719693171656,0.0004912719693171656
BAG4,0.0004909436302464515,0.0004909436302464515
ZBTB7C,-0.0004903229016040454,0.0004903229016040454
C2CD3,0.0004895792920663483,0.0004895792920663483
FAM120B,-0.000489213210554973,0.000489213210554973
DLG5,-0.000489213210554973,0.000489213210554973
FABP5P8,-0.000489213210554973,0.000489213210554973
MED12L,-0.000489213210554973,0.000489213210554973
DDX52,-0.000489213210554973,0.000489213210554973
GPR176,-0.0004891413779893161,0.0004891413779893161
TMEM107,-0.000488498216791219,0.000488498216791219
ENSG00000220105,-0.0004884897156239598,0.0004884897156239598
TP53BP2,-0.0004884897156239598,0.0004884897156239598
ATPAF2,-0.0004884897156239598,0.0004884897156239598
CBX3,-0.0004884897156239598,0.0004884897156239598
SH3BP5,-0.00048816801490565124,0.00048816801490565124
ZNF45,-0.0004880737415771787,0.0004880737415771787
LAYN,-0.0004880737415771787,0.0004880737415771787
C5,-0.0004880737415771787,0.0004880737415771787
SMG7,-0.0004879750653248098,0.0004879750653248098
PIGH,-0.00048763102256066924,0.00048763102256066924
SIVA1,-0.00048762701641121524,0.00048762701641121524
KIFBP,-0.00048762701641121524,0.00048762701641121524
INO80,-0.00048706712498777343,0.00048706712498777343
DNAJC9,-0.00048705617750642875,0.00048705617750642875
OAS2,0.00048687875334387236,0.00048687875334387236
ATP5F1CP1,-0.00048686916375269073,0.00048686916375269073
PSMB4,0.00048651362748776986,0.00048651362748776986
COL15A1,0.0004864421607724468,0.0004864421607724468
RLIM,0.0004864421607724468,0.0004864421607724468
MT-CO3,0.0004864421607724468,0.0004864421607724468
MKLN1-AS,-0.00048639114933999705,0.00048639114933999705
ENSG00000285412,0.00048604357909101247,0.00048604357909101247
MAK,-0.0004857437531271548,0.0004857437531271548
CAPRIN1,0.00048516275611935894,0.00048516275611935894
CCDC126,0.00048489137579706864,0.00048489137579706864
PTGFRN,-0.0004831106510167222,0.0004831106510167222
ENSG00000259103,-0.0004829822966065327,0.0004829822966065327
STX16,0.00048201254891191324,0.00048201254891191324
BHLHE40-AS1,-0.0004810934695557932,0.0004810934695557932
CABLES2,-0.00048099372897757793,0.00048099372897757793
BID,-0.0004802876724962118,0.0004802876724962118
LINC01857,-0.00047981145568820897,0.00047981145568820897
ENSG00000279946,-0.0004796915360713923,0.0004796915360713923
ENSG00000256967,0.0004790883623931693,0.0004790883623931693
CDC40,0.0004790883623931693,0.0004790883623931693
ENSG00000291066,0.0004790883623931693,0.0004790883623931693
PPL,0.000478883105068864,0.000478883105068864
ANGEL1,0.0004788528907523897,0.0004788528907523897
FAM120C,0.0004788528907523897,0.0004788528907523897
ITGAV,0.0004782829590379969,0.0004782829590379969
IFITM1,-0.00047820849661841283,0.00047820849661841283
WAKMAR2,0.00047813453261134615,0.00047813453261134615
EIF3J,0.00047813453261134615,0.00047813453261134615
SYNM-AS2,0.00047813453261134615,0.00047813453261134615
ENSG00000282034,0.00047813453261134615,0.00047813453261134615
VCAM1,0.00047813453261134615,0.00047813453261134615
WDR26,0.00047801513117177617,0.00047801513117177617
RPL19P16,0.0004778044146497826,0.0004778044146497826
BBX,-0.0004776590635846793,0.0004776590635846793
TCOF1,0.0004767828135493594,0.0004767828135493594
SPACA6,-0.0004766494526234882,0.0004766494526234882
TSPAN14,-0.00047652959595257733,0.00047652959595257733
ENSG00000269044,-0.00047635734822779486,0.00047635734822779486
ENSG00000225200,-0.0004762821144901841,0.0004762821144901841
NKIRAS1,0.0004761180454882593,0.0004761180454882593
BTNL9,0.00047604769702168354,0.00047604769702168354
ICA1,-0.00047598309404994375,0.00047598309404994375
DKC1,-0.00047544444460490394,0.00047544444460490394
ING5,-0.0004754330511089682,0.0004754330511089682
TCF7L2,-0.00047477009987468807,0.00047477009987468807
PIP5K1C,0.0004747583225481513,0.0004747583225481513
RPL10P9,0.0004747583225481513,0.0004747583225481513
GABPB1,-0.0004745521430166217,0.0004745521430166217
LMCD1,-0.0004745521430166217,0.0004745521430166217
MLLT1,0.00047426649432746355,0.00047426649432746355
MADCAM1-AS1,0.00047426649432746355,0.00047426649432746355
TRIM7,0.0004734704688323829,0.0004734704688323829
MKLN1,-0.00047301516114643373,0.00047301516114643373
DCAF8,-0.00047280023412646,0.00047280023412646
DEPP1,-0.0004724034657446617,0.0004724034657446617
SKI,0.00047238303057495174,0.00047238303057495174
JMY,-0.00047213775719628237,0.00047213775719628237
DCUN1D1,-0.0004716224606110566,0.0004716224606110566
MIR205HG,-0.0004715614720767956,0.0004715614720767956
ENSG00000269918,-0.000471405421554031,0.000471405421554031
TENT4B,0.000471050094284221,0.000471050094284221
RSAD1,0.00047071766317875117,0.00047071766317875117
TWSG1-DT,0.00047071766317875117,0.00047071766317875117
IFI30,-0.0004706921514915159,0.0004706921514915159
SLC38A2,-0.0004706921514915159,0.0004706921514915159
RPL3P3,0.0004706797700975338,0.0004706797700975338
CLMN,0.0004702526452924258,0.0004702526452924258
RALGAPA1,0.0004698749490843245,0.0004698749490843245
CYP4B1,0.0004697787261187933,0.0004697787261187933
SCML1,0.0004697787261187933,0.0004697787261187933
COQ10A,0.0004697787261187933,0.0004697787261187933
RAPGEFL1,0.0004697787261187933,0.0004697787261187933
ENSG00000258017,0.00046973842757895107,0.00046973842757895107
ZCCHC4,-0.0004692192660341493,0.0004692192660341493
ZNF790-AS1,-0.0004690088604236361,0.0004690088604236361
CRLS1,-0.0004688973399090076,0.0004688973399090076
FIBIN,-0.0004688973399090076,0.0004688973399090076
CDO1,0.00046882489633696554,0.00046882489633696554
ISYNA1,0.00046882489633696554,0.00046882489633696554
CSE1L,0.00046882489633696554,0.00046882489633696554
ENSG00000289603,0.00046882489633696554,0.00046882489633696554
MSH3,0.0004688073300903069,0.0004688073300903069
CNTLN,-0.00046791278449519083,0.00046791278449519083
BDNF-AS,0.0004678599192636196,0.0004678599192636196
LARP4B,-0.0004676753563588303,0.0004676753563588303
RRAGC,0.0004675561505745707,0.0004675561505745707
P4HB,0.00046755279483919206,0.00046755279483919206
TRIP6,0.0004674441160600045,0.0004674441160600045
GNAS,-0.0004669701835836689,0.0004669701835836689
OLFM1,-0.00046672200910158866,0.00046672200910158866
DIMT1,0.0004666422312202277,0.0004666422312202277
ENSG00000279885,-0.00046630698648827734,0.00046630698648827734
ACBD3,0.00046623142655988626,0.00046623142655988626
B3GLCT,-0.0004658231837768198,0.0004658231837768198
ENSG00000228509,0.0004657036454436245,0.0004657036454436245
AXL,0.0004657036454436245,0.0004657036454436245
HDAC2-AS2,0.0004657036454436245,0.0004657036454436245
TCHH,0.0004657036454436245,0.0004657036454436245
AP4M1,0.0004650719980449497,0.0004650719980449497
IRAK1BP1,0.0004646030874552383,0.0004646030874552383
DAP3,-0.0004643712785934804,0.0004643712785934804
CERT1,-0.000464231487979657,0.000464231487979657
ERAP2,0.00046392682868647077,0.00046392682868647077
KLHL28,0.00046370218693124845,0.00046370218693124845
TBC1D22B,0.0004633522260989597,0.0004633522260989597
MED7,-0.00046334811654935235,0.00046334811654935235
LINC01058,-0.0004632697575886303,0.0004632697575886303
GATAD2B,0.0004632568744603188,0.0004632568744603188
ICOS,0.0004632568744603188,0.0004632568744603188
CCL24,0.0004632568744603188,0.0004632568744603188
RPL10L,0.0004632568744603188,0.0004632568744603188
SLC35F2,0.0004632568744603188,0.0004632568744603188
SHE,-0.00046275955359661216,0.00046275955359661216
KLHL24,0.00046275034838773023,0.00046275034838773023
SUN1,0.0004626163240877702,0.0004626163240877702
ACADVL,0.0004625122916903683,0.0004625122916903683
CLN6,-0.0004622215604070563,0.0004622215604070563
USP13,-0.0004618670357330391,0.0004618670357330391
PANK3,0.00046164823678456027,0.00046164823678456027
NUTM2B-AS1,-0.00046161580402038837,0.00046161580402038837
DMKN,0.0004615066870391072,0.0004615066870391072
LINC01588,0.00046146384252124316,0.00046146384252124316
RMDN2,0.0004613709051109546,0.0004613709051109546
HTT,-0.0004613311058890394,0.0004613311058890394
FBH1,-0.0004613189409675985,0.0004613189409675985
LRMDA,0.00046120702425540654,0.00046120702425540654
ZBTB11,0.0004609906316273449,0.0004609906316273449
NT5DC3,-0.000460960767210601,0.000460960767210601
ZNF382,0.00046088775809774256,0.00046088775809774256
RNF32,0.0004599750726753278,0.0004599750726753278
BAG1,0.0004598409212907149,0.0004598409212907149
HNRNPK,0.00045980785450984327,0.00045980785450984327
HNRNPUL1,-0.00045972111406607544,0.00045972111406607544
CENPP,-0.0004597204010143998,0.0004597204010143998
EIF3J-DT,-0.00045941396490426276,0.00045941396490426276
ENSG00000233558,-0.00045941159444091615,0.00045941159444091615
ROR1-AS1,-0.0004592774992279115,0.0004592774992279115
MAGI1-IT1,0.00045888264651033163,0.00045888264651033163
STAG3,-0.0004578163665853877,0.0004578163665853877
WBP1,0.0004573790361382562,0.0004573790361382562
ENSG00000291079,-0.000457214450772843,0.000457214450772843
CD151,-0.0004570065598432983,0.0004570065598432983
ZNFX1,-0.0004569469144955007,0.0004569469144955007
ATP5PB,0.00045611670937926085,0.00045611670937926085
POLR2B,0.00045611670937926085,0.00045611670937926085
ENSG00000280400,0.00045611670937926085,0.00045611670937926085
CISD2,0.00045611670937926085,0.00045611670937926085
HNRNPL,0.00045611670937926085,0.00045611670937926085
ENSG00000250541,0.00045611670937926085,0.00045611670937926085
ELP3,0.00045611670937926085,0.00045611670937926085
LUZP1,0.00045594113298113464,0.00045594113298113464
TRIM16,0.0004558997539586365,0.0004558997539586365
ENSG00000178715,-0.0004554120178544995,0.0004554120178544995
DIAPH1,0.0004553610130119142,0.0004553610130119142
ASB1,0.0004547732913364118,0.0004547732913364118
ENSG00000261114,-0.00045409630066941815,0.00045409630066941815
COL3A1,0.0004538513870391796,0.0004538513870391796
PRRT3,0.0004535452586678652,0.0004535452586678652
RPL32,0.000453266845158219,0.000453266845158219
IMMT,0.00045318584005783974,0.00045318584005783974
ENSG00000272508,0.00045276347025097966,0.00045276347025097966
TNPO1,0.0004524951266399865,0.0004524951266399865
ANKLE2,0.00045228413814332106,0.00045228413814332106
F2RL2,0.00045204904972538694,0.00045204904972538694
ENSG00000288826,-0.00045195329986480985,0.00045195329986480985
MAZ,0.0004517994067218291,0.0004517994067218291
SGPP2,-0.00045052616990692347,0.00045052616990692347
FRRS1,0.00045016534165444,0.00045016534165444
ZFAND2A-DT,-0.0004492508185847101,0.0004492508185847101
HSPB1P2,-0.0004490234834277737,0.0004490234834277737
CBL,-0.0004489589427380258,0.0004489589427380258
RPL15P18,0.00044894662113424347,0.00044894662113424347
WSB1,-0.0004488256531983127,0.0004488256531983127
BAG3,0.0004486047096353672,0.0004486047096353672
INTS4,-0.00044835440309096326,0.00044835440309096326
ENSG00000218426,-0.0004479875389941131,0.0004479875389941131
GRHL3,0.0004479644077249067,0.0004479644077249067
SEC16B,-0.00044755158484248827,0.00044755158484248827
PDGFA-DT,0.00044734171208131554,0.00044734171208131554
CBLL1-AS1,0.00044734171208131554,0.00044734171208131554
ARHGEF4,0.00044734171208131554,0.00044734171208131554
RPA3,-0.00044669745926900685,0.00044669745926900685
PAIP2B,0.0004462915800534345,0.0004462915800534345
AFF4,-0.0004459236523164568,0.0004459236523164568
RNPEP,-0.00044555194621508825,0.00044555194621508825
ENSG00000242539,-0.00044496915696539053,0.00044496915696539053
ENSG00000251131,-0.00044445216623292404,0.00044445216623292404
ZSCAN2,-0.0004440888381191437,0.0004440888381191437
ENSG00000267364,-0.0004440680237604315,0.0004440680237604315
OLA1,-0.0004436150823967583,0.0004436150823967583
SNHG4,0.00044242583314080345,0.00044242583314080345
EFCAB13,-0.0004423818280218821,0.0004423818280218821
POLH,-0.0004422577569431275,0.0004422577569431275
MIB2,0.000441704819376349,0.000441704819376349
ENSG00000279196,0.000441526553798366,0.000441526553798366
GOLGA2,0.0004413243917672135,0.0004413243917672135
QRICH2,0.00044084744422879943,0.00044084744422879943
MCF2L2,0.0004407253653828723,0.0004407253653828723
ABCF2-H2BK1,0.0004407253653828723,0.0004407253653828723
POLR1G,0.00044070631443520467,0.00044070631443520467
PMF1-BGLAP,-0.0004404016638316805,0.0004404016638316805
SDK2,0.00044040084044569017,0.00044040084044569017
GHITM,-0.0004400568169585075,0.0004400568169585075
FLCN,0.00043988534212893564,0.00043988534212893564
LIPN,0.0004398378119715395,0.0004398378119715395
GKAP1,0.0004398378119715395,0.0004398378119715395
RBBP9,0.00043962166516888277,0.00043962166516888277
ZNF621,-0.000439558827911796,0.000439558827911796
DOCK2,-0.00043926636639429447,0.00043926636639429447
AKT2,0.000439043780404451,0.000439043780404451
MYH14,0.0004389775465921013,0.0004389775465921013
TMEM184A,0.0004389662435463465,0.0004389662435463465
IARS1,-0.0004389189242969679,0.0004389189242969679
FOXO3,-0.00043847205748014166,0.00043847205748014166
GIMAP1,-0.0004383995585869166,0.0004383995585869166
BECN1,-0.0004383336382166066,0.0004383336382166066
STIMATE,-0.0004380909177738351,0.0004380909177738351
ZMYND8,-0.0004377613769402687,0.0004377613769402687
CYYR1,0.00043761315480397,0.00043761315480397
ENSG00000279176,0.0004369548575381599,0.0004369548575381599
CLN8-AS1,0.0004369548575381599,0.0004369548575381599
GK5,0.00043652606847347544,0.00043652606847347544
ZNF529-AS1,-0.0004360060026639335,0.0004360060026639335
LINC00924,-0.0004360060026639335,0.0004360060026639335
LCP2,-0.0004358794494165435,0.0004358794494165435
ZNHIT6,0.00043446203019372755,0.00043446203019372755
PRPF3,0.000434222180992177,0.000434222180992177
CHASERR,0.0004339945120640019,0.0004339945120640019
DENND4A,-0.0004339218053810171,0.0004339218053810171
BACH1,0.0004336818742682706,0.0004336818742682706
NOL6,0.0004336126377346928,0.0004336126377346928
ENSG00000270605,0.0004336126377346928,0.0004336126377346928
MPHOSPH10,0.0004335967329188065,0.0004335967329188065
MARK1,-0.0004333508726326265,0.0004333508726326265
PDE4A,0.0004333355905477158,0.0004333355905477158
CERS4,-0.0004331043455575429,0.0004331043455575429
IL17RC,0.00043304747140412075,0.00043304747140412075
GRK6,0.00043295032022031146,0.00043295032022031146
HMGN1P3,0.00043295032022031146,0.00043295032022031146
TPT1-AS1,0.000432826230319142,0.000432826230319142
SP4,0.00043252935344840755,0.00043252935344840755
DNTTIP2,0.00043237999197577484,0.00043237999197577484
CSF3,0.0004322760048271241,0.0004322760048271241
ENSG00000261546,0.0004322760048271241,0.0004322760048271241
GRPEL1,0.0004321081769228336,0.0004321081769228336
DAB2IP,0.00043210185371604567,0.00043210185371604567
MAOA,0.00043178417660641515,0.00043178417660641515
LLGL2,0.00043178417660641515,0.00043178417660641515
ZNF524,0.00043178417660641515,0.00043178417660641515
TSPAN2,-0.0004316570920851372,0.0004316570920851372
ENSG00000245651,-0.00043139696228433144,0.00043139696228433144
COG6,-0.00043139696228433144,0.00043139696228433144
STAM2,0.0004311922448316656,0.0004311922448316656
DUSP5,0.0004309354722258244,0.0004309354722258244
WBP11,-0.00043087383648537784,0.00043087383648537784
MTO1,-0.0004306135214003895,0.0004306135214003895
MDN1,0.00043010413574975925,0.00043010413574975925
NOB1,-0.00042959393169088013,0.00042959393169088013
LRCH3,-0.00042929587637119144,0.00042929587637119144
PLEKHA1,-0.0004291364633108929,0.0004291364633108929
SRPX2,-0.00042896269517982545,0.00042896269517982545
ENSG00000285733,0.0004284730367174345,0.0004284730367174345
TNRC6B,-0.0004280141677175409,0.0004280141677175409
ITGB1BP1,-0.00042779241629089994,0.00042779241629089994
GNLY,-0.0004275685863747593,0.0004275685863747593
CEACAM19,0.00042756199922591785,0.00042756199922591785
CHMP3,0.00042692126261460327,0.00042692126261460327
MAP3K2,-0.00042653049914664556,0.00042653049914664556
ENSG00000290083,0.00042642420266596616,0.00042642420266596616
UBE2D3,0.0004261118252063089,0.0004261118252063089
GPBP1,0.00042547024417492605,0.00042547024417492605
TMEM9,-0.0004254548204204066,0.0004254548204204066
TMEM241,-0.00042526856208491634,0.00042526856208491634
KANK2,-0.0004251280270604353,0.0004251280270604353
SIDT2,-0.0004248706007296322,0.0004248706007296322
NOP9,-0.0004246826373885495,0.0004246826373885495
ESAM,-0.00042438620989753025,0.00042438620989753025
CARS2,-0.00042434419469064723,0.00042434419469064723
TDRD3,0.0004242242667633802,0.0004242242667633802
SLIT3-AS1,0.000424205775336194,0.000424205775336194
STRIP2,0.000424205775336194,0.000424205775336194
ZNF326,0.00042409046891883726,0.00042409046891883726
ITGAX,0.00042371718937947374,0.00042371718937947374
F5,-0.00042359043686383623,0.00042359043686383623
ENSG00000274554,-0.00042359043686383623,0.00042359043686383623
PELI3,-0.00042359043686383623,0.00042359043686383623
GMPS,-0.00042359043686383623,0.00042359043686383623
CMTM7,-0.00042359043686383623,0.00042359043686383623
ATP1B3,-0.00042359043686383623,0.00042359043686383623
GGCTP1,-0.00042359043686383623,0.00042359043686383623
GJB5,-0.00042359043686383623,0.00042359043686383623
LDHB,-0.00042359043686383623,0.00042359043686383623
CADPS,-0.00042359043686383623,0.00042359043686383623
ENSG00000270659,-0.00042359043686383623,0.00042359043686383623
ENSG00000283149,-0.00042359043686383623,0.00042359043686383623
ENSG00000288886,-0.00042359043686383623,0.00042359043686383623
ENSG00000250075,-0.00042359043686383623,0.00042359043686383623
TMEM98,-0.00042359043686383623,0.00042359043686383623
LINC00968,-0.00042327572427457844,0.00042327572427457844
FKBP15,0.0004231067163841555,0.0004231067163841555
FKBP9,0.00042264323444825313,0.00042264323444825313
RPS3AP34,-0.0004223590479104618,0.0004223590479104618
ANKRD9,-0.0004223590479104618,0.0004223590479104618
ENSG00000250069,-0.0004223590479104618,0.0004223590479104618
OTULINL,-0.0004223590479104618,0.0004223590479104618
DKK2,-0.0004223590479104618,0.0004223590479104618
ENSG00000270127,-0.0004223590479104618,0.0004223590479104618
ZNF674,-0.0004223590479104618,0.0004223590479104618
RAB11FIP5,-0.0004223590479104618,0.0004223590479104618
COIL,-0.0004223590479104618,0.0004223590479104618
FDXACB1,-0.0004223590479104618,0.0004223590479104618
RPL35A,-0.0004223590479104618,0.0004223590479104618
ENSG00000267552,-0.0004223590479104618,0.0004223590479104618
ZNF607,-0.0004223590479104618,0.0004223590479104618
TOX,-0.0004223590479104618,0.0004223590479104618
NXT2,-0.0004223590479104618,0.0004223590479104618
SLC23A2,0.000422283218770822,0.000422283218770822
UBE2Q2P1,-0.00042228228297574213,0.00042228228297574213
KATNAL2,-0.00042194283536169965,0.00042194283536169965
GNG7,0.00042168986760254964,0.00042168986760254964
GSK3B,0.0004216724780986419,0.0004216724780986419
WIPF1,-0.00042126374974540704,0.00042126374974540704
SMYD3-IT1,-0.0004211998052321873,0.0004211998052321873
STX18-AS1,-0.0004204439279414986,0.0004204439279414986
ENSG00000279539,0.0004201340435825179,0.0004201340435825179
GPRIN3,0.00041950404159291516,0.00041950404159291516
ZBTB47-AS1,-0.0004186794509085963,0.0004186794509085963
MAST1,0.0004186709354865774,0.0004186709354865774
CHD6,0.0004181564684131049,0.0004181564684131049
TMEM87A,-0.0004178242753901932,0.0004178242753901932
ZNF441,0.0004177428269207292,0.0004177428269207292
OSBPL11,0.0004174648114053121,0.0004174648114053121
ENSG00000277782,-0.00041706450843355223,0.00041706450843355223
PXMP4,-0.000416889561921928,0.000416889561921928
CAMKK2,0.0004165290106752261,0.0004165290106752261
LMO2,-0.0004163772529949686,0.0004163772529949686
CREM,-0.0004163772529949686,0.0004163772529949686
AAMDC,-0.0004163584519521814,0.0004163584519521814
ADGRG3,0.0004162335780754497,0.0004162335780754497
NT5C2,-0.00041621296859888936,0.00041621296859888936
EDEM3,0.0004159745653732461,0.0004159745653732461
MIRLET7A1HG,-0.00041576970864605934,0.00041576970864605934
KLHL6,0.00041576647826095263,0.00041576647826095263
NEPRO,0.0004154694940755575,0.0004154694940755575
COX17P1,-0.0004138126827484427,0.0004138126827484427
PTPRN2,-0.0004133472814128058,0.0004133472814128058
PRECSIT,-0.00041329099713926793,0.00041329099713926793
PLSCR2,0.000413035467631483,0.000413035467631483
ENSG00000288924,0.000413035467631483,0.000413035467631483
POLE4,0.000413035467631483,0.000413035467631483
TMEM175,-0.0004127789224241355,0.0004127789224241355
ENSG00000290737,-0.0004127789224241355,0.0004127789224241355
BMS1P4-AGAP5,-0.0004127789224241355,0.0004127789224241355
BMS1P4,-0.0004127789224241355,0.0004127789224241355
HDAC10,-0.0004127789224241355,0.0004127789224241355
ERBB2,-0.0004127789224241355,0.0004127789224241355
ZMAT2,-0.0004127789224241355,0.0004127789224241355
DOCK4,0.00041277536332732053,0.00041277536332732053
MFHAS1,0.00041274179835714504,0.00041274179835714504
SLC30A5,-0.0004127060880871385,0.0004127060880871385
KDM5B,-0.00041254918753843076,0.00041254918753843076
ENSG00000233055,0.00041235924222267605,0.00041235924222267605
NFRKB,0.00041235924222267605,0.00041235924222267605
MLH1,0.00041235924222267605,0.00041235924222267605
CNOT6,0.00041235924222267605,0.00041235924222267605
LSM7,-0.0004123321972581603,0.0004123321972581603
TMEM184B,-0.0004123321972581603,0.0004123321972581603
KLF10,0.0004123163769302158,0.0004123163769302158
RASAL2,-0.00041209678410549,0.00041209678410549
STX11,0.00041208053843089676,0.00041208053843089676
DHRS7B,-0.000411916432453781,0.000411916432453781
NTAQ1,0.00041164113877798224,0.00041164113877798224
UBE2J1,0.00041160549786161494,0.00041160549786161494
ZMPSTE24,0.00041160549786161494,0.00041160549786161494
DCAF10,-0.0004110958225182167,0.0004110958225182167
CAP2,0.0004108515249757437,0.0004108515249757437
RN7SKP36,0.00041081728197409013,0.00041081728197409013
RGS3,-0.00041039147580691337,0.00041039147580691337
SCRN1,-0.0004102609130502336,0.0004102609130502336
PHLDB1,-0.0004101878128375674,0.0004101878128375674
TULP3,-0.00041009653026329544,0.00041009653026329544
ENSG00000203648,0.000410014821002618,0.000410014821002618
WNT2B,-0.0004098462833645718,0.0004098462833645718
ENSG00000214641,0.00040948530347115864,0.00040948530347115864
SUPT6H,0.0004092160321441598,0.0004092160321441598
EMG1,0.0004091622208442172,0.0004091622208442172
TERF2,0.0004091386408986415,0.0004091386408986415
SMAD4,-0.0004084652307330285,0.0004084652307330285
MAP1S,-0.00040840278623681793,0.00040840278623681793
CAPRIN2,-0.00040812603936352034,0.00040812603936352034
USP38-DT,0.00040806919134308585,0.00040806919134308585
KLRC4,0.00040806919134308585,0.00040806919134308585
H4C2,0.00040806919134308585,0.00040806919134308585
RRM1,0.00040806919134308585,0.00040806919134308585
PCMTD1-DT,0.00040806919134308585,0.00040806919134308585
ENSG00000285852,0.00040806919134308585,0.00040806919134308585
LINC02544,0.00040806919134308585,0.00040806919134308585
PEX3,0.00040806919134308585,0.00040806919134308585
ZNF705A,0.00040806919134308585,0.00040806919134308585
LAPTM4B,-0.0004079043303128633,0.0004079043303128633
KLHL9,-0.00040749820998021275,0.00040749820998021275
GNAL,-0.0004074302163484336,0.0004074302163484336
GCFC2,-0.00040710262762158855,0.00040710262762158855
RN7SL233P,-0.000406850032983747,0.000406850032983747
POMT2,-0.000406679349587419,0.000406679349587419
B3GALT9,-0.0004064821406286327,0.0004064821406286327
DNAJB6,-0.00040639838859951827,0.00040639838859951827
LRIG2,-0.0004060633796323208,0.0004060633796323208
PNPLA4,0.00040574289552423664,0.00040574289552423664
ADHFE1,0.00040574289552423664,0.00040574289552423664
UCKL1-AS1,0.00040574289552423664,0.00040574289552423664
DGKZ,0.0004054785838864974,0.0004054785838864974
LINC02595,0.00040516186925886895,0.00040516186925886895
ENSG00000228886,0.0004051468703578311,0.0004051468703578311
KCNK6,0.0004049979980653128,0.0004049979980653128
LATS2,-0.0004049869204076923,0.0004049869204076923
AFF1,-0.00040451990291080216,0.00040451990291080216
SLC10A3,0.0004044578380988305,0.0004044578380988305
ENSG00000265188,-0.0004041720356154259,0.0004041720356154259
TONSL,0.0004040960906333399,0.0004040960906333399
TGM2,0.0004040960906333399,0.0004040960906333399
PRSS27,0.0004040960906333399,0.0004040960906333399
SLC38A6,0.0004040960906333399,0.0004040960906333399
CD163L1,-0.00040403126860792617,0.00040403126860792617
CAPN10-DT,0.0004039848385860718,0.0004039848385860718
PECAM1,0.0004037429642906163,0.0004037429642906163
ZNF337-AS1,0.00040359229493764764,0.00040359229493764764
MTHFD2L,0.0004026153935863828,0.0004026153935863828
NPIPB2,0.00040240391903418774,0.00040240391903418774
KIAA1671,0.0004020919256192135,0.0004020919256192135
HGF,-0.0004019599299416746,0.0004019599299416746
ENSG00000286245,-0.0004019599299416746,0.0004019599299416746
BCL7C,-0.0004016787983006828,0.0004016787983006828
CALD1,-0.0004016078035146476,0.0004016078035146476
DLGAP1-AS2,-0.00040150446877818983,0.00040150446877818983
TCF3,0.0004007771168653105,0.0004007771168653105
ITGB1,0.00040076109299830076,0.00040076109299830076
BCL2L2,-0.0004000645216224511,0.0004000645216224511
PCM1,0.0004000137148874408,0.0004000137148874408
SETX,-0.0003990726242103831,0.0003990726242103831
NFKB1,0.00039898630907985995,0.00039898630907985995
RPS7,0.0003989611775473774,0.0003989611775473774
EMP1,0.0003983571103200912,0.0003983571103200912
LAMC1,-0.00039769577760303263,0.00039769577760303263
ENSG00000270149,-0.00039753193700928723,0.00039753193700928723
ENSG00000245667,0.00039747818001089057,0.00039747818001089057
RPS27A,-0.0003974195213765521,0.0003974195213765521
TMED10,-0.00039725727574370254,0.00039725727574370254
ZNF451-AS1,0.0003970994122443076,0.0003970994122443076
DHDH,0.00039699011968796907,0.00039699011968796907
ZNF839,0.0003968561330897721,0.0003968561330897721
VPS37C,-0.0003968284090252174,0.0003968284090252174
EEF1G,0.00039644696539684813,0.00039644696539684813
ENSG00000255508,0.00039644696539684813,0.00039644696539684813
AIMP2,0.0003961496700078046,0.0003961496700078046
CSNK1D,0.0003959461389151213,0.0003959461389151213
ZNF445,-0.00039581379878538946,0.00039581379878538946
OAS1,0.00039551503248481284,0.00039551503248481284
ADAMTS9-AS2,0.0003949279767349117,0.0003949279767349117
FAM210B,-0.0003947924363461996,0.0003947924363461996
REST,-0.00039474296768057885,0.00039474296768057885
AMPD2,-0.00039470556002630655,0.00039470556002630655
EIF3G,-0.00039470556002630655,0.00039470556002630655
SNAPIN,-0.00039470556002630655,0.00039470556002630655
PITPNA,-0.00039470556002630655,0.00039470556002630655
EIF2S3B,0.0003946497964895702,0.0003946497964895702
CERK,-0.00039448302233709566,0.00039448302233709566
RANBP2,-0.000393966024103378,0.000393966024103378
GTPBP2,-0.00039396461872798596,0.00039396461872798596
G3BP2,0.00039367044257082877,0.00039367044257082877
THOC1,-0.00039300644026797225,0.00039300644026797225
MPHOSPH8,-0.00039285678230880136,0.00039285678230880136
CD47,-0.0003925918491825508,0.0003925918491825508
COPG2IT1,-0.00039247678591908226,0.00039247678591908226
MTF2,-0.00039238773920192093,0.00039238773920192093
ORAI1,0.00039230482866595774,0.00039230482866595774
LAT,-0.00039214982910237985,0.00039214982910237985
ABLIM2,-0.00039205386977267116,0.00039205386977267116
EEF1DP5,0.00039168956692590083,0.00039168956692590083
HDLBP,0.0003916872259897291,0.0003916872259897291
HERPUD1,-0.0003911511020882659,0.0003911511020882659
CPZ,-0.0003906611089589809,0.0003906611089589809
USPL1,-0.00039036610844833507,0.00039036610844833507
ARIH1,-0.0003901834476886989,0.0003901834476886989
C9orf78,0.00039007321339671984,0.00039007321339671984
SDCBP2-AS1,-0.0003891423835091167,0.0003891423835091167
B3GALNT2,0.00038792551910031277,0.00038792551910031277
WTAP,0.00038769833928556797,0.00038769833928556797
VTI1B,-0.00038721069871416853,0.00038721069871416853
IQCH-AS1,-0.0003870719020351366,0.0003870719020351366
RBM7,0.0003863542472494265,0.0003863542472494265
TMEM33,0.00038632920976714835,0.00038632920976714835
PCYT1A,0.00038612035554196506,0.00038612035554196506
ARHGEF7,-0.0003861124759870923,0.0003861124759870923
ZNF217,-0.00038563715065457755,0.00038563715065457755
SYNM,0.00038561173260050853,0.00038561173260050853
ATP8B4,-0.00038542450648991244,0.00038542450648991244
TRIM22,0.0003852476023523839,0.0003852476023523839
ENSG00000278899,0.00038510892050402673,0.00038510892050402673
NUSAP1,0.0003849882539332828,0.0003849882539332828
CBFA2T2,0.0003848203061963127,0.0003848203061963127
PFN1P1,-0.0003841391646062845,0.0003841391646062845
SRP14P1,-0.0003841391646062845,0.0003841391646062845
USP4,-0.00038378986360528564,0.00038378986360528564
LRP11,-0.0003834156696752813,0.0003834156696752813
NDUFA12,-0.0003834156696752813,0.0003834156696752813
ENSG00000274364,-0.0003834156696752813,0.0003834156696752813
ELF4,-0.0003834156696752813,0.0003834156696752813
ABCC3,0.0003827581657085426,0.0003827581657085426
NAT10,0.0003821250791860823,0.0003821250791860823
NDUFAF2,-0.0003818587346759236,0.0003818587346759236
PCGF1,-0.0003818587346759236,0.0003818587346759236
ICE2,0.00038152419155920784,0.00038152419155920784
FBXO21,0.00038113708524546545,0.00038113708524546545
ACSM6,0.00038113708524546545,0.00038113708524546545
SELP,-0.00038084116177430617,0.00038084116177430617
CSNK1G1,-0.0003804738082641594,0.0003804738082641594
ACOX1,-0.0003802303602495647,0.0003802303602495647
EIF5A,0.0003797013595737449,0.0003797013595737449
NIPAL2,0.0003794194114992936,0.0003794194114992936
ENSG00000289340,0.00037938467368006006,0.00037938467368006006
RPS15AP38,-0.0003789147067488885,0.0003789147067488885
ZNF841,0.0003785026723402233,0.0003785026723402233
XAF1,-0.00037838764330633,0.00037838764330633
LINC00888,-0.00037827046700795113,0.00037827046700795113
BICRAL,0.0003781530182273312,0.0003781530182273312
CTF1,0.00037808107298893684,0.00037808107298893684
RAI1,0.0003780478474701112,0.0003780478474701112
EXTL2,-0.00037795317855419334,0.00037795317855419334
ADAM8,0.00037780285959321676,0.00037780285959321676
PROSER1,-0.0003774298527935414,0.0003774298527935414
PCNX3,0.0003770416610142357,0.0003770416610142357
MYADM,0.0003769025435305096,0.0003769025435305096
NANS,-0.00037675460629785,0.00037675460629785
BUB3,-0.00037675460629785,0.00037675460629785
CRTC1,-0.00037675460629785,0.00037675460629785
RICTOR,0.0003767494863182105,0.0003767494863182105
IGLV3-19,-0.00037672183093339815,0.00037672183093339815
UGCG,-0.00037666675483500115,0.00037666675483500115
NCOA4,0.00037649859928090866,0.00037649859928090866
ENSG00000286320,0.0003764668468297362,0.0003764668468297362
ENSG00000226334,-0.00037642392549417064,0.00037642392549417064
TMEM94,-0.00037642392549417064,0.00037642392549417064
ENSG00000267561,-0.00037642392549417064,0.00037642392549417064
ENSG00000259556,0.0003763409524501524,0.0003763409524501524
ZNF397,-0.00037618586413170084,0.00037618586413170084
ADM,0.00037593338413629776,0.00037593338413629776
NOP10,0.00037550304366011774,0.00037550304366011774
WARS2,0.0003752018300883292,0.0003752018300883292
SLFN13,0.0003750266799487009,0.0003750266799487009
ENSG00000219951,-0.0003749294072070264,0.0003749294072070264
TMED8,0.0003742639558941046,0.0003742639558941046
MTMR7,0.0003742012886266867,0.0003742012886266867
EHD1,0.0003741469205996093,0.0003741469205996093
TSPYL4,0.0003740089755857182,0.0003740089755857182
MTRR,0.00037363073058148275,0.00037363073058148275
DTWD2,-0.0003736039177174098,0.0003736039177174098
ZFAND4,0.0003730867214844476,0.0003730867214844476
RFFL,0.0003730867214844476,0.0003730867214844476
ENSG00000225230,0.0003730867214844476,0.0003730867214844476
CLEC2D,-0.000372446713781869,0.000372446713781869
NANP,0.00037240604725431346,0.00037240604725431346
PIP5K1A,-0.00037204444966267486,0.00037204444966267486
SLC25A10,-0.0003719595656078058,0.0003719595656078058
UBE2I,0.000371932300608373,0.000371932300608373
SLC39A9,0.000371478890429108,0.000371478890429108
PRCP,-0.00037125764466650404,0.00037125764466650404
SUPT20H,-0.0003711174522810699,0.0003711174522810699
SEMA3F,0.00037109472305402023,0.00037109472305402023
NR3C1,0.00037084242764276037,0.00037084242764276037
GALK1,0.0003706483910786287,0.0003706483910786287
HOXB2,0.0003706483910786287,0.0003706483910786287
PNPLA2,-0.0003706115321254936,0.0003706115321254936
DNAL1,0.00037019544505037397,0.00037019544505037397
IVD,0.0003699800147041769,0.0003699800147041769
EPHB1,-0.0003699508876183208,0.0003699508876183208
MAN1B1-DT,0.0003698769245016408,0.0003698769245016408
HLF,0.0003698769245016408,0.0003698769245016408
L2HGDH,0.0003698769245016408,0.0003698769245016408
ABCA2,0.00036965984972848695,0.00036965984972848695
ENSG00000223831,0.0003695982590507569,0.0003695982590507569
PAGR1,0.00036955786301068116,0.00036955786301068116
GABARAP,0.0003693850962809358,0.0003693850962809358
YIPF5,0.00036926610869854673,0.00036926610869854673
AXIN1,0.00036882679247374325,0.00036882679247374325
RPL24P4,0.00036882679247374325,0.00036882679247374325
PIP4K2A,-0.0003686710135569085,0.0003686710135569085
RPL8P1,0.00036833496425305105,0.00036833496425305105
TSKU,0.00036833496425305105,0.00036833496425305105
LPAR2,0.00036833496425305105,0.00036833496425305105
ITPR3,-0.0003683136166311963,0.0003683136166311963
H1-12P,-0.0003682185218589249,0.0003682185218589249
TMEM71,0.00036811188263553363,0.00036811188263553363
EP300,-0.00036795826665647564,0.00036795826665647564
ENSG00000270571,-0.00036788746475199574,0.00036788746475199574
HOOK3,-0.0003678081226168676,0.0003678081226168676
SMIM4,-0.0003677580783081161,0.0003677580783081161
CSRP2,0.0003677013703073033,0.0003677013703073033
ENSG00000271894,0.00036742178552757164,0.00036742178552757164
PHYH,-0.0003673448781437824,0.0003673448781437824
MKRN2,-0.0003671045460803266,0.0003671045460803266
IGSF9,0.0003671027722638091,0.0003671027722638091
DAP,0.0003671027722638091,0.0003671027722638091
PBXIP1,0.0003671027722638091,0.0003671027722638091
RAB22A,-0.00036698586189102953,0.00036698586189102953
PAQR3,0.00036691943318986733,0.00036691943318986733
RPS19P3,-0.0003667758660717082,0.0003667758660717082
ARHGAP22,0.0003661883402220461,0.0003661883402220461
EMILIN2,-0.0003661160712083874,0.0003661160712083874
UBXN6,0.0003660344925110419,0.0003660344925110419
SLC43A3,0.0003660241664327194,0.0003660241664327194
GAPDHP1,0.00036581941333184073,0.00036581941333184073
ARHGEF37,0.0003657393921797389,0.0003657393921797389
BNC2,0.0003656736870948514,0.0003656736870948514
SNIP1,-0.000365645115199922,0.000365645115199922
DNAH12,-0.000365645115199922,0.000365645115199922
ENSG00000287200,-0.000365645115199922,0.000365645115199922
DNAJC9-AS1,-0.000365645115199922,0.000365645115199922
DDX50,-0.000365645115199922,0.000365645115199922
ENSG00000290476,-0.000365645115199922,0.000365645115199922
HTATIP2,-0.000365645115199922,0.000365645115199922
NXF1,0.0003637614937636644,0.0003637614937636644
ENSG00000224407,-0.0003631428708964184,0.0003631428708964184
ST3GAL5,0.0003631042773958768,0.0003631042773958768
RUFY2,-0.0003627241963243851,0.0003627241963243851
BARD1,-0.0003624627787791678,0.0003624627787791678
MAX,0.00036243517006236413,0.00036243517006236413
ENSG00000273270,0.0003624212714531704,0.0003624212714531704
SETD2,0.00036211012178866,0.00036211012178866
ILRUN,0.00036169800388165393,0.00036169800388165393
SNX29,0.00036164487721746007,0.00036164487721746007
LUCAT1,-0.0003615435294415392,0.0003615435294415392
SMCHD1,0.00036152699691840306,0.00036152699691840306
ENSG00000285589,-0.0003614810198214561,0.0003614810198214561
CSTF1,-0.00036093096077661465,0.00036093096077661465
CXCL12,-0.00036037023357806254,0.00036037023357806254
CYP1B1,0.000360308688518459,0.000360308688518459
PSEN1,0.00036029720770221663,0.00036029720770221663
HPSE2,0.0003602570745135157,0.0003602570745135157
BBOX1,0.0003601338399873739,0.0003601338399873739
HEY2,0.0003601338399873739,0.0003601338399873739
BRD1,-0.0003597775814927816,0.0003597775814927816
RALB,-0.00035930738502485765,0.00035930738502485765
ENSG00000290683,0.00035924120656005655,0.00035924120656005655
TNIP2,0.00035924120656005655,0.00035924120656005655
RPS18P9,0.00035924120656005655,0.00035924120656005655
CEP43,-0.0003590584980706657,0.0003590584980706657
ZNF430,0.00035885142209154995,0.00035885142209154995
E2F4,0.0003581121492536955,0.0003581121492536955
PCDH12,-0.00035800323588100567,0.00035800323588100567
SLC1A1,-0.00035800323588100567,0.00035800323588100567
PECR,0.0003578284977936327,0.0003578284977936327
SLC7A14,0.0003578284977936327,0.0003578284977936327
RPL34P23,-0.0003577619522856115,0.0003577619522856115
RIGI,-0.0003576394537400891,0.0003576394537400891
LINC00339,0.0003573812871918526,0.0003573812871918526
JOSD1,-0.0003573456321850143,0.0003573456321850143
ENSG00000287296,-0.0003571506273226599,0.0003571506273226599
MLST8,-0.0003571506273226599,0.0003571506273226599
DDX17,-0.000357060309578058,0.000357060309578058
NUP50,0.0003570445233466928,0.0003570445233466928
KRI1,-0.0003569317196517704,0.0003569317196517704
FUT2,0.0003564417901348243,0.0003564417901348243
SMIM12,-0.00035644018171095636,0.00035644018171095636
SCFD1,-0.00035613936316750757,0.00035613936316750757
CAP1,0.00035606331520220483,0.00035606331520220483
CDK17,0.00035606331520220483,0.00035606331520220483
ENSG00000289291,0.00035606331520220483,0.00035606331520220483
OXA1L,0.0003558470563866836,0.0003558470563866836
MPZL2,0.0003558222000506595,0.0003558222000506595
GCAT,-0.0003547015881834756,0.0003547015881834756
SREBF1,0.00035446019631112265,0.00035446019631112265
C1orf21,0.0003541365007520928,0.0003541365007520928
SMAP2,0.00035320982896268143,0.00035320982896268143
KANSL2,0.00035320982896268143,0.00035320982896268143
TNFSF12-TNFSF13,0.00035320982896268143,0.00035320982896268143
GABARAPL1-AS1,0.00035320982896268143,0.00035320982896268143
SPTY2D1OS,0.00035320982896268143,0.00035320982896268143
LINC00672,0.00035320982896268143,0.00035320982896268143
ENO2,0.00035320982896268143,0.00035320982896268143
GAA,0.00035316574813153763,0.00035316574813153763
TMEM9B-AS1,0.00035311078945177263,0.00035311078945177263
PDIA4,0.00035310745513113056,0.00035310745513113056
TMPPE,-0.00035290345480806545,0.00035290345480806545
SEC31B,-0.00035221574640366464,0.00035221574640366464
ENSG00000203258,-0.00035221574640366464,0.00035221574640366464
POP4,-0.00035221574640366464,0.00035221574640366464
SIGLEC9,-0.00035221574640366464,0.00035221574640366464
RPS27AP11,-0.00035221574640366464,0.00035221574640366464
TPSAB1,-0.00035221574640366464,0.00035221574640366464
ECT2,-0.00035221574640366464,0.00035221574640366464
ENSG00000272432,-0.00035221574640366464,0.00035221574640366464
ENSG00000274929,-0.00035221574640366464,0.00035221574640366464
RPL21P121,-0.00035221574640366464,0.00035221574640366464
SPINK4,-0.00035221574640366464,0.00035221574640366464
METTL27,-0.00035221574640366464,0.00035221574640366464
MAP3K5,-0.00035221574640366464,0.00035221574640366464
BCS1L,-0.00035221574640366464,0.00035221574640366464
CTAGE15,-0.00035221574640366464,0.00035221574640366464
ENSG00000229677,-0.00035221574640366464,0.00035221574640366464
PHF23,-0.00035221574640366464,0.00035221574640366464
ZNF433,-0.00035221574640366464,0.00035221574640366464
RFX2,0.0003520971385134732,0.0003520971385134732
BMP2K,0.00035205618947460696,0.00035205618947460696
AFAP1L2,0.00035185748489645287,0.00035185748489645287
TSHZ1,0.0003517805079282848,0.0003517805079282848
GAS5,-0.00035059985044531914,0.00035059985044531914
SMC3,-0.0003497490934985711,0.0003497490934985711
ENSG00000259015,-0.0003491896404711803,0.0003491896404711803
ASB3,-0.0003491896404711803,0.0003491896404711803
FLRT1,-0.0003491896404711803,0.0003491896404711803
ENSG00000291194,-0.0003491896404711803,0.0003491896404711803
LINC01572,-0.0003491896404711803,0.0003491896404711803
PPIL6,-0.0003491896404711803,0.0003491896404711803
IGDCC4,-0.0003491896404711803,0.0003491896404711803
ENSG00000287490,-0.0003491896404711803,0.0003491896404711803
ALKBH5,-0.0003491896404711803,0.0003491896404711803
ARHGEF18,-0.0003491896404711803,0.0003491896404711803
ENSG00000291240,-0.0003491896404711803,0.0003491896404711803
PRAF2,-0.0003491896404711803,0.0003491896404711803
ENSG00000287879,-0.0003491896404711803,0.0003491896404711803
DOHH,-0.0003491896404711803,0.0003491896404711803
TUBA3FP,-0.0003491896404711803,0.0003491896404711803
ZNF845,-0.0003491896404711803,0.0003491896404711803
ENSG00000259088,-0.0003491896404711803,0.0003491896404711803
NBR2,-0.0003491896404711803,0.0003491896404711803
ENSG00000288550,-0.0003491896404711803,0.0003491896404711803
LYPD5,-0.0003491896404711803,0.0003491896404711803
ENSG00000288053,-0.0003491896404711803,0.0003491896404711803
MIR142,-0.0003491896404711803,0.0003491896404711803
ENSG00000267393,-0.0003491896404711803,0.0003491896404711803
CSPP1,-0.00034893899683355106,0.00034893899683355106
INSYN2A,0.0003489084786278807,0.0003489084786278807
PCMTD1,0.0003485186917834206,0.0003485186917834206
HPR,0.0003484480619060627,0.0003484480619060627
ENSG00000262049,0.0003484480619060627,0.0003484480619060627
HSPE1P6,0.0003483564778089012,0.0003483564778089012
AGO3,-0.0003483426894742213,0.0003483426894742213
NR2C2,0.00034797963639683773,0.00034797963639683773
BACE2,-0.00034729237897114816,0.00034729237897114816
LRPAP1,-0.0003470573332166935,0.0003470573332166935
LINC00665,0.00034666635570828957,0.00034666635570828957
SH2D4A,-0.00034663853836596777,0.00034663853836596777
ADAM9,-0.00034623130370112606,0.00034623130370112606
CENPL,0.0003461499018018482,0.0003461499018018482
GSEC,-0.00034575294770761687,0.00034575294770761687
STAG1-DT,0.0003456701110175959,0.0003456701110175959
UBR5-DT,0.0003456701110175959,0.0003456701110175959
TNFRSF10A-DT,0.00034551517299065323,0.00034551517299065323
KPNA4,-0.0003451657080163981,0.0003451657080163981
TSEN54,0.0003445197893285162,0.0003445197893285162
RPL21P23,0.0003444007078418,0.0003444007078418
TCTN1,-0.0003443381995818041,0.0003443381995818041
ZNF229,0.00034417239126924445,0.00034417239126924445
PRKX,-0.0003439869054294708,0.0003439869054294708
ENSG00000277151,0.0003439001926883085,0.0003439001926883085
ENSG00000260996,0.0003439001926883085,0.0003439001926883085
CAPS,0.0003439001926883085,0.0003439001926883085
HCG11,-0.0003436027966369047,0.0003436027966369047
RAPGEF1,-0.00034344969862784645,0.00034344969862784645
ADK,0.0003428409458995291,0.0003428409458995291
SDHAP1,0.00034244440888516104,0.00034244440888516104
NEK4,0.0003420887865433849,0.0003420887865433849
ELOCP19,-0.00034196617419928973,0.00034196617419928973
FDX2,-0.00034196617419928973,0.00034196617419928973
ENSG00000255122,-0.00034196617419928973,0.00034196617419928973
URM1,-0.00034196617419928973,0.00034196617419928973
ENSG00000286000,-0.00034196617419928973,0.00034196617419928973
CCDC17,-0.00034196617419928973,0.00034196617419928973
ADAP2,-0.00034196617419928973,0.00034196617419928973
TENT5B,-0.00034196617419928973,0.00034196617419928973
ENSG00000239701,-0.00034196617419928973,0.00034196617419928973
PRC1-AS1,-0.00034196617419928973,0.00034196617419928973
ENSG00000273107,-0.00034196617419928973,0.00034196617419928973
FZD9,-0.00034196617419928973,0.00034196617419928973
ENSG00000255992,-0.00034196617419928973,0.00034196617419928973
ADAM22,-0.00034196617419928973,0.00034196617419928973
ENSG00000167807,-0.00034196617419928973,0.00034196617419928973
ENSG00000258634,-0.00034196617419928973,0.00034196617419928973
AJUBA-DT,-0.00034196617419928973,0.00034196617419928973
ZDHHC12,0.0003419649996759885,0.0003419649996759885
RPS4XP7,0.0003419649996759885,0.0003419649996759885
DNMT1,-0.0003417304523758991,0.0003417304523758991
ENSG00000290399,-0.0003416175396841959,0.0003416175396841959
RPS4XP20,0.0003416032522104977,0.0003416032522104977
RASD1,0.0003416032522104977,0.0003416032522104977
MYO9A,-0.0003412236349783533,0.0003412236349783533
ENSG00000217239,0.0003407065034338724,0.0003407065034338724
ENSG00000228919,0.00034030902517781855,0.00034030902517781855
FLJ42393,-0.0003398737332018171,0.0003398737332018171
PRDX6-AS1,-0.0003396957957603699,0.0003396957957603699
PSMA4,0.0003395655757876887,0.0003395655757876887
NDRG2,-0.0003389984701533938,0.0003389984701533938
FRA10AC1,-0.0003387515546298025,0.0003387515546298025
TYW1,-0.00033818549183341353,0.00033818549183341353
ENSG00000270405,0.0003381471861619377,0.0003381471861619377
SUB1,-0.00033812704921102937,0.00033812704921102937
F13A1,-0.00033801825080993634,0.00033801825080993634
CDK10,0.0003377246156758721,0.0003377246156758721
CPEB4,0.00033760408402956225,0.00033760408402956225
PDGFRL,-0.0003375141133602867,0.0003375141133602867
BBC3,0.0003372207504618416,0.0003372207504618416
MS4A1,0.0003372207504618416,0.0003372207504618416
MTCL1,0.00033714557482965096,0.00033714557482965096
AGBL3,-0.00033702768950012,0.00033702768950012
TRIM24,0.0003367289222411438,0.0003367289222411438
ENSG00000289913,0.0003367289222411438,0.0003367289222411438
WHAMM,0.0003367289222411438,0.0003367289222411438
GNB1,0.00033660043510325534,0.00033660043510325534
RAB5A,-0.000336338332867966,0.000336338332867966
IZUMO1,0.0003361706184339711,0.0003361706184339711
OSBPL6,0.00033617061843395986,0.00033617061843395986
WDFY3,0.00033617061843395986,0.00033617061843395986
BAG5,0.00033567879021326397,0.00033567879021326397
TMEM143,0.00033567879021326397,0.00033567879021326397
TMEM185B,0.00033547533130923434,0.00033547533130923434
PARP4,-0.0003352397883927459,0.0003352397883927459
TMEM170A,-0.00033429977102225763,0.00033429977102225763
ARHGEF40,-0.00033365428355885973,0.00033365428355885973
GALNT13,-0.00033345950979516933,0.00033345950979516933
DRAM2,0.0003320455223387067,0.0003320455223387067
DVL1,0.0003319904715446344,0.0003319904715446344
ENSG00000267002,-0.000331894773330344,0.000331894773330344
RPL34P33,-0.00033072804490885763,0.00033072804490885763
ENSG00000260971,0.00033065815844642753,0.00033065815844642753
DPY19L4,0.0003306044037634085,0.0003306044037634085
ENSG00000268628,0.0003306044037634085,0.0003306044037634085
BABAM1,0.0003306044037634085,0.0003306044037634085
KMT5C,0.0003306044037634085,0.0003306044037634085
TNFRSF12A,-0.0003304268795109469,0.0003304268795109469
VPS4B,-0.00032994037161058695,0.00032994037161058695
GNB5,0.0003298107628322216,0.0003298107628322216
TBX3,0.00032979538437600425,0.00032979538437600425
ENSG00000279653,0.0003296767611908763,0.0003296767611908763
ABLIM1,0.0003289275617647793,0.0003289275617647793
ZNF407-AS1,-0.0003288624051800146,0.0003288624051800146
LMBR1,0.00032874082604878065,0.00032874082604878065
IFIH1,0.0003286348253039613,0.0003286348253039613
ENSG00000243829,0.0003286348253039613,0.0003286348253039613
ENSG00000280143,-0.0003284410347315818,0.0003284410347315818
NQO2-AS1,-0.00032822914017756593,0.00032822914017756593
PLPP5,-0.00032765675991001155,0.00032765675991001155
MIR1915HG,-0.0003276460895043222,0.0003276460895043222
MAST4,0.00032741621849108907,0.00032741621849108907
RAB37,-0.00032739133678974747,0.00032739133678974747
PAPSS2,-0.00032721820690905434,0.00032721820690905434
ZNF496,0.0003269838487018557,0.0003269838487018557
SLC41A2,0.0003264018721337628,0.0003264018721337628
KCNK1,-0.0003263852433186827,0.0003263852433186827
RN7SL610P,-0.0003263852433186827,0.0003263852433186827
ACSS3,-0.0003263852433186827,0.0003263852433186827
DPCD,-0.0003263852433186827,0.0003263852433186827
ERCC4,-0.0003263852433186827,0.0003263852433186827
NDRG4,-0.0003263852433186827,0.0003263852433186827
RIDA,-0.0003263852433186827,0.0003263852433186827
IGSF21,-0.0003263852433186827,0.0003263852433186827
ENSG00000218418,-0.0003263852433186827,0.0003263852433186827
MRPL13,-0.0003263852433186827,0.0003263852433186827
PRSS8,-0.0003263852433186827,0.0003263852433186827
ENSG00000285130,-0.00032572611192500716,0.00032572611192500716
UBAC1,-0.00032548687028102665,0.00032548687028102665
ENSG00000257410,-0.00032545463943188416,0.00032545463943188416
ENSG00000286192,-0.00032530605388168344,0.00032530605388168344
GUK1,-0.00032529325558040454,0.00032529325558040454
ATP6V1C1,-0.00032529325558040454,0.00032529325558040454
TET1,0.00032517232375384663,0.00032517232375384663
SMPD1,0.00032517232375384663,0.00032517232375384663
BOP1,0.00032517232375384663,0.00032517232375384663
ARHGEF17,0.00032517232375384663,0.00032517232375384663
LSM6,0.00032517232375384663,0.00032517232375384663
ZNF800,0.00032517232375384663,0.00032517232375384663
GUSBP4,0.00032517232375384663,0.00032517232375384663
LINC00680,0.00032517232375384663,0.00032517232375384663
PRKAG2-AS1,0.00032517232375384663,0.00032517232375384663
PSPH,0.00032517232375384663,0.00032517232375384663
ENSG00000226824,0.00032517232375384663,0.00032517232375384663
ENSG00000286150,0.00032517232375384663,0.00032517232375384663
LGALS8-AS1,0.00032517232375384663,0.00032517232375384663
SDC1,0.00032517232375384663,0.00032517232375384663
IL15RA,0.00032517232375384663,0.00032517232375384663
BOLA3-DT,0.00032517232375384663,0.00032517232375384663
ATN1,0.00032517232375384663,0.00032517232375384663
ENSG00000273080,-0.00032515385436532296,0.00032515385436532296
NOL12,-0.00032515385436532296,0.00032515385436532296
ENSG00000285908,-0.00032515385436532296,0.00032515385436532296
ENSG00000272383,-0.00032515385436532296,0.00032515385436532296
ENSG00000100101,-0.00032515385436532296,0.00032515385436532296
GGACT,-0.00032515385436532296,0.00032515385436532296
TBCCD1,-0.00032515385436532296,0.00032515385436532296
ENSG00000270210,-0.00032515385436532296,0.00032515385436532296
BATF3,-0.00032515385436532296,0.00032515385436532296
CSPG5,-0.00032515385436532296,0.00032515385436532296
ENSG00000225886,-0.00032515385436532296,0.00032515385436532296
FLJ30679,-0.00032515385436532296,0.00032515385436532296
MFSD2A,-0.00032515385436532296,0.00032515385436532296
DNAAF8,-0.00032515385436532296,0.00032515385436532296
H4C6,-0.00032515385436532296,0.00032515385436532296
LRCH2,-0.00032515385436532296,0.00032515385436532296
ENSG00000273424,-0.00032515385436532296,0.00032515385436532296
ACAD9,0.00032496214681066837,0.00032496214681066837
HERC2P3,0.0003249308864964309,0.0003249308864964309
FAM228B,-0.0003243816337136743,0.0003243816337136743
AKNAD1,-0.0003243394257985882,0.0003243394257985882
PNKP,-0.0003243394257985882,0.0003243394257985882
ENSG00000278983,-0.0003243394257985882,0.0003243394257985882
CCSER1,-0.0003243122575812117,0.0003243122575812117
SVEP1,-0.0003239746179920299,0.0003239746179920299
ENSG00000286781,-0.0003238639618272559,0.0003238639618272559
TOX4,0.0003237464136814721,0.0003237464136814721
P2RY1,0.0003237464136814721,0.0003237464136814721
TBC1D14,0.0003228460279349905,0.0003228460279349905
ETS1,-0.0003227753351968699,0.0003227753351968699
GNG12,0.0003225810395259294,0.0003225810395259294
LINC00526,-0.0003223194910952534,0.0003223194910952534
ZNF93,0.0003221485022059039,0.0003221485022059039
SDCBP,0.0003220597106267774,0.0003220597106267774
IGHG2,0.00032178406425757754,0.00032178406425757754
SYNC,0.0003217565097082169,0.0003217565097082169
SMC5,0.0003217565097082169,0.0003217565097082169
RBMS3,-0.0003215594444627628,0.0003215594444627628
DNAAF9,-0.00032125185370262437,0.00032125185370262437
SP140L,-0.0003209027578551739,0.0003209027578551739
TRAPPC2,-0.0003208535082846451,0.0003208535082846451
ZNF662,-0.0003207222100835216,0.0003207222100835216
VMP1,-0.0003204311047354713,0.0003204311047354713
ENSG00000276529,-0.0003204311047354713,0.0003204311047354713
FPR3,-0.0003204311047354713,0.0003204311047354713
LMNB1,-0.0003204311047354713,0.0003204311047354713
HMGB1P8,-0.0003204311047354713,0.0003204311047354713
SDC2,-0.0003204311047354713,0.0003204311047354713
KLF9,-0.0003204311047354713,0.0003204311047354713
ILF3-DT,-0.0003204311047354713,0.0003204311047354713
ENSG00000285641,-0.0003204311047354713,0.0003204311047354713
ZBTB33,-0.0003204311047354713,0.0003204311047354713
ENSG00000288746,-0.0003204311047354713,0.0003204311047354713
LPL,0.0003203571876081269,0.0003203571876081269
RPL27AP5,-0.0003203199130714145,0.0003203199130714145
RPAP3,0.0003201971978716638,0.0003201971978716638
RWDD1,-0.00032012195423666856,0.00032012195423666856
ITSN1,-0.00032012195423666856,0.00032012195423666856
PSPC1,-0.00031949797731169324,0.00031949797731169324
CHST11,-0.0003194838044992924,0.0003194838044992924
FANCC,0.00031894963460804814,0.00031894963460804814
SERTAD1,0.0003188803944812177,0.0003188803944812177
RCC1,0.0003188803944812177,0.0003188803944812177
TSC1,-0.0003185920839403303,0.0003185920839403303
PTTG1IP,-0.00031815643850167404,0.00031815643850167404
TLR2,-0.00031769002996081446,0.00031769002996081446
PKP4,0.000317602755919602,0.000317602755919602
PRKAB2,-0.00031758303399884413,0.00031758303399884413
TAF11,-0.0003173341821264756,0.0003173341821264756
POM121C,-0.00031718661572221617,0.00031718661572221617
NDUFS2,0.0003169330325442874,0.0003169330325442874
SCOC,-0.00031680385653715327,0.00031680385653715327
PLXNA2,-0.00031680385653715327,0.00031680385653715327
GCN1,0.00031672215791015936,0.00031672215791015936
AKR1C3,0.0003166647345891246,0.0003166647345891246
RHOA,-0.00031622066678027133,0.00031622066678027133
INPP4B,-0.0003161917460399045,0.0003161917460399045
STX6,0.0003157186706900604,0.0003157186706900604
FPGT,-0.00031466834527325393,0.00031466834527325393
TMBIM6,0.00031444674956200965,0.00031444674956200965
HELZ,-0.00031370684199528244,0.00031370684199528244
NDUFA5,-0.000313525644314862,0.000313525644314862
CSF2RB,0.0003134567669094485,0.0003134567669094485
CKAP2,-0.00031302172471762936,0.00031302172471762936
SNORD3A,0.0003130216841997377,0.0003130216841997377
SUOX,0.0003128579693431818,0.0003128579693431818
PPARD,0.00031255169970069934,0.00031255169970069934
GAS7,-0.0003122563278847142,0.0003122563278847142
KAT7,-0.0003118900962445346,0.0003118900962445346
ETFB,-0.00031165205061828934,0.00031165205061828934
ECH1,-0.00031165205061828934,0.00031165205061828934
KLK7,-0.00031165205061828934,0.00031165205061828934
ENSG00000268083,-0.00031165205061828934,0.00031165205061828934
WDR59,-0.00031165205061828934,0.00031165205061828934
ENSG00000287774,0.0003115602767387472,0.0003115602767387472
LPGAT1,-0.00031094608896960766,0.00031094608896960766
CCND2,-0.0003109261302199632,0.0003109261302199632
RPS24P19,-0.000310896882128361,0.000310896882128361
ENSG00000288108,-0.000310896882128361,0.000310896882128361
ENSG00000260349,-0.000310896882128361,0.000310896882128361
ENSG00000288656,-0.000310896882128361,0.000310896882128361
OXER1,-0.000310896882128361,0.000310896882128361
ENSG00000280187,-0.000310896882128361,0.000310896882128361
SULT1A2,-0.000310896882128361,0.000310896882128361
DHODH,-0.000310896882128361,0.000310896882128361
DDX11-AS1,-0.000310896882128361,0.000310896882128361
GLDN,-0.000310896882128361,0.000310896882128361
PCDHGB2,-0.000310896882128361,0.000310896882128361
SPTLC1,0.00031089594540738177,0.00031089594540738177
DTD2,0.0003106876411589513,0.0003106876411589513
HEATR5A-DT,0.0003106876411589513,0.0003106876411589513
NUP54,-0.00031048922516331703,0.00031048922516331703
FAM86B3P,0.0003101819447996927,0.0003101819447996927
C4orf19,0.0003101819447996927,0.0003101819447996927
ENSG00000225113,0.000309950323286134,0.000309950323286134
ENSG00000258943,0.0003096375091310819,0.0003096375091310819
YPEL1,0.0003096375091310819,0.0003096375091310819
ZNF135,0.00030957379136901475,0.00030957379136901475
AXIN2,0.00030948814043321184,0.00030948814043321184
GPR161,-0.0003086915654054033,0.0003086915654054033
ELOB,0.00030815435757834925,0.00030815435757834925
EPB41L3,0.0003080860666969011,0.0003080860666969011
PPIAP51,-0.0003077824971117664,0.0003077824971117664
WDR35,0.00030670135620331103,0.00030670135620331103
RPN1,0.00030662664577612854,0.00030662664577612854
RN7SL204P,-0.0003056487266220601,0.0003056487266220601
ZNF335,-0.00030512249213940595,0.00030512249213940595
TUT7,0.0003048398833258764,0.0003048398833258764
FMC1-LUC7L2,0.00030454893399183317,0.00030454893399183317
GTF2A1,-0.00030435084376758965,0.00030435084376758965
ENSG00000272356,-0.0003042746512507878,0.0003042746512507878
ENSG00000288745,0.00030425396074868123,0.00030425396074868123
CASP9,0.00030406714569745637,0.00030406714569745637
PPP4R2,-0.00030396392478802933,0.00030396392478802933
NBN,-0.00030392518926130067,0.00030392518926130067
ENSG00000259865,-0.00030369928672069465,0.00030369928672069465
DCUN1D3,-0.0003033713579554929,0.0003033713579554929
UMAD1,-0.00030330552812307785,0.00030330552812307785
EGFR,0.0003031558355158371,0.0003031558355158371
ZNRF1,-0.00030230867517095435,0.00030230867517095435
BTK,-0.00030206080494081885,0.00030206080494081885
GZF1,0.00030192007766449003,0.00030192007766449003
CFAP44,-0.0003017586882828778,0.0003017586882828778
CHD3,-0.0003015649641118658,0.0003015649641118658
POLR2D,0.000301354861388375,0.000301354861388375
RNF169,-0.0003011120549182483,0.0003011120549182483
LINC02669,-0.0003002640634662545,0.0003002640634662545
TMEM273,0.00029986750889470827,0.00029986750889470827
TJP1,0.0002994141848222089,0.0002994141848222089
UTP23,0.0002988856882034945,0.0002988856882034945
FLII,-0.00029865521199547336,0.00029865521199547336
ANP32E,-0.00029865521199547336,0.00029865521199547336
POLR3E,-0.00029865521199547336,0.00029865521199547336
ENSG00000259366,-0.00029865521199547336,0.00029865521199547336
UAP1,-0.00029865521199547336,0.00029865521199547336
FAM91A1,-0.00029865521199547336,0.00029865521199547336
POU2F2,-0.00029865521199547336,0.00029865521199547336
GPR160,-0.00029865521199547336,0.00029865521199547336
UTP3,-0.00029865521199547336,0.00029865521199547336
KIAA2013,-0.00029865521199547336,0.00029865521199547336
ENSG00000286808,-0.00029865521199547336,0.00029865521199547336
GS1-24F4.2,-0.00029851869637782856,0.00029851869637782856
DDX6,0.0002984175828011579,0.0002984175828011579
PIM1,0.0002978281067951457,0.0002978281067951457
LTBP2,0.00029775894605765406,0.00029775894605765406
ENSG00000288700,-0.00029762954030881006,0.00029762954030881006
IFT122,0.0002974682366405511,0.0002974682366405511
CAV1,0.0002972787579556501,0.0002972787579556501
WDR43,-0.00029716047671968823,0.00029716047671968823
MIAT,-0.0002970770388037199,0.0002970770388037199
EDEM1,0.00029675808027574633,0.00029675808027574633
GATD1,0.00029663960684401364,0.00029663960684401364
RBFA,0.0002965143366177982,0.0002965143366177982
ENSG00000220370,0.0002962557101577845,0.0002962557101577845
GOLT1B,-0.00029625325025976025,0.00029625325025976025
CATSPERG,0.0002960667078708069,0.0002960667078708069
ATXN3,-0.0002958462801882757,0.0002958462801882757
SMARCA2,-0.0002957006737344303,0.0002957006737344303
STX3,0.0002955482226277892,0.0002955482226277892
FSCN1,-0.00029500663818968393,0.00029500663818968393
ENSG00000286553,0.00029498737017691736,0.00029498737017691736
ENSG00000237493,0.00029392673064449886,0.00029392673064449886
PPP1R3F,0.00029392673064449886,0.00029392673064449886
ZSWIM1,0.00029392673064449886,0.00029392673064449886
TFAP2A,0.00029364477013538057,0.00029364477013538057
PHF20,0.00029361125510748477,0.00029361125510748477
ZNF644,-0.0002936051928529981,0.0002936051928529981
CLPTM1,0.0002932680838054846,0.0002932680838054846
CDCA7,-0.0002923625532279787,0.0002923625532279787
EMBP1,-0.0002922993986773681,0.0002922993986773681
DUSP22,-0.00029189438951477575,0.00029189438951477575
BSCL2,0.0002914358920272627,0.0002914358920272627
MRPS7,0.0002914358920272627,0.0002914358920272627
KCTD20,-0.0002913494961996758,0.0002913494961996758
ARHGAP25,-0.0002912590280944879,0.0002912590280944879
ADD1,-0.00029121759671042985,0.00029121759671042985
ENSG00000253636,0.00029092602543212684,0.00029092602543212684
ALS2CL,0.00029063199353418956,0.00029063199353418956
MECR,-0.00029021471870315516,0.00029021471870315516
ENSG00000282602,0.00029018985389520487,0.00029018985389520487
RNFT1,-0.0002899393264401722,0.0002899393264401722
TIMM21,-0.0002898166660781933,0.0002898166660781933
CASC2,-0.0002898166660781933,0.0002898166660781933
RPL32P18,-0.0002894594036287741,0.0002894594036287741
MACF1,0.0002894351429862619,0.0002894351429862619
PISD,-0.0002892719979298742,0.0002892719979298742
CAMK2D,0.0002892604991090939,0.0002892604991090939
KAT2B,0.0002890822679561641,0.0002890822679561641
ABRAXAS1,-0.0002880983462988497,0.0002880983462988497
DUOX1,-0.0002879832715222887,0.0002879832715222887
ENSG00000265799,0.00028758057186763073,0.00028758057186763073
SLC19A1,-0.0002875774956425159,0.0002875774956425159
CRMP1,0.00028756429534219333,0.00028756429534219333
MEPCE,-0.0002871157503854438,0.0002871157503854438
IGSF6,0.00028697596325436654,0.00028697596325436654
MED6,0.0002868941663991262,0.0002868941663991262
ZNF566,-0.00028678203470234567,0.00028678203470234567
TRMO,-0.00028677598227997065,0.00028677598227997065
IQCG,0.0002867691978469852,0.0002867691978469852
RPL23AP53,0.00028666147411353875,0.00028666147411353875
TLK2,-0.00028645366382769224,0.00028645366382769224
CC2D1A,0.00028635618882556183,0.00028635618882556183
MTREX,-0.0002859347149082933,0.0002859347149082933
RAB35,-0.00028577003387170765,0.00028577003387170765
PPP3CC,0.00028570231558745004,0.00028570231558745004
FAM102B,0.00028570231558745004,0.00028570231558745004
SGSH,-0.00028540667856479386,0.00028540667856479386
AP3M1,-0.0002852000921696655,0.0002852000921696655
RPS18P12,0.00028487033089636516,0.00028487033089636516
RRM2B,0.00028480303624501386,0.00028480303624501386
UQCC3,0.00028480303624501386,0.00028480303624501386
RPL12P17,-0.00028415749599435675,0.00028415749599435675
HACD3,0.00028371019486462255,0.00028371019486462255
CMC2,-0.00028369852723005284,0.00028369852723005284
PCDHB4,0.00028342021436615216,0.00028342021436615216
UBAC2,-0.0002821448489391509,0.0002821448489391509
ATP5IF1,-0.0002819993097397403,0.0002819993097397403
RASSF3,0.0002819519591125715,0.0002819519591125715
CENPE,-0.0002813887314598629,0.0002813887314598629
MARCHF3,-0.00028138435048681343,0.00028138435048681343
COA7,0.00028111823580929816,0.00028111823580929816
WDR27,-0.00028091965639221806,0.00028091965639221806
C2orf92,-0.0002809114687627183,0.0002809114687627183
REX1BD,-0.0002807760662235302,0.0002807760662235302
DAAM2,0.000280717393784125,0.000280717393784125
TALAM1,0.00028039820845991503,0.00028039820845991503
MALAT1,0.00028039820845991503,0.00028039820845991503
RNF103,0.00028010793593826014,0.00028010793593826014
ENSG00000260659,-0.00027956709387381355,0.00027956709387381355
PEF1-AS1,-0.00027956709387381355,0.00027956709387381355
PITPNM3,-0.00027956709387381355,0.00027956709387381355
ABCG1,-0.00027956709387381355,0.00027956709387381355
PLK2,0.00027912611508645814,0.00027912611508645814
TNFRSF1A,0.00027912611508645814,0.00027912611508645814
SDAD1,0.00027912611508645814,0.00027912611508645814
ANXA11,0.0002776908230398433,0.0002776908230398433
CHMP7,-0.0002774595807250199,0.0002774595807250199
MRPS9,-0.00027705785598224297,0.00027705785598224297
ENSG00000274898,-0.00027670092636641294,0.00027670092636641294
AHSA2P,0.0002765357489759849,0.0002765357489759849
ENSG00000260997,-0.0002763259781516386,0.0002763259781516386
KCNC4,0.00027628004928510215,0.00027628004928510215
GMCL1,0.00027628004928510215,0.00027628004928510215
CEP97,-0.0002759181757342981,0.0002759181757342981
ENSG00000286786,-0.000275797431899071,0.000275797431899071
ADAR,-0.00027564920591011035,0.00027564920591011035
FKBP1A,0.00027539781146406525,0.00027539781146406525
PSMF1,-0.0002748396467858495,0.0002748396467858495
FOXP1-IT1,0.0002748001003687132,0.0002748001003687132
YME1L1,0.00027468319173119815,0.00027468319173119815
UBE2G1,0.00027465891993240136,0.00027465891993240136
ARHGEF35-AS1,-0.0002745330097130574,0.0002745330097130574
WTIP,-0.0002744104892715777,0.0002744104892715777
DDA1,-0.0002740653274665561,0.0002740653274665561
MX2,0.0002739213492147798,0.0002739213492147798
NRAS,0.000273771538108482,0.000273771538108482
TPMT,0.000273771538108482,0.000273771538108482
ZNF286A-TBC1D26,0.000273771538108482,0.000273771538108482
MBOAT1,0.000273771538108482,0.000273771538108482
RNF181,0.000273771538108482,0.000273771538108482
RPL22P21,0.000273771538108482,0.000273771538108482
FBXO8,0.000273771538108482,0.000273771538108482
DENND1A,0.000273771538108482,0.000273771538108482
CCNE1,0.000273771538108482,0.000273771538108482
TUBAP2,0.000273771538108482,0.000273771538108482
C10orf143,0.000273771538108482,0.000273771538108482
ABTB1,0.000273771538108482,0.000273771538108482
NOD2,0.000273771538108482,0.000273771538108482
SERTAD3-AS1,0.000273771538108482,0.000273771538108482
PYCR1,0.000273771538108482,0.000273771538108482
CAPN11,0.000273771538108482,0.000273771538108482
ZBED2,0.000273771538108482,0.000273771538108482
SLITRK6,0.000273771538108482,0.000273771538108482
TMEM40,0.000273771538108482,0.000273771538108482
ENSG00000271204,0.000273771538108482,0.000273771538108482
GTF2IRD2B,0.000273771538108482,0.000273771538108482
MANBAL,0.000273771538108482,0.000273771538108482
ALKBH8,-0.0002737440226772118,0.0002737440226772118
RNF150,-0.0002737440226772118,0.0002737440226772118
ENSG00000285184,-0.0002737440226772118,0.0002737440226772118
ENSG00000273217,-0.0002737440226772118,0.0002737440226772118
MAFA,-0.0002736295837123446,0.0002736295837123446
FAM102A,-0.00027347865226790913,0.00027347865226790913
LINC02980,-0.0002732972975112501,0.0002732972975112501
CDH23,-0.0002732972975112501,0.0002732972975112501
SCNN1A,0.0002732797098877856,0.0002732797098877856
ZNF212,0.0002732797098877856,0.0002732797098877856
SLU7,0.0002732797098877856,0.0002732797098877856
ENSG00000229664,0.0002732797098877856,0.0002732797098877856
ENSG00000289579,0.0002732797098877856,0.0002732797098877856
ASPG,0.0002732797098877856,0.0002732797098877856
IBA57-DT,0.0002732797098877856,0.0002732797098877856
STK11,0.0002732797098877856,0.0002732797098877856
NRDC,0.0002732797098877856,0.0002732797098877856
LINC02562,0.0002732797098877856,0.0002732797098877856
ILVBL,0.0002732797098877856,0.0002732797098877856
RIPOR1,0.0002732797098877856,0.0002732797098877856
NUP42,0.0002732797098877856,0.0002732797098877856
CCDC74B,0.0002732797098877856,0.0002732797098877856
ERCC6L,0.0002732797098877856,0.0002732797098877856
HOXA10,0.0002732797098877856,0.0002732797098877856
NCALD,0.0002732797098877856,0.0002732797098877856
PITHD1,0.0002732797098877856,0.0002732797098877856
SFXN2,0.0002732797098877856,0.0002732797098877856
ENSG00000290792,0.0002732797098877856,0.0002732797098877856
FBXO9,0.0002732797098877856,0.0002732797098877856
RAB5CP1,0.0002732797098877856,0.0002732797098877856
CARD10,0.00027302881722453634,0.00027302881722453634
ENSG00000238142,0.0002730005579842068,0.0002730005579842068
KLHL7,0.0002730005579842068,0.0002730005579842068
INF2,-0.00027297826834424976,0.00027297826834424976
CA12,-0.0002726633295896925,0.0002726633295896925
IQGAP1,-0.00027245648165235463,0.00027245648165235463
ABCA9,0.0002724224869601902,0.0002724224869601902
ERG,-0.00027238955182173696,0.00027238955182173696
SLC12A6,-0.0002719747625993024,0.0002719747625993024
HIPK2,-0.0002710416415940515,0.0002710416415940515
ME3,-0.0002710340614660268,0.0002710340614660268
PRICKLE4,0.0002708200971103292,0.0002708200971103292
DDX10,0.0002705959034326934,0.0002705959034326934
RPL5P8,0.00027057901067117907,0.00027057901067117907
TLE3,-0.00027047553296785453,0.00027047553296785453
ZDHHC20,-0.00027039518304263144,0.00027039518304263144
PIGQ,-0.0002700183523121741,0.0002700183523121741
MYO1B,-0.0002699043573727612,0.0002699043573727612
CUL5,0.0002699043573727414,0.0002699043573727414
ZNF692,0.00026972509284091135,0.00026972509284091135
WRNIP1,-0.0002694494094557473,0.0002694494094557473
AK4,0.0002693282480155159,0.0002693282480155159
PTCD3,0.0002692800504698877,0.0002692800504698877
CD3G,0.00026927308222142606,0.00026927308222142606
GDAP2,0.00026924712910774193,0.00026924712910774193
YWHAB,-0.00026910681264809093,0.00026910681264809093
SYTL2,-0.0002690184784254037,0.0002690184784254037
PCBP1-AS1,0.0002689351045111417,0.0002689351045111417
ING4,-0.0002683633658222162,0.0002683633658222162
SRPRB,0.0002682053234379188,0.0002682053234379188
RNF170,0.0002682053234379188,0.0002682053234379188
ZNRF2P2,0.0002682053234379188,0.0002682053234379188
DPY19L2P3,0.0002682053234379188,0.0002682053234379188
MIR624,0.0002682053234379188,0.0002682053234379188
SEMA3E,0.00026767881203654286,0.00026767881203654286
MRPL54,-0.00026766264650573073,0.00026766264650573073
ZFYVE27,-0.00026766264650573073,0.00026766264650573073
MED9,-0.00026766264650573073,0.00026766264650573073
C2CD4D-AS1,-0.00026766264650573073,0.00026766264650573073
ANGPTL4,-0.0002675239708250408,0.0002675239708250408
GSE1,0.00026732968043985655,0.00026732968043985655
ADPRH,0.00026719346638349697,0.00026719346638349697
TRIM65,0.00026718392276803586,0.00026718392276803586
ZNF69,0.00026718392276803586,0.00026718392276803586
ME1,0.00026718392276803586,0.00026718392276803586
ELAC1,0.00026718392276803586,0.00026718392276803586
ENSG00000288995,0.0002671776093813432,0.0002671776093813432
THOC2,0.0002671551914100432,0.0002671551914100432
KHDRBS3,0.0002670000905033612,0.0002670000905033612
MAML1,0.00026699133924975324,0.00026699133924975324
EPIC1,0.00026694117559285826,0.00026694117559285826
LBR,0.00026673176187910633,0.00026673176187910633
USP31,-0.00026666639933832113,0.00026666639933832113
TTF1,0.0002662691743564279,0.0002662691743564279
ENSG00000272173,0.00026625984437705637,0.00026625984437705637
FN3KRP,0.00026584668832035864,0.00026584668832035864
NPM1P30,0.00026449096149797774,0.00026449096149797774
PRPSAP1,0.00026449096149797774,0.00026449096149797774
COL18A1,-0.000264369873824166,0.000264369873824166
KRT15,0.0002643137454562335,0.0002643137454562335
LMAN2,-0.0002642926183439979,0.0002642926183439979
ENSG00000289873,0.00026407189814601557,0.00026407189814601557
DOC2B,0.00026407189814601557,0.00026407189814601557
SNRPD2P1,0.00026407189814601557,0.00026407189814601557
DGCR11,-0.00026321026846120373,0.00026321026846120373
GINS3,-0.00026280049566078693,0.00026280049566078693
CPNE8,-0.00026280049566078693,0.00026280049566078693
RNF121,0.0002627732434283538,0.0002627732434283538
SFRP5,0.0002627732434283538,0.0002627732434283538
ACTR3,0.0002622518673628204,0.0002622518673628204
GPR107,-0.0002622113019516853,0.0002622113019516853
MTERF1,0.000262149486628859,0.000262149486628859
EIF3E,-0.0002619671556419937,0.0002619671556419937
ESRP1,-0.0002619091225677331,0.0002619091225677331
PAK2,-0.0002618015580501965,0.0002618015580501965
IER5L-AS1,-0.0002617113614584862,0.0002617113614584862
ATP1A1,0.00026118232966486517,0.00026118232966486517
HAUS5,0.00026118232966486517,0.00026118232966486517
RPS2P48,-0.0002610819489900942,0.0002610819489900942
OR7C1,-0.0002610819489900934,0.0002610819489900934
ABAT,-0.0002610819489900934,0.0002610819489900934
IL2RB,-0.0002610819489900934,0.0002610819489900934
TMEM167AP2,-0.0002610819489900934,0.0002610819489900934
MIR4426,-0.0002610819489900934,0.0002610819489900934
DNAH11,-0.0002610819489900934,0.0002610819489900934
MED8,-0.0002610819489900934,0.0002610819489900934
LMOD2,-0.0002610819489900934,0.0002610819489900934
EGLN2,-0.0002610819489900934,0.0002610819489900934
RIOK3,-0.0002610819489900934,0.0002610819489900934
MAP3K4,-0.0002610819489900934,0.0002610819489900934
MASP2,-0.0002610819489900934,0.0002610819489900934
MYD88,-0.0002610819489900934,0.0002610819489900934
CTXN1,-0.0002610819489900934,0.0002610819489900934
ARHGAP1,-0.0002610819489900934,0.0002610819489900934
ENSG00000224888,-0.0002610819489900934,0.0002610819489900934
UBE2F,-0.0002608199880816534,0.0002608199880816534
CREBRF,0.00026003411000508563,0.00026003411000508563
JRKL,-0.00025983266268609544,0.00025983266268609544
ENSG00000270553,-0.00025983266268609544,0.00025983266268609544
RABGAP1L,-0.000259303199828325,0.000259303199828325
TNC,-0.00025930236340833326,0.00025930236340833326
ZNF791,0.00025910909874847797,0.00025910909874847797
FGD3,0.0002586167270752872,0.0002586167270752872
NBEAL2,0.0002586167270752872,0.0002586167270752872
CNOT1,0.00025855191376587344,0.00025855191376587344
ENSG00000237188,0.00025798164924793255,0.00025798164924793255
PIEZO2,0.00025788076730922385,0.00025788076730922385
IQCN,0.00025783296180992884,0.00025783296180992884
ENSG00000259375,-0.00025755979419799473,0.00025755979419799473
YJU2B,0.0002575207064961524,0.0002575207064961524
SNRNP48,-0.00025743410773881674,0.00025743410773881674
SUMO3,-0.00025716049203839466,0.00025716049203839466
GSK3B-DT,-0.00025716049203839466,0.00025716049203839466
TJP3,-0.00025716049203839466,0.00025716049203839466
SERHL2,-0.00025716049203839466,0.00025716049203839466
TARDBP,-0.0002569643986941892,0.0002569643986941892
HOXB3,-0.0002564536058550416,0.0002564536058550416
MSRA,-0.0002561103600105117,0.0002561103600105117
GID4,-0.0002561103600105117,0.0002561103600105117
PRANCR,-0.0002553166062404014,0.0002553166062404014
AKAP13,-0.00025511407716629123,0.00025511407716629123
CGGBP1,0.00025487978817857775,0.00025487978817857775
PDGFB,0.0002548458388108645,0.0002548458388108645
TRNAU1AP,0.00025451560746417485,0.00025451560746417485
NIT1,0.00025451560746417485,0.00025451560746417485
ENSG00000291143,-0.0002537701441346464,0.0002537701441346464
TRPV2,0.0002534788701791324,0.0002534788701791324
DOCK11,0.0002531339685007056,0.0002531339685007056
ZNF598,0.000252936427261021,0.000252936427261021
TMEM255B,0.0002528226190565794,0.0002528226190565794
ZNF266,0.00025277389642181544,0.00025277389642181544
KCNMA1,-0.0002524630902378613,0.0002524630902378613
RPL22P13,-0.0002524630902378613,0.0002524630902378613
ST20,-0.0002524630902378613,0.0002524630902378613
ENSG00000290070,-0.0002524630902378613,0.0002524630902378613
RBBP7,-0.0002523187555706954,0.0002523187555706954
INO80C,0.0002520254568658051,0.0002520254568658051
ZNF630-AS1,-0.00025198444692603645,0.00025198444692603645
FCHO2,-0.00025198444692603645,0.00025198444692603645
NOTCH2NLB,-0.00025198444692603645,0.00025198444692603645
MARCHF10,-0.00025198444692603645,0.00025198444692603645
HNRNPUL2-BSCL2,-0.00025198444692603645,0.00025198444692603645
ARHGAP6,-0.00025198444692603645,0.00025198444692603645
CALCRL-AS1,-0.00025198444692603645,0.00025198444692603645
RPS19BP1,-0.00025198444692603645,0.00025198444692603645
TPTEP2,-0.00025198444692603645,0.00025198444692603645
RPL11,-0.00025198444692603645,0.00025198444692603645
ENSG00000267053,-0.00025198444692603645,0.00025198444692603645
ZNF771,-0.00025198444692603645,0.00025198444692603645
PSMC3,-0.00025198444692603645,0.00025198444692603645
HSPB3,-0.00025198444692603645,0.00025198444692603645
USP50,-0.00025198444692603645,0.00025198444692603645
RPSAP19,-0.00025198444692603645,0.00025198444692603645
DALRD3,-0.00025198444692603645,0.00025198444692603645
TIGD7,-0.00025198444692603645,0.00025198444692603645
VPS13D,0.00025153616681246815,0.00025153616681246815
BLOC1S3,0.0002513140495258752,0.0002513140495258752
ZNF592,0.00025116103837513273,0.00025116103837513273
ACAP1,0.00025116103837513273,0.00025116103837513273
NPIPB5,0.00025116103837513273,0.00025116103837513273
STMN1,-0.00025074916202809974,0.00025074916202809974
ENSG00000287562,-0.00025074916202809974,0.00025074916202809974
SPATA13-AS1,-0.00025074916202809974,0.00025074916202809974
ZBTB4,0.00025060970106833186,0.00025060970106833186
FIGNL1,0.0002504366643170485,0.0002504366643170485
ABHD18,-0.00025025838133798214,0.00025025838133798214
CCR4,-0.00025025838133798214,0.00025025838133798214
TICAM2,-0.0002502562472302272,0.0002502562472302272
EPRS1,-0.0002499576857402608,0.0002499576857402608
SLC6A16,0.0002496059691693256,0.0002496059691693256
NEIL2,-0.0002491634711352836,0.0002491634711352836
LINC00636,0.0002489131749755719,0.0002489131749755719
ENSG00000124593,-0.0002484413163663261,0.0002484413163663261
LAMA3,-0.0002481035504672224,0.0002481035504672224
MFN1,-0.00024804604894626986,0.00024804604894626986
SLC40A1,0.000248024266792791,0.000248024266792791
ANKHD1-EIF4EBP3,0.00024770753617417077,0.00024770753617417077
HES7,0.0002474327266736309,0.0002474327266736309
ASB13,-0.0002473200464613981,0.0002473200464613981
HOXA3,-0.0002473200464613981,0.0002473200464613981
CHD7,-0.00024729397601518663,0.00024729397601518663
ANKZF1,-0.0002469109198342831,0.0002469109198342831
STARD5,-0.0002469109198342831,0.0002469109198342831
DNAAF2,-0.0002468016056206893,0.0002468016056206893
DBN1,-0.0002464909927177069,0.0002464909927177069
BRCC3,-0.0002464909927177069,0.0002464909927177069
LHPP,-0.0002464909927177069,0.0002464909927177069
TRAF5,0.00024648196022680465,0.00024648196022680465
RABL3,0.0002464251723436891,0.0002464251723436891
ENSG00000289082,0.0002459177239941229,0.0002459177239941229
AVPR2,0.00024590066731848494,0.00024590066731848494
UCK2,-0.00024586078780639443,0.00024586078780639443
ZNF548,-0.0002455816611141872,0.0002455816611141872
CFL1,-0.0002455240750300803,0.0002455240750300803
SLC2A14,0.000245453985193332,0.000245453985193332
DTNB,0.0002454274619353361,0.0002454274619353361
ENSG00000286849,-0.00024541681610779927,0.00024541681610779927
ENSG00000261630,-0.00024541681610779927,0.00024541681610779927
MAP9-AS1,-0.00024541681610779927,0.00024541681610779927
RHPN2,0.0002450650003681334,0.0002450650003681334
CERS3,-0.00024502788462176764,0.00024502788462176764
ENSG00000279035,-0.00024502788462176764,0.00024502788462176764
APOL3,0.00024484066153604114,0.00024484066153604114
BTN2A1,-0.00024463364766579856,0.00024463364766579856
ENSG00000248710,-0.00024400307886630437,0.00024400307886630437
RNF227,-0.00024339353824843002,0.00024339353824843002
UBXN11,-0.0002432988585202739,0.0002432988585202739
DHDDS,-0.00024289158109775045,0.00024289158109775045
ESRRG,-0.00024258051850508896,0.00024258051850508896
ENSG00000264058,-0.00024162864720790177,0.00024162864720790177
LRRFIP1P1,-0.0002416152172072403,0.0002416152172072403
LINC00641,0.00024138324920979314,0.00024138324920979314
CMIP,0.00024123429909384933,0.00024123429909384933
LSM5,-0.0002411671302165511,0.0002411671302165511
EXOG,-0.00024116278269031637,0.00024116278269031637
ZNF836,0.0002408257758548158,0.0002408257758548158
DGCR2,-0.0002402870804719161,0.0002402870804719161
EAF1,-0.0002386435737492023,0.0002386435737492023
H4C16,-0.00023830292506747214,0.00023830292506747214
GCOM1,-0.00023800120343731102,0.00023800120343731102
ADA2,-0.0002379423522528392,0.0002379423522528392
THAP6,-0.00023786096076560689,0.00023786096076560689
ZNF155,-0.00023783009141304412,0.00023783009141304412
ZNF8,0.00023766132792884924,0.00023766132792884924
LINC01695,0.00023715387343881708,0.00023715387343881708
MORN1,0.00023714142173222966,0.00023714142173222966
ENSG00000285850,0.00023709042742772296,0.00023709042742772296
SRRM2,0.0002368264070659422,0.0002368264070659422
RB1CC1,0.00023659550643559776,0.00023659550643559776
DNTTIP1,0.0002361420939783107,0.0002361420939783107
CCDC102A,0.0002361420939783107,0.0002361420939783107
ENSG00000284968,-0.00023602083003860963,0.00023602083003860963
CCDC69,-0.00023573216191193286,0.00023573216191193286
SLC4A1AP,-0.00023552040090937725,0.00023552040090937725
UNKL,-0.00023525436293113646,0.00023525436293113646
LUC7L,0.00023521557646526803,0.00023521557646526803
FAM168A,0.00023503717014622876,0.00023503717014622876
FAM86EP,-0.00023483230565391521,0.00023483230565391521
WHAMMP3,0.00023449901737025616,0.00023449901737025616
TPTEP2-CSNK1E,0.00023449901737025616,0.00023449901737025616
PTPRO,0.00023449901737025616,0.00023449901737025616
PRR5-ARHGAP8,0.00023449901737025616,0.00023449901737025616
LGALS3,-0.0002343593168847666,0.0002343593168847666
C8orf44-SGK3,0.00023431279277736418,0.00023431279277736418
NEURL1B,-0.00023409288237418623,0.00023409288237418623
ISOC2,-0.00023409288237418623,0.00023409288237418623
GIMAP8,-0.0002331390525923683,0.0002331390525923683
ENSG00000289544,-0.0002331390525923683,0.0002331390525923683
NME7,-0.0002323372651006704,0.0002323372651006704
RPSAP69,0.00023199506925101232,0.00023199506925101232
MAP2K7,-0.0002319916081099174,0.0002319916081099174
MAN2A2,-0.00023162259142273285,0.00023162259142273285
MACO1,0.0002313676562799741,0.0002313676562799741
CENPQ,0.0002313676562799741,0.0002313676562799741
TNK2,-0.00023135043266567492,0.00023135043266567492
METTL16,0.00023080803619216666,0.00023080803619216666
IDI2-AS1,-0.0002307537739422094,0.0002307537739422094
LTBP1,0.0002306938262771823,0.0002306938262771823
TRAPPC12,-0.00023048020982064206,0.00023048020982064206
TGIF2,0.00023045872344829523,0.00023045872344829523
ZNF652,0.0002302063808848092,0.0002302063808848092
ARHGAP5,0.00023013463495005356,0.00023013463495005356
LUC7L2,0.0002298604971082957,0.0002298604971082957
CDKAL1,-0.00022980219660626909,0.00022980219660626909
LIN7C,-0.00022977688453483966,0.00022977688453483966
SCAI,-0.00022937459123097733,0.00022937459123097733
DNAJC11,-0.00022930742002264288,0.00022930742002264288
ZC3H7B,-0.0002292256863987274,0.0002292256863987274
POMT1,-0.00022921130488043787,0.00022921130488043787
TVP23C,-0.00022857459422701956,0.00022857459422701956
RRP1,-0.00022857459422701956,0.00022857459422701956
RNF144B,-0.0002281829787193355,0.0002281829787193355
MIR3142HG,-0.0002281829787193355,0.0002281829787193355
ENSG00000243445,-0.00022805499297724665,0.00022805499297724665
MDGA1,-0.0002280429913142082,0.0002280429913142082
ENSG00000263826,0.00022779077356971492,0.00022779077356971492
ENSG00000279233,0.00022779077356971492,0.00022779077356971492
VWA5A,-0.00022700617601105559,0.00022700617601105559
AMIGO2,-0.00022693206248624136,0.00022693206248624136
INSIG2,0.00022674064154184316,0.00022674064154184316
ZNF230-DT,-0.00022650529702383375,0.00022650529702383375
ZNF106,0.0002263311320337189,0.0002263311320337189
MTCO3P12,-0.00022630812545711555,0.00022630812545711555
MICAL3,0.0002259565452841902,0.0002259565452841902
ENSG00000289690,-0.0002252675844667122,0.0002252675844667122
ZCCHC8,-0.00022514098240653828,0.00022514098240653828
DPY19L1,0.00022491721602279594,0.00022491721602279594
COL13A1,0.0002246458208804967,0.0002246458208804967
ENSG00000273870,-0.00022415433064773986,0.00022415433064773986
COPA,-0.00022387739278545546,0.00022387739278545546
GMPPB,-0.0002237466567989009,0.0002237466567989009
GOLGA8A,0.00022356573640027244,0.00022356573640027244
VTI1A,0.00022346845247743686,0.00022346845247743686
CLU,0.00022345295409186575,0.00022345295409186575
TBXA2R,0.00022345295409186575,0.00022345295409186575
ENSG00000255882,0.00022345295409186575,0.00022345295409186575
GARS1,-0.0002232561257193427,0.0002232561257193427
ENSG00000233406,-0.00022314857808899833,0.00022314857808899833
SNRNP200,-0.00022288905106519785,0.00022288905106519785
HAUS6,-0.0002226885115694619,0.0002226885115694619
NRAV,-0.0002226885115694619,0.0002226885115694619
PLCD3,-0.00022135226589895245,0.00022135226589895245
CNKSR3,-0.00022032397191705668,0.00022032397191705668
ENSG00000283341,-0.00022006136700433474,0.00022006136700433474
ERICD,-0.00022006136700433474,0.00022006136700433474
ENSG00000257894,-0.00022006136700433474,0.00022006136700433474
MPP7-DT,-0.00022006136700433474,0.00022006136700433474
ENSG00000272906,-0.00022006136700433474,0.00022006136700433474
H2BC8,-0.00022006136700433474,0.00022006136700433474
NFASC,0.00022005821540896307,0.00022005821540896307
PDIA3P1,-0.0002195379174322229,0.0002195379174322229
ESCO1,0.00021936543471274308,0.00021936543471274308
ENSG00000267892,0.00021914565373653736,0.00021914565373653736
ENSG00000272631,0.00021914565373653736,0.00021914565373653736
ZNF627,0.00021914565373653736,0.00021914565373653736
EPM2A,-0.0002185770701655754,0.0002185770701655754
ENSG00000260566,-0.00021798193585775562,0.00021798193585775562
ENSG00000254578,0.00021796165625050483,0.00021796165625050483
SERPINB9P1,0.00021777393683817815,0.00021777393683817815
PLEKHH2,-0.0002174280151193883,0.0002174280151193883
KANSL1L,0.0002173770355815358,0.0002173770355815358
COL6A1,-0.00021703369331934293,0.00021703369331934293
CTR9,0.00021682878054334366,0.00021682878054334366
ATXN1L,-0.0002167662253865401,0.0002167662253865401
SQLE,0.00021661817001029145,0.00021661817001029145
MRPL4,-0.00021642824529464612,0.00021642824529464612
CC2D1B,0.00021613863972177265,0.00021613863972177265
EVI5,0.00021602619519212103,0.00021602619519212103
ENSG00000291185,0.00021596039046556433,0.00021596039046556433
MPPE1,-0.00021578738236554295,0.00021578738236554295
PIK3CA,-0.00021565295011045514,0.00021565295011045514
NAALADL2,0.00021532519145084757,0.00021532519145084757
IFNAR2,0.0002147460750977369,0.0002147460750977369
MET,0.00021469992077617522,0.00021469992077617522
ZC3H12B,-0.0002146781743173558,0.0002146781743173558
TOM1L2,-0.0002146781743173558,0.0002146781743173558
DUSP4,-0.0002146781743173558,0.0002146781743173558
ENSG00000215146,-0.0002146781743173558,0.0002146781743173558
PTBP3,0.00021425158452195283,0.00021425158452195283
OAZ1,-0.00021420741722400342,0.00021420741722400342
ENSG00000291065,0.00021414331781747457,0.00021414331781747457
DHRS9,0.00021414331781747457,0.00021414331781747457
TRIM58,0.00021414331781747457,0.00021414331781747457
CD9,0.00021414331781747457,0.00021414331781747457
ELP6,0.00021414331781747457,0.00021414331781747457
ERF,0.00021399434696352064,0.00021399434696352064
LINC02482,-0.00021369168858322146,0.00021369168858322146
MOSPD2,-0.00021369168858322146,0.00021369168858322146
TRIM8,-0.00021369168858322146,0.00021369168858322146
NME9,-0.00021369168858322146,0.00021369168858322146
LIFR-AS1,-0.00021369168858322146,0.00021369168858322146
ABHD8,-0.00021369168858322146,0.00021369168858322146
FBXW2,-0.00021369168858322146,0.00021369168858322146
AQP11,-0.00021369168858322146,0.00021369168858322146
BTG1-DT,-0.00021369168858322146,0.00021369168858322146
DHFR,-0.00021369168858322146,0.00021369168858322146
EPCAM-DT,-0.00021369168858322146,0.00021369168858322146
LZTR1,-0.00021369168858322146,0.00021369168858322146
MAMSTR,-0.00021369168858322146,0.00021369168858322146
C20orf27,-0.00021369168858322146,0.00021369168858322146
ENSG00000261118,-0.00021369168858322146,0.00021369168858322146
ZNF888-AS1,-0.00021369168858322146,0.00021369168858322146
BUD23,-0.00021369168858322146,0.00021369168858322146
RPE,-0.00021369168858322146,0.00021369168858322146
SMC4,-0.00021369168858322146,0.00021369168858322146
ENSG00000278206,-0.00021369168858322146,0.00021369168858322146
SLC28A2,-0.00021369168858322146,0.00021369168858322146
LRRFIP2,-0.00021368772085863694,0.00021368772085863694
RFC2,-0.000213628042289478,0.000213628042289478
NRG4,-0.000213628042289478,0.000213628042289478
CRTAP,0.00021356414280393417,0.00021356414280393417
CUBN,-0.00021348641634507862,0.00021348641634507862
ENSG00000213598,-0.00021342992918153792,0.00021342992918153792
LINC01341,-0.00021325518903734977,0.00021325518903734977
UBE3A,0.00021322463404448792,0.00021322463404448792
STIMATE-MUSTN1,-0.00021295020641440897,0.00021295020641440897
ARPC5,0.00021266301230802274,0.00021266301230802274
THAP9-AS1,0.00021231943533339218,0.00021231943533339218
PRMT1,-0.00021231707037487087,0.00021231707037487087
RCN3,-0.0002122617058928659,0.0002122617058928659
SLC8A1,0.00021210632670401732,0.00021210632670401732
C6orf132,-0.00021174987542992572,0.00021174987542992572
RPL21P120,0.00021123594903747618,0.00021123594903747618
CCDC157,-0.0002106926002816516,0.0002106926002816516
DPP8,-0.00021065601277896152,0.00021065601277896152
CDC42EP4,-0.0002105375579237229,0.0002105375579237229
MAPKAPK2,-0.0002104490000606624,0.0002104490000606624
ZDHHC14,0.00020970060383865982,0.00020970060383865982
PPP2CA,0.00020948921312389802,0.00020948921312389802
GTPBP10,0.00020939918346932722,0.00020939918346932722
COQ5,0.00020909077001700084,0.00020909077001700084
IFITM3,0.00020895039888563607,0.00020895039888563607
TIMM44,-0.00020878458540718692,0.00020878458540718692
USP38,-0.00020831999227901812,0.00020831999227901812
KIAA0040,0.00020831988155958333,0.00020831988155958333
SCAMP1,-0.00020825063208145103,0.00020825063208145103
KDM1A,-0.00020823963574626746,0.00020823963574626746
HSPG2,-0.0002081936812280885,0.0002081936812280885
ENSG00000244331,0.00020805117442924384,0.00020805117442924384
ENSG00000285650,-0.00020774144303912207,0.00020774144303912207
CYP2S1,-0.00020774144303912207,0.00020774144303912207
TNFRSF21,-0.00020774144303912207,0.00020774144303912207
CHEK2,-0.00020774144303912207,0.00020774144303912207
MLANA,-0.00020774144303912207,0.00020774144303912207
C5orf34,-0.00020774144303912207,0.00020774144303912207
KIF9-AS1,-0.00020774144303912207,0.00020774144303912207
ENSG00000240103,-0.00020774144303912207,0.00020774144303912207
TMEM222,-0.00020774144303912207,0.00020774144303912207
SMYD3,-0.00020768914028514228,0.00020768914028514228
LANCL2,0.00020752560835388755,0.00020752560835388755
EIF4A1P8,-0.00020716472332974622,0.00020716472332974622
INTS7,-0.00020716472332974622,0.00020716472332974622
SBSN,-0.00020716472332974622,0.00020716472332974622
SCN1B,-0.00020716472332974622,0.00020716472332974622
ENSG00000250132,-0.00020716472332974622,0.00020716472332974622
TNN,-0.00020716472332974622,0.00020716472332974622
PSMD2,-0.00020716472332974622,0.00020716472332974622
ATP1B2,-0.00020716472332974622,0.00020716472332974622
GPR153,-0.00020716472332974622,0.00020716472332974622
CHRNA5,-0.00020716472332974622,0.00020716472332974622
LRRC8D,-0.00020716472332974622,0.00020716472332974622
ENSG00000213087,-0.00020716472332974622,0.00020716472332974622
FAM183A,-0.00020716472332974622,0.00020716472332974622
KRT80,-0.00020651005408575893,0.00020651005408575893
TUBB2A,-0.00020651005408575893,0.00020651005408575893
KCND1,-0.00020651005408575893,0.00020651005408575893
ENSG00000279927,-0.00020651005408575893,0.00020651005408575893
RALGAPB,-0.00020651005408575893,0.00020651005408575893
ZBTB40,-0.00020651005408575893,0.00020651005408575893
FRAT1,-0.00020651005408575893,0.00020651005408575893
CEP128,-0.00020651005408575893,0.00020651005408575893
ENSG00000250068,-0.00020651005408575893,0.00020651005408575893
CACFD1,-0.00020651005408575893,0.00020651005408575893
RSC1A1,-0.00020651005408575893,0.00020651005408575893
HECTD3,-0.00020651005408575893,0.00020651005408575893
ARRDC1-AS1,-0.00020651005408575893,0.00020651005408575893
LIMS1,-0.0002064796897077976,0.0002064796897077976
TMEM250,0.0002062119604328026,0.0002062119604328026
F2RL1,-0.00020593333437638747,0.00020593333437638747
RPS24P8,-0.00020593333437638747,0.00020593333437638747
LRFN3,-0.00020593333437638747,0.00020593333437638747
PDIA5,-0.00020593333437638747,0.00020593333437638747
SLC44A1,-0.00020593333437638747,0.00020593333437638747
ZNF664,-0.00020593333437638747,0.00020593333437638747
GPATCH8,-0.00020593333437638747,0.00020593333437638747
BOK,-0.00020593333437638747,0.00020593333437638747
ENSG00000269982,-0.00020593333437638747,0.00020593333437638747
LINC00562,-0.00020593333437638747,0.00020593333437638747
MOXD1,-0.00020593333437638747,0.00020593333437638747
YWHAH,-0.00020584759210377952,0.00020584759210377952
LRRFIP1,0.000205772190921197,0.000205772190921197
PML,-0.00020553637176898268,0.00020553637176898268
SFMBT2,-0.00020546498105310132,0.00020546498105310132
DLD,-0.00020514158901071102,0.00020514158901071102
CD164,0.00020501571971838657,0.00020501571971838657
NAA38,0.00020483730645911257,0.00020483730645911257
HMGB1P20,-0.0002044286021129845,0.0002044286021129845
RN7SL510P,-0.0002044286021129845,0.0002044286021129845
CSNK1G2-AS1,-0.0002044286021129845,0.0002044286021129845
USF1,-0.0002044286021129845,0.0002044286021129845
ENSG00000259529,-0.0002044286021129845,0.0002044286021129845
MIR100HG,-0.0002043222465911559,0.0002043222465911559
RNF216P1,0.0002041868077458617,0.0002041868077458617
VTA1,-0.00020372337608022244,0.00020372337608022244
MYCBP,-0.00020353986112187723,0.00020353986112187723
BRSK2,-0.00020337847008510297,0.00020337847008510297
ENSG00000269388,-0.00020337847008510297,0.00020337847008510297
MATCAP2,-0.00020337847008510297,0.00020337847008510297
TLR1,-0.00020337847008510297,0.00020337847008510297
SUMO2,-0.00020337847008510297,0.00020337847008510297
TRIM41,-0.00020315453131543554,0.00020315453131543554
PTPRD,-0.00020311868459629888,0.00020311868459629888
ST3GAL3,-0.00020292400133567522,0.00020292400133567522
SPATS2L,-0.00020285061286072926,0.00020285061286072926
ITCH,0.00020227828904382147,0.00020227828904382147
ENSG00000213560,0.0002021357019602559,0.0002021357019602559
YBX3P1,0.0002021357019602559,0.0002021357019602559
TNKS1BP1,-0.00020186099887676225,0.00020186099887676225
CCR7,0.00020177395449476283,0.00020177395449476283
INTS14,0.00020177395449476283,0.00020177395449476283
ZNF578,0.0002016958412595691,0.0002016958412595691
SKIC8,-0.00020158545789303922,0.00020158545789303922
FURIN,0.00020141045884582414,0.00020141045884582414
NARS1,0.00020141045884582414,0.00020141045884582414
ADCY9,-0.00020112017553022886,0.00020112017553022886
RINL,0.00020086434092191546,0.00020086434092191546
DERL1,-0.00020063784793542685,0.00020063784793542685
IER3IP1,0.0002005151142027816,0.0002005151142027816
FOSL2,0.00020046723658644335,0.00020046723658644335
GID8,0.00020022917693409212,0.00020022917693409212
FCGR2C,0.00020022917693409212,0.00020022917693409212
NDEL1,0.00019976667377683547,0.00019976667377683547
LZTFL1,-0.0001994147221499191,0.0001994147221499191
LYAR,-0.0001994147221499191,0.0001994147221499191
NUPR1,-0.0001994147221499191,0.0001994147221499191
HOXB4,-0.0001994147221499191,0.0001994147221499191
UTS2,-0.0001994147221499191,0.0001994147221499191
CD248,-0.0001994147221499191,0.0001994147221499191
NEK5,-0.0001994147221499191,0.0001994147221499191
HCFC1R1,-0.0001994147221499191,0.0001994147221499191
NFIX,-0.0001994147221499191,0.0001994147221499191
ENTPD7,0.00019892828958648442,0.00019892828958648442
VSIR,-0.00019844920352416986,0.00019844920352416986
PSMD9,-0.00019844920352416986,0.00019844920352416986
LRRTM2,-0.00019826349217697892,0.00019826349217697892
HMGN3-AS1,-0.0001980024783582059,0.0001980024783582059
TTC39B,0.0001977267193262578,0.0001977267193262578
ACSL1,-0.00019735230388293997,0.00019735230388293997
ENSG00000291055,0.00019708129167849035,0.00019708129167849035
CHML,0.0001968862330543316,0.0001968862330543316
CAMTA2,0.00019682637906766781,0.00019682637906766781
CASP1,0.00019682637906766781,0.00019682637906766781
CCDC14,-0.00019681820928415435,0.00019681820928415435
C18orf25,-0.00019595845910214894,0.00019595845910214894
ATXN1,-0.00019582783658741358,0.00019582783658741358
KMT5A,0.00019572352741790256,0.00019572352741790256
ENSG00000291107,0.00019556115747205205,0.00019556115747205205
C2orf69,-0.00019550640108682133,0.00019550640108682133
DCTN1,0.00019502930995480454,0.00019502930995480454
HERPUD2-AS1,0.0001950215509981527,0.0001950215509981527
PCDHGC3,0.00019475231727720553,0.00019475231727720553
ENSG00000259952,-0.00019455257130500698,0.00019455257130500698
CLUH,-0.00019455257130500698,0.00019455257130500698
ENSG00000265490,-0.00019450476125832511,0.00019450476125832511
TMEM45A,0.0001941565384283871,0.0001941565384283871
STON2,0.0001939868958408572,0.0001939868958408572
RPL5P9,0.00019395677256086994,0.00019395677256086994
AASDH,-0.00019371464834423707,0.00019371464834423707
GRAMD1B,0.0001933115554487352,0.0001933115554487352
ZNF669,-0.00019317041324094761,0.00019317041324094761
PSMD6,0.000192871132751121,0.000192871132751121
HAP1,0.000192696634198404,0.000192696634198404
HNMT,0.00019257349458194997,0.00019257349458194997
ANXA3,0.0001924620462262662,0.0001924620462262662
HSPD1,0.00019228992370188617,0.00019228992370188617
ENSG00000216316,-0.00019225435451369395,0.00019225435451369395
MCM7,0.00019199208197029645,0.00019199208197029645
CD320,-0.0001916576862156495,0.0001916576862156495
CFLAR-AS1,0.00019154696014309295,0.00019154696014309295
CBR3-AS1,0.0001913708389206565,0.0001913708389206565
RPL36P14,-0.00019046366049838887,0.00019046366049838887
ATXN2,-0.00019042730008869005,0.00019042730008869005
MORF4L1,-0.00019027497789747045,0.00019027497789747045
GAPDHP65,-0.00019024623118473396,0.00019024623118473396
ENSG00000254780,-0.0001900883575776835,0.0001900883575776835
MIS18BP1,0.00018993076011332313,0.00018993076011332313
HAGHL,-0.00018973603411696728,0.00018973603411696728
WDR13,-0.00018905887894096242,0.00018905887894096242
PDLIM5,0.00018895241079954379,0.00018895241079954379
TRIM5,0.00018883555255012262,0.00018883555255012262
TPO,0.00018875180081220441,0.00018875180081220441
RECQL,0.00018871804819010828,0.00018871804819010828
LARP1,-0.00018856939294382318,0.00018856939294382318
ENSG00000188897,0.00018845260772343243,0.00018845260772343243
MGMT,-0.00018825616279988353,0.00018825616279988353
SSR1,-0.00018822165397606132,0.00018822165397606132
WDR82,0.00018802798873275204,0.00018802798873275204
ENSG00000259976,-0.0001873731412322227,0.0001873731412322227
SNRNP27,0.0001867473576849804,0.0001867473576849804
PLCE1,-0.0001859539626884854,0.0001859539626884854
YY1,0.0001858488628633695,0.0001858488628633695
TRERF1,0.00018545062944038613,0.00018545062944038613
ENSG00000272800,0.00018530845584867898,0.00018530845584867898
EMP2,-0.00018526954719400292,0.00018526954719400292
UBFD1,0.00018519572862490488,0.00018519572862490488
CCDC97,0.00018506753300604216,0.00018506753300604216
COG7,0.0001848664728042318,0.0001848664728042318
ARL16,0.0001848664728042318,0.0001848664728042318
TTLL12,0.0001848664728042318,0.0001848664728042318
TSPAN5,-0.0001837468045925806,0.0001837468045925806
JAM2,0.00018366178288968228,0.00018366178288968228
LPP,0.00018360157121445985,0.00018360157121445985
UBE2E3,-0.00018346170748091434,0.00018346170748091434
UBE2V2,-0.00018346170748091434,0.00018346170748091434
ENSG00000231702,0.0001833328331945298,0.0001833328331945298
FAT2,-0.00018328859401436578,0.00018328859401436578
PDHB,0.00018303838855415424,0.00018303838855415424
HSPA12A,0.00018254915031066805,0.00018254915031066805
GNA12,-0.00018251312397673218,0.00018251312397673218
CEP55,0.00018236110579722127,0.00018236110579722127
PDE8A,-0.00018231158347969953,0.00018231158347969953
PIEZO1,0.0001819250524776312,0.0001819250524776312
IRAK4,0.00018181160994241733,0.00018181160994241733
NR4A3,-0.00018163427545832137,0.00018163427545832137
RPL18AP16,0.00018154902832856834,0.00018154902832856834
NES,0.00018122007065101743,0.00018122007065101743
MRPL51,0.00018109464777256418,0.00018109464777256418
MED24,-0.0001807999123385006,0.0001807999123385006
MALT1,-0.00017940188591902394,0.00017940188591902394
SKP1,0.00017939298078684487,0.00017939298078684487
WDSUB1,0.00017917188431395398,0.00017917188431395398
BEST1,0.00017901518976650202,0.00017901518976650202
DNPEP,-0.00017901518976649698,0.00017901518976649698
ANKRD44,0.00017896760469931952,0.00017896760469931952
MRS2P2,-0.00017864557243057382,0.00017864557243057382
EPM2AIP1,0.00017833109634517278,0.00017833109634517278
DPT,0.00017823631655714835,0.00017823631655714835
ELF2,-0.00017673681230275033,0.00017673681230275033
AGR2,-0.00017646227329952465,0.00017646227329952465
TMTC4,-0.00017646227329952465,0.00017646227329952465
TOB1-AS1,-0.00017646227329952465,0.00017646227329952465
TBC1D32,-0.00017597300493848742,0.00017597300493848742
CD300LG,-0.00017557367106441272,0.00017557367106441272
SRP68,0.000175556836530366,0.000175556836530366
PFKFB3,0.00017500414230086817,0.00017500414230086817
TMED5,0.00017472202787275422,0.00017472202787275422
TGS1,-0.0001745875231731298,0.0001745875231731298
UNG,0.0001745438958843276,0.0001745438958843276
TBC1D9B,0.00017446212877438692,0.00017446212877438692
ZNF407,0.0001741582279070802,0.0001741582279070802
ATP8A1,0.0001738843662199821,0.0001738843662199821
RYBP,0.00017376789033036953,0.00017376789033036953
DOK3,0.00017350137367418947,0.00017350137367418947
CCAR2,-0.00017333288703140872,0.00017333288703140872
EFEMP1,-0.00017329834327014818,0.00017329834327014818
MBD2,-0.00017314921888682587,0.00017314921888682587
MAN2A1,-0.00017223264866102352,0.00017223264866102352
ALCAM,0.00017209993704477003,0.00017209993704477003
PPP4C,0.00017209993704477003,0.00017209993704477003
ENSG00000269989,0.00017209993704477003,0.00017209993704477003
ENSG00000262700,0.00017209993704477003,0.00017209993704477003
IL10,0.00017209993704477003,0.00017209993704477003
HPF1,0.00017209993704477003,0.00017209993704477003
TBC1D12,0.00017209993704477003,0.00017209993704477003
ENSG00000289832,0.00017209993704477003,0.00017209993704477003
IMMP1L,0.00017209993704477003,0.00017209993704477003
SEC23B,0.00017209993704477003,0.00017209993704477003
PPOX,0.00017209993704477003,0.00017209993704477003
PPP2CB,0.00017209993704477003,0.00017209993704477003
RASIP1,0.00017209993704477003,0.00017209993704477003
C1orf74,0.00017209993704477003,0.00017209993704477003
ENSG00000261193,0.00017209993704477003,0.00017209993704477003
LINC00592,0.00017209993704477003,0.00017209993704477003
CABLES1,0.00017209993704477003,0.00017209993704477003
TRGV4,0.00017209993704477003,0.00017209993704477003
CCR10,0.00017209993704477003,0.00017209993704477003
ENSG00000279278,0.00017209993704477003,0.00017209993704477003
METTL25,0.00017209993704477003,0.00017209993704477003
ZNF883,0.00017209993704477003,0.00017209993704477003
MRPL34,0.00017209993704477003,0.00017209993704477003
DYNLT1,0.00017209993704477003,0.00017209993704477003
CSDE1,-0.0001718718873558148,0.0001718718873558148
PERP,-0.0001718718873558148,0.0001718718873558148
CCL21,-0.00017150562262422206,0.00017150562262422206
NEDD4L,-0.000170696351590356,0.000170696351590356
MAP4K3-DT,-0.00016987101148268995,0.00016987101148268995
RPL17P26,-0.00016944613225434172,0.00016944613225434172
NACC2,0.00016938105144071074,0.00016938105144071074
FAM200B,-0.0001687877604557324,0.0001687877604557324
ENSG00000214776,-0.00016876524567487208,0.00016876524567487208
EML3,-0.00016876524567487208,0.00016876524567487208
PTBP1,0.00016864572081577895,0.00016864572081577895
SGK1,-0.00016834103528976573,0.00016834103528976573
MX1,-0.00016796011070747212,0.00016796011070747212
MROH1,-0.00016782920983617083,0.00016782920983617083
ENSG00000285928,0.0001677766980101914,0.0001677766980101914
ENSG00000259049,0.0001677766980101914,0.0001677766980101914
C11orf71,0.0001677766980101914,0.0001677766980101914
CDH1,0.00016774354977949836,0.00016774354977949836
ELOVL6,-0.0001676403159732907,0.0001676403159732907
OAZ1P1,-0.00016682574295735794,0.00016682574295735794
ENSG00000275185,-0.00016649685644118452,0.00016649685644118452
RCAN3,0.00016640797587305634,0.00016640797587305634
ZNF596,-0.00016634329586408616,0.00016634329586408616
ADGRF5,-0.00016611093698937177,0.00016611093698937177
TRMT61B,0.0001650307754052747,0.0001650307754052747
KIAA2026,0.0001650307754052747,0.0001650307754052747
PRELID1P6,0.0001650307754052747,0.0001650307754052747
U6,0.00016498028885549249,0.00016498028885549249
MRPS11,0.00016497198140977954,0.00016497198140977954
ZNF782,0.00016497198140977954,0.00016497198140977954
KIF1B,0.00016480981793004225,0.00016480981793004225
HM13,-0.00016417083865598078,0.00016417083865598078
RPL26P30,-0.00016387675544495301,0.00016387675544495301
RANBP10,-0.00016387675544495234,0.00016387675544495234
CCDC13-AS2,-0.00016387675544495234,0.00016387675544495234
ENSG00000286177,-0.00016387675544495234,0.00016387675544495234
LINC02861,-0.00016387675544495234,0.00016387675544495234
UQCC1,-0.00016387675544495234,0.00016387675544495234
CTU1,-0.00016387675544495234,0.00016387675544495234
GABPA,-0.00016387675544495234,0.00016387675544495234
SCAF1,-0.00016387675544495234,0.00016387675544495234
AQP9,-0.00016387675544495234,0.00016387675544495234
CREBL2,-0.00016387675544495234,0.00016387675544495234
ENSG00000265287,-0.00016387675544495234,0.00016387675544495234
ANO7,-0.00016387675544495234,0.00016387675544495234
SHROOM4,-0.00016376216787483363,0.00016376216787483363
COPS4,0.00016350887331382843,0.00016350887331382843
KYNU,-0.00016348489065790798,0.00016348489065790798
TRAPPC3,-0.00016342426319074628,0.00016342426319074628
ENSG00000234017,0.0001632374833466867,0.0001632374833466867
DMTF1,-0.00016277816512834812,0.00016277816512834812
CRPPA,-0.00016277816512834812,0.00016277816512834812
COPS5,0.00016227667546054572,0.00016227667546054572
KIF2A,-0.0001621830287094495,0.0001621830287094495
TAGAP-AS1,0.00016213646176727276,0.00016213646176727276
RBMXL1,0.00016172106600723254,0.00016172106600723254
GALNT18,0.00016172106600723254,0.00016172106600723254
SNCA,-0.00016109380222963787,0.00016109380222963787
HGS,0.00016086008024847264,0.00016086008024847264
ACOT13,0.0001604466956271336,0.0001604466956271336
LCOR,-0.00015912750891078375,0.00015912750891078375
UBXN8,-0.00015910168150679816,0.00015910168150679816
R3HDM4,-0.00015908037427238481,0.00015908037427238481
STMP1,-0.00015901858649583462,0.00015901858649583462
SPINK5,-0.00015898184699799227,0.00015898184699799227
GET1-SH3BGR,-0.00015895813334385227,0.00015895813334385227
SH3BGR,-0.00015895813334385227,0.00015895813334385227
TET3,0.00015884063511104797,0.00015884063511104797
KLHL25,0.00015817369140130335,0.00015817369140130335
WSCD1,-0.00015808967382528543,0.00015808967382528543
FOXN3-AS1,-0.00015808967382528543,0.00015808967382528543
DIAPH2-AS1,-0.0001576506187386919,0.0001576506187386919
MPRIP,0.00015762275275112077,0.00015762275275112077
ENSG00000285547,0.00015737718555799241,0.00015737718555799241
MELTF,0.00015722151678380353,0.00015722151678380353
FXR1,-0.00015699881384392226,0.00015699881384392226
ENSG00000273355,-0.00015623163036849831,0.00015623163036849831
CHST6,-0.00015619559149580365,0.00015619559149580365
ENSG00000282772,0.0001557580092605438,0.0001557580092605438
TIPRL,0.0001557580092605438,0.0001557580092605438
CXCL11,-0.00015552114734929644,0.00015552114734929644
TAF5L,-0.00015531722885243104,0.00015531722885243104
RPS15A,0.00015520502973604425,0.00015520502973604425
SPEN,0.00015483748460383594,0.00015483748460383594
ZFP28,-0.00015483198306501424,0.00015483198306501424
ITIH5,-0.00015460921687010247,0.00015460921687010247
ENSG00000253227,-0.00015448110598441708,0.00015448110598441708
UBN2,0.00015433627533182413,0.00015433627533182413
QTRT2,-0.0001542848895356925,0.0001542848895356925
SYNPO,0.00015418234290989947,0.00015418234290989947
ENSG00000279281,0.00015418234290989947,0.00015418234290989947
LINC00920,0.00015418234290989947,0.00015418234290989947
CDK12,0.00015418234290989947,0.00015418234290989947
TBC1D30,0.00015418234290989947,0.00015418234290989947
TPM3,-0.0001540469023723372,0.0001540469023723372
HDAC8,0.0001535130991902732,0.0001535130991902732
FJX1,-0.00015348465401569271,0.00015348465401569271
PLSCR4,0.0001532438267521116,0.0001532438267521116
ATP10A,-0.00015316328794030888,0.00015316328794030888
RNF187,-0.0001531216909981844,0.0001531216909981844
FAM241A,-0.0001531138262353355,0.0001531138262353355
L3MBTL2,0.00015277950061416324,0.00015277950061416324
ENSG00000229047,0.00015265228180889122,0.00015265228180889122
ZNF385D-AS1,0.00015265228180889122,0.00015265228180889122
MIR142HG,0.00015265228180889122,0.00015265228180889122
PLPP3,-0.00015229407240410471,0.00015229407240410471
MAN1B1,0.0001517930096692649,0.0001517930096692649
LRRC8C,0.00015162068397623336,0.00015162068397623336
ENSG00000289998,0.00015160214978101824,0.00015160214978101824
MEOX1,0.00015160214978101824,0.00015160214978101824
ENSG00000177699,0.00015160214978101824,0.00015160214978101824
ENSG00000259623,0.00015160214978101824,0.00015160214978101824
SEMA3G,-0.00015153594613081297,0.00015153594613081297
EPC1,-0.0001514529540839986,0.0001514529540839986
IL1R2,-0.00015122896196399189,0.00015122896196399189
CUL2,-0.00015122896196399189,0.00015122896196399189
ENSG00000267049,-0.00015122896196399189,0.00015122896196399189
PPP1R21,-0.00015122896196399189,0.00015122896196399189
ENSG00000259562,-0.00015122896196399189,0.00015122896196399189
SDE2,-0.00015122896196399189,0.00015122896196399189
SAMHD1,0.0001510274671039699,0.0001510274671039699
TOMM70,-0.0001509527923348843,0.0001509527923348843
CENPF,0.00015043580085328693,0.00015043580085328693
FOXK1,0.00015031882864244064,0.00015031882864244064
ERCC2,0.00014956923277407536,0.00014956923277407536
TRIM44,-0.00014954202020459758,0.00014954202020459758
FOXRED2,-0.00014919407397504767,0.00014919407397504767
TRIP10,0.00014914065758690433,0.00014914065758690433
C6orf89,-0.00014913254140932295,0.00014913254140932295
MKRN1,-0.00014902753143760387,0.00014902753143760387
ZNF227,-0.0001489238029246418,0.0001489238029246418
FAM149A,-0.00014891402426320602,0.00014891402426320602
SMG7-AS1,-0.00014860189293414898,0.00014860189293414898
SCN3A,-0.0001484966019699062,0.0001484966019699062
RAB6A,0.000148186137203744,0.000148186137203744
MMP3,0.000148186137203744,0.000148186137203744
ACTB,0.000148186137203744,0.000148186137203744
IDI1,0.000148186137203744,0.000148186137203744
SETBP1,0.00014815545951735577,0.00014815545951735577
CRYZL2P-SEC16B,0.0001480043215775619,0.0001480043215775619
ADAT1,-0.00014787213556860965,0.00014787213556860965
EXOSC9,0.0001477852492439981,0.0001477852492439981
SPNS2,0.0001477852492439981,0.0001477852492439981
ZNF641,-0.00014776606837372616,0.00014776606837372616
ENSG00000284825,0.0001477157530863628,0.0001477157530863628
INPP4A,-0.00014765945925149904,0.00014765945925149904
C5orf63,-0.00014739152026818842,0.00014739152026818842
EEF2K,0.000147311697765616,0.000147311697765616
BTAF1,0.00014719216964829035,0.00014719216964829035
NUDCD3,0.00014719216964829035,0.00014719216964829035
CD109,0.00014707164465107777,0.00014707164465107777
ENSG00000257027,-0.00014693287510589436,0.00014693287510589436
ACADSB,-0.00014689096029887408,0.00014689096029887408
SUZ12,0.00014652832598921624,0.00014652832598921624
NAALAD2,-0.0001460048954818265,0.0001460048954818265
LEPR,0.00014589539346166348,0.00014589539346166348
ELF3,0.00014589539346166348,0.00014589539346166348
WDR36,-0.0001458541297255123,0.0001458541297255123
C2CD4C,0.00014582678721425225,0.00014582678721425225
DIPK2B,0.00014580292727424355,0.00014580292727424355
ENSG00000280212,0.00014563582343589057,0.00014563582343589057
PSMA2,0.00014563582343589057,0.00014563582343589057
TMEM242,0.00014563582343589057,0.00014563582343589057
SLIT2,0.0001455818715113894,0.0001455818715113894
HOXA4,0.00014532418738503192,0.00014532418738503192
ENSG00000268081,0.0001452102750027961,0.0001452102750027961
RASGRF2,0.00014483421163125393,0.00014483421163125393
FAM153B,-0.0001447920927347847,0.0001447920927347847
PSMG1,0.0001442550735839207,0.0001442550735839207
ALPL,-0.00014379975130355283,0.00014379975130355283
PLEKHA8P1,0.000143323061774946,0.000143323061774946
TUBA1B,0.000143323061774946,0.000143323061774946
TOM1L1,-0.00014280984024710272,0.00014280984024710272
WRN,-0.00014265221115823952,0.00014265221115823952
ANKRD46,-0.00014238559153256037,0.00014238559153256037
LACTB,-0.00014215718247589525,0.00014215718247589525
HIP1R,0.00014174805968149518,0.00014174805968149518
KLHL23,-0.00014171685736017104,0.00014171685736017104
SNAPC5,-0.00014097938975961817,0.00014097938975961817
MBD3,-0.00014097938975961817,0.00014097938975961817
ENSG00000286488,-0.00014097938975961817,0.00014097938975961817
MAPKAPK5,0.00014091178030775395,0.00014091178030775395
ENSG00000206028,0.00014083278172027314,0.00014083278172027314
PCK1,0.00014073523569287617,0.00014073523569287617
CXADR,-0.0001407068044224194,0.0001407068044224194
IL17RA,0.0001406814181069543,0.0001406814181069543
ENSG00000283761,-0.0001406336861315399,0.0001406336861315399
FGF11,0.00014040908020883543,0.00014040908020883543
ENSG00000280273,0.00013993042479266686,0.00013993042479266686
ADNP,-0.00013973447014411968,0.00013973447014411968
JADE2,0.00013930263086956276,0.00013930263086956276
USP33,-0.0001391113644848194,0.0001391113644848194
KBTBD8,0.0001391113644848134,0.0001391113644848134
RAB11AP1,0.00013873032757494712,0.00013873032757494712
PACS1,-0.00013843313979493318,0.00013843313979493318
MOB3A,-0.00013789476871207599,0.00013789476871207599
PRKCSH,-0.0001378757920121548,0.0001378757920121548
SLC39A6,-0.0001378757920121548,0.0001378757920121548
HSPA8P5,-0.0001378757920121548,0.0001378757920121548
RNF207,-0.0001378757920121548,0.0001378757920121548
ENSG00000247903,0.00013782216818258275,0.00013782216818258275
DHRS3,0.00013782216818258275,0.00013782216818258275
KRT14,-0.00013774338837325794,0.00013774338837325794
VCP,-0.00013749929329945958,0.00013749929329945958
RIN1,0.00013706569869395227,0.00013706569869395227
MYLK-AS1,0.00013706569869395227,0.00013706569869395227
CYP4F24P,0.0001370416659884149,0.0001370416659884149
TTC5,0.0001366833481773515,0.0001366833481773515
SLC24A1,0.00013666267451246426,0.00013666267451246426
ANKH,-0.00013666244061832084,0.00013666244061832084
ITPR1,-0.00013633796679066734,0.00013633796679066734
MEIS2,-0.00013626697103511068,0.00013626697103511068
IGF2R,0.0001361596281859496,0.0001361596281859496
SLC39A10,-0.0001357802148605646,0.0001357802148605646
EIF4A1,0.00013569683331610949,0.00013569683331610949
ENSG00000256029,0.00013537750121965546,0.00013537750121965546
CEBPG,0.00013532110949356145,0.00013532110949356145
NFATC2IP,-0.00013422120325968544,0.00013422120325968544
DDIT4L,0.0001341066323791051,0.0001341066323791051
ATP5MC1P5,-0.0001334542856954786,0.0001334542856954786
MAP4,0.00013336111637719269,0.00013336111637719269
RN7SL170P,-0.0001333406466464728,0.0001333406466464728
ZNF532,-0.0001333406466464728,0.0001333406466464728
CCL2,-0.0001333406466464728,0.0001333406466464728
ZNF594,-0.0001333406466464728,0.0001333406466464728
SCN3B,-0.0001333406466464728,0.0001333406466464728
B4GALT3,-0.0001333406466464728,0.0001333406466464728
ABTB3,-0.0001333406466464728,0.0001333406466464728
MLLT10,-0.0001333406466464728,0.0001333406466464728
GHDC,-0.0001333406466464728,0.0001333406466464728
ENSG00000264860,-0.0001333406466464728,0.0001333406466464728
ADGRA3P1,-0.0001333406466464728,0.0001333406466464728
ENSG00000252690,-0.0001333406466464728,0.0001333406466464728
ZNF223,-0.0001333406466464728,0.0001333406466464728
CYS1,-0.0001333406466464728,0.0001333406466464728
POLR2F,-0.0001333406466464728,0.0001333406466464728
ARMCX4,-0.0001333406466464728,0.0001333406466464728
SOCS1,-0.0001333406466464728,0.0001333406466464728
ENSG00000286550,-0.0001333406466464728,0.0001333406466464728
NOS1AP,-0.0001333406466464728,0.0001333406466464728
WDR55,-0.0001333406466464728,0.0001333406466464728
ENSG00000274949,-0.0001333406466464728,0.0001333406466464728
HUNK,0.00013317657866547468,0.00013317657866547468
NAP1L1,0.00013277043621776416,0.00013277043621776416
FMNL2,-0.00013276392693710497,0.00013276392693710497
ENSG00000261532,-0.00013276392693710497,0.00013276392693710497
RABGAP1L-IT1,-0.00013276392693710497,0.00013276392693710497
PES1,-0.00013276392693710497,0.00013276392693710497
SHCBP1,-0.00013276392693710497,0.00013276392693710497
KCNQ1,-0.00013276392693710497,0.00013276392693710497
XYLT2,-0.00013276392693710497,0.00013276392693710497
NAGK,-0.00013276392693710497,0.00013276392693710497
SULT1E1,-0.00013276392693710497,0.00013276392693710497
ZNF17,-0.00013276392693710497,0.00013276392693710497
THAP10,-0.00013276392693710497,0.00013276392693710497
PDE6G,-0.00013276392693710497,0.00013276392693710497
ENSG00000263731,-0.00013276392693710497,0.00013276392693710497
STIL,-0.00013276392693710497,0.00013276392693710497
ENSG00000266980,-0.00013276392693710497,0.00013276392693710497
PGP,-0.00013276392693710497,0.00013276392693710497
RALBP1,-0.00013266550959064146,0.00013266550959064146
FAM110D,0.00013233839616044174,0.00013233839616044174
HOMEZ,0.00013226358748028876,0.00013226358748028876
CRTAC1,0.00013226358748028876,0.00013226358748028876
GIT2,0.00013201530722505773,0.00013201530722505773
SMARCAD1,-0.00013180492390837473,0.00013180492390837473
PNMA1,0.00013180051357514108,0.00013180051357514108
PALD1,0.00013169717293406524,0.00013169717293406524
DMAC2,0.00013141267596644636,0.00013141267596644636
MMADHCP2,-0.0001309812724602519,0.0001309812724602519
OSBPL2,-0.00013057311221247682,0.00013057311221247682
HOXC11,0.00013027764019746778,0.00013027764019746778
ATP6V1E1,0.00013012643723621538,0.00013012643723621538
SPNS1,0.00012993716478209002,0.00012993716478209002
FOXRED1,-0.00012985606088229215,0.00012985606088229215
ASAH2B,-0.00012985606088229215,0.00012985606088229215
OBSL1,-0.00012985606088229215,0.00012985606088229215
ACTG1,-0.0001294455327323701,0.0001294455327323701
ENSG00000231881,-0.00012943160555333168,0.00012943160555333168
APPL1,-0.000129429747015563,0.000129429747015563
ZNF286A,-0.00012920611903113142,0.00012920611903113142
GPC1,-0.000128981067944857,0.000128981067944857
C3,-0.00012844550327395106,0.00012844550327395106
NARF-AS2,0.0001283179266107202,0.0001283179266107202
ENSG00000291078,0.00012822498979961512,0.00012822498979961512
TDG,-0.0001281695785942479,0.0001281695785942479
RBM19,-0.00012787852399361114,0.00012787852399361114
RAB5B,0.00012764732181842284,0.00012764732181842284
CPTP,0.00012763344968044296,0.00012763344968044296
BLTP1,-0.00012753128822277904,0.00012753128822277904
LINC01133,-0.0001273797280248804,0.0001273797280248804
ZNF462,0.00012735462505229376,0.00012735462505229376
DSE,0.00012735007879273165,0.00012735007879273165
SGSM3,-0.00012732990131475696,0.00012732990131475696
ST20-AS1,-0.00012728391276406193,0.00012728391276406193
GAS1RR,-0.0001271677802405958,0.0001271677802405958
ENSG00000291181,-0.0001271677802405958,0.0001271677802405958
SLC35E2B,-0.00012688925946188423,0.00012688925946188423
RASSF5,0.00012674804247598414,0.00012674804247598414
GSTM2,0.00012674804247598414,0.00012674804247598414
ENSG00000261684,-0.00012615880155082224,0.00012615880155082224
ENSG00000285942,-0.00012615880155082224,0.00012615880155082224
UBOX5,-0.00012595558952393452,0.00012595558952393452
GSTCD,0.00012570540793311593,0.00012570540793311593
AKAP1,-0.00012513706069344473,0.00012513706069344473
SLC25A46,0.00012512308167490354,0.00012512308167490354
ATF7IP,-0.0001247835553365698,0.0001247835553365698
LRP10,-0.00012464758428186215,0.00012464758428186215
PHTF1,-0.00012450784364819996,0.00012450784364819996
AP1AR,-0.00012410427646039412,0.00012410427646039412
RNASEH2C,-0.0001238870571422175,0.0001238870571422175
P2RX1,0.00012378213878101087,0.00012378213878101087
ENSG00000290548,-0.0001233826425734085,0.0001233826425734085
SSH2,0.00012317485407938868,0.00012317485407938868
C3orf52,0.0001228591696874329,0.0001228591696874329
E2F3,0.0001228591696874329,0.0001228591696874329
RPS27AP16,0.0001228591696874329,0.0001228591696874329
PSMC2,0.0001228591696874329,0.0001228591696874329
HES6,0.0001228591696874329,0.0001228591696874329
DNASE2,0.0001228591696874329,0.0001228591696874329
RBL1,0.0001228591696874329,0.0001228591696874329
FLJ40194,0.0001228591696874329,0.0001228591696874329
HYPK,0.0001228591696874329,0.0001228591696874329
TP53INP1,0.0001228591696874329,0.0001228591696874329
ATP5F1EP2,0.0001228591696874329,0.0001228591696874329
RBBP6,0.0001228591696874329,0.0001228591696874329
CCDC28B,0.0001228591696874329,0.0001228591696874329
ASF1A,0.0001228591696874329,0.0001228591696874329
ENSG00000265136,0.0001228591696874329,0.0001228591696874329
PDCD4-AS1,0.0001228591696874329,0.0001228591696874329
ENSG00000234607,0.0001228591696874329,0.0001228591696874329
CDKN1C,0.0001228591696874329,0.0001228591696874329
GJA9,0.0001228591696874329,0.0001228591696874329
TMEM17,0.0001228591696874329,0.0001228591696874329
CNOT8,0.0001228591696874329,0.0001228591696874329
RPL37A-DT,-0.00012285617345917968,0.00012285617345917968
DHFR2,-0.00012285617345917968,0.00012285617345917968
LYPLAL1,-0.00012285617345917968,0.00012285617345917968
PTCD2,-0.00012285617345917968,0.00012285617345917968
FAM218A,-0.00012285617345917968,0.00012285617345917968
GAS2,-0.00012285617345917968,0.00012285617345917968
PROZ,-0.00012285617345917968,0.00012285617345917968
ENSG00000255928,-0.00012285617345917968,0.00012285617345917968
GDF7,-0.00012285617345917968,0.00012285617345917968
ENSG00000270100,-0.00012285617345917968,0.00012285617345917968
SEPSECS-AS1,-0.00012285617345917968,0.00012285617345917968
MICU1,-0.00012285617345917968,0.00012285617345917968
ENSG00000278291,-0.00012285617345917968,0.00012285617345917968
CLSTN2,0.000122522551035201,0.000122522551035201
PCDHB9,0.00012234389493926169,0.00012234389493926169
ENSG00000254777,-0.00012229731861664275,0.00012229731861664275
XPO6,0.00012228244997805607,0.00012228244997805607
FAM238A,0.00012228244997805607,0.00012228244997805607
ENSG00000266877,0.00012228244997805607,0.00012228244997805607
ARPP19P2,0.00012228244997805607,0.00012228244997805607
PALB2,0.00012228244997805607,0.00012228244997805607
PPIAP40,0.00012228244997805607,0.00012228244997805607
CTBP1-AS,0.00012228244997805607,0.00012228244997805607
LCMT1,0.00012228244997805607,0.00012228244997805607
ENSG00000280202,0.00012228244997805607,0.00012228244997805607
DUXAP8,0.00012228244997805607,0.00012228244997805607
PLPPR2,0.00012228244997805607,0.00012228244997805607
MIER3,0.00012228244997805607,0.00012228244997805607
UBE4A,0.00012228244997805607,0.00012228244997805607
GGT7,0.00012228244997805607,0.00012228244997805607
ENSG00000217231,0.00012228244997805607,0.00012228244997805607
ZNF823,0.00012228244997805607,0.00012228244997805607
ENSG00000278991,0.00012228244997805607,0.00012228244997805607
ENSG00000260371,0.00012228244997805607,0.00012228244997805607
LIMK2,0.0001222274653777539,0.0001222274653777539
RPL17P51,-0.00012214301868768702,0.00012214301868768702
NHSL2,-0.00012147124259106024,0.00012147124259106024
PGAP2,0.00012117181818280712,0.00012117181818280712
ENSG00000233783,-0.00012072329162281147,0.00012072329162281147
ATP1A1-AS1,-0.00011990650525926414,0.00011990650525926414
FAM131A,-0.00011957555623217122,0.00011957555623217122
SIRPB1,0.00011945376216232722,0.00011945376216232722
MBNL1,-0.00011935418856182767,0.00011935418856182767
ENSG00000284526,0.00011928333275426425,0.00011928333275426425
SELENOP,0.000118984737238617,0.000118984737238617
TMEM119,0.00011881486989699996,0.00011881486989699996
CXCL10,-0.000118572787924209,0.000118572787924209
RABL2A,-0.000118572787924209,0.000118572787924209
HNRNPA0,-0.000118572787924209,0.000118572787924209
ZMYM2,0.00011847571304882511,0.00011847571304882511
ENSG00000273156,-0.0001184585874096868,0.0001184585874096868
HIVEP2-DT,-0.0001184585874096868,0.0001184585874096868
GPCPD1,0.00011810180892772535,0.00011810180892772535
LINC-PINT,0.00011809507968320468,0.00011809507968320468
SPCS1,0.00011805905682562026,0.00011805905682562026
SMAD5,-0.00011794098008741162,0.00011794098008741162
ENSG00000289085,0.0001168082806077302,0.0001168082806077302
ZNF264,-0.00011668220975340547,0.00011668220975340547
CCDC18-AS1,-0.000116513133603179,0.000116513133603179
CEP290,-0.0001163121599244137,0.0001163121599244137
ENSG00000283839,-0.0001162464921051043,0.0001162464921051043
RNU6-936P,-0.0001162464921051043,0.0001162464921051043
WWP2,-0.00011610401713983945,0.00011610401713983945
FKBP10,0.00011542843580808446,0.00011542843580808446
CCDC137,0.00011532326892557886,0.00011532326892557886
MOGS,0.00011500548262914231,0.00011500548262914231
INAVA,0.00011476527788415074,0.00011476527788415074
ENSG00000261505,0.00011461392531912171,0.00011461392531912171
TEK,0.00011454679936670503,0.00011454679936670503
MTDH,0.00011451618134671702,0.00011451618134671702
SNRPCP8,-0.00011410707276191021,0.00011410707276191021
POMZP3,0.00011409082751346925,0.00011409082751346925
MAP3K8,0.00011403611884610371,0.00011403611884610371
PHKG2,0.00011403611884610371,0.00011403611884610371
VAPA,-0.00011368082969060426,0.00011368082969060426
ZNF773,0.0001132957584416825,0.0001132957584416825
SASH1,-0.00011314224341710239,0.00011314224341710239
ENSG00000286997,0.00011277762340942252,0.00011277762340942252
NUP155,-0.00011275057393466287,0.00011275057393466287
ACO1,0.00011268080808650668,0.00011268080808650668
SARAF,0.00011262821286738423,0.00011262821286738423
ALDH6A1,0.00011261321520008094,0.00011261321520008094
FUCA2,-0.00011259109712090219,0.00011259109712090219
ENSG00000284686,-0.00011213699149713418,0.00011213699149713418
KCNAB2,-0.00011162234797156706,0.00011162234797156706
PEBP4,0.00011131670628701004,0.00011131670628701004
SULT1A1,0.00011099208013543149,0.00011099208013543149
PLXNB3,-0.00011091986431235411,0.00011091986431235411
RWDD4,-0.00011091986431235411,0.00011091986431235411
BCAS1,-0.00011091986431235411,0.00011091986431235411
ATG3,-0.00011091986431235411,0.00011091986431235411
CDYL,-0.00011070073257352737,0.00011070073257352737
ENSG00000291117,0.00011037170120605195,0.00011037170120605195
TM4SF18,0.00010899728358283933,0.00010899728358283933
TM7SF3,0.0001088379719138125,0.0001088379719138125
CLOCK,-0.00010880380483310968,0.00010880380483310968
PKNOX1,-0.00010862605775676993,0.00010862605775676993
LINC01882,0.00010860121729058644,0.00010860121729058644
P4HA2-AS1,-0.0001083232157200973,0.0001083232157200973
URAHP,-0.0001083232157200973,0.0001083232157200973
CDC42EP1,-0.0001083232157200973,0.0001083232157200973
CNOT6L,0.00010765617147088935,0.00010765617147088935
ABLIM3,0.00010765617147088935,0.00010765617147088935
SNHG10,-0.00010763447603675118,0.00010763447603675118
UBE2L5,-0.00010763447603675118,0.00010763447603675118
DIPK1C,-0.00010763447603675118,0.00010763447603675118
NDOR1,0.00010759358925683343,0.00010759358925683343
ID2,-0.00010706690446125897,0.00010706690446125897
UBE2E2,0.00010690914201308527,0.00010690914201308527
GALNT16,0.00010682541409073109,0.00010682541409073109
SLC38A9,-0.00010675131652160489,0.00010675131652160489
LYN,-0.00010670055948244748,0.00010670055948244748
ARHGAP10,0.00010649361618665133,0.00010649361618665133
ANKRD36C,-0.00010610138583550504,0.00010610138583550504
KLF12,-0.00010610138583550504,0.00010610138583550504
FASTKD3,-0.00010610138583550504,0.00010610138583550504
SPRYD4,-0.00010610138583550504,0.00010610138583550504
NINJ2-AS1,-0.00010610138583550504,0.00010610138583550504
PHACTR2,-0.00010610138583550504,0.00010610138583550504
GPN2,-0.00010610138583550504,0.00010610138583550504
LRR1,-0.00010610138583550504,0.00010610138583550504
ATP9A,-0.00010608852784480923,0.00010608852784480923
ARHGAP35,-0.00010608852784480923,0.00010608852784480923
ENSG00000227374,-0.00010599691990098792,0.00010599691990098792
TFPI2,-0.00010599691990098792,0.00010599691990098792
LINC02975,-0.00010599691990098792,0.00010599691990098792
KHDC4,-0.00010599691990098792,0.00010599691990098792
SPART,-0.00010599691990098792,0.00010599691990098792
ENSG00000284830,-0.00010599691990098792,0.00010599691990098792
INKA2-AS1,-0.00010599691990098792,0.00010599691990098792
ENSG00000287527,-0.00010599691990098792,0.00010599691990098792
SGO1-AS1,-0.00010599691990098792,0.00010599691990098792
LINC00839,-0.00010599691990098792,0.00010599691990098792
GALNT10,-0.00010582268964943691,0.00010582268964943691
KIF21B,0.00010575149628172146,0.00010575149628172146
SLCO2B1,-0.00010569214388423145,0.00010569214388423145
SREBF2,-0.00010542078837348647,0.00010542078837348647
TFPI,0.00010506292618221101,0.00010506292618221101
PIK3R3,0.00010499222253319672,0.00010499222253319672
PARP8,0.00010424139483616015,0.00010424139483616015
RBM5,0.00010421788918586382,0.00010421788918586382
LSS,0.00010420930924938087,0.00010420930924938087
ZNF571,-0.0001039210403918235,0.0001039210403918235
PGM2L1,-0.00010359803664212178,0.00010359803664212178
COBLL1,0.00010342927090683953,0.00010342927090683953
MAPK1IP1L,0.00010327358363158849,0.00010327358363158849
TNFRSF11B,0.00010303810052368154,0.00010303810052368154
PCNX1,-0.00010198330056267871,0.00010198330056267871
TRA2B,0.00010179781186417516,0.00010179781186417516
ENSG00000282988,-0.0001017593370778278,0.0001017593370778278
ENSG00000219133,0.00010174961716438586,0.00010174961716438586
KIF27,0.00010174961716438586,0.00010174961716438586
PDS5B,-0.00010166171845130771,0.00010166171845130771
FBXL5,-0.00010129309705331469,0.00010129309705331469
P2RY6,0.00010103070777379292,0.00010103070777379292
FCGRT,0.00010075917377564763,0.00010075917377564763
MHENCR,-0.00010046673482998534,0.00010046673482998534
TMEM41B,0.00010031788090221568,0.00010031788090221568
PNKD,-0.00010025091745328046,0.00010025091745328046
RPL7AP62,-0.00010009595253776948,0.00010009595253776948
ISG20L2,-9.989453698110524e-05,9.989453698110524e-05
PIPSL,-9.954500304926844e-05,9.954500304926844e-05
ICE1,-9.791752988840777e-05,9.791752988840777e-05
NUMA1,9.750539103750477e-05,9.750539103750477e-05
DNAJB11,9.706855706106049e-05,9.706855706106049e-05
TMEM59,-9.70521963911309e-05,9.70521963911309e-05
FBN1,9.677975204636148e-05,9.677975204636148e-05
RPL19P14,9.657554659416647e-05,9.657554659416647e-05
ENSG00000254373,-9.626374127521551e-05,9.626374127521551e-05
IL17RE,-9.619406348481457e-05,9.619406348481457e-05
ENSG00000253200,9.612882142821185e-05,9.612882142821185e-05
MCU,9.603301612818437e-05,9.603301612818437e-05
PAG1,9.530619085292634e-05,9.530619085292634e-05
SERHL,-9.519562001769287e-05,9.519562001769287e-05
CHD1L,-9.519562001769287e-05,9.519562001769287e-05
HULC,-9.519562001769287e-05,9.519562001769287e-05
PTPN1,9.510126651531673e-05,9.510126651531673e-05
TAF6,-9.504788830365404e-05,9.504788830365404e-05
TMED3,-9.504788830365404e-05,9.504788830365404e-05
ZNF24TR,-9.504788830365404e-05,9.504788830365404e-05
TMEM220-AS1,-9.504788830365404e-05,9.504788830365404e-05
ATP6V1G1,-9.504788830365404e-05,9.504788830365404e-05
BTG1,-9.504788830365404e-05,9.504788830365404e-05
TNFSF10,-9.504788830365404e-05,9.504788830365404e-05
H2AC4,-9.504788830365404e-05,9.504788830365404e-05
RBM42,-9.504788830365404e-05,9.504788830365404e-05
SLC6A1,-9.504788830365404e-05,9.504788830365404e-05
RHNO1,-9.504788830365404e-05,9.504788830365404e-05
WWC1,-9.504788830365404e-05,9.504788830365404e-05
TOR1A,-9.497657243469507e-05,9.497657243469507e-05
TEKT4P2,-9.493576879978684e-05,9.493576879978684e-05
RAD18,-9.484672769669436e-05,9.484672769669436e-05
PTPN13,-9.475692135493458e-05,9.475692135493458e-05
ASAP1,9.453858613946124e-05,9.453858613946124e-05
FTOP1,-9.447116859428646e-05,9.447116859428646e-05
ENSG00000278356,-9.447116859428507e-05,9.447116859428507e-05
ZBTB20-AS1,-9.447116859428507e-05,9.447116859428507e-05
OSBP,-9.447116859428507e-05,9.447116859428507e-05
LAMA1,-9.447116859428507e-05,9.447116859428507e-05
PCDHB13,-9.447116859428507e-05,9.447116859428507e-05
ARL15,-9.447116859428507e-05,9.447116859428507e-05
EXOC3L1,-9.447116859428507e-05,9.447116859428507e-05
TMPO-AS1,-9.447116859428507e-05,9.447116859428507e-05
LINC00520,-9.447116859428507e-05,9.447116859428507e-05
NAA35,-9.447116859428507e-05,9.447116859428507e-05
DUOXA1,-9.447116859428507e-05,9.447116859428507e-05
RPL36P9,-9.447116859428507e-05,9.447116859428507e-05
COPG1,-9.447116859428507e-05,9.447116859428507e-05
C2orf74,-9.447116859428507e-05,9.447116859428507e-05
PHF3,9.423919604891484e-05,9.423919604891484e-05
HMGCS1,-9.411575373239422e-05,9.411575373239422e-05
RN7SKP151,-9.356654384664364e-05,9.356654384664364e-05
EIF2A,-9.356654384664364e-05,9.356654384664364e-05
ENSG00000279339,-9.356654384664364e-05,9.356654384664364e-05
GATA6,-9.356654384664364e-05,9.356654384664364e-05
ENSG00000266283,-9.356654384664364e-05,9.356654384664364e-05
PDZRN4,-9.356654384664364e-05,9.356654384664364e-05
ENSG00000226545,-9.356654384664364e-05,9.356654384664364e-05
KIAA2012,-9.356654384664364e-05,9.356654384664364e-05
SYAP1,-9.356654384664364e-05,9.356654384664364e-05
MSL3,-9.356654384664364e-05,9.356654384664364e-05
ENSG00000225140,-9.356654384664364e-05,9.356654384664364e-05
ENSG00000278330,9.248334400786877e-05,9.248334400786877e-05
ENSG00000244491,9.244540009894879e-05,9.244540009894879e-05
HOPX,-9.237913265231252e-05,9.237913265231252e-05
ISG20,-9.231041710217341e-05,9.231041710217341e-05
RPL7AP6,9.209900951997446e-05,9.209900951997446e-05
DDX60,9.1908665673641e-05,9.1908665673641e-05
CNOT2,-9.11659033345327e-05,9.11659033345327e-05
SNHG14,9.112500846483657e-05,9.112500846483657e-05
DUSP6,-9.049195461558146e-05,9.049195461558146e-05
SLMAP,-9.038940859115225e-05,9.038940859115225e-05
PTPRC,-9.001955678471293e-05,9.001955678471293e-05
PPP3CB-AS1,-8.992682821697709e-05,8.992682821697709e-05
NFKBIZ,-8.980448182879238e-05,8.980448182879238e-05
RAB11B,8.971860529902996e-05,8.971860529902996e-05
SLC25A48-AS1,8.920306945552458e-05,8.920306945552458e-05
ENSG00000272707,8.920306945552458e-05,8.920306945552458e-05
MIR6886,8.920306945552458e-05,8.920306945552458e-05
ACOX3,8.920306945552458e-05,8.920306945552458e-05
RASL11A,8.920306945552458e-05,8.920306945552458e-05
C1D,8.920306945552458e-05,8.920306945552458e-05
THEM5,8.920306945552458e-05,8.920306945552458e-05
ZNF783,8.920306945552458e-05,8.920306945552458e-05
RNU6-927P,8.920306945552458e-05,8.920306945552458e-05
FAM83G,8.920306945552458e-05,8.920306945552458e-05
BBLN,8.920306945552458e-05,8.920306945552458e-05
TEC,8.920306945552458e-05,8.920306945552458e-05
NME3,8.920306945552458e-05,8.920306945552458e-05
ZCCHC24,-8.918374859585378e-05,8.918374859585378e-05
TMEM135,-8.892258821330895e-05,8.892258821330895e-05
TMEM276,-8.881942566846126e-05,8.881942566846126e-05
ITPRID2,-8.667990679455972e-05,8.667990679455972e-05
AHR,8.667079159591993e-05,8.667079159591993e-05
TWSG1,-8.661772840939498e-05,8.661772840939498e-05
CMTM3,-8.638133342031155e-05,8.638133342031155e-05
CNN2,8.634739246099013e-05,8.634739246099013e-05
PAM,8.630441419671941e-05,8.630441419671941e-05
LINC00632,-8.623039838342215e-05,8.623039838342215e-05
SEPTIN9,8.579807353049386e-05,8.579807353049386e-05
DYRK4,8.561233876993882e-05,8.561233876993882e-05
PARD3,-8.533103818077502e-05,8.533103818077502e-05
NFXL1,8.531203237853997e-05,8.531203237853997e-05
PARD6G,8.523247138772454e-05,8.523247138772454e-05
MEI1,-8.521374596098418e-05,8.521374596098418e-05
HYI,-8.486044166254078e-05,8.486044166254078e-05
CCND1,-8.268138465663646e-05,8.268138465663646e-05
CTNNB1,-8.265758059017391e-05,8.265758059017391e-05
ETNK1,-8.2571221546513e-05,8.2571221546513e-05
AP3M2,8.198675743109911e-05,8.198675743109911e-05
RHD,-8.175294486845308e-05,8.175294486845308e-05
MARCHF9,-8.17186707659904e-05,8.17186707659904e-05
SAMD12,8.099355457276282e-05,8.099355457276282e-05
ENSG00000267705,8.099355457276282e-05,8.099355457276282e-05
CEP63,8.070722399883598e-05,8.070722399883598e-05
SYF2,8.038292367613627e-05,8.038292367613627e-05
DNAJC25,-8.032160147518191e-05,8.032160147518191e-05
SOD3,-7.96693993254243e-05,7.96693993254243e-05
PDCD6,-7.966668705005916e-05,7.966668705005916e-05
STARD4-AS1,7.949181162265387e-05,7.949181162265387e-05
SCAMP4,-7.928225244486031e-05,7.928225244486031e-05
INPP5K,7.924710514261028e-05,7.924710514261028e-05
RCCD1,-7.909620608567799e-05,7.909620608567799e-05
WBP1L,7.904623895076609e-05,7.904623895076609e-05
PAX8,7.838559444360613e-05,7.838559444360613e-05
TMEM177,7.77305446111207e-05,7.77305446111207e-05
CPNE3,7.75636610308806e-05,7.75636610308806e-05
STIM1,7.742602168071102e-05,7.742602168071102e-05
AEBP2,7.704307182434232e-05,7.704307182434232e-05
HMGB2P1,7.701671950986606e-05,7.701671950986606e-05
RPL21P131,7.7016719509862e-05,7.7016719509862e-05
ENSG00000224427,7.7016719509862e-05,7.7016719509862e-05
INVS,7.701671950985131e-05,7.701671950985131e-05
GVINP2,7.701671950985131e-05,7.701671950985131e-05
ADGRG6,7.701671950985131e-05,7.701671950985131e-05
SCGB1B2P,7.701671950985131e-05,7.701671950985131e-05
CCDC47,7.701671950985131e-05,7.701671950985131e-05
MIS18A,7.701671950985131e-05,7.701671950985131e-05
MPHOSPH6P1,7.701671950985131e-05,7.701671950985131e-05
SLC18A2-AS1,7.701671950985131e-05,7.701671950985131e-05
RNF122,7.701671950985131e-05,7.701671950985131e-05
APOBEC3H,7.701671950985131e-05,7.701671950985131e-05
ENSG00000256448,7.701671950985131e-05,7.701671950985131e-05
ENSG00000255320,7.701671950985131e-05,7.701671950985131e-05
RASGRP2,7.701671950985131e-05,7.701671950985131e-05
GNPDA1,7.701671950985131e-05,7.701671950985131e-05
KLF4,7.701671950985131e-05,7.701671950985131e-05
ENSG00000255339,7.701671950985131e-05,7.701671950985131e-05
DLST,7.701671950985131e-05,7.701671950985131e-05
CLEC14A,7.701671950985131e-05,7.701671950985131e-05
CASP6,7.701671950985131e-05,7.701671950985131e-05
RPL19P21,7.701671950985131e-05,7.701671950985131e-05
NUP153-AS1,7.701671950985131e-05,7.701671950985131e-05
PLPBP,7.701671950985131e-05,7.701671950985131e-05
LMNTD2-AS1,7.701671950985131e-05,7.701671950985131e-05
ENSG00000229808,7.701671950985131e-05,7.701671950985131e-05
ECT2L,7.701671950985131e-05,7.701671950985131e-05
RPL12P4,7.701671950985131e-05,7.701671950985131e-05
ENSG00000271590,7.701671950985131e-05,7.701671950985131e-05
UBL7-DT,7.701671950985131e-05,7.701671950985131e-05
ENSG00000267585,7.701671950985131e-05,7.701671950985131e-05
HOXD1,7.701671950985131e-05,7.701671950985131e-05
TPT1P15,7.701671950985131e-05,7.701671950985131e-05
NDUFB8,7.701671950985131e-05,7.701671950985131e-05
SUCNR1,7.701671950985131e-05,7.701671950985131e-05
FAM168B,7.701671950985131e-05,7.701671950985131e-05
MMADHC,7.701671950985131e-05,7.701671950985131e-05
RELA,7.701671950985131e-05,7.701671950985131e-05
PRRG2,7.701671950985131e-05,7.701671950985131e-05
ENSG00000279160,7.701671950985131e-05,7.701671950985131e-05
LAP3,7.701671950985131e-05,7.701671950985131e-05
APOOL,-7.662823895467553e-05,7.662823895467553e-05
LETMD1,-7.614648791349266e-05,7.614648791349266e-05
CPED1,7.60620539628856e-05,7.60620539628856e-05
C12orf57,7.601648351397015e-05,7.601648351397015e-05
PCNX2,-7.595384024898116e-05,7.595384024898116e-05
PTPN18,7.562193898490685e-05,7.562193898490685e-05
VPS33B,7.556771850223274e-05,7.556771850223274e-05
BMF,-7.544338150964423e-05,7.544338150964423e-05
HAR1B,-7.442980414459194e-05,7.442980414459194e-05
ENSG00000278931,7.416256024015719e-05,7.416256024015719e-05
GSN-AS1,7.397464999063101e-05,7.397464999063101e-05
IFT88,-7.368235025047445e-05,7.368235025047445e-05
RPS24P7,-7.361363135479122e-05,7.361363135479122e-05
MIR23AHG,-7.334635996458322e-05,7.334635996458322e-05
CRY1,7.320675703019827e-05,7.320675703019827e-05
TAF4B,-7.311947700970696e-05,7.311947700970696e-05
SNHG26,-7.287941330229078e-05,7.287941330229078e-05
CPLANE1,-7.243339582031446e-05,7.243339582031446e-05
SEMA6A-AS1,-7.182055680844308e-05,7.182055680844308e-05
UBXN7,-7.175460841207238e-05,7.175460841207238e-05
PRXL2C,-7.077042478055286e-05,7.077042478055286e-05
THRAP3,-7.077042478055286e-05,7.077042478055286e-05
KLF11,-7.04909119328694e-05,7.04909119328694e-05
RPL3P7,-7.031543442012546e-05,7.031543442012546e-05
MMP25-AS1,-6.990696641400853e-05,6.990696641400853e-05
ATF7,6.92878259420102e-05,6.92878259420102e-05
RIT1,6.914710031993669e-05,6.914710031993669e-05
ENPP4,6.914710031993669e-05,6.914710031993669e-05
SLC35F6,6.896721756806516e-05,6.896721756806516e-05
ARFGEF2,6.877762275692452e-05,6.877762275692452e-05
RIMKLBP2,-6.861721139886869e-05,6.861721139886869e-05
BTBD6,6.84275534211748e-05,6.84275534211748e-05
ENSG00000279838,6.84275534211748e-05,6.84275534211748e-05
USP28,-6.833456544739519e-05,6.833456544739519e-05
STXBP5,-6.782484477944504e-05,6.782484477944504e-05
ZDHHC6,-6.769936529211913e-05,6.769936529211913e-05
DIPK1B,-6.754779759244751e-05,6.754779759244751e-05
LRRC25,6.708257637379288e-05,6.708257637379288e-05
RALGDS,6.706071768865162e-05,6.706071768865162e-05
PDZD8,-6.678311758661498e-05,6.678311758661498e-05
PLSCR3,6.676714730574004e-05,6.676714730574004e-05
SPTBN1-AS1,6.676714730574004e-05,6.676714730574004e-05
ZRSR2P1,6.676714730574004e-05,6.676714730574004e-05
CAMK2N2,6.676714730574004e-05,6.676714730574004e-05
ENSG00000289504,6.676714730574004e-05,6.676714730574004e-05
HTRA3,6.676714730574004e-05,6.676714730574004e-05
ENSG00000289054,6.676714730574004e-05,6.676714730574004e-05
EOMES,6.676714730574004e-05,6.676714730574004e-05
FDPSP3,6.676714730574004e-05,6.676714730574004e-05
ZNF670,6.676714730574004e-05,6.676714730574004e-05
ENSG00000288534,6.676714730574004e-05,6.676714730574004e-05
AHSP,6.676714730574004e-05,6.676714730574004e-05
DECR1,6.676714730574004e-05,6.676714730574004e-05
TMEM256-PLSCR3,6.676714730574004e-05,6.676714730574004e-05
ENSG00000261872,6.676714730574004e-05,6.676714730574004e-05
CSF2,6.676714730574004e-05,6.676714730574004e-05
ENSG00000287242,6.676714730574004e-05,6.676714730574004e-05
TRAPPC10,6.676714730574004e-05,6.676714730574004e-05
MARCO,6.676714730574004e-05,6.676714730574004e-05
ALDH1A3-AS1,6.676714730574004e-05,6.676714730574004e-05
ENSG00000290013,6.676714730574004e-05,6.676714730574004e-05
PTPRG-AS1,6.676714730574004e-05,6.676714730574004e-05
RAVER2,6.676714730574004e-05,6.676714730574004e-05
ENSG00000222588,6.676714730574004e-05,6.676714730574004e-05
ENSG00000234624,6.676714730574004e-05,6.676714730574004e-05
ENSG00000267699,6.676714730574004e-05,6.676714730574004e-05
SYCP2,6.676714730574004e-05,6.676714730574004e-05
ENSG00000274177,6.676714730574004e-05,6.676714730574004e-05
ENSG00000240404,6.676714730574004e-05,6.676714730574004e-05
LINC01135,6.676714730574004e-05,6.676714730574004e-05
ENSG00000251675,6.676714730574004e-05,6.676714730574004e-05
FILIP1L,6.676714730574004e-05,6.676714730574004e-05
FBXW4,6.676714730574004e-05,6.676714730574004e-05
ENSG00000177359,6.676714730574004e-05,6.676714730574004e-05
FKBP1B,6.676714730574004e-05,6.676714730574004e-05
ENSG00000173366,6.676714730574004e-05,6.676714730574004e-05
CXCR2,6.676714730574004e-05,6.676714730574004e-05
DDX39A,6.676714730574004e-05,6.676714730574004e-05
SENCR,6.676714730574004e-05,6.676714730574004e-05
SCRG1,6.676714730574004e-05,6.676714730574004e-05
MIR3198-1,6.676714730574004e-05,6.676714730574004e-05
COX8BP,6.676714730574004e-05,6.676714730574004e-05
PSMB10,6.676714730574004e-05,6.676714730574004e-05
SPSB3,6.676714730574004e-05,6.676714730574004e-05
HSD17B11,6.676714730574004e-05,6.676714730574004e-05
ADGRF5-AS1,6.676714730574004e-05,6.676714730574004e-05
CHERP,6.676714730574004e-05,6.676714730574004e-05
MOB4,6.676714730574004e-05,6.676714730574004e-05
ENSG00000291250,6.676714730574004e-05,6.676714730574004e-05
ANKRD20A11P,6.676714730574004e-05,6.676714730574004e-05
KIFC3,6.676714730574004e-05,6.676714730574004e-05
CYP2T1P,6.676714730574004e-05,6.676714730574004e-05
ENSG00000291156,6.676714730574004e-05,6.676714730574004e-05
MFSD2B,6.676714730574004e-05,6.676714730574004e-05
RELA-DT,6.638245945236643e-05,6.638245945236643e-05
FBLN2,-6.594942613601064e-05,6.594942613601064e-05
AIMP1,-6.591688720205323e-05,6.591688720205323e-05
TTC17,6.581481125957283e-05,6.581481125957283e-05
NT5C,6.566116421486383e-05,6.566116421486383e-05
RFLNA,6.566116421486383e-05,6.566116421486383e-05
MRPS16,-6.560821827403569e-05,6.560821827403569e-05
RPL5P24,6.51723624478894e-05,6.51723624478894e-05
UQCRB,-6.510968310233705e-05,6.510968310233705e-05
NIPAL4,6.495510773347823e-05,6.495510773347823e-05
TNNT2,6.495510773347823e-05,6.495510773347823e-05
PDF,6.483788515639645e-05,6.483788515639645e-05
MIR7851,6.483788515639645e-05,6.483788515639645e-05
TAF13,-6.467742229066238e-05,6.467742229066238e-05
NCBP2,-6.467101067497488e-05,6.467101067497488e-05
FEZ2,6.383747295067583e-05,6.383747295067583e-05
VPS13B,-6.365843632589166e-05,6.365843632589166e-05
PRKDC,-6.268204359237748e-05,6.268204359237748e-05
ZNF618,-6.242993790699153e-05,6.242993790699153e-05
PTPRB,6.17989490161766e-05,6.17989490161766e-05
ENSG00000273025,-6.157098460432205e-05,6.157098460432205e-05
ARPC4-TTLL3,-6.157098460432205e-05,6.157098460432205e-05
FLT1,-6.148846376842757e-05,6.148846376842757e-05
SLC5A3,6.085884281177056e-05,6.085884281177056e-05
GFER,6.0843057153418676e-05,6.0843057153418676e-05
HEATR5B,-6.0757383197444365e-05,6.0757383197444365e-05
MRPS14,-6.052085257644374e-05,6.052085257644374e-05
RRN3P1,-6.052085257644374e-05,6.052085257644374e-05
AMMECR1,-6.052085257644374e-05,6.052085257644374e-05
CAPN15,-6.052085257644374e-05,6.052085257644374e-05
ENSG00000272625,-6.052085257644374e-05,6.052085257644374e-05
P2RX5,6.012900721447436e-05,6.012900721447436e-05
ENSG00000218227,6.012900721447436e-05,6.012900721447436e-05
SLC37A1,6.012900721447436e-05,6.012900721447436e-05
HIPK1,6.012900721447436e-05,6.012900721447436e-05
PABPC4,6.012900721447436e-05,6.012900721447436e-05
PDE8B,6.012900721447436e-05,6.012900721447436e-05
HACE1,6.012900721447436e-05,6.012900721447436e-05
RPS8P4,6.012900721447436e-05,6.012900721447436e-05
DUS4L-BCAP29,6.012900721447436e-05,6.012900721447436e-05
TPT1P6,6.012900721447436e-05,6.012900721447436e-05
RCN1,6.012900721447436e-05,6.012900721447436e-05
INO80D,6.012900721447436e-05,6.012900721447436e-05
RPL15P14,6.012900721447436e-05,6.012900721447436e-05
FBXL2,6.012900721447436e-05,6.012900721447436e-05
PIK3CD,6.012900721447436e-05,6.012900721447436e-05
TRAF7,6.012900721447436e-05,6.012900721447436e-05
RPL7AP10,6.012900721447436e-05,6.012900721447436e-05
NAV3,-6.01284249827129e-05,6.01284249827129e-05
PMP22,-5.9951887514502776e-05,5.9951887514502776e-05
AGT,5.9809970083531126e-05,5.9809970083531126e-05
TFDP2,5.935768919384286e-05,5.935768919384286e-05
SRP54,5.919529814606406e-05,5.919529814606406e-05
ARHGEF39,5.8610527366886986e-05,5.8610527366886986e-05
ZNF704,5.8440197606905546e-05,5.8440197606905546e-05
SDHAF4,-5.841553982405177e-05,5.841553982405177e-05
SH3KBP1,-5.833251497251361e-05,5.833251497251361e-05
NOTCH3,5.7311095452757454e-05,5.7311095452757454e-05
SEC22C,-5.701799076245209e-05,5.701799076245209e-05
TRABD2A,5.690105472897682e-05,5.690105472897682e-05
LAMA5,5.602893555664959e-05,5.602893555664959e-05
PSME3,-5.5965748986854346e-05,5.5965748986854346e-05
IGKV1-17,5.5865245868496144e-05,5.5865245868496144e-05
PPP2R2D,5.575169594513743e-05,5.575169594513743e-05
PIGO,-5.572723396757585e-05,5.572723396757585e-05
CD93,-5.5376802734115026e-05,5.5376802734115026e-05
RBM48,5.524956600485755e-05,5.524956600485755e-05
DNAJB1,-5.5059629931759264e-05,5.5059629931759264e-05
DARS2,5.4876808022015055e-05,5.4876808022015055e-05
CNN3,-5.480972634404579e-05,5.480972634404579e-05
TXNDC9,5.452086316109666e-05,5.452086316109666e-05
YBX1P10,-5.4482067702808486e-05,5.4482067702808486e-05
MT-CYB,5.4411548134062083e-05,5.4411548134062083e-05
RPS15AP11,5.3948592334217475e-05,5.3948592334217475e-05
DCAF7,5.380376808015976e-05,5.380376808015976e-05
AHDC1,5.370745020949753e-05,5.370745020949753e-05
ENSG00000289032,-5.3425130061488215e-05,5.3425130061488215e-05
GAS1,-5.3425130061488215e-05,5.3425130061488215e-05
NDC1,-5.340213674048122e-05,5.340213674048122e-05
IRF7,-5.340213674048122e-05,5.340213674048122e-05
RPS27P29,-5.340213674048122e-05,5.340213674048122e-05
PIGG,-5.311247407998641e-05,5.311247407998641e-05
SRP72,5.2947004675649224e-05,5.2947004675649224e-05
TMEM19,5.262451552487513e-05,5.262451552487513e-05
SPTAN1,5.2600047516296525e-05,5.2600047516296525e-05
HECTD4,-5.210921945069557e-05,5.210921945069557e-05
SBF1,-5.198537440103678e-05,5.198537440103678e-05
DNM3OS,-5.129484221860931e-05,5.129484221860931e-05
EIF3L,5.128964342485782e-05,5.128964342485782e-05
TFEB,-5.077020720284543e-05,5.077020720284543e-05
RBBP4,-5.053995238689268e-05,5.053995238689268e-05
RBSN,-5.046552383135027e-05,5.046552383135027e-05
BMS1P20,4.9999341206706396e-05,4.9999341206706396e-05
NEMF,4.916529889414478e-05,4.916529889414478e-05
NFATC2IP-AS1,-4.895469484491861e-05,4.895469484491861e-05
CEP104,4.89202592022082e-05,4.89202592022082e-05
HAS2,-4.89018994750306e-05,4.89018994750306e-05
FBXO3,-4.8828066876324696e-05,4.8828066876324696e-05
KCNAB1,-4.8427025889514554e-05,4.8427025889514554e-05
SNX3,-4.8427025889514554e-05,4.8427025889514554e-05
ENSG00000262999,-4.8427025889514554e-05,4.8427025889514554e-05
RN7SL834P,-4.8427025889514554e-05,4.8427025889514554e-05
GAPDHP63,-4.8427025889514554e-05,4.8427025889514554e-05
NAE1,-4.8427025889514554e-05,4.8427025889514554e-05
SLC25A25-AS1,4.810196247010942e-05,4.810196247010942e-05
UVSSA,-4.795095182366799e-05,4.795095182366799e-05
FDFT1,-4.7379321069994466e-05,4.7379321069994466e-05
MTHFD2,4.6977241890395884e-05,4.6977241890395884e-05
ITGB3,4.6977241890395884e-05,4.6977241890395884e-05
ATP1B1,4.6880654601887444e-05,4.6880654601887444e-05
PKHD1L1,4.656630576684363e-05,4.656630576684363e-05
ENSG00000240311,4.647803244299939e-05,4.647803244299939e-05
EEF1AKMT3,4.645946590963502e-05,4.645946590963502e-05
NDUFS1,-4.5797978275338675e-05,4.5797978275338675e-05
ZBTB41,4.5774220785778765e-05,4.5774220785778765e-05
ARCN1,4.5701207270631866e-05,4.5701207270631866e-05
SLC8A1-AS1,4.566691128549298e-05,4.566691128549298e-05
KPNA2,4.559002550255553e-05,4.559002550255553e-05
NPM1P8,-4.5232955165390775e-05,4.5232955165390775e-05
RPS6P15,-4.5232955165390775e-05,4.5232955165390775e-05
ENSG00000279957,-4.5232955165390775e-05,4.5232955165390775e-05
SNORA1B,-4.5232955165390775e-05,4.5232955165390775e-05
TTI1,-4.5232955165390775e-05,4.5232955165390775e-05
WDFY4,-4.5232955165390775e-05,4.5232955165390775e-05
HP,-4.5232955165390775e-05,4.5232955165390775e-05
TAC1,-4.5232955165390775e-05,4.5232955165390775e-05
C9orf131,-4.5232955165390775e-05,4.5232955165390775e-05
RPS15AP13,-4.5232955165390775e-05,4.5232955165390775e-05
ENSG00000269072,-4.5232955165390775e-05,4.5232955165390775e-05
ENSG00000227309,-4.5232955165390775e-05,4.5232955165390775e-05
TCAF2,-4.5232955165390775e-05,4.5232955165390775e-05
TBC1D2,-4.5232955165390775e-05,4.5232955165390775e-05
TMEM233,-4.5232955165390775e-05,4.5232955165390775e-05
ZNF302,-4.5232955165390775e-05,4.5232955165390775e-05
PDCD5P1,-4.5232955165390775e-05,4.5232955165390775e-05
ENSG00000227227,-4.5232955165390775e-05,4.5232955165390775e-05
CRYBB2,-4.5232955165390775e-05,4.5232955165390775e-05
PI4K2B,-4.5232955165390775e-05,4.5232955165390775e-05
SIGLEC7,-4.5232955165390775e-05,4.5232955165390775e-05
PLCD1,-4.5232955165390775e-05,4.5232955165390775e-05
C1orf50,-4.5232955165390775e-05,4.5232955165390775e-05
REC8,-4.5232955165390775e-05,4.5232955165390775e-05
RPL23P10,-4.5232955165383355e-05,4.5232955165383355e-05
SLC10A6,-4.4656235456012205e-05,4.4656235456012205e-05
ENSG00000280384,-4.4656235456012205e-05,4.4656235456012205e-05
GTSE1,-4.4656235456012205e-05,4.4656235456012205e-05
SEC24B-AS1,-4.4656235456012205e-05,4.4656235456012205e-05
ENSG00000259397,-4.4656235456012205e-05,4.4656235456012205e-05
SNORA71C,-4.4656235456012205e-05,4.4656235456012205e-05
SNRNP40,-4.4656235456012205e-05,4.4656235456012205e-05
COX6CP6,-4.4656235456012205e-05,4.4656235456012205e-05
OSBPL3,-4.4656235456012205e-05,4.4656235456012205e-05
LINC02736,-4.4656235456012205e-05,4.4656235456012205e-05
ENSG00000258752,-4.4656235456012205e-05,4.4656235456012205e-05
MLEC,-4.4656235456012205e-05,4.4656235456012205e-05
SH3GL1,-4.4656235456012205e-05,4.4656235456012205e-05
ADGRG2,-4.4656235456012205e-05,4.4656235456012205e-05
RN7SL395P,-4.4656235456012205e-05,4.4656235456012205e-05
ALG2,-4.4656235456012205e-05,4.4656235456012205e-05
ENSG00000279121,-4.4656235456012205e-05,4.4656235456012205e-05
ENSG00000286756,-4.4656235456012205e-05,4.4656235456012205e-05
FAM217B,-4.4656235456012205e-05,4.4656235456012205e-05
ENSG00000261654,-4.4656235456012205e-05,4.4656235456012205e-05
ENSG00000286782,-4.4656235456012205e-05,4.4656235456012205e-05
WWP1,-4.446472558358819e-05,4.446472558358819e-05
BRI3,-4.446472558358819e-05,4.446472558358819e-05
PDCD6IP,4.37645472815736e-05,4.37645472815736e-05
SESN3,4.351335408017465e-05,4.351335408017465e-05
MAST2,4.335765321255657e-05,4.335765321255657e-05
CTSF,-4.3289715884883015e-05,4.3289715884883015e-05
ABRAXAS2,-4.3289715884883015e-05,4.3289715884883015e-05
LDB1,-4.2994239908547925e-05,4.2994239908547925e-05
PRKAA2,-4.290320490717683e-05,4.290320490717683e-05
NCEH1,4.268131065029518e-05,4.268131065029518e-05
KLF16,4.236199467695851e-05,4.236199467695851e-05
VDAC1P2,4.213827465040292e-05,4.213827465040292e-05
IKZF5,-4.213393021875676e-05,4.213393021875676e-05
RRP7A,4.1708315840548716e-05,4.1708315840548716e-05
RAP1B,-4.160326809886013e-05,4.160326809886013e-05
MKNK1,-4.127096433020444e-05,4.127096433020444e-05
SPTLC3,4.124992801494608e-05,4.124992801494608e-05
CERS6,-4.1108000344273126e-05,4.1108000344273126e-05
CERS6-AS1,-4.1108000344273126e-05,4.1108000344273126e-05
LINC01990,-4.1108000344273126e-05,4.1108000344273126e-05
ZNF131,4.1002140856748545e-05,4.1002140856748545e-05
DCUN1D5,4.1002140856748545e-05,4.1002140856748545e-05
SUV39H2,4.1002140856748545e-05,4.1002140856748545e-05
GPBP1L1,-4.0438758506855586e-05,4.0438758506855586e-05
RAB3GAP1,-4.043822087291507e-05,4.043822087291507e-05
CAVIN1,-4.0357742992261106e-05,4.0357742992261106e-05
PDK4,4.0102861514315226e-05,4.0102861514315226e-05
YPEL5,4.0102861514315226e-05,4.0102861514315226e-05
ENSG00000267520,4.0102861514315226e-05,4.0102861514315226e-05
ZBTB16,3.984870157482207e-05,3.984870157482207e-05
TTC38,-3.9781094424922245e-05,3.9781094424922245e-05
ITM2A,-3.9781094424922245e-05,3.9781094424922245e-05
RNF111,3.9602449785596644e-05,3.9602449785596644e-05
FUS,-3.9368992406541134e-05,3.9368992406541134e-05
PLAT,3.9366849304049196e-05,3.9366849304049196e-05
SOGA1,3.933043779065578e-05,3.933043779065578e-05
BMP2,3.9010020133920567e-05,3.9010020133920567e-05
TAF1C,3.801402352662164e-05,3.801402352662164e-05
VPS37A,-3.80115212475524e-05,3.80115212475524e-05
NEPRO-AS1,-3.78534614797137e-05,3.78534614797137e-05
MAP3K12,-3.78534614797137e-05,3.78534614797137e-05
ZNF691-DT,-3.78534614797137e-05,3.78534614797137e-05
LINC02035,-3.78534614797137e-05,3.78534614797137e-05
ENSG00000215022,3.738434080739919e-05,3.738434080739919e-05
ACADM,3.699333107341162e-05,3.699333107341162e-05
CALHM2,-3.692113554238125e-05,3.692113554238125e-05
MRNIP,-3.691904284508244e-05,3.691904284508244e-05
TMEM123,-3.643775372592087e-05,3.643775372592087e-05
TCEANC,-3.5937707912236675e-05,3.5937707912236675e-05
TM2D1,-3.57798842705013e-05,3.57798842705013e-05
WDR3,-3.5565598766257756e-05,3.5565598766257756e-05
MYL12B,3.535783953012858e-05,3.535783953012858e-05
TRAM2-AS1,-3.529225195250391e-05,3.529225195250391e-05
PTAR1,3.4992072250909906e-05,3.4992072250909906e-05
MREG,3.4534401788825984e-05,3.4534401788825984e-05
SENP3-EIF4A1,3.4534401788825984e-05,3.4534401788825984e-05
PLIN4,3.4534401788825984e-05,3.4534401788825984e-05
C22orf46,3.4534401788825984e-05,3.4534401788825984e-05
MB21D2,3.4534401788825984e-05,3.4534401788825984e-05
MRPL9,3.44286844854472e-05,3.44286844854472e-05
CNNM2,-3.39949246986779e-05,3.39949246986779e-05
TECPR2,-3.326887544961434e-05,3.326887544961434e-05
DCLK1,-3.280939840440264e-05,3.280939840440264e-05
ADCYAP1,-3.1772085308215265e-05,3.1772085308215265e-05
VANGL1,-3.1772085308215265e-05,3.1772085308215265e-05
LINC01140,-3.1772085308215265e-05,3.1772085308215265e-05
ZNF787,-3.173641685591018e-05,3.173641685591018e-05
ENSG00000236255,-3.1490816227876275e-05,3.1490816227876275e-05
MAFF,-3.130880797680891e-05,3.130880797680891e-05
ENSG00000288855,3.118875453486846e-05,3.118875453486846e-05
VAV3,-3.0984719478579355e-05,3.0984719478579355e-05
IGLV6-57,-3.088123914537293e-05,3.088123914537293e-05
ENSG00000236358,-3.085842814015e-05,3.085842814015e-05
RPS4XP13,3.068108567340446e-05,3.068108567340446e-05
CHST12,3.0630878843753464e-05,3.0630878843753464e-05
CFAP410,-2.976855545943089e-05,2.976855545943089e-05
ATL2,-2.945552478325764e-05,2.945552478325764e-05
BST1,-2.9182154253904483e-05,2.9182154253904483e-05
STT3B,2.9060924683654343e-05,2.9060924683654343e-05
ENSG00000246308,-2.877196378670951e-05,2.877196378670951e-05
PTPRE,2.8634334866849497e-05,2.8634334866849497e-05
METTL21A,2.839486505860181e-05,2.839486505860181e-05
ATRX,-2.8182344099529654e-05,2.8182344099529654e-05
ENSG00000268205,-2.8026465076386208e-05,2.8026465076386208e-05
TSPAN3,2.7660791375684523e-05,2.7660791375684523e-05
SETD9,-2.7364800751419986e-05,2.7364800751419986e-05
AZIN1,-2.7231807705088818e-05,2.7231807705088818e-05
MAP3K20,2.6898309706031842e-05,2.6898309706031842e-05
ITPRIP,2.6315794843764904e-05,2.6315794843764904e-05
ENSG00000286078,-2.6270282061157675e-05,2.6270282061157675e-05
CCR6,2.6177117346919966e-05,2.6177117346919966e-05
SRCAP,2.6177117346919966e-05,2.6177117346919966e-05
ENSG00000287643,2.6177117346919966e-05,2.6177117346919966e-05
CATSPERE,-2.6071106337442583e-05,2.6071106337442583e-05
RPL28,-2.5897381110049904e-05,2.5897381110049904e-05
MPDU1,2.5846436543241395e-05,2.5846436543241395e-05
CD48,2.5846436543241395e-05,2.5846436543241395e-05
WDR19,-2.5529478488595302e-05,2.5529478488595302e-05
RPS2,2.547458553874078e-05,2.547458553874078e-05
ZNF665,-2.4647890772798672e-05,2.4647890772798672e-05
JARID2,2.4284829584456685e-05,2.4284829584456685e-05
ENSG00000253683,2.4284829584456685e-05,2.4284829584456685e-05
BCAR3,2.4284829584456685e-05,2.4284829584456685e-05
EDNRA,2.4284829584456685e-05,2.4284829584456685e-05
ENSG00000282278,2.4284829584456685e-05,2.4284829584456685e-05
MAPRE2,-2.316489782470521e-05,2.316489782470521e-05
ZNF583,2.2062820782601238e-05,2.2062820782601238e-05
ARHGDIB,2.1975070878011175e-05,2.1975070878011175e-05
LBHD1,2.187221201522599e-05,2.187221201522599e-05
RAD51AP1,2.177917021352195e-05,2.177917021352195e-05
RPL11P3,2.1542525927097267e-05,2.1542525927097267e-05
SLC11A1,2.1542525927097267e-05,2.1542525927097267e-05
SLC35B4,-2.1369385947852787e-05,2.1369385947852787e-05
STT3A,2.1282983726042408e-05,2.1282983726042408e-05
ASB6,2.0996087735868213e-05,2.0996087735868213e-05
JUN,2.0987106939311133e-05,2.0987106939311133e-05
MBNL2,2.0987106939311133e-05,2.0987106939311133e-05
ST8SIA6,2.0987106939311133e-05,2.0987106939311133e-05
MYCBP2-AS2,2.0987106939311133e-05,2.0987106939311133e-05
FMOD,-2.0892376106631275e-05,2.0892376106631275e-05
DENND1B,2.0888543172680466e-05,2.0888543172680466e-05
PRG4,2.0600049487939923e-05,2.0600049487939923e-05
MPZL1,-2.0296134054058615e-05,2.0296134054058615e-05
LEF1,1.9285815401990045e-05,1.9285815401990045e-05
RABEPK,-1.925845530308944e-05,1.925845530308944e-05
ENSG00000273805,1.9227048998323415e-05,1.9227048998323415e-05
NAV2,-1.9184574346523098e-05,1.9184574346523098e-05
CDON,1.9111137913451256e-05,1.9111137913451256e-05
ADGRA2,-1.909640241864579e-05,1.909640241864579e-05
AREL1,1.8955134598312487e-05,1.8955134598312487e-05
ARF3,-1.832575027257745e-05,1.832575027257745e-05
PHB1,-1.824345973463542e-05,1.824345973463542e-05
MTCO1P53,1.8221295379674645e-05,1.8221295379674645e-05
LYSMD3,1.8030431871131686e-05,1.8030431871131686e-05
TBILA,1.7820301221785588e-05,1.7820301221785588e-05
RBMS1,1.7487686788135074e-05,1.7487686788135074e-05
MPI,-1.6854824418561093e-05,1.6854824418561093e-05
PLEKHA3,-1.6546338559705743e-05,1.6546338559705743e-05
FAT1,1.6424833312009366e-05,1.6424833312009366e-05
TAOK1,1.6355451273311754e-05,1.6355451273311754e-05
CYLD,-1.5998605526801638e-05,1.5998605526801638e-05
ZNF112,1.5794827326873735e-05,1.5794827326873735e-05
LCLAT1,-1.5723359492520088e-05,1.5723359492520088e-05
LDLR,-1.5688078182284217e-05,1.5688078182284217e-05
CDH13-AS2,-1.544271145581159e-05,1.544271145581159e-05
RPL15,-1.447553290856886e-05,1.447553290856886e-05
MMP16,-1.3433398808818982e-05,1.3433398808818982e-05
SLC25A28-DT,-1.3332518450725805e-05,1.3332518450725805e-05
APOL1,-1.325707401984578e-05,1.325707401984578e-05
RABEP1,-1.2704432042731607e-05,1.2704432042731607e-05
ENSG00000259605,1.2430307632131413e-05,1.2430307632131413e-05
ZNF761,1.1807132083685708e-05,1.1807132083685708e-05
METTL8,1.1786299628984074e-05,1.1786299628984074e-05
YOD1,1.1773352661189216e-05,1.1773352661189216e-05
ENSG00000260861,1.1749051950762267e-05,1.1749051950762267e-05
SULF2,-1.1376063163431948e-05,1.1376063163431948e-05
YY1AP1,1.1141781244136583e-05,1.1141781244136583e-05
NECTIN2,1.1044943422590752e-05,1.1044943422590752e-05
CCDC32,1.087688020737416e-05,1.087688020737416e-05
VRK3,1.0876463236788178e-05,1.0876463236788178e-05
CSNK1A1,-9.161967695442728e-06,9.161967695442728e-06
THY1,8.968507313434818e-06,8.968507313434818e-06
SYNE3,-8.84764768047961e-06,8.84764768047961e-06
PXDC1,8.700593471921647e-06,8.700593471921647e-06
CAPN12,-8.371344455077598e-06,8.371344455077598e-06
TRDN,-8.371344455077598e-06,8.371344455077598e-06
EMSY,8.212833322172289e-06,8.212833322172289e-06
TMEM50A,-8.118917141333405e-06,8.118917141333405e-06
UBA52P5,6.982418214719429e-06,6.982418214719429e-06
UCK1,6.975781636256425e-06,6.975781636256425e-06
ANGEL2,6.3263129935214275e-06,6.3263129935214275e-06
ABO,-6.314100600582216e-06,6.314100600582216e-06
XRRA1,6.065195650257907e-06,6.065195650257907e-06
SLC1A3,5.842795440364417e-06,5.842795440364417e-06
CDK19,-4.6341182786998735e-06,4.6341182786998735e-06
RPS13P3,-4.505424932390231e-06,4.505424932390231e-06
ENSG00000284634,-4.381497599111163e-06,4.381497599111163e-06
HSPA7,-4.212373179614197e-06,4.212373179614197e-06
KIAA1958,-4.212373179614197e-06,4.212373179614197e-06
FAM89B,-4.212373179614197e-06,4.212373179614197e-06
PRDM4,-4.212373179614197e-06,4.212373179614197e-06
ENSG00000287908,-4.212373179614197e-06,4.212373179614197e-06
MTG1,4.007561444318151e-06,4.007561444318151e-06
FKBP5,-3.861507456717925e-06,3.861507456717925e-06
ALPK3,3.638649698496372e-06,3.638649698496372e-06
IRF2BP2,3.638649698496372e-06,3.638649698496372e-06
MIR194-2HG,3.638649698496372e-06,3.638649698496372e-06
PA2G4P6,3.638649698496372e-06,3.638649698496372e-06
ENSG00000287156,3.638649698496372e-06,3.638649698496372e-06
RNU6-375P,3.638649698496372e-06,3.638649698496372e-06
CPQ,3.638649698496372e-06,3.638649698496372e-06
CRAMP1,3.638649698496372e-06,3.638649698496372e-06
ENSG00000261732,3.638649698496372e-06,3.638649698496372e-06
ENSG00000269949,3.638649698496372e-06,3.638649698496372e-06
BRAP,3.638649698496372e-06,3.638649698496372e-06
TTC27,3.638649698496372e-06,3.638649698496372e-06
FRYL,3.638649698496372e-06,3.638649698496372e-06
RPL6P2,3.638649698496372e-06,3.638649698496372e-06
DCAKD,3.638649698496372e-06,3.638649698496372e-06
BMP4,3.638649698496372e-06,3.638649698496372e-06
ZNF660,3.638649698496372e-06,3.638649698496372e-06
CBLL1,-3.6356534702537437e-06,3.6356534702537437e-06
TMEM51-AS1,-3.6356534702537437e-06,3.6356534702537437e-06
LEF1-AS1,-3.6356534702537437e-06,3.6356534702537437e-06
METTL15,-3.6356534702537437e-06,3.6356534702537437e-06
AKR1A1,-3.6356534702537437e-06,3.6356534702537437e-06
DHTKD1,-3.6356534702537437e-06,3.6356534702537437e-06
THAP5P1,-3.6356534702537437e-06,3.6356534702537437e-06
ACBD6,-3.6356534702537437e-06,3.6356534702537437e-06
ENSG00000291142,-3.6356534702537437e-06,3.6356534702537437e-06
G0S2,-3.6356534702537437e-06,3.6356534702537437e-06
LINC01963,-3.6356534702537437e-06,3.6356534702537437e-06
CACNA2D4,-3.6356534702537437e-06,3.6356534702537437e-06
NECAP1,-3.6356534702537437e-06,3.6356534702537437e-06
PATL1,-3.6356534702537437e-06,3.6356534702537437e-06
MRRF,-3.4599849861790334e-06,3.4599849861790334e-06
CCDC134,3.423993369172128e-06,3.423993369172128e-06
ENSG00000290537,3.423993369172128e-06,3.423993369172128e-06
AIM2,-3.111866075988315e-06,3.111866075988315e-06
ENSG00000233251,-2.7100014190266456e-06,2.7100014190266456e-06
LTF,2.4222700715350674e-06,2.4222700715350674e-06
CERS2,2.0651717246291876e-06,2.0651717246291876e-06
RNF180,2.0651717246291876e-06,2.0651717246291876e-06
NRBF2,-1.919807271600824e-06,1.919807271600824e-06
TMEM67,-1.9041746541724568e-06,1.9041746541724568e-06
SAAL1,1.8782277490320812e-06,1.8782277490320812e-06
PLPP1,-1.8671818575826607e-06,1.8671818575826607e-06
DPYSL3,-1.3889155693271347e-06,1.3889155693271347e-06
CDC27,1.3591152432533744e-06,1.3591152432533744e-06
SDCBP2,8.68221708910751e-07,8.68221708910751e-07
LRRC58,-7.422408891945654e-07,7.422408891945654e-07
TRAK1,-6.075332905169874e-07,6.075332905169874e-07
CYCSP40,4.631246535008449e-07,4.631246535008449e-07
TOP3A,3.8518165146013854e-07,3.8518165146013854e-07
ENSG00000288684,3.506484269849153e-07,3.506484269849153e-07
C11orf54,-3.2589093954294725e-07,3.2589093954294725e-07
KPNA6,-2.1493482278562618e-07,2.1493482278562618e-07
PRRT2,8.006695796424174e-08,8.006695796424174e-08
LINC00205,8.006695796424174e-08,8.006695796424174e-08
