gene,mean_unwounded_skin,mean_wound_edge,delta_wound_edge_minus_unwounded_skin
HLA-B,0.0,10.375,10.375
HLA-DQA1,1.1666666666666667,10.625,9.458333333333334
HLA-DQB1,4.5,10.25,5.75
HLA-DPA1,0.0,5.75,5.75
HLA-DRB6,0.0,5.375,5.375
IGKV1-5,2.0,6.75,4.75
ENSG00000271581,0.0,4.625,4.625
ANK2,1.3333333333333333,5.625,4.291666666666667
ELL2,0.0,4.125,4.125
ZC3HAV1,0.6666666666666666,4.5,3.8333333333333335
ZNF577,0.0,3.75,3.75
HLA-DQA2,0.0,3.625,3.625
IGKV1D-17,0.0,3.625,3.625
HLA-DPB1,0.0,3.5,3.5
HCP5,0.0,3.5,3.5
DHRS4-AS1,0.5,3.875,3.375
HLA-DRB1,0.0,3.375,3.375
ERO1B,1.0,4.375,3.375
IGLV2-14,0.0,3.375,3.375
RBM8A,0.5,3.75,3.25
RPSAP58,0.16666666666666666,3.25,3.0833333333333335
CD6,0.16666666666666666,3.125,2.9583333333333335
PPP1R3B,0.8333333333333334,3.75,2.9166666666666665
PREX2,1.0,3.875,2.875
SPN,0.0,2.875,2.875
TMC2,0.16666666666666666,3.0,2.8333333333333335
MSMO1,0.3333333333333333,3.125,2.7916666666666665
FBXL17,0.0,2.75,2.75
SDHA,1.0,3.75,2.75
ACVR1C,0.16666666666666666,2.875,2.7083333333333335
DST,1.8333333333333333,4.5,2.666666666666667
SORBS1,1.3333333333333333,4.0,2.666666666666667
CATSPER2P1,0.3333333333333333,3.0,2.6666666666666665
RPL9P5,0.3333333333333333,3.0,2.6666666666666665
GPRIN2,0.0,2.625,2.625
PABPC1,1.5,4.125,2.625
ENSG00000249072,0.0,2.625,2.625
METTL7A,0.16666666666666666,2.75,2.5833333333333335
IFRD1,1.6666666666666667,4.25,2.583333333333333
AKR1C1,1.1666666666666667,3.75,2.583333333333333
TMEM154,1.3333333333333333,3.875,2.541666666666667
HLA-H,0.3333333333333333,2.875,2.5416666666666665
IGHV3-21,0.0,2.5,2.5
NCL,0.16666666666666666,2.625,2.4583333333333335
SCARB2,0.6666666666666666,3.125,2.4583333333333335
AKNA,0.8333333333333334,3.25,2.4166666666666665
SYNE2,0.8333333333333334,3.25,2.4166666666666665
HBD,0.0,2.375,2.375
LRRC8A,0.0,2.375,2.375
FGD5-AS1,1.5,3.875,2.375
HCG18,0.0,2.375,2.375
IBSP,0.0,2.375,2.375
IRF1-AS1,0.6666666666666666,3.0,2.3333333333333335
ESYT2,1.6666666666666667,4.0,2.333333333333333
GMFB,0.3333333333333333,2.625,2.2916666666666665
SNHG14,3.8333333333333335,6.125,2.2916666666666665
MTCYBP38,0.0,2.25,2.25
RBM38,0.0,2.25,2.25
HLA-C,0.0,2.25,2.25
KLRD1,1.8333333333333333,4.0,2.166666666666667
DSC3,0.5,2.625,2.125
IPCEF1,0.0,2.125,2.125
ENSG00000272221,0.0,2.125,2.125
TVP23B,0.6666666666666666,2.75,2.0833333333333335
CDC16,0.16666666666666666,2.25,2.0833333333333335
NFE2L1,0.16666666666666666,2.25,2.0833333333333335
RPP14,1.1666666666666667,3.25,2.083333333333333
KAT6A,1.8333333333333333,3.875,2.041666666666667
GFRA1,0.3333333333333333,2.375,2.0416666666666665
IKZF3,0.8333333333333334,2.875,2.0416666666666665
DYNC1H1,1.0,3.0,2.0
ENSG00000286001,0.0,2.0,2.0
AHNAK2,2.5,4.5,2.0
PAICS,0.5,2.5,2.0
C4orf46,0.5,2.5,2.0
HCAR3,0.0,2.0,2.0
RPP30,0.0,2.0,2.0
FAM83F,0.0,2.0,2.0
MTCO3P17,0.0,2.0,2.0
TSPYL1,0.0,2.0,2.0
BAZ2A,0.0,2.0,2.0
SPOCK2,0.6666666666666666,2.625,1.9583333333333335
RPLP0P2,0.6666666666666666,2.625,1.9583333333333335
IL7R,0.6666666666666666,2.625,1.9583333333333335
MCTP2,0.16666666666666666,2.125,1.9583333333333333
CDHR1,0.16666666666666666,2.125,1.9583333333333333
SLC2A3,0.16666666666666666,2.125,1.9583333333333333
ZNF252P,0.16666666666666666,2.125,1.9583333333333333
SMPD4BP,0.16666666666666666,2.125,1.9583333333333333
TAF8,1.8333333333333333,3.75,1.9166666666666667
FYCO1,0.3333333333333333,2.25,1.9166666666666667
GPSM2,1.3333333333333333,3.25,1.9166666666666667
LMNA,0.8333333333333334,2.75,1.9166666666666665
FGD4,1.0,2.875,1.875
SLA,1.0,2.875,1.875
GNG2,0.0,1.875,1.875
ERBIN,1.0,2.875,1.875
XIST,0.0,1.875,1.875
MICA,0.0,1.875,1.875
ENSG00000228981,0.16666666666666666,2.0,1.8333333333333333
KMT2C,1.6666666666666667,3.5,1.8333333333333333
GNB4,1.1666666666666667,3.0,1.8333333333333333
ATP13A3,1.1666666666666667,3.0,1.8333333333333333
CBLB,1.6666666666666667,3.5,1.8333333333333333
SLFN12L,1.6666666666666667,3.5,1.8333333333333333
RHOJ,0.3333333333333333,2.125,1.7916666666666667
ENSG00000285646,0.3333333333333333,2.125,1.7916666666666667
BCL2L11,0.3333333333333333,2.125,1.7916666666666667
STK10,0.3333333333333333,2.125,1.7916666666666667
CD247,0.0,1.75,1.75
MUC20-OT1,0.0,1.75,1.75
NCAPD2,0.5,2.25,1.75
AAK1,2.5,4.25,1.75
NDUFS1,4.5,6.25,1.75
RPS15AP12,0.5,2.25,1.75
ZNF37BP,1.0,2.75,1.75
CCNL1,0.0,1.75,1.75
DDX39B,0.0,1.75,1.75
EPHA2,0.0,1.75,1.75
CPT1A,1.5,3.25,1.75
ENSG00000256249,0.0,1.75,1.75
MTCYBP12,0.0,1.75,1.75
MXRA5,0.6666666666666666,2.375,1.7083333333333335
C9orf72,0.16666666666666666,1.875,1.7083333333333333
MIEF1,0.16666666666666666,1.875,1.7083333333333333
IKZF1,0.16666666666666666,1.875,1.7083333333333333
C9orf78,1.6666666666666667,3.375,1.7083333333333333
HPS3,0.3333333333333333,2.0,1.6666666666666667
HTD2,0.3333333333333333,2.0,1.6666666666666667
SLC25A16,1.3333333333333333,3.0,1.6666666666666667
CEBPE,1.3333333333333333,3.0,1.6666666666666667
NICN1,0.8333333333333334,2.5,1.6666666666666665
ENSG00000283189,0.8333333333333334,2.5,1.6666666666666665
COL17A1,0.8333333333333334,2.5,1.6666666666666665
OAS3,0.8333333333333334,2.5,1.6666666666666665
CD276,0.0,1.625,1.625
TMBIM1,0.0,1.625,1.625
MAP2,0.0,1.625,1.625
ARHGEF3,1.0,2.625,1.625
SDF4,0.5,2.125,1.625
MTND3P25,0.0,1.625,1.625
RPL35AP31,0.0,1.625,1.625
FOXQ1,0.0,1.625,1.625
PDHX,0.0,1.625,1.625
IGHV4-34,0.0,1.625,1.625
DDX5,0.6666666666666666,2.25,1.5833333333333335
IP6K2,0.16666666666666666,1.75,1.5833333333333333
C11orf58,1.1666666666666667,2.75,1.5833333333333333
GATM,0.16666666666666666,1.75,1.5833333333333333
NOL10,1.6666666666666667,3.25,1.5833333333333333
MOB1A,0.16666666666666666,1.75,1.5833333333333333
MLPH,0.16666666666666666,1.75,1.5833333333333333
APLP2,0.16666666666666666,1.75,1.5833333333333333
CGNL1,0.16666666666666666,1.75,1.5833333333333333
PATJ,0.8333333333333334,2.375,1.5416666666666665
TAS2R64P,0.0,1.5,1.5
MTCO1P12,0.0,1.5,1.5
ZNF33A,0.0,1.5,1.5
ENSG00000230521,0.0,1.5,1.5
ENSG00000289545,0.0,1.5,1.5
SFPQ,0.0,1.5,1.5
NBPF2P,0.0,1.5,1.5
UBE2D3-AS1,0.0,1.5,1.5
YBX3,1.0,2.5,1.5
HLA-A,0.0,1.5,1.5
NBPF3,0.0,1.5,1.5
LINC00863,0.0,1.5,1.5
DSG1,0.5,2.0,1.5
PACSIN2,0.0,1.5,1.5
SLC25A45,0.0,1.5,1.5
ENSG00000291182,0.0,1.5,1.5
LAMB4,0.0,1.5,1.5
LPP,4.5,6.0,1.5
IRF1,2.0,3.5,1.5
SERPINA5,0.0,1.5,1.5
IGHV2-5,0.0,1.5,1.5
MAGI3,0.6666666666666666,2.125,1.4583333333333335
IL1RN,0.16666666666666666,1.625,1.4583333333333333
MPO,0.16666666666666666,1.625,1.4583333333333333
PARP1,0.16666666666666666,1.625,1.4583333333333333
TANC1,1.1666666666666667,2.625,1.4583333333333333
ZNF727,0.16666666666666666,1.625,1.4583333333333333
E2F6,0.16666666666666666,1.625,1.4583333333333333
HPS5,0.16666666666666666,1.625,1.4583333333333333
TPCN2,1.3333333333333333,2.75,1.4166666666666667
ST3GAL1,1.3333333333333333,2.75,1.4166666666666667
SNHG3,0.3333333333333333,1.75,1.4166666666666667
DIP2A,0.3333333333333333,1.75,1.4166666666666667
RPL35AP32,0.3333333333333333,1.75,1.4166666666666667
TAF1D,0.3333333333333333,1.75,1.4166666666666667
PCED1A,0.3333333333333333,1.75,1.4166666666666667
SEL1L,0.8333333333333334,2.25,1.4166666666666665
AMD1,0.8333333333333334,2.25,1.4166666666666665
SCARA5,1.0,2.375,1.375
ABCA8,0.0,1.375,1.375
RHOT2,0.0,1.375,1.375
DCT,0.0,1.375,1.375
TMCO3,0.5,1.875,1.375
ENSG00000232514,0.0,1.375,1.375
C17orf80,0.5,1.875,1.375
FLJ38576,0.0,1.375,1.375
TMEM259,0.5,1.875,1.375
CRYBG1,1.0,2.375,1.375
ENSG00000261266,0.0,1.375,1.375
RSL1D1,0.5,1.875,1.375
CSF1,0.0,1.375,1.375
RPS19,0.0,1.375,1.375
FANCA,0.0,1.375,1.375
PLK1,0.0,1.375,1.375
MPP7,0.0,1.375,1.375
HADHB,0.0,1.375,1.375
TMEM213,0.0,1.375,1.375
NIBAN1,1.0,2.375,1.375
DHX36,0.0,1.375,1.375
IGHM,0.0,1.375,1.375
BACH2,0.6666666666666666,2.0,1.3333333333333335
SIRPA,0.6666666666666666,2.0,1.3333333333333335
ERGIC2,0.16666666666666666,1.5,1.3333333333333333
ABI3BP,1.1666666666666667,2.5,1.3333333333333333
TRIM69,0.16666666666666666,1.5,1.3333333333333333
PHAX,0.16666666666666666,1.5,1.3333333333333333
ZNF844,0.16666666666666666,1.5,1.3333333333333333
IGF2,0.16666666666666666,1.5,1.3333333333333333
TBC1D15,0.16666666666666666,1.5,1.3333333333333333
DOCK5,1.1666666666666667,2.5,1.3333333333333333
MADD,0.16666666666666666,1.5,1.3333333333333333
EMCN,0.16666666666666666,1.5,1.3333333333333333
PTK2B,0.16666666666666666,1.5,1.3333333333333333
RNF125,1.3333333333333333,2.625,1.2916666666666667
PIK3AP1,0.3333333333333333,1.625,1.2916666666666667
LCP1,0.3333333333333333,1.625,1.2916666666666667
METTL4,0.3333333333333333,1.625,1.2916666666666667
SPEN-AS1,0.3333333333333333,1.625,1.2916666666666667
HEATR1,1.8333333333333333,3.125,1.2916666666666667
RPL38,0.3333333333333333,1.625,1.2916666666666667
LINC00299,0.3333333333333333,1.625,1.2916666666666667
RPL7AP30,0.3333333333333333,1.625,1.2916666666666667
HECTD1,1.8333333333333333,3.125,1.2916666666666667
LRIG3,0.3333333333333333,1.625,1.2916666666666667
HPGD,0.3333333333333333,1.625,1.2916666666666667
ENSG00000254112,0.3333333333333333,1.625,1.2916666666666667
UBE2D3,2.3333333333333335,3.625,1.2916666666666665
ENSG00000243802,0.8333333333333334,2.125,1.2916666666666665
MIR23AHG,3.3333333333333335,4.625,1.2916666666666665
ARHGAP24,0.8333333333333334,2.125,1.2916666666666665
TENT5C,0.5,1.75,1.25
RPL4P1,0.0,1.25,1.25
IGKV2-30,0.0,1.25,1.25
RPS7P5,0.0,1.25,1.25
PTGES,0.0,1.25,1.25
LARS1,2.5,3.75,1.25
SET,0.0,1.25,1.25
UNC13B,0.0,1.25,1.25
VWF,1.0,2.25,1.25
ENSG00000238085,0.0,1.25,1.25
HNRNPM,0.0,1.25,1.25
CDC42SE2,0.0,1.25,1.25
ATP6AP2,0.0,1.25,1.25
NIT2,1.0,2.25,1.25
RAB27A,0.5,1.75,1.25
NSMCE1,0.0,1.25,1.25
ZSCAN25,0.0,1.25,1.25
SSR3,0.5,1.75,1.25
KAZN,0.5,1.75,1.25
ANO1,0.0,1.25,1.25
TMEM50B,0.0,1.25,1.25
SLC22A5,0.0,1.25,1.25
TDP2,0.0,1.25,1.25
H3-5,0.5,1.75,1.25
CACHD1,0.0,1.25,1.25
RPL17P11,0.0,1.25,1.25
IL1RL1,1.0,2.25,1.25
NDUFA13,0.0,1.25,1.25
MEX3C,0.0,1.25,1.25
PDIA6,0.0,1.25,1.25
GSK3B,2.0,3.25,1.25
PDE4D,0.6666666666666666,1.875,1.2083333333333335
SUN2,0.6666666666666666,1.875,1.2083333333333335
IKBKB,0.6666666666666666,1.875,1.2083333333333335
ARHGAP26,0.6666666666666666,1.875,1.2083333333333335
CCDC6,0.16666666666666666,1.375,1.2083333333333333
MECP2,0.16666666666666666,1.375,1.2083333333333333
SLC25A44,0.16666666666666666,1.375,1.2083333333333333
CYP3A5,0.16666666666666666,1.375,1.2083333333333333
RNF44,0.16666666666666666,1.375,1.2083333333333333
CHL1,0.16666666666666666,1.375,1.2083333333333333
GLA,0.16666666666666666,1.375,1.2083333333333333
MTERF2,0.16666666666666666,1.375,1.2083333333333333
PPP2R5C,1.1666666666666667,2.375,1.2083333333333333
ZC3H12C,0.16666666666666666,1.375,1.2083333333333333
ENSG00000258311,0.16666666666666666,1.375,1.2083333333333333
PLEKHA7,0.3333333333333333,1.5,1.1666666666666667
APBB2,0.3333333333333333,1.5,1.1666666666666667
MATN2,0.3333333333333333,1.5,1.1666666666666667
ATG10,0.3333333333333333,1.5,1.1666666666666667
CRYBG3,0.3333333333333333,1.5,1.1666666666666667
POGK,0.3333333333333333,1.5,1.1666666666666667
ENSG00000279602,0.3333333333333333,1.5,1.1666666666666667
CA8,0.3333333333333333,1.5,1.1666666666666667
RPS20,1.3333333333333333,2.5,1.1666666666666667
KCNA3,0.3333333333333333,1.5,1.1666666666666667
EMX2OS,1.3333333333333333,2.5,1.1666666666666667
MYC,0.3333333333333333,1.5,1.1666666666666667
XYLT1,0.3333333333333333,1.5,1.1666666666666667
ESR2,0.8333333333333334,2.0,1.1666666666666665
TATDN2,0.8333333333333334,2.0,1.1666666666666665
UBP1,0.8333333333333334,2.0,1.1666666666666665
TNS2-AS1,0.8333333333333334,2.0,1.1666666666666665
LY75-CD302,0.5,1.625,1.125
USP15,0.5,1.625,1.125
ENSG00000247011,0.0,1.125,1.125
RPL3P9,1.5,2.625,1.125
GOLGA8B,0.5,1.625,1.125
CALCRL,1.5,2.625,1.125
JAK1,1.0,2.125,1.125
CENPU,0.0,1.125,1.125
RPL4P2,0.0,1.125,1.125
INTS1,0.0,1.125,1.125
MYRIP,0.0,1.125,1.125
LYRM1,0.0,1.125,1.125
WNT7B,0.0,1.125,1.125
RPL39P5,0.5,1.625,1.125
C22orf39,0.5,1.625,1.125
NT5DC1,0.0,1.125,1.125
TMEM268,0.0,1.125,1.125
HNRNPK-AS1,0.0,1.125,1.125
FAM83B,0.5,1.625,1.125
RDH5,0.0,1.125,1.125
ACCS,0.0,1.125,1.125
BTBD10,0.0,1.125,1.125
SPHK2,0.0,1.125,1.125
L3MBTL2-AS1,0.5,1.625,1.125
BCL2,0.5,1.625,1.125
DUOX2,0.0,1.125,1.125
SMAP1,0.0,1.125,1.125
ENSG00000229700,0.0,1.125,1.125
CCDC57,0.5,1.625,1.125
ENSG00000242154,0.0,1.125,1.125
SLC16A7,1.0,2.125,1.125
MFSD14CP,1.0,2.125,1.125
BCR,0.5,1.625,1.125
ZNF181,0.0,1.125,1.125
RCAN2,0.0,1.125,1.125
CDKL1,0.5,1.625,1.125
MTND4P12,0.5,1.625,1.125
ENSG00000267198,0.0,1.125,1.125
CAB39,0.0,1.125,1.125
HLA-DQB2,0.0,1.125,1.125
HIRA,0.0,1.125,1.125
IL6R,0.0,1.125,1.125
RUNX3,0.0,1.125,1.125
ERI1,0.5,1.625,1.125
ZNF440,0.5,1.625,1.125
CD1E,0.0,1.125,1.125
SH3BP2,1.0,2.125,1.125
PNISR,0.5,1.625,1.125
ENSG00000287725,1.0,2.125,1.125
CYP4V2,0.5,1.625,1.125
PTPRS,0.5,1.625,1.125
SELPLG,0.0,1.125,1.125
CRCP,0.0,1.125,1.125
STC1,0.0,1.125,1.125
ENSG00000233836,0.0,1.125,1.125
EPAS1,0.0,1.125,1.125
ITGB2,0.0,1.125,1.125
ABR,0.0,1.125,1.125
DBP,0.0,1.125,1.125
MTCYBP5,0.0,1.125,1.125
C7,0.6666666666666666,1.75,1.0833333333333335
ANKDD1A,0.6666666666666666,1.75,1.0833333333333335
THBS1,0.6666666666666666,1.75,1.0833333333333335
LDHA,0.6666666666666666,1.75,1.0833333333333335
LYST,2.6666666666666665,3.75,1.0833333333333335
SLF1,0.6666666666666666,1.75,1.0833333333333335
PPP1R15B,0.6666666666666666,1.75,1.0833333333333335
D2HGDH,0.6666666666666666,1.75,1.0833333333333335
OBSCN,0.6666666666666666,1.75,1.0833333333333335
C1orf109,0.16666666666666666,1.25,1.0833333333333333
ARL6IP5,0.16666666666666666,1.25,1.0833333333333333
NOS3,0.16666666666666666,1.25,1.0833333333333333
ERBB3,0.16666666666666666,1.25,1.0833333333333333
NUBPL,0.16666666666666666,1.25,1.0833333333333333
THAP3,0.16666666666666666,1.25,1.0833333333333333
PRDM8,0.16666666666666666,1.25,1.0833333333333333
CROCC,0.16666666666666666,1.25,1.0833333333333333
DDX47,0.16666666666666666,1.25,1.0833333333333333
CDK5RAP1,0.16666666666666666,1.25,1.0833333333333333
DMAC2L,0.16666666666666666,1.25,1.0833333333333333
LRATD1,0.16666666666666666,1.25,1.0833333333333333
ENSG00000228399,0.16666666666666666,1.25,1.0833333333333333
MAP3K6,0.16666666666666666,1.25,1.0833333333333333
LINC01615,0.16666666666666666,1.25,1.0833333333333333
CWF19L1,0.16666666666666666,1.25,1.0833333333333333
LTBR,0.16666666666666666,1.25,1.0833333333333333
TOR1AIP2,0.16666666666666666,1.25,1.0833333333333333
SLC30A7,0.16666666666666666,1.25,1.0833333333333333
TPPP,0.16666666666666666,1.25,1.0833333333333333
ITGA8,0.16666666666666666,1.25,1.0833333333333333
DRC3,0.16666666666666666,1.25,1.0833333333333333
ZNF433-AS1,0.16666666666666666,1.25,1.0833333333333333
BOC,1.6666666666666667,2.75,1.0833333333333333
OSER1,0.16666666666666666,1.25,1.0833333333333333
ZDBF2,0.16666666666666666,1.25,1.0833333333333333
ASXL1,1.3333333333333333,2.375,1.0416666666666667
CMYA5,0.3333333333333333,1.375,1.0416666666666667
MAP1B,0.3333333333333333,1.375,1.0416666666666667
EFCAB2,0.3333333333333333,1.375,1.0416666666666667
CHCHD7,0.3333333333333333,1.375,1.0416666666666667
SNHG1,0.3333333333333333,1.375,1.0416666666666667
MMAB,0.3333333333333333,1.375,1.0416666666666667
IRF8,0.3333333333333333,1.375,1.0416666666666667
ENG,0.3333333333333333,1.375,1.0416666666666667
NSUN2,0.3333333333333333,1.375,1.0416666666666667
RASSF1,0.3333333333333333,1.375,1.0416666666666667
ADIPOR2,0.3333333333333333,1.375,1.0416666666666667
SLC7A5,0.3333333333333333,1.375,1.0416666666666667
NUCB2,0.3333333333333333,1.375,1.0416666666666667
HLA-DRB5,0.3333333333333333,1.375,1.0416666666666667
CD4,0.3333333333333333,1.375,1.0416666666666667
PREX1,0.3333333333333333,1.375,1.0416666666666667
CASP8,0.3333333333333333,1.375,1.0416666666666667
USF3,0.8333333333333334,1.875,1.0416666666666665
TMX3,0.8333333333333334,1.875,1.0416666666666665
TGIF1,0.8333333333333334,1.875,1.0416666666666665
SSC5D,0.8333333333333334,1.875,1.0416666666666665
OSTM1,0.8333333333333334,1.875,1.0416666666666665
AK3,0.8333333333333334,1.875,1.0416666666666665
MCF2L,0.8333333333333334,1.875,1.0416666666666665
C15orf39,0.0,1.0,1.0
CD55,0.5,1.5,1.0
RRP7BP,0.5,1.5,1.0
CYP4F12,0.0,1.0,1.0
CYP4F3,0.0,1.0,1.0
ABHD3,0.0,1.0,1.0
PLEC,3.5,4.5,1.0
LIMD1,1.5,2.5,1.0
ENSG00000289526,0.0,1.0,1.0
PPFIA1,1.0,2.0,1.0
RNASET2,1.0,2.0,1.0
PPP1R9A,0.0,1.0,1.0
IPMK,0.0,1.0,1.0
BRK1,0.0,1.0,1.0
ENSG00000279622,0.0,1.0,1.0
UBE2I,1.5,2.5,1.0
NTM,0.0,1.0,1.0
POC1B,0.0,1.0,1.0
GIMAP6,0.0,1.0,1.0
POTEE,0.5,1.5,1.0
SOX6,0.0,1.0,1.0
HINT1,1.0,2.0,1.0
TNIP3,0.0,1.0,1.0
TTC32,0.0,1.0,1.0
FOXP4,0.0,1.0,1.0
RNH1,0.0,1.0,1.0
TMEM181,0.0,1.0,1.0
ENSG00000253945,0.0,1.0,1.0
PRKAG2,1.0,2.0,1.0
TPP2,1.0,2.0,1.0
ZDHHC11B,0.0,1.0,1.0
KIT,0.0,1.0,1.0
DSC1,0.0,1.0,1.0
PCM1,2.0,3.0,1.0
HELLS,0.0,1.0,1.0
ATP6V1C2,0.0,1.0,1.0
TMEM254-AS1,0.0,1.0,1.0
MLYCD,0.0,1.0,1.0
TRAPPC9,0.0,1.0,1.0
LINC01229,0.0,1.0,1.0
ANKRD33B,1.0,2.0,1.0
TPT1-AS1,2.5,3.5,1.0
RAET1E,0.5,1.5,1.0
RNF31,0.0,1.0,1.0
MTCO3P39,0.0,1.0,1.0
BTNL9,1.0,2.0,1.0
SNTG2,0.0,1.0,1.0
SLC20A1,0.0,1.0,1.0
RPS12P26,0.0,1.0,1.0
HLA-F,0.0,1.0,1.0
ZNF561-AS1,0.0,1.0,1.0
GCC1,0.0,1.0,1.0
TNFAIP3,0.0,1.0,1.0
ENSG00000286132,0.0,1.0,1.0
RAB40C,0.0,1.0,1.0
ENSG00000285867,0.5,1.5,1.0
RPS6KA5,1.5,2.5,1.0
METTL17,0.0,1.0,1.0
HLA-DRA,0.0,1.0,1.0
ATG2A,0.0,1.0,1.0
DHRS4,0.0,1.0,1.0
ENSG00000213058,0.0,1.0,1.0
EPHA6,0.0,1.0,1.0
ENSG00000184084,0.0,1.0,1.0
ALOX15,0.0,1.0,1.0
ZNF385A,0.0,1.0,1.0
EPHX2,0.0,1.0,1.0
CERS5,0.0,1.0,1.0
ENSG00000257222,0.0,1.0,1.0
OGFOD3,0.0,1.0,1.0
KCTD10,0.5,1.5,1.0
DDIT4,0.0,1.0,1.0
IGKV1D-12,0.0,1.0,1.0
LRRFIP1,1.5,2.5,1.0
DDX46,0.0,1.0,1.0
ENSG00000286098,0.0,1.0,1.0
PID1,0.0,1.0,1.0
TMX4,0.5,1.5,1.0
ENSG00000231316,0.0,1.0,1.0
MELTF,2.1666666666666665,3.125,0.9583333333333335
KLRC2,0.16666666666666666,1.125,0.9583333333333334
FDX1,0.16666666666666666,1.125,0.9583333333333334
POT1,0.16666666666666666,1.125,0.9583333333333334
RPL35AP36,0.16666666666666666,1.125,0.9583333333333334
ARPC1B,0.16666666666666666,1.125,0.9583333333333334
RIN3,0.16666666666666666,1.125,0.9583333333333334
LBH,0.6666666666666666,1.625,0.9583333333333334
ZBP1,0.6666666666666666,1.625,0.9583333333333334
ENSG00000220370,0.6666666666666666,1.625,0.9583333333333334
SF3B3,0.16666666666666666,1.125,0.9583333333333334
ZBED6,0.6666666666666666,1.625,0.9583333333333334
GPD1L,0.16666666666666666,1.125,0.9583333333333334
CCSAP,0.16666666666666666,1.125,0.9583333333333334
JUP,0.6666666666666666,1.625,0.9583333333333334
CELF2,0.16666666666666666,1.125,0.9583333333333334
IVL,0.16666666666666666,1.125,0.9583333333333334
OR2B11,0.16666666666666666,1.125,0.9583333333333334
SLC35B3,0.16666666666666666,1.125,0.9583333333333334
PSD4,0.16666666666666666,1.125,0.9583333333333334
CSNK2A2,0.16666666666666666,1.125,0.9583333333333334
PSMB1,0.16666666666666666,1.125,0.9583333333333334
SNHG17,0.6666666666666666,1.625,0.9583333333333334
LTBP4,0.16666666666666666,1.125,0.9583333333333334
ZNF106,0.6666666666666666,1.625,0.9583333333333334
EIF3B,0.6666666666666666,1.625,0.9583333333333334
ABCA12,0.16666666666666666,1.125,0.9583333333333334
C1orf115,0.6666666666666666,1.625,0.9583333333333334
RHBDF2,0.6666666666666666,1.625,0.9583333333333334
CIB1,0.16666666666666666,1.125,0.9583333333333334
ENSG00000283103,0.16666666666666666,1.125,0.9583333333333334
CLDN1,0.16666666666666666,1.125,0.9583333333333334
IFFO2,0.16666666666666666,1.125,0.9583333333333334
MAFTRR,0.16666666666666666,1.125,0.9583333333333334
EFTUD2,0.16666666666666666,1.125,0.9583333333333334
TMEM41A,0.6666666666666666,1.625,0.9583333333333334
BRME1,0.16666666666666666,1.125,0.9583333333333334
SUDS3,0.16666666666666666,1.125,0.9583333333333334
BPNT2,0.16666666666666666,1.125,0.9583333333333334
ZDHHC3,0.16666666666666666,1.125,0.9583333333333334
RPS27L,0.16666666666666666,1.125,0.9583333333333334
UBTF,0.16666666666666666,1.125,0.9583333333333334
TACSTD2,0.16666666666666666,1.125,0.9583333333333334
ENSG00000291144,0.16666666666666666,1.125,0.9583333333333334
LINC02606,0.16666666666666666,1.125,0.9583333333333334
GAN,1.6666666666666667,2.625,0.9583333333333333
CMAHP,1.1666666666666667,2.125,0.9583333333333333
RCAN3,1.6666666666666667,2.625,0.9583333333333333
ENSG00000213867,0.3333333333333333,1.25,0.9166666666666667
SOCS2,0.3333333333333333,1.25,0.9166666666666667
ANTXR2,0.3333333333333333,1.25,0.9166666666666667
TPSB2,0.3333333333333333,1.25,0.9166666666666667
PIK3R1,0.3333333333333333,1.25,0.9166666666666667
PDGFRA,0.3333333333333333,1.25,0.9166666666666667
JADE1,0.3333333333333333,1.25,0.9166666666666667
GNS,0.3333333333333333,1.25,0.9166666666666667
KDM3A,0.3333333333333333,1.25,0.9166666666666667
TRIM25,0.3333333333333333,1.25,0.9166666666666667
ARHGAP45,0.3333333333333333,1.25,0.9166666666666667
MEGF6,0.3333333333333333,1.25,0.9166666666666667
EPB41L4A,0.3333333333333333,1.25,0.9166666666666667
POLR2A,1.3333333333333333,2.25,0.9166666666666667
GPRIN3,1.8333333333333333,2.75,0.9166666666666667
ENSG00000272688,0.3333333333333333,1.25,0.9166666666666667
PPP1CB,0.3333333333333333,1.25,0.9166666666666667
USP20,0.3333333333333333,1.25,0.9166666666666667
ENSG00000261505,1.8333333333333333,2.75,0.9166666666666667
RPSAP69,1.3333333333333333,2.25,0.9166666666666667
LINC01550,0.3333333333333333,1.25,0.9166666666666667
ACAT1,0.3333333333333333,1.25,0.9166666666666667
EXD3,0.3333333333333333,1.25,0.9166666666666667
ENSG00000265399,0.3333333333333333,1.25,0.9166666666666667
GGA2,0.3333333333333333,1.25,0.9166666666666667
RPL3P3,0.8333333333333334,1.75,0.9166666666666666
PHLDA1,0.8333333333333334,1.75,0.9166666666666666
ENSG00000286116,0.8333333333333334,1.75,0.9166666666666666
DR1,0.8333333333333334,1.75,0.9166666666666666
CATSPERG,0.8333333333333334,1.75,0.9166666666666666
EEF1A1,0.8333333333333334,1.75,0.9166666666666666
IQCN,0.8333333333333334,1.75,0.9166666666666666
G3BP1,2.3333333333333335,3.25,0.9166666666666665
CNKSR3,3.3333333333333335,4.25,0.9166666666666665
CORO7,0.0,0.875,0.875
MFAP5,0.0,0.875,0.875
FBXO27,0.0,0.875,0.875
CAMK1D,0.5,1.375,0.875
PLEKHN1,0.0,0.875,0.875
SPATA5L1,0.0,0.875,0.875
SKP1,2.0,2.875,0.875
FBXO33,0.0,0.875,0.875
ENSG00000285336,0.0,0.875,0.875
IL2RG,0.0,0.875,0.875
MAPK3,0.0,0.875,0.875
TACC2,1.0,1.875,0.875
LIFR,0.5,1.375,0.875
PPL,1.0,1.875,0.875
CLMP,1.0,1.875,0.875
SAMD4A,0.5,1.375,0.875
NOP56,0.5,1.375,0.875
MSI2,0.5,1.375,0.875
APTR,0.0,0.875,0.875
CD300A,0.0,0.875,0.875
ERVK3-1,0.0,0.875,0.875
SH2B3,0.5,1.375,0.875
MYLIP,0.0,0.875,0.875
ACIN1,0.0,0.875,0.875
EIF5B,0.0,0.875,0.875
KITLG,0.0,0.875,0.875
CLIC4,0.0,0.875,0.875
DDHD1,1.0,1.875,0.875
ENSG00000288813,0.0,0.875,0.875
MT-ND2,0.0,0.875,0.875
SSBP3,0.0,0.875,0.875
RPL37A,1.0,1.875,0.875
RAD51C,0.0,0.875,0.875
ENSG00000236364,0.0,0.875,0.875
COL2A1,0.0,0.875,0.875
EMSLR,0.0,0.875,0.875
VENTX,0.0,0.875,0.875
DIPK2A,0.0,0.875,0.875
MTND4P24,0.0,0.875,0.875
PYROXD1,0.0,0.875,0.875
GPR174,0.0,0.875,0.875
DIS3L2,0.0,0.875,0.875
MCOLN2,0.0,0.875,0.875
ENSG00000285991,0.0,0.875,0.875
OR2I1P,0.0,0.875,0.875
ENSG00000261116,0.0,0.875,0.875
SH3TC1,0.0,0.875,0.875
SYCE1L,0.0,0.875,0.875
ANKLE2,5.0,5.875,0.875
LINC02739,0.0,0.875,0.875
CNOT4P1,0.0,0.875,0.875
ZC3H11A,1.0,1.875,0.875
RPS3P1,0.0,0.875,0.875
EP400,0.0,0.875,0.875
ELK4,0.0,0.875,0.875
MTCO1P4,0.0,0.875,0.875
PGAP1,0.5,1.375,0.875
ENSG00000272918,0.5,1.375,0.875
NEDD8,0.0,0.875,0.875
RSU1,0.5,1.375,0.875
ADH1B,0.0,0.875,0.875
SCLT1,0.0,0.875,0.875
MYO15B,0.0,0.875,0.875
UBC,0.5,1.375,0.875
ENSG00000271420,0.0,0.875,0.875
F11R,1.0,1.875,0.875
PARP10,0.0,0.875,0.875
AIRN,0.0,0.875,0.875
TLE2,0.0,0.875,0.875
CDC42-AS1,0.0,0.875,0.875
STARD10,0.0,0.875,0.875
IRAG1,0.0,0.875,0.875
FIGNL2,0.0,0.875,0.875
LINC01220,0.0,0.875,0.875
FAM111A,0.0,0.875,0.875
CYP4F24P,1.5,2.375,0.875
FLCN,1.0,1.875,0.875
BRD2,0.0,0.875,0.875
KLF13,0.0,0.875,0.875
ENSG00000287860,0.0,0.875,0.875
NHSL1-AS1,0.0,0.875,0.875
PMEPA1,0.5,1.375,0.875
RPL17P34,0.0,0.875,0.875
NAXD,0.0,0.875,0.875
LRP4,0.0,0.875,0.875
ENSG00000259137,0.0,0.875,0.875
AVPR1A,0.0,0.875,0.875
TGFB2,0.0,0.875,0.875
SOWAHC,0.0,0.875,0.875
ABCC1,0.0,0.875,0.875
FMC1,0.0,0.875,0.875
TG,0.0,0.875,0.875
ENSG00000205622,0.0,0.875,0.875
PADI2,0.0,0.875,0.875
TAPBP,0.0,0.875,0.875
TEX45,0.5,1.375,0.875
CDC42,1.0,1.875,0.875
PHF3,1.5,2.375,0.875
ENSG00000275894,0.0,0.875,0.875
ENSG00000240388,0.5,1.375,0.875
PRMT5-AS1,0.0,0.875,0.875
ST6GALNAC6,0.0,0.875,0.875
TOP1MT,0.0,0.875,0.875
CEROX1,0.0,0.875,0.875
PDLIM5,2.0,2.875,0.875
POF1B,0.5,1.375,0.875
GPAT3,0.0,0.875,0.875
DCLRE1B,0.0,0.875,0.875
SRSF3,0.0,0.875,0.875
SERPINB2,0.0,0.875,0.875
PHF10,0.5,1.375,0.875
COL25A1,0.0,0.875,0.875
NAAA,0.0,0.875,0.875
PDIK1L,0.0,0.875,0.875
ENSG00000284428,0.5,1.375,0.875
ENSG00000265100,0.0,0.875,0.875
ZCCHC3,0.0,0.875,0.875
KBTBD7,0.0,0.875,0.875
KLK10,0.16666666666666666,1.0,0.8333333333333334
CPEB2,0.16666666666666666,1.0,0.8333333333333334
BLTP3B,0.16666666666666666,1.0,0.8333333333333334
GNL3,0.16666666666666666,1.0,0.8333333333333334
CBX6,0.16666666666666666,1.0,0.8333333333333334
ENSG00000231955,0.6666666666666666,1.5,0.8333333333333334
MLF2,0.16666666666666666,1.0,0.8333333333333334
GNA14,0.16666666666666666,1.0,0.8333333333333334
ENSG00000290084,0.16666666666666666,1.0,0.8333333333333334
ABCA1,0.6666666666666666,1.5,0.8333333333333334
ENSG00000233597,0.16666666666666666,1.0,0.8333333333333334
ZNF12,0.16666666666666666,1.0,0.8333333333333334
ENSG00000260927,0.16666666666666666,1.0,0.8333333333333334
HMGB1,0.16666666666666666,1.0,0.8333333333333334
UHMK1,0.6666666666666666,1.5,0.8333333333333334
MSN,0.16666666666666666,1.0,0.8333333333333334
GOT1-DT,0.16666666666666666,1.0,0.8333333333333334
NUDT4,0.6666666666666666,1.5,0.8333333333333334
CCAR1,0.16666666666666666,1.0,0.8333333333333334
PDLIM4,0.6666666666666666,1.5,0.8333333333333334
ERAP2,0.6666666666666666,1.5,0.8333333333333334
MAP3K11,0.16666666666666666,1.0,0.8333333333333334
SUPV3L1,0.16666666666666666,1.0,0.8333333333333334
MANBA,0.16666666666666666,1.0,0.8333333333333334
ARF6,0.16666666666666666,1.0,0.8333333333333334
ZNF600,0.6666666666666666,1.5,0.8333333333333334
ANP32A,0.16666666666666666,1.0,0.8333333333333334
NOTCH1,0.16666666666666666,1.0,0.8333333333333334
OSBPL9,0.16666666666666666,1.0,0.8333333333333334
CERCAM,0.16666666666666666,1.0,0.8333333333333334
TOP2B,0.16666666666666666,1.0,0.8333333333333334
DNM1L,0.6666666666666666,1.5,0.8333333333333334
NORAD,0.16666666666666666,1.0,0.8333333333333334
ENSG00000145075,0.16666666666666666,1.0,0.8333333333333334
CD8A,0.16666666666666666,1.0,0.8333333333333334
ENSG00000244953,0.16666666666666666,1.0,0.8333333333333334
IL6ST,0.6666666666666666,1.5,0.8333333333333334
ATP5F1A,0.16666666666666666,1.0,0.8333333333333334
ENO1,0.16666666666666666,1.0,0.8333333333333334
LINC00426,0.16666666666666666,1.0,0.8333333333333334
MARCHF6,0.16666666666666666,1.0,0.8333333333333334
C2orf88,0.6666666666666666,1.5,0.8333333333333334
MTUS1-DT,0.16666666666666666,1.0,0.8333333333333334
ENSG00000261060,0.6666666666666666,1.5,0.8333333333333334
AGTR1,0.16666666666666666,1.0,0.8333333333333334
STK35,0.16666666666666666,1.0,0.8333333333333334
WNT4,0.16666666666666666,1.0,0.8333333333333334
MARCKS,0.16666666666666666,1.0,0.8333333333333334
NPM1,0.6666666666666666,1.5,0.8333333333333334
GRK4,0.16666666666666666,1.0,0.8333333333333334
DSG2,0.16666666666666666,1.0,0.8333333333333334
MIDEAS,1.1666666666666667,2.0,0.8333333333333333
KANK1,1.6666666666666667,2.5,0.8333333333333333
ANXA2,1.6666666666666667,2.5,0.8333333333333333
HMGB2P1,1.6666666666666667,2.5,0.8333333333333333
MDN1,1.1666666666666667,2.0,0.8333333333333333
ERVK13-1,1.6666666666666667,2.5,0.8333333333333333
DYRK1A,1.8333333333333333,2.625,0.7916666666666667
LMBR1,1.3333333333333333,2.125,0.7916666666666667
KLRC1,0.3333333333333333,1.125,0.7916666666666667
STAT4,0.3333333333333333,1.125,0.7916666666666667
ATP2B4,0.3333333333333333,1.125,0.7916666666666667
ITPKB,0.3333333333333333,1.125,0.7916666666666667
ENSG00000213062,0.3333333333333333,1.125,0.7916666666666667
AUTS2,0.3333333333333333,1.125,0.7916666666666667
MICALL2,0.3333333333333333,1.125,0.7916666666666667
ENSG00000267801,0.3333333333333333,1.125,0.7916666666666667
ENSG00000233737,0.3333333333333333,1.125,0.7916666666666667
GTF2I,0.3333333333333333,1.125,0.7916666666666667
TMEM263,0.3333333333333333,1.125,0.7916666666666667
BSG,0.3333333333333333,1.125,0.7916666666666667
UBQLN1,0.3333333333333333,1.125,0.7916666666666667
GPRC5A,0.3333333333333333,1.125,0.7916666666666667
RAB2B,1.3333333333333333,2.125,0.7916666666666667
POLR1G,1.3333333333333333,2.125,0.7916666666666667
NFATC1,1.8333333333333333,2.625,0.7916666666666667
SPINT1,0.3333333333333333,1.125,0.7916666666666667
NUP210,0.3333333333333333,1.125,0.7916666666666667
SAMD8,0.3333333333333333,1.125,0.7916666666666667
ITGA3,0.3333333333333333,1.125,0.7916666666666667
KCP,0.3333333333333333,1.125,0.7916666666666667
GBP5,0.3333333333333333,1.125,0.7916666666666667
FBXW7,0.3333333333333333,1.125,0.7916666666666667
PRF1,0.3333333333333333,1.125,0.7916666666666667
PPIE,1.3333333333333333,2.125,0.7916666666666667
IL6,0.3333333333333333,1.125,0.7916666666666667
ZNF521,0.3333333333333333,1.125,0.7916666666666667
HSPD1,0.8333333333333334,1.625,0.7916666666666666
IQGAP2,0.8333333333333334,1.625,0.7916666666666666
ADAMTS9,0.8333333333333334,1.625,0.7916666666666666
ACAP2,0.8333333333333334,1.625,0.7916666666666666
SNHG29,0.8333333333333334,1.625,0.7916666666666666
TBL1XR1,0.8333333333333334,1.625,0.7916666666666666
SESTD1,0.8333333333333334,1.625,0.7916666666666666
VSIG10,0.8333333333333334,1.625,0.7916666666666666
ENSG00000259616,0.0,0.75,0.75
ID4,0.0,0.75,0.75
ENSG00000259608,0.0,0.75,0.75
PACSIN1,0.0,0.75,0.75
BMP3,0.0,0.75,0.75
PI16,0.0,0.75,0.75
SLC25A36,0.0,0.75,0.75
SOCS2-AS1,0.0,0.75,0.75
PIK3C2G,0.0,0.75,0.75
ATP5PBP3,0.5,1.25,0.75
ATP8A2,0.0,0.75,0.75
CAPN1,0.0,0.75,0.75
ENSG00000267879,0.0,0.75,0.75
PALM,0.0,0.75,0.75
IL24,0.0,0.75,0.75
OGA,0.0,0.75,0.75
TMEM9B,0.0,0.75,0.75
TMEM201,0.0,0.75,0.75
PARP12,0.0,0.75,0.75
ZNF184,0.0,0.75,0.75
PKDCC,0.0,0.75,0.75
BTG2,0.0,0.75,0.75
PCF11,0.0,0.75,0.75
SNX1,0.5,1.25,0.75
HLA-DQB1-AS1,0.0,0.75,0.75
KCNJ6,0.0,0.75,0.75
ENSG00000242757,0.0,0.75,0.75
GPR26,0.0,0.75,0.75
IGSF10,0.0,0.75,0.75
TPT1P10,0.0,0.75,0.75
JAZF1,0.0,0.75,0.75
CARS1,0.0,0.75,0.75
RPL22,0.0,0.75,0.75
ENSG00000254321,0.0,0.75,0.75
HLX,0.0,0.75,0.75
SLC14A1,0.0,0.75,0.75
HOOK3,2.5,3.25,0.75
SLC30A1,0.0,0.75,0.75
PLCXD2,0.0,0.75,0.75
C1QTNF12,0.0,0.75,0.75
HOXA-AS3,0.0,0.75,0.75
RNASEH2B,1.0,1.75,0.75
CACUL1,0.5,1.25,0.75
HOXA7,0.0,0.75,0.75
BIN3,0.0,0.75,0.75
IFNGR2,0.0,0.75,0.75
GUCD1,0.5,1.25,0.75
LINC00963,1.5,2.25,0.75
ENSG00000235862,0.0,0.75,0.75
FCGR3A,0.0,0.75,0.75
SAP18,0.0,0.75,0.75
ENSG00000213976,0.0,0.75,0.75
NIPBL,0.5,1.25,0.75
DHCR24-DT,0.0,0.75,0.75
FLNA,0.0,0.75,0.75
DHX37,0.0,0.75,0.75
ENSG00000291171,0.5,1.25,0.75
ZNF816,0.0,0.75,0.75
LINC01641,0.0,0.75,0.75
SERPINB12,0.0,0.75,0.75
LINC01805,0.0,0.75,0.75
MCOLN3,0.0,0.75,0.75
TSR2,0.0,0.75,0.75
FGF9,0.0,0.75,0.75
RPS4XP22,0.0,0.75,0.75
AOPEP,0.0,0.75,0.75
RPL5P4,0.0,0.75,0.75
TXNRD1,0.0,0.75,0.75
ENSG00000224114,0.0,0.75,0.75
TACR2,0.0,0.75,0.75
ENSG00000287059,0.0,0.75,0.75
MT-ND1,0.0,0.75,0.75
ENSG00000290122,0.0,0.75,0.75
METTL13,0.0,0.75,0.75
SYT8,0.0,0.75,0.75
COL6A6,0.0,0.75,0.75
AP1S3,1.0,1.75,0.75
PPP1R15A,0.0,0.75,0.75
PPP1R16B,0.0,0.75,0.75
ENSG00000290829,0.0,0.75,0.75
APC,1.0,1.75,0.75
RPL5P1,0.0,0.75,0.75
TSPAN10,0.0,0.75,0.75
FCMR,0.0,0.75,0.75
FBXW8,1.0,1.75,0.75
GABBR1,0.0,0.75,0.75
PWWP2A,0.0,0.75,0.75
ALG10,0.0,0.75,0.75
PTGR1,0.0,0.75,0.75
ETV6,0.5,1.25,0.75
RPS26P8,0.0,0.75,0.75
NBEAL1,1.5,2.25,0.75
VWA2,0.0,0.75,0.75
FAM172A,0.0,0.75,0.75
ENSG00000280325,0.0,0.75,0.75
ENSG00000284610,0.0,0.75,0.75
RGPD3,0.0,0.75,0.75
PTCSC1,0.0,0.75,0.75
EXPH5,0.5,1.25,0.75
ENSG00000283674,0.5,1.25,0.75
PSME2P3,0.0,0.75,0.75
LYSMD4,0.0,0.75,0.75
STARD3NL,0.0,0.75,0.75
RGS9,0.0,0.75,0.75
PRRC2B,1.0,1.75,0.75
AMOTL2,0.5,1.25,0.75
MATN1,0.0,0.75,0.75
ELMO1,0.5,1.25,0.75
FBXO34,0.5,1.25,0.75
ADGRG1,0.5,1.25,0.75
UBE2N,0.0,0.75,0.75
RPL8P2,0.0,0.75,0.75
MAP4K5,0.0,0.75,0.75
ENSG00000279901,0.0,0.75,0.75
CLN8,0.0,0.75,0.75
PTP4A3,0.0,0.75,0.75
EHMT1,0.5,1.25,0.75
EFNA5,0.0,0.75,0.75
ERP29,0.0,0.75,0.75
UBD,0.0,0.75,0.75
ACE,0.5,1.25,0.75
SRGN,0.0,0.75,0.75
RPS24,0.0,0.75,0.75
CCDC80,2.0,2.75,0.75
GFRA2,0.0,0.75,0.75
CYP4F2,0.0,0.75,0.75
CYP4X1,0.0,0.75,0.75
ENSG00000232019,0.0,0.75,0.75
UNC119B,0.0,0.75,0.75
ZNRF2,0.0,0.75,0.75
SHB,0.5,1.25,0.75
RARG,0.0,0.75,0.75
ABHD6,0.5,1.25,0.75
MRPL44,0.0,0.75,0.75
ARHGEF1,0.5,1.25,0.75
CCM2,0.0,0.75,0.75
SHMT1,0.0,0.75,0.75
CPSF4,0.0,0.75,0.75
CRHBP,0.0,0.75,0.75
GALM,0.0,0.75,0.75
LAIR1,0.0,0.75,0.75
RPL26,0.0,0.75,0.75
ENSG00000287271,0.0,0.75,0.75
RTKN2,0.0,0.75,0.75
RTN4IP1,0.0,0.75,0.75
TAX1BP1,0.0,0.75,0.75
MPRIP,2.0,2.75,0.75
CS,0.0,0.75,0.75
LDAH,0.0,0.75,0.75
ARL17A,0.0,0.75,0.75
DDC,0.0,0.75,0.75
TMEM150C,0.0,0.75,0.75
ABCB1,0.0,0.75,0.75
ENSG00000233817,0.0,0.75,0.75
RPL3,0.0,0.75,0.75
MRNIP-DT,0.0,0.75,0.75
GARIN4,0.0,0.75,0.75
PFKP,2.1666666666666665,2.875,0.7083333333333335
BCL2A1,0.16666666666666666,0.875,0.7083333333333334
ZNF460,0.16666666666666666,0.875,0.7083333333333334
SLC7A1,0.6666666666666666,1.375,0.7083333333333334
LRRC32,0.16666666666666666,0.875,0.7083333333333334
TACR1,0.16666666666666666,0.875,0.7083333333333334
KLHL11,0.16666666666666666,0.875,0.7083333333333334
DCTN2,0.16666666666666666,0.875,0.7083333333333334
LPL,0.6666666666666666,1.375,0.7083333333333334
KLK1,0.16666666666666666,0.875,0.7083333333333334
LPCAT4,0.16666666666666666,0.875,0.7083333333333334
LPAR1,0.16666666666666666,0.875,0.7083333333333334
PRPF4,0.16666666666666666,0.875,0.7083333333333334
RCC1L,0.16666666666666666,0.875,0.7083333333333334
BBOF1,0.16666666666666666,0.875,0.7083333333333334
ARL2-SNX15,0.16666666666666666,0.875,0.7083333333333334
TRIM2,0.16666666666666666,0.875,0.7083333333333334
SPTBN2,0.6666666666666666,1.375,0.7083333333333334
CCDC18,0.16666666666666666,0.875,0.7083333333333334
TJP2,0.6666666666666666,1.375,0.7083333333333334
ERCC6L2-AS1,0.16666666666666666,0.875,0.7083333333333334
EPS15,0.16666666666666666,0.875,0.7083333333333334
IRS2,0.16666666666666666,0.875,0.7083333333333334
EPN1,0.16666666666666666,0.875,0.7083333333333334
EIF3M,0.6666666666666666,1.375,0.7083333333333334
CALM1,0.6666666666666666,1.375,0.7083333333333334
SNAPC3,0.16666666666666666,0.875,0.7083333333333334
ENSG00000284779,0.16666666666666666,0.875,0.7083333333333334
CASS4,0.16666666666666666,0.875,0.7083333333333334
ZNF248,0.16666666666666666,0.875,0.7083333333333334
SLC2A12,0.16666666666666666,0.875,0.7083333333333334
RPL12P20,0.16666666666666666,0.875,0.7083333333333334
UFM1,0.16666666666666666,0.875,0.7083333333333334
ARAP2,0.6666666666666666,1.375,0.7083333333333334
TXNDC17,0.16666666666666666,0.875,0.7083333333333334
AHNAK,0.16666666666666666,0.875,0.7083333333333334
HSPB8,0.16666666666666666,0.875,0.7083333333333334
ENSG00000253392,0.16666666666666666,0.875,0.7083333333333334
PSMD3,0.16666666666666666,0.875,0.7083333333333334
ARAP1,0.16666666666666666,0.875,0.7083333333333334
NAP1L4,0.16666666666666666,0.875,0.7083333333333334
MAGI1,0.16666666666666666,0.875,0.7083333333333334
TRGC2,0.16666666666666666,0.875,0.7083333333333334
RASGRF1,0.16666666666666666,0.875,0.7083333333333334
CHRDL1,0.16666666666666666,0.875,0.7083333333333334
RGS1,0.16666666666666666,0.875,0.7083333333333334
DYRK3,0.16666666666666666,0.875,0.7083333333333334
ENSG00000287095,0.16666666666666666,0.875,0.7083333333333334
MYOM1,0.16666666666666666,0.875,0.7083333333333334
STAT6,0.6666666666666666,1.375,0.7083333333333334
TMEM39A,0.6666666666666666,1.375,0.7083333333333334
EIF3KP1,0.16666666666666666,0.875,0.7083333333333334
ADI1,0.16666666666666666,0.875,0.7083333333333334
TPRG1,0.16666666666666666,0.875,0.7083333333333334
OGT,0.16666666666666666,0.875,0.7083333333333334
ENSG00000285756,0.16666666666666666,0.875,0.7083333333333334
ATP6AP1,0.16666666666666666,0.875,0.7083333333333334
ACTR8,0.16666666666666666,0.875,0.7083333333333334
ENSG00000255266,0.16666666666666666,0.875,0.7083333333333334
ENSG00000230551,0.6666666666666666,1.375,0.7083333333333334
RPL34P31,0.16666666666666666,0.875,0.7083333333333334
CPVL,0.16666666666666666,0.875,0.7083333333333334
SHOC2,0.16666666666666666,0.875,0.7083333333333334
DCAF1,0.16666666666666666,0.875,0.7083333333333334
CAB39L,0.16666666666666666,0.875,0.7083333333333334
BCL10,0.16666666666666666,0.875,0.7083333333333334
HSPA13,0.16666666666666666,0.875,0.7083333333333334
CCNB1IP1,0.16666666666666666,0.875,0.7083333333333334
DAPK2,0.16666666666666666,0.875,0.7083333333333334
TSPAN17,0.16666666666666666,0.875,0.7083333333333334
CACNA1D,0.16666666666666666,0.875,0.7083333333333334
VDR,0.16666666666666666,0.875,0.7083333333333334
OSGIN1,0.16666666666666666,0.875,0.7083333333333334
TRAF3IP3,0.16666666666666666,0.875,0.7083333333333334
ENSG00000214641,0.6666666666666666,1.375,0.7083333333333334
IFT22,0.16666666666666666,0.875,0.7083333333333334
APCDD1,0.6666666666666666,1.375,0.7083333333333334
LINC02381,0.16666666666666666,0.875,0.7083333333333334
MBP,0.6666666666666666,1.375,0.7083333333333334
PPA1,0.16666666666666666,0.875,0.7083333333333334
CYBA,0.16666666666666666,0.875,0.7083333333333334
SLC4A2,0.16666666666666666,0.875,0.7083333333333334
COL9A3,0.16666666666666666,0.875,0.7083333333333334
TMTC2,0.16666666666666666,0.875,0.7083333333333334
SENP7,0.16666666666666666,0.875,0.7083333333333334
PLAUR,0.16666666666666666,0.875,0.7083333333333334
ENY2,0.16666666666666666,0.875,0.7083333333333334
PPFIBP2,0.16666666666666666,0.875,0.7083333333333334
DLX3,0.16666666666666666,0.875,0.7083333333333334
GET4,0.6666666666666666,1.375,0.7083333333333334
DCN,0.16666666666666666,0.875,0.7083333333333334
ARFGAP3,0.16666666666666666,0.875,0.7083333333333334
CDV3,0.16666666666666666,0.875,0.7083333333333334
FERMT3,0.16666666666666666,0.875,0.7083333333333334
CFLAR,1.6666666666666667,2.375,0.7083333333333333
GNAI3,1.1666666666666667,1.875,0.7083333333333333
KLHL24,1.1666666666666667,1.875,0.7083333333333333
P4HB,1.1666666666666667,1.875,0.7083333333333333
CLIP4,1.1666666666666667,1.875,0.7083333333333333
MRNIP,1.3333333333333333,2.0,0.6666666666666667
RPL12,0.3333333333333333,1.0,0.6666666666666667
VRK3,1.3333333333333333,2.0,0.6666666666666667
MYO1G,0.3333333333333333,1.0,0.6666666666666667
HSD17B4,0.3333333333333333,1.0,0.6666666666666667
PARD6B,0.3333333333333333,1.0,0.6666666666666667
PDK1,0.3333333333333333,1.0,0.6666666666666667
MT-ND4,0.3333333333333333,1.0,0.6666666666666667
MEF2A,0.3333333333333333,1.0,0.6666666666666667
TNFSF9,0.3333333333333333,1.0,0.6666666666666667
MICAL1,0.3333333333333333,1.0,0.6666666666666667
MFSD4A,0.3333333333333333,1.0,0.6666666666666667
R3HDM2,0.3333333333333333,1.0,0.6666666666666667
ABCC5,0.3333333333333333,1.0,0.6666666666666667
QKI,0.3333333333333333,1.0,0.6666666666666667
BDH2,0.3333333333333333,1.0,0.6666666666666667
MIER1,0.3333333333333333,1.0,0.6666666666666667
RGS12,0.3333333333333333,1.0,0.6666666666666667
TSC1,1.8333333333333333,2.5,0.6666666666666667
NEDD4L,1.8333333333333333,2.5,0.6666666666666667
GRN,0.3333333333333333,1.0,0.6666666666666667
GIMAP7,0.3333333333333333,1.0,0.6666666666666667
ZNF337-AS1,0.3333333333333333,1.0,0.6666666666666667
ZBED4,0.3333333333333333,1.0,0.6666666666666667
ECPAS,0.3333333333333333,1.0,0.6666666666666667
ENSG00000272410,0.3333333333333333,1.0,0.6666666666666667
ENSG00000235089,0.3333333333333333,1.0,0.6666666666666667
TPM2,0.3333333333333333,1.0,0.6666666666666667
ORC2,0.3333333333333333,1.0,0.6666666666666667
ENSG00000226439,0.3333333333333333,1.0,0.6666666666666667
CDON,1.8333333333333333,2.5,0.6666666666666667
XAF1,1.3333333333333333,2.0,0.6666666666666667
LAD1,0.3333333333333333,1.0,0.6666666666666667
CAV2,0.3333333333333333,1.0,0.6666666666666667
CAVIN2,0.3333333333333333,1.0,0.6666666666666667
SGTA,0.3333333333333333,1.0,0.6666666666666667
ENSG00000263809,0.3333333333333333,1.0,0.6666666666666667
PRDM5,0.3333333333333333,1.0,0.6666666666666667
ATF6,1.3333333333333333,2.0,0.6666666666666667
TM9SF1,0.3333333333333333,1.0,0.6666666666666667
ATF7IP2,0.3333333333333333,1.0,0.6666666666666667
CCNI,0.3333333333333333,1.0,0.6666666666666667
CIAO3,1.3333333333333333,2.0,0.6666666666666667
RNF103,0.8333333333333334,1.5,0.6666666666666666
ICE2,0.8333333333333334,1.5,0.6666666666666666
POU2F1,0.8333333333333334,1.5,0.6666666666666666
RPL27A,0.8333333333333334,1.5,0.6666666666666666
ZNF432,0.8333333333333334,1.5,0.6666666666666666
TMEM255B,0.8333333333333334,1.5,0.6666666666666666
LY75,0.8333333333333334,1.5,0.6666666666666666
JHY,0.8333333333333334,1.5,0.6666666666666666
TLNRD1,0.8333333333333334,1.5,0.6666666666666666
NF1,0.8333333333333334,1.5,0.6666666666666666
DOCK8,0.8333333333333334,1.5,0.6666666666666666
IGFBP5,0.0,0.625,0.625
KAT14,0.0,0.625,0.625
DCLK2,0.0,0.625,0.625
NPRL2,0.0,0.625,0.625
RPUSD1,0.0,0.625,0.625
MFN2,0.0,0.625,0.625
COX5BP6,0.0,0.625,0.625
CALM1P1,0.0,0.625,0.625
MFSD12,0.0,0.625,0.625
ENSG00000256433,0.0,0.625,0.625
XXYLT1,0.0,0.625,0.625
ZC3H13,0.0,0.625,0.625
NPR1,0.0,0.625,0.625
COX20P2,0.5,1.125,0.625
RPL36AL,0.0,0.625,0.625
CAMSAP2,0.0,0.625,0.625
ENSG00000243777,0.0,0.625,0.625
LCT-AS1,0.0,0.625,0.625
COX7A1,0.0,0.625,0.625
TRMT13,0.0,0.625,0.625
MGC16275,0.0,0.625,0.625
RPS23P7,0.0,0.625,0.625
MRTO4,0.5,1.125,0.625
SLC6A11,0.0,0.625,0.625
ZBTB11,1.0,1.625,0.625
RNVU1-14,0.0,0.625,0.625
USP25,0.0,0.625,0.625
CTDSP2,0.0,0.625,0.625
CSRP2,1.0,1.625,0.625
TREX2,0.0,0.625,0.625
NUMB,0.5,1.125,0.625
MMP27,0.0,0.625,0.625
CATSPER2,0.0,0.625,0.625
MLIP-IT1,0.0,0.625,0.625
CWC22,0.0,0.625,0.625
ENSG00000234810,0.0,0.625,0.625
MRAP2,0.0,0.625,0.625
CRYBB2P1,0.0,0.625,0.625
MITF,0.0,0.625,0.625
MICOS10P2,0.0,0.625,0.625
ZBTB34,0.0,0.625,0.625
CYB561A3,1.0,1.625,0.625
KLRC3,0.0,0.625,0.625
IER3,0.0,0.625,0.625
NSRP1,0.5,1.125,0.625
NSMCE3,0.0,0.625,0.625
NSD2,0.0,0.625,0.625
SIGLEC6,1.0,1.625,0.625
TRIM47,0.5,1.125,0.625
MRPL45P2,0.0,0.625,0.625
KCNN3,0.0,0.625,0.625
MIPEP,0.0,0.625,0.625
IFRD2,0.0,0.625,0.625
CCNG1,0.0,0.625,0.625
CCL3,0.0,0.625,0.625
VCL,1.5,2.125,0.625
SGMS2,0.0,0.625,0.625
RPS14P8,0.0,0.625,0.625
C17orf97,0.0,0.625,0.625
MAP3K3,0.5,1.125,0.625
TUBB,0.0,0.625,0.625
CFAP97,0.5,1.125,0.625
LPIN3,0.0,0.625,0.625
EID2,0.0,0.625,0.625
IL4R,1.0,1.625,0.625
EIF1AD,0.0,0.625,0.625
EIF2S2P4,0.0,0.625,0.625
MYH11,0.0,0.625,0.625
P4HA2,0.5,1.125,0.625
MAPKAPK5-AS1,0.0,0.625,0.625
IRS1,0.0,0.625,0.625
DNAJA3,0.0,0.625,0.625
TOMM7,0.5,1.125,0.625
MYNN,0.0,0.625,0.625
PACS2,0.0,0.625,0.625
COPS3,0.0,0.625,0.625
NCAPH,0.0,0.625,0.625
C1orf198,0.0,0.625,0.625
ZEB1-AS1,0.5,1.125,0.625
CHRNG,0.0,0.625,0.625
NAPA,0.0,0.625,0.625
IMMTP1,0.0,0.625,0.625
DPP7,0.0,0.625,0.625
DPP6,0.0,0.625,0.625
CHODL,0.0,0.625,0.625
DPH5,0.0,0.625,0.625
SDHAP4,0.5,1.125,0.625
ILF3,0.5,1.125,0.625
NBPF26,0.0,0.625,0.625
MAP2K2,0.5,1.125,0.625
ZBTB11-AS1,0.0,0.625,0.625
TVP23A,0.0,0.625,0.625
NEBL,1.0,1.625,0.625
VNN3P,0.0,0.625,0.625
SEMA4D,0.0,0.625,0.625
LINC02896,0.0,0.625,0.625
CDK16,0.0,0.625,0.625
MED31,0.0,0.625,0.625
ITM2B,0.5,1.125,0.625
CDH5,0.0,0.625,0.625
SERTM1,0.0,0.625,0.625
BUD31,0.0,0.625,0.625
CDH1,0.5,1.125,0.625
NMRAL1,0.0,0.625,0.625
RPL3P2,0.0,0.625,0.625
BUD13,0.0,0.625,0.625
LINC00640,0.0,0.625,0.625
TXNRD2,0.5,1.125,0.625
RPA4,0.0,0.625,0.625
ENSG00000224478,0.0,0.625,0.625
TSGA10IP,0.0,0.625,0.625
SARS1,0.0,0.625,0.625
RPF2,0.5,1.125,0.625
CAAP1,0.0,0.625,0.625
ENSG00000249774,0.0,0.625,0.625
MARS1,0.0,0.625,0.625
C11orf91,0.0,0.625,0.625
CEP131,0.0,0.625,0.625
MASTL,0.0,0.625,0.625
P2RX7,0.0,0.625,0.625
SEPHS1,0.0,0.625,0.625
EMC4,0.0,0.625,0.625
ENSG00000197332,0.0,0.625,0.625
OXR1,0.5,1.125,0.625
MCAM,0.0,0.625,0.625
ITGB2-AS1,0.0,0.625,0.625
SBNO2,0.0,0.625,0.625
CDK6,0.5,1.125,0.625
ITK,0.5,1.125,0.625
HSPA4L,0.0,0.625,0.625
ENSG00000288894,0.0,0.625,0.625
SRSF4,0.5,1.125,0.625
REPIN1,0.0,0.625,0.625
FEM1A,0.5,1.125,0.625
ATP5MC2P3,0.0,0.625,0.625
TENT5A,0.0,0.625,0.625
FCER1G,0.0,0.625,0.625
FCAR,0.0,0.625,0.625
ADRA2A,0.0,0.625,0.625
PTGS2,0.0,0.625,0.625
AGAP3,0.0,0.625,0.625
ARHGEF10,0.0,0.625,0.625
POU2F3,0.0,0.625,0.625
STYX,0.0,0.625,0.625
EVL,0.0,0.625,0.625
EWSR1,0.5,1.125,0.625
RNU4-8P,0.0,0.625,0.625
ZNF468,0.0,0.625,0.625
TIGD1,0.5,1.125,0.625
ZNF791,0.5,1.125,0.625
ENSG00000261067,0.0,0.625,0.625
PWAR5,0.0,0.625,0.625
SRSF11,0.0,0.625,0.625
BDP1,0.0,0.625,0.625
SRSF12,0.5,1.125,0.625
PRPSAP2,0.0,0.625,0.625
GORASP2,0.0,0.625,0.625
ATPAF1,0.0,0.625,0.625
ZNF317,0.0,0.625,0.625
ENSG00000260588,0.0,0.625,0.625
POLR1E,0.5,1.125,0.625
ADAP1,0.0,0.625,0.625
PLEKHG2,1.0,1.625,0.625
HMGN3,0.0,0.625,0.625
ENSG00000285959,0.0,0.625,0.625
ADD3-AS1,0.0,0.625,0.625
EOGT,0.5,1.125,0.625
GSR,0.5,1.125,0.625
ENSG00000284707,0.0,0.625,0.625
ASNS,0.0,0.625,0.625
ENSG00000270773,0.0,0.625,0.625
FBF1,0.0,0.625,0.625
ENSG00000262003,0.0,0.625,0.625
PSCA,0.0,0.625,0.625
ENSG00000261468,0.5,1.125,0.625
FAM53A,0.0,0.625,0.625
PHAF1,0.0,0.625,0.625
POLD4,0.0,0.625,0.625
GM2A,0.5,1.125,0.625
ZNF658,0.0,0.625,0.625
GMPR,0.0,0.625,0.625
ATP5MKP1,0.5,1.125,0.625
FAM86B1,0.0,0.625,0.625
ZNF66,0.0,0.625,0.625
GTF2E1,0.0,0.625,0.625
TGM5,0.0,0.625,0.625
AKT3,0.0,0.625,0.625
ENSG00000280224,0.0,0.625,0.625
PTER,0.0,0.625,0.625
HLA-DOA,0.0,0.625,0.625
STX4,0.0,0.625,0.625
BBS9,0.0,0.625,0.625
ENSG00000284526,2.5,3.125,0.625
ENSG00000284292,0.0,0.625,0.625
ZNF723,0.0,0.625,0.625
PIK3C2B,0.5,1.125,0.625
FBXO45,0.0,0.625,0.625
ZNF615,0.0,0.625,0.625
TEX2,0.0,0.625,0.625
THPO,0.0,0.625,0.625
FAM107A,0.0,0.625,0.625
AKAP10,0.0,0.625,0.625
RHOG,0.0,0.625,0.625
ENSG00000273259,0.0,0.625,0.625
ENSG00000280378,0.0,0.625,0.625
SYNE3,3.0,3.625,0.625
PRPF8,0.0,0.625,0.625
TMEM123-DT,0.0,0.625,0.625
HAND2-AS1,0.0,0.625,0.625
HOXC6,0.0,0.625,0.625
SRA1,0.0,0.625,0.625
ENSG00000287393,0.0,0.625,0.625
ENSG00000289694,0.0,0.625,0.625
ACACA,0.0,0.625,0.625
HOXD3,0.0,0.625,0.625
ENSG00000286186,0.0,0.625,0.625
RALGAPA2,0.5,1.125,0.625
ENSG00000276216,0.0,0.625,0.625
FRAS1,0.0,0.625,0.625
ENSG00000289543,0.0,0.625,0.625
ENSG00000266677,0.0,0.625,0.625
ENSG00000275332,0.0,0.625,0.625
ZNF350,0.0,0.625,0.625
ZNF337,0.0,0.625,0.625
ENSG00000260121,0.5,1.125,0.625
RAPGEF2,0.0,0.625,0.625
FTSJ3,0.0,0.625,0.625
HS3ST2,0.0,0.625,0.625
ABCF2,0.5,1.125,0.625
ENSG00000287906,0.0,0.625,0.625
TBC1D3P2,0.0,0.625,0.625
PIGK,0.0,0.625,0.625
ABCA15P,0.0,0.625,0.625
APOLD1,0.0,0.625,0.625
GRAP2,0.0,0.625,0.625
ENSG00000288969,0.0,0.625,0.625
RBBP8,0.0,0.625,0.625
ZSWIM7,0.0,0.625,0.625
SNCG,0.0,0.625,0.625
TADA2A,0.0,0.625,0.625
ENSG00000287422,0.0,0.625,0.625
ENSG00000260464,0.0,0.625,0.625
AP3S1,0.0,0.625,0.625
ZNF385D,0.5,1.125,0.625
SYTL3,0.0,0.625,0.625
ENSG00000273391,0.0,0.625,0.625
PDPK1,0.0,0.625,0.625
ENSG00000276916,0.0,0.625,0.625
SNRK,0.0,0.625,0.625
SNRK-AS1,0.0,0.625,0.625
ZNF888,0.0,0.625,0.625
ENSG00000277901,0.0,0.625,0.625
ACTN4,0.0,0.625,0.625
ACO1,1.0,1.625,0.625
SPAG1,0.0,0.625,0.625
TBRG1,0.0,0.625,0.625
ENSG00000286231,0.0,0.625,0.625
PHYHIP,0.0,0.625,0.625
ACBD5,0.5,1.125,0.625
ENSG00000273557,0.0,0.625,0.625
ADAM33,0.0,0.625,0.625
FOXK1,1.0,1.625,0.625
PRELP,2.1666666666666665,2.75,0.5833333333333335
GVINP1,0.16666666666666666,0.75,0.5833333333333334
NOL4L,0.16666666666666666,0.75,0.5833333333333334
FPGS,0.16666666666666666,0.75,0.5833333333333334
PPP4R3B,0.16666666666666666,0.75,0.5833333333333334
WWC3,0.16666666666666666,0.75,0.5833333333333334
KLK8,0.16666666666666666,0.75,0.5833333333333334
TTYH3,0.16666666666666666,0.75,0.5833333333333334
FYN,0.16666666666666666,0.75,0.5833333333333334
RIOX2,0.16666666666666666,0.75,0.5833333333333334
NOP14-AS1,0.16666666666666666,0.75,0.5833333333333334
PPIL4,0.16666666666666666,0.75,0.5833333333333334
LINC00339,0.6666666666666666,1.25,0.5833333333333334
PRKCI,0.16666666666666666,0.75,0.5833333333333334
TMEM128,0.6666666666666666,1.25,0.5833333333333334
AMMECR1L,0.16666666666666666,0.75,0.5833333333333334
LINC00960,0.16666666666666666,0.75,0.5833333333333334
LINC00910,0.16666666666666666,0.75,0.5833333333333334
NUAK1,0.16666666666666666,0.75,0.5833333333333334
HCFC1,0.6666666666666666,1.25,0.5833333333333334
KLF16,0.6666666666666666,1.25,0.5833333333333334
APLNR,0.6666666666666666,1.25,0.5833333333333334
ITGAM,0.16666666666666666,0.75,0.5833333333333334
PIK3C2A,0.16666666666666666,0.75,0.5833333333333334
CD68,0.16666666666666666,0.75,0.5833333333333334
SGK3,0.16666666666666666,0.75,0.5833333333333334
PPP1R12B,0.16666666666666666,0.75,0.5833333333333334
NFIC,0.6666666666666666,1.25,0.5833333333333334
INPP1,0.16666666666666666,0.75,0.5833333333333334
RIC1,0.6666666666666666,1.25,0.5833333333333334
HDC,0.16666666666666666,0.75,0.5833333333333334
HAGLR,0.16666666666666666,0.75,0.5833333333333334
HDAC2,0.6666666666666666,1.25,0.5833333333333334
SPATA5,0.16666666666666666,0.75,0.5833333333333334
YJU2,0.16666666666666666,0.75,0.5833333333333334
WDR45B,0.16666666666666666,0.75,0.5833333333333334
COX6CP10,0.16666666666666666,0.75,0.5833333333333334
ZNF138,0.16666666666666666,0.75,0.5833333333333334
ABO,0.6666666666666666,1.25,0.5833333333333334
ENSG00000289700,0.16666666666666666,0.75,0.5833333333333334
ENSG00000287368,0.16666666666666666,0.75,0.5833333333333334
MGST3,0.6666666666666666,1.25,0.5833333333333334
KCTD21-AS1,0.16666666666666666,0.75,0.5833333333333334
ENSG00000260166,0.16666666666666666,0.75,0.5833333333333334
RNF138,0.16666666666666666,0.75,0.5833333333333334
VAC14,0.16666666666666666,0.75,0.5833333333333334
ZNG1A,0.6666666666666666,1.25,0.5833333333333334
SMAD5-AS1,0.16666666666666666,0.75,0.5833333333333334
DENND5B,0.16666666666666666,0.75,0.5833333333333334
ASTL,0.16666666666666666,0.75,0.5833333333333334
TCF3,0.6666666666666666,1.25,0.5833333333333334
YWHAG,0.16666666666666666,0.75,0.5833333333333334
UTP15,0.6666666666666666,1.25,0.5833333333333334
RCL1,0.6666666666666666,1.25,0.5833333333333334
MKI67,0.16666666666666666,0.75,0.5833333333333334
A2M,0.16666666666666666,0.75,0.5833333333333334
RTL1,0.16666666666666666,0.75,0.5833333333333334
SLC9A7,0.6666666666666666,1.25,0.5833333333333334
USP35,0.16666666666666666,0.75,0.5833333333333334
CSF3R,0.16666666666666666,0.75,0.5833333333333334
HSPB11,0.16666666666666666,0.75,0.5833333333333334
RSAD2,0.16666666666666666,0.75,0.5833333333333334
CYTH3,0.16666666666666666,0.75,0.5833333333333334
MIR3936HG,0.16666666666666666,0.75,0.5833333333333334
CRIM1,0.16666666666666666,0.75,0.5833333333333334
PDE3B,0.16666666666666666,0.75,0.5833333333333334
ENSG00000289447,0.16666666666666666,0.75,0.5833333333333334
RRP12,0.16666666666666666,0.75,0.5833333333333334
RANBP6,0.16666666666666666,0.75,0.5833333333333334
KMT2E,0.6666666666666666,1.25,0.5833333333333334
HNRNPK,0.6666666666666666,1.25,0.5833333333333334
EEPD1,0.16666666666666666,0.75,0.5833333333333334
CHRM3-AS2,0.16666666666666666,0.75,0.5833333333333334
STX12,0.16666666666666666,0.75,0.5833333333333334
YIF1B,0.16666666666666666,0.75,0.5833333333333334
LYPLA1,0.16666666666666666,0.75,0.5833333333333334
DUT-AS1,0.16666666666666666,0.75,0.5833333333333334
ENSG00000261208,0.16666666666666666,0.75,0.5833333333333334
PGGHG,0.16666666666666666,0.75,0.5833333333333334
NAPG,0.6666666666666666,1.25,0.5833333333333334
ARHGAP9,0.16666666666666666,0.75,0.5833333333333334
ENSG00000270405,0.6666666666666666,1.25,0.5833333333333334
HIVEP2,0.16666666666666666,0.75,0.5833333333333334
ALDH1A3,0.16666666666666666,0.75,0.5833333333333334
FAM76A,0.16666666666666666,0.75,0.5833333333333334
CHD4,0.6666666666666666,1.25,0.5833333333333334
EEF1A1P11,0.16666666666666666,0.75,0.5833333333333334
SPATA2L,0.16666666666666666,0.75,0.5833333333333334
AGPAT3,0.16666666666666666,0.75,0.5833333333333334
KHNYN,0.16666666666666666,0.75,0.5833333333333334
DLG2,0.16666666666666666,0.75,0.5833333333333334
ZFYVE28,0.6666666666666666,1.25,0.5833333333333334
SIGLEC14,0.16666666666666666,0.75,0.5833333333333334
DIP2C,0.16666666666666666,0.75,0.5833333333333334
VIT,0.16666666666666666,0.75,0.5833333333333334
ATP6V1FNB,0.16666666666666666,0.75,0.5833333333333334
MTRF1L,0.16666666666666666,0.75,0.5833333333333334
DMKN,0.6666666666666666,1.25,0.5833333333333334
OTUD3,0.16666666666666666,0.75,0.5833333333333334
ITGA5,0.16666666666666666,0.75,0.5833333333333334
ZNF316,0.16666666666666666,0.75,0.5833333333333334
PTPRZ1,0.16666666666666666,0.75,0.5833333333333334
NR3C2,0.16666666666666666,0.75,0.5833333333333334
ENSG00000255641,0.16666666666666666,0.75,0.5833333333333334
CBFA2T2,0.6666666666666666,1.25,0.5833333333333334
ZNF516,0.6666666666666666,1.25,0.5833333333333334
PTAR1,1.6666666666666667,2.25,0.5833333333333333
NFKB1,1.6666666666666667,2.25,0.5833333333333333
ENSG00000268205,1.6666666666666667,2.25,0.5833333333333333
PRORP,1.1666666666666667,1.75,0.5833333333333333
CHROMR,1.1666666666666667,1.75,0.5833333333333333
ZBTB16,1.1666666666666667,1.75,0.5833333333333333
RPS24P7,1.6666666666666667,2.25,0.5833333333333333
NUP50,1.6666666666666667,2.25,0.5833333333333333
PLEKHH2,1.1666666666666667,1.75,0.5833333333333333
KIAA0930,1.1666666666666667,1.75,0.5833333333333333
PECAM1,1.1666666666666667,1.75,0.5833333333333333
PODN,0.3333333333333333,0.875,0.5416666666666667
CASP4LP,0.3333333333333333,0.875,0.5416666666666667
ATG101,0.3333333333333333,0.875,0.5416666666666667
SNX15,0.3333333333333333,0.875,0.5416666666666667
SLC16A10,1.3333333333333333,1.875,0.5416666666666667
ENSG00000240311,1.3333333333333333,1.875,0.5416666666666667
GOLGA1,0.3333333333333333,0.875,0.5416666666666667
KICS2,0.3333333333333333,0.875,0.5416666666666667
ENSG00000272173,0.3333333333333333,0.875,0.5416666666666667
KMO,0.3333333333333333,0.875,0.5416666666666667
PMS2,0.3333333333333333,0.875,0.5416666666666667
NUDT19,0.3333333333333333,0.875,0.5416666666666667
ENSG00000214908,0.3333333333333333,0.875,0.5416666666666667
RGS5,0.3333333333333333,0.875,0.5416666666666667
NR5A2,0.3333333333333333,0.875,0.5416666666666667
COL6A2-DT,0.3333333333333333,0.875,0.5416666666666667
TENT2,0.3333333333333333,0.875,0.5416666666666667
MXRA8,0.3333333333333333,0.875,0.5416666666666667
ADGRL4,0.3333333333333333,0.875,0.5416666666666667
PYGL,0.3333333333333333,0.875,0.5416666666666667
CNTN1,0.3333333333333333,0.875,0.5416666666666667
RPS6KA1,0.3333333333333333,0.875,0.5416666666666667
VIRMA-DT,0.3333333333333333,0.875,0.5416666666666667
DIO2,0.3333333333333333,0.875,0.5416666666666667
MTMR3,0.3333333333333333,0.875,0.5416666666666667
MTMR12,0.3333333333333333,0.875,0.5416666666666667
DHX38,0.3333333333333333,0.875,0.5416666666666667
VDAC1,0.3333333333333333,0.875,0.5416666666666667
PTPN23,0.3333333333333333,0.875,0.5416666666666667
MTCH1,0.3333333333333333,0.875,0.5416666666666667
UBXN2A,0.3333333333333333,0.875,0.5416666666666667
DDX59,0.3333333333333333,0.875,0.5416666666666667
MSANTD7,0.3333333333333333,0.875,0.5416666666666667
UTP20,0.3333333333333333,0.875,0.5416666666666667
CYTOR,0.3333333333333333,0.875,0.5416666666666667
CRACR2A,0.3333333333333333,0.875,0.5416666666666667
CREB5,0.3333333333333333,0.875,0.5416666666666667
CRELD1,0.3333333333333333,0.875,0.5416666666666667
RASGEF1B,0.3333333333333333,0.875,0.5416666666666667
AASDHPPT,0.3333333333333333,0.875,0.5416666666666667
PTPRF,0.3333333333333333,0.875,0.5416666666666667
RFWD3,0.3333333333333333,0.875,0.5416666666666667
ENSG00000273270,0.3333333333333333,0.875,0.5416666666666667
ENSG00000279390,0.3333333333333333,0.875,0.5416666666666667
TMED4,0.3333333333333333,0.875,0.5416666666666667
LAX1,0.3333333333333333,0.875,0.5416666666666667
GAK,0.3333333333333333,0.875,0.5416666666666667
TRPV3,0.3333333333333333,0.875,0.5416666666666667
FXN,0.3333333333333333,0.875,0.5416666666666667
LINC00665,1.8333333333333333,2.375,0.5416666666666667
LINC01011,0.3333333333333333,0.875,0.5416666666666667
PPP3CA,0.3333333333333333,0.875,0.5416666666666667
CDK4,0.3333333333333333,0.875,0.5416666666666667
NFIB,0.3333333333333333,0.875,0.5416666666666667
ANKRD13D,0.3333333333333333,0.875,0.5416666666666667
CENPL,0.3333333333333333,0.875,0.5416666666666667
DOCK8-AS1,0.3333333333333333,0.875,0.5416666666666667
WFS1,0.3333333333333333,0.875,0.5416666666666667
PROX1,0.3333333333333333,0.875,0.5416666666666667
RPP38,0.3333333333333333,0.875,0.5416666666666667
NCS1,0.3333333333333333,0.875,0.5416666666666667
LRG1,0.3333333333333333,0.875,0.5416666666666667
GRHL2,0.3333333333333333,0.875,0.5416666666666667
CHN2,0.3333333333333333,0.875,0.5416666666666667
TFG,0.3333333333333333,0.875,0.5416666666666667
STPG1,0.3333333333333333,0.875,0.5416666666666667
MYO9B,0.3333333333333333,0.875,0.5416666666666667
AGO1,0.3333333333333333,0.875,0.5416666666666667
ZC3H6,0.3333333333333333,0.875,0.5416666666666667
RTF2,0.3333333333333333,0.875,0.5416666666666667
ENSG00000258744,0.3333333333333333,0.875,0.5416666666666667
BRD9,0.3333333333333333,0.875,0.5416666666666667
SLC9A1,0.3333333333333333,0.875,0.5416666666666667
HK1,0.3333333333333333,0.875,0.5416666666666667
SLC31A1,0.3333333333333333,0.875,0.5416666666666667
HSD17B12,0.3333333333333333,0.875,0.5416666666666667
TOB2,0.3333333333333333,0.875,0.5416666666666667
ENSG00000264772,0.3333333333333333,0.875,0.5416666666666667
ATXN7,1.3333333333333333,1.875,0.5416666666666667
TNKS,0.3333333333333333,0.875,0.5416666666666667
IFT122,0.3333333333333333,0.875,0.5416666666666667
ENSG00000260534,0.3333333333333333,0.875,0.5416666666666667
ATP1B1,1.8333333333333333,2.375,0.5416666666666667
TP63,0.3333333333333333,0.875,0.5416666666666667
EEF1DP5,0.8333333333333334,1.375,0.5416666666666666
DNAL1,0.8333333333333334,1.375,0.5416666666666666
TMEM9B-AS1,0.8333333333333334,1.375,0.5416666666666666
CAMK2G,0.8333333333333334,1.375,0.5416666666666666
SERPINB9,0.8333333333333334,1.375,0.5416666666666666
CANX,0.8333333333333334,1.375,0.5416666666666666
GSTO2,0.8333333333333334,1.375,0.5416666666666666
EDEM3,0.8333333333333334,1.375,0.5416666666666666
RNF212,0.8333333333333334,1.375,0.5416666666666666
KDM5A,0.8333333333333334,1.375,0.5416666666666666
UBR4,0.8333333333333334,1.375,0.5416666666666666
ZNF578,0.8333333333333334,1.375,0.5416666666666666
EHD4,0.8333333333333334,1.375,0.5416666666666666
ENSG00000233757,0.8333333333333334,1.375,0.5416666666666666
FAM153B,0.8333333333333334,1.375,0.5416666666666666
ATP6V0A2,0.8333333333333334,1.375,0.5416666666666666
DYRK2,0.8333333333333334,1.375,0.5416666666666666
RPL18AP16,0.8333333333333334,1.375,0.5416666666666666
KDM1A,2.3333333333333335,2.875,0.5416666666666665
COL18A1,2.3333333333333335,2.875,0.5416666666666665
DSE,2.8333333333333335,3.375,0.5416666666666665
JCHAIN,0.0,0.5,0.5
PHF10P1,0.0,0.5,0.5
STAG2-AS1,0.0,0.5,0.5
LRTOMT,0.0,0.5,0.5
TTN-AS1,0.0,0.5,0.5
PRPF3,0.5,1.0,0.5
HEXIM1,0.0,0.5,0.5
IMMP1LP2,0.0,0.5,0.5
EFR3A,0.0,0.5,0.5
FANCD2,0.0,0.5,0.5
NDRG1,1.0,1.5,0.5
TTYH2,0.0,0.5,0.5
WDR74,0.0,0.5,0.5
LMNB2,0.0,0.5,0.5
ENSG00000254343,0.0,0.5,0.5
LYPD3,0.0,0.5,0.5
LMLN,0.5,1.0,0.5
CEP78,0.5,1.0,0.5
ANAPC13,0.0,0.5,0.5
FAIM,0.0,0.5,0.5
RPL10A,0.0,0.5,0.5
RGP1,0.0,0.5,0.5
PRKG2,0.0,0.5,0.5
ENSG00000279532,0.0,0.5,0.5
THOC6,0.0,0.5,0.5
PRKCQ,0.0,0.5,0.5
EIF4G2,0.5,1.0,0.5
CEP170,0.0,0.5,0.5
EFL1,0.0,0.5,0.5
ALKBH2,0.0,0.5,0.5
ENSG00000279861,0.0,0.5,0.5
PRRX2,0.0,0.5,0.5
LRWD1,0.0,0.5,0.5
CHMP4BP1,0.0,0.5,0.5
LRRN4CL,0.0,0.5,0.5
PSIP1,0.0,0.5,0.5
CHP2,0.0,0.5,0.5
TMF1,0.0,0.5,0.5
TUFT1,0.0,0.5,0.5
PRX,0.0,0.5,0.5
TGFB2-OT1,0.0,0.5,0.5
WDFY3-AS2,0.0,0.5,0.5
BAHD1,0.0,0.5,0.5
TXK,0.0,0.5,0.5
EEF1A1P13,0.0,0.5,0.5
EEF1A2,0.0,0.5,0.5
LRP1B,0.0,0.5,0.5
AKT2,0.5,1.0,0.5
TOP1,0.0,0.5,0.5
EEF1D,0.0,0.5,0.5
INMT,0.5,1.0,0.5
PSMC5,0.0,0.5,0.5
ZFP36L1,0.5,1.0,0.5
ZNF219,0.0,0.5,0.5
BAD,0.0,0.5,0.5
EEFSEC,0.0,0.5,0.5
HHIP,0.0,0.5,0.5
FAM86C2P,0.0,0.5,0.5
C19orf33,0.0,0.5,0.5
NDE1,0.0,0.5,0.5
STOM,0.0,0.5,0.5
PRRC2A,0.0,0.5,0.5
ST14,0.0,0.5,0.5
ENSG00000267924,0.0,0.5,0.5
PRKCD,0.0,0.5,0.5
PHTF2,0.0,0.5,0.5
SFRP2,0.0,0.5,0.5
RPL5P11,0.0,0.5,0.5
LINC00957,0.0,0.5,0.5
PAK1IP1,0.0,0.5,0.5
SRBD1,0.0,0.5,0.5
SETDB1,0.0,0.5,0.5
TLE4,0.0,0.5,0.5
LINC01091,0.0,0.5,0.5
FRY,1.0,1.5,0.5
ENSG00000263508,0.0,0.5,0.5
ZDHHC7,0.0,0.5,0.5
ENSG00000214917,0.0,0.5,0.5
HSP90AA1,0.0,0.5,0.5
ENSG00000277152,0.0,0.5,0.5
LINC01287,0.0,0.5,0.5
FMR1,0.0,0.5,0.5
TSIX,0.0,0.5,0.5
ENSG00000224427,1.0,1.5,0.5
ENSG00000263466,0.0,0.5,0.5
PPM1G,0.0,0.5,0.5
ENSG00000264982,0.0,0.5,0.5
ZNF518A,0.0,0.5,0.5
NOP58,0.0,0.5,0.5
TRPC3,0.0,0.5,0.5
NOP14,0.0,0.5,0.5
ENSG00000225889,0.0,0.5,0.5
SPRR2D,0.0,0.5,0.5
TRUB2,0.5,1.0,0.5
CD81,0.0,0.5,0.5
SPRY2,0.0,0.5,0.5
CD40LG,0.0,0.5,0.5
SGMS1-AS1,0.0,0.5,0.5
ENSG00000275202,0.0,0.5,0.5
TP73-AS1,0.0,0.5,0.5
IQCG,0.5,1.0,0.5
SPTSSB,0.0,0.5,0.5
FMNL1-AS1,0.0,0.5,0.5
ANXA8,0.0,0.5,0.5
ZFAND2B,0.0,0.5,0.5
SNAI1,0.0,0.5,0.5
LINC01836,0.0,0.5,0.5
SERPINA3,0.0,0.5,0.5
LINC02018,0.0,0.5,0.5
SEPTIN8,0.5,1.0,0.5
ENSG00000279246,0.0,0.5,0.5
SEPTIN7P6,0.0,0.5,0.5
PHKG1,0.0,0.5,0.5
SEPTIN10,0.0,0.5,0.5
ENSG00000279070,0.0,0.5,0.5
ENSG00000283515,0.0,0.5,0.5
PAPLN-AS1,0.0,0.5,0.5
LINC02574,0.0,0.5,0.5
THSD1,0.0,0.5,0.5
ANKMY1,0.0,0.5,0.5
ANKIB1,0.5,1.0,0.5
ENSG00000279443,0.0,0.5,0.5
ENSG00000174171,0.5,1.0,0.5
FGFR2,0.5,1.0,0.5
LINC01354,0.0,0.5,0.5
ANPEP,1.0,1.5,0.5
IP6K1,0.0,0.5,0.5
FLOT1,0.0,0.5,0.5
LINC01558,0.0,0.5,0.5
CDK1,0.0,0.5,0.5
ENSG00000205037,0.0,0.5,0.5
ENSG00000203648,0.5,1.0,0.5
TIPARP,0.0,0.5,0.5
TIMP3,0.0,0.5,0.5
FGL2,0.0,0.5,0.5
FIZ1,0.0,0.5,0.5
PAN3,0.0,0.5,0.5
C1orf68,0.0,0.5,0.5
ENSG00000263020,0.0,0.5,0.5
INTS3,0.0,0.5,0.5
ENSG00000279001,0.0,0.5,0.5
LINC01725,0.0,0.5,0.5
TOR1AIP1,0.5,1.0,0.5
TYW1B,0.0,0.5,0.5
LZTS2,0.0,0.5,0.5
ZNRD2-DT,0.0,0.5,0.5
RBM7,0.5,1.0,0.5
ENSG00000289862,0.0,0.5,0.5
ZNNT1,0.0,0.5,0.5
COX6C,0.0,0.5,0.5
ENSG00000289841,0.0,0.5,0.5
CPB2-AS1,0.0,0.5,0.5
CPD,0.0,0.5,0.5
ACAD11,0.0,0.5,0.5
TBX18,0.5,1.0,0.5
S100A5,0.0,0.5,0.5
ENSG00000289609,0.0,0.5,0.5
ABT1,0.0,0.5,0.5
RALY,0.0,0.5,0.5
RBM23,1.0,1.5,0.5
MRPS2,0.0,0.5,0.5
RAN,0.0,0.5,0.5
BICRAL,0.5,1.0,0.5
DDX27,0.0,0.5,0.5
ACTR2,0.0,0.5,0.5
MT-ND5,1.0,1.5,0.5
HNRNPKP1,0.0,0.5,0.5
MTATP6P1,0.0,0.5,0.5
METRN,0.0,0.5,0.5
COPE,0.0,0.5,0.5
MT2P1,0.0,0.5,0.5
PDLIM2,0.0,0.5,0.5
HOXA10-AS,0.0,0.5,0.5
RAB3GAP1,1.5,2.0,0.5
ENSG00000287060,0.0,0.5,0.5
MT-ND3,0.0,0.5,0.5
ENSG00000290050,0.0,0.5,0.5
MT-ATP8,0.0,0.5,0.5
RAB5C,0.0,0.5,0.5
MT-ATP6,0.0,0.5,0.5
SAMD11,0.0,0.5,0.5
MSRB3,0.5,1.0,0.5
MRPS18C,0.0,0.5,0.5
CZIB,0.0,0.5,0.5
MRPL57P8,0.0,0.5,0.5
ZSWIM4,0.0,0.5,0.5
ENSG00000259341,0.0,0.5,0.5
ENSG00000288760,0.0,0.5,0.5
CSNK1E,0.0,0.5,0.5
CSNK1G2,0.0,0.5,0.5
SLCO4A1-AS1,0.0,0.5,0.5
PDCD6-AHRR,0.0,0.5,0.5
MMP19,0.0,0.5,0.5
TAX1BP3,0.0,0.5,0.5
CRACR2B,0.0,0.5,0.5
ENSG00000288849,0.0,0.5,0.5
A2MP1,0.0,0.5,0.5
RBBP4,2.0,2.5,0.5
MOB2,0.0,0.5,0.5
ZYX,0.0,0.5,0.5
MOB3B,1.0,1.5,0.5
MOCS2-DT,0.0,0.5,0.5
URB1,0.0,0.5,0.5
ENSG00000288605,0.0,0.5,0.5
MRGBP,0.0,0.5,0.5
ENSG00000289308,0.0,0.5,0.5
CREB3L1,0.0,0.5,0.5
SLIT3,0.0,0.5,0.5
RAP1GAP2,0.0,0.5,0.5
ENSG00000289450,0.0,0.5,0.5
TAF9,0.0,0.5,0.5
HR,0.0,0.5,0.5
ENSG00000287851,0.0,0.5,0.5
CYP2E1,0.0,0.5,0.5
CRKL,0.0,0.5,0.5
CYB5R4,0.5,1.0,0.5
UPF3B,0.0,0.5,0.5
ZNF135,0.5,1.0,0.5
ENSG00000287868,0.0,0.5,0.5
UQCC2,0.0,0.5,0.5
CXCL16,0.5,1.0,0.5
ENSG00000286557,0.0,0.5,0.5
ZG16B,0.0,0.5,0.5
STX10,0.0,0.5,0.5
MYLK4,0.0,0.5,0.5
HLA-L,0.0,0.5,0.5
RNU5E-4P,0.0,0.5,0.5
CLDN8,0.0,0.5,0.5
TESK1,0.0,0.5,0.5
UBA52,0.0,0.5,0.5
CLECL1P,0.0,0.5,0.5
MAP3K21,0.0,0.5,0.5
RFPL3S,0.0,0.5,0.5
HLA-G,0.0,0.5,0.5
PTP4A2P1,0.0,0.5,0.5
ERO1A,0.0,0.5,0.5
PTPN12,0.0,0.5,0.5
EREG,0.5,1.0,0.5
DNAJC24,0.5,1.0,0.5
MAPRE1,0.0,0.5,0.5
ZNF786,0.0,0.5,0.5
MAOB,0.0,0.5,0.5
MANSC1,0.0,0.5,0.5
ENSG00000290793,0.0,0.5,0.5
EXOSC2,0.0,0.5,0.5
DSTNP2,0.0,0.5,0.5
IL17RA,1.0,1.5,0.5
SDCBP,0.5,1.0,0.5
TOGARAM1,0.0,0.5,0.5
IL13RA1,0.0,0.5,0.5
FZR1,0.0,0.5,0.5
AHRR,0.0,0.5,0.5
CKMT2,0.0,0.5,0.5
ENSG00000261093,0.0,0.5,0.5
HLA-DPB2,0.0,0.5,0.5
ENSG00000284242,0.0,0.5,0.5
IL11RA,0.0,0.5,0.5
PTGDR,0.0,0.5,0.5
STX5,0.0,0.5,0.5
DOT1L,0.0,0.5,0.5
STXBP1,0.0,0.5,0.5
PCBD2,0.0,0.5,0.5
MXD4,0.5,1.0,0.5
ENSG00000255960,0.0,0.5,0.5
MED22,0.0,0.5,0.5
DIRAS1,0.0,0.5,0.5
COBL,0.0,0.5,0.5
COCH,0.0,0.5,0.5
ADAMTS9-AS2,1.5,2.0,0.5
TCP11L2,0.5,1.0,0.5
SLC44A2,0.0,0.5,0.5
RDH13,0.0,0.5,0.5
DHRS7,0.0,0.5,0.5
PCBP1-AS1,1.5,2.0,0.5
ZNF831,0.0,0.5,0.5
IGF2-AS,0.0,0.5,0.5
ENSG00000286314,0.5,1.0,0.5
COL4A4,0.0,0.5,0.5
TCIRG1,0.0,0.5,0.5
SYT7,0.0,0.5,0.5
IGF1R,1.0,1.5,0.5
PEA15,0.0,0.5,0.5
ADAMTSL5,0.5,1.0,0.5
MTND5P11,0.0,0.5,0.5
MTND6P35,0.0,0.5,0.5
PCCA,1.0,1.5,0.5
MUS81,0.0,0.5,0.5
ENSG00000256020,0.0,0.5,0.5
ENSG00000285873,0.0,0.5,0.5
TECR,0.0,0.5,0.5
ENSG00000285906,0.0,0.5,0.5
MUC15,0.0,0.5,0.5
SMARCB1,0.0,0.5,0.5
CNOT7,1.0,1.5,0.5
ADCY3,0.0,0.5,0.5
RPS4XP6,0.0,0.5,0.5
ADAT2,0.0,0.5,0.5
PYGO2,0.0,0.5,0.5
UBE2V1,0.0,0.5,0.5
ENSG00000291214,0.0,0.5,0.5
PPIL3,0.0,0.5,0.5
TUBA4A,0.0,0.5,0.5
PMVK,0.0,0.5,0.5
GLTP,0.0,0.5,0.5
RPL35AP5,0.0,0.5,0.5
KDM2B,0.5,1.0,0.5
GAPDH,0.0,0.5,0.5
PIGA,0.0,0.5,0.5
TPP1,0.0,0.5,0.5
KIF11,0.0,0.5,0.5
KRT18P15,0.0,0.5,0.5
KBTBD11-OT1,0.0,0.5,0.5
ENSG00000272986,0.0,0.5,0.5
KANSL1,0.0,0.5,0.5
CALML5,0.0,0.5,0.5
ZNF28,0.5,1.0,0.5
TRAV8-2,0.0,0.5,0.5
RPL21P131,1.0,1.5,0.5
SKA2,0.0,0.5,0.5
PABIR3,0.0,0.5,0.5
POLR2K,0.0,0.5,0.5
GOLGA2P5,0.0,0.5,0.5
TRHDE-AS1,0.0,0.5,0.5
CCDC9B,0.0,0.5,0.5
SNORD65,0.0,0.5,0.5
OSR2,0.0,0.5,0.5
TPSG1,0.0,0.5,0.5
RNF10,0.0,0.5,0.5
TRAK2,0.0,0.5,0.5
ENSG00000240761,0.0,0.5,0.5
CAPN7,0.0,0.5,0.5
OXNAD1,0.0,0.5,0.5
GAPDHP1,1.0,1.5,0.5
PLA2G4F,0.0,0.5,0.5
TMEM200A,0.0,0.5,0.5
NRP1,2.0,2.5,0.5
TMEM106C,0.0,0.5,0.5
NUP93,0.0,0.5,0.5
SIGLEC15,0.0,0.5,0.5
SIGLEC17P,0.0,0.5,0.5
ENSG00000244021,0.0,0.5,0.5
OSMR,0.5,1.0,0.5
RPL21P91,0.0,0.5,0.5
CASP12,0.0,0.5,0.5
KDM1B,0.5,1.0,0.5
ENSG00000229224,0.0,0.5,0.5
KEAP1,0.0,0.5,0.5
TRIM39-RPP21,0.0,0.5,0.5
TMEM217,0.0,0.5,0.5
ENSG00000267261,0.0,0.5,0.5
TMEM253,0.0,0.5,0.5
ENSG00000249184,0.0,0.5,0.5
TMEM217B,0.0,0.5,0.5
GCLM,0.0,0.5,0.5
CASP1P2,0.0,0.5,0.5
GOT2,0.0,0.5,0.5
ENSG00000271933,0.5,1.0,0.5
SPCS3,0.0,0.5,0.5
CCNK,0.5,1.0,0.5
ENSG00000250626,0.0,0.5,0.5
NUP50-DT,0.0,0.5,0.5
ENSG00000236740,0.0,0.5,0.5
SNHG31,0.0,0.5,0.5
TRIM29,0.0,0.5,0.5
GADD45GIP1,0.0,0.5,0.5
PLEKHM2,0.5,1.0,0.5
GIMAP4,0.0,0.5,0.5
LETM1,0.0,0.5,0.5
RPL36AP8,0.0,0.5,0.5
ENSG00000272360,0.0,0.5,0.5
NOSTRIN,0.0,0.5,0.5
ENSG00000245482,0.0,0.5,0.5
GIGYF1,0.0,0.5,0.5
GATB,0.0,0.5,0.5
ENSG00000270638,0.0,0.5,0.5
ITGAL,0.0,0.5,0.5
RNF114,0.5,1.0,0.5
ENSG00000232555,0.0,0.5,0.5
KIAA0040,1.5,2.0,0.5
ARL5B,0.5,1.0,0.5
ZBTB7B,0.0,0.5,0.5
ENSG00000243243,0.0,0.5,0.5
TMEM199,0.0,0.5,0.5
PIK3R2,0.0,0.5,0.5
OVCH1-AS1,0.0,0.5,0.5
CCDC170,0.0,0.5,0.5
JAM3,0.5,1.0,0.5
NOTCH4,0.0,0.5,0.5
TRIM62,0.0,0.5,0.5
GNG11,0.0,0.5,0.5
TMC5,0.0,0.5,0.5
NUAK2,0.0,0.5,0.5
SNX31,0.0,0.5,0.5
ZNF333,0.5,1.0,0.5
SOX9,0.0,0.5,0.5
KCNK6,1.0,1.5,0.5
ENSG00000269155,0.0,0.5,0.5
ENSG00000268218,0.0,0.5,0.5
TRAPPC8,0.0,0.5,0.5
TMEM19,1.0,1.5,0.5
ENSG00000237320,0.0,0.5,0.5
GPIHBP1,0.0,0.5,0.5
ARL1,0.0,0.5,0.5
ITPKC,0.0,0.5,0.5
ENSG00000237409,0.0,0.5,0.5
ENSG00000273734,0.0,0.5,0.5
ITPRIPL1,0.0,0.5,0.5
CCL3-AS1,0.0,0.5,0.5
KLHL4,0.0,0.5,0.5
ENSG00000233367,0.0,0.5,0.5
C6,0.0,0.5,0.5
ENSG00000272078,0.0,0.5,0.5
TRANK1,0.0,0.5,0.5
ODC1-DT,0.0,0.5,0.5
RNF149,0.5,1.0,0.5
POLR1HASP,0.0,0.5,0.5
KRT86,0.0,0.5,0.5
TRIM22,2.1666666666666665,2.625,0.4583333333333335
DENND5A,2.6666666666666665,3.125,0.4583333333333335
LINC-PINT,3.1666666666666665,3.625,0.4583333333333335
GMNN,0.16666666666666666,0.625,0.45833333333333337
CCDC88C,0.16666666666666666,0.625,0.45833333333333337
UMPS,0.16666666666666666,0.625,0.45833333333333337
ICAM3,0.16666666666666666,0.625,0.45833333333333337
OTUD7B,0.6666666666666666,1.125,0.45833333333333337
TTLL1,0.16666666666666666,0.625,0.45833333333333337
CPVL-AS2,0.16666666666666666,0.625,0.45833333333333337
ARHGEF19,0.16666666666666666,0.625,0.45833333333333337
MYO1F,0.16666666666666666,0.625,0.45833333333333337
IMMP2L,0.16666666666666666,0.625,0.45833333333333337
BCL11A,0.16666666666666666,0.625,0.45833333333333337
DOCK4,0.6666666666666666,1.125,0.45833333333333337
HPGDS,0.16666666666666666,0.625,0.45833333333333337
UBXN4,0.6666666666666666,1.125,0.45833333333333337
ABI1,0.16666666666666666,0.625,0.45833333333333337
ENSG00000289517,0.16666666666666666,0.625,0.45833333333333337
GNA15,0.16666666666666666,0.625,0.45833333333333337
CEP70,0.16666666666666666,0.625,0.45833333333333337
ZBTB10,0.16666666666666666,0.625,0.45833333333333337
ELF1,0.16666666666666666,0.625,0.45833333333333337
TMEM220,0.16666666666666666,0.625,0.45833333333333337
SZT2,0.6666666666666666,1.125,0.45833333333333337
IVD,0.6666666666666666,1.125,0.45833333333333337
CEP250,0.16666666666666666,0.625,0.45833333333333337
PDCD6,0.6666666666666666,1.125,0.45833333333333337
OTULIN-DT,0.16666666666666666,0.625,0.45833333333333337
SPARC,0.16666666666666666,0.625,0.45833333333333337
TNFRSF10D,0.6666666666666666,1.125,0.45833333333333337
LRRC14,0.16666666666666666,0.625,0.45833333333333337
KLRK1-AS1,0.16666666666666666,0.625,0.45833333333333337
ACADS,0.16666666666666666,0.625,0.45833333333333337
ACADVL,0.6666666666666666,1.125,0.45833333333333337
TRIB2,0.6666666666666666,1.125,0.45833333333333337
ALDH3A2,0.16666666666666666,0.625,0.45833333333333337
TBXAS1,0.16666666666666666,0.625,0.45833333333333337
ENSG00000267769,0.16666666666666666,0.625,0.45833333333333337
NBPF17P,0.6666666666666666,1.125,0.45833333333333337
ZNRD2,0.16666666666666666,0.625,0.45833333333333337
DDX23,0.16666666666666666,0.625,0.45833333333333337
STAM,0.16666666666666666,0.625,0.45833333333333337
SLC31A2,0.16666666666666666,0.625,0.45833333333333337
TBPL1,0.16666666666666666,0.625,0.45833333333333337
IFITM2,0.16666666666666666,0.625,0.45833333333333337
ARL6IP1P2,0.16666666666666666,0.625,0.45833333333333337
ARL8A,0.16666666666666666,0.625,0.45833333333333337
KLHL6,0.6666666666666666,1.125,0.45833333333333337
ENSG00000261270,0.16666666666666666,0.625,0.45833333333333337
CARD11,0.16666666666666666,0.625,0.45833333333333337
ENSG00000280347,0.16666666666666666,0.625,0.45833333333333337
PSMC6,0.16666666666666666,0.625,0.45833333333333337
OLFML2A,0.16666666666666666,0.625,0.45833333333333337
IFFO1,0.16666666666666666,0.625,0.45833333333333337
RPL30P4,0.16666666666666666,0.625,0.45833333333333337
LRP5,0.16666666666666666,0.625,0.45833333333333337
RPS14,0.16666666666666666,0.625,0.45833333333333337
G6PD,0.16666666666666666,0.625,0.45833333333333337
NDUFA2,0.16666666666666666,0.625,0.45833333333333337
CACNB2,0.16666666666666666,0.625,0.45833333333333337
MON1B,0.6666666666666666,1.125,0.45833333333333337
MAGOH3P,0.16666666666666666,0.625,0.45833333333333337
RPL32,0.16666666666666666,0.625,0.45833333333333337
ZFC3H1,0.16666666666666666,0.625,0.45833333333333337
RRBP1,0.16666666666666666,0.625,0.45833333333333337
TRIM38,0.6666666666666666,1.125,0.45833333333333337
BRIX1,0.16666666666666666,0.625,0.45833333333333337
EFHD1,0.16666666666666666,0.625,0.45833333333333337
RHBDD1,0.16666666666666666,0.625,0.45833333333333337
GPR132,0.16666666666666666,0.625,0.45833333333333337
TRIM33,0.16666666666666666,0.625,0.45833333333333337
MIDN,0.16666666666666666,0.625,0.45833333333333337
NSMCE1-DT,0.16666666666666666,0.625,0.45833333333333337
SPATS2,0.16666666666666666,0.625,0.45833333333333337
SIX5,0.16666666666666666,0.625,0.45833333333333337
ENSG00000266922,0.16666666666666666,0.625,0.45833333333333337
TUBD1,0.16666666666666666,0.625,0.45833333333333337
POLDIP3,0.16666666666666666,0.625,0.45833333333333337
MAD1L1,0.16666666666666666,0.625,0.45833333333333337
ARID2,0.16666666666666666,0.625,0.45833333333333337
RICTOR,0.6666666666666666,1.125,0.45833333333333337
SEPSECS,0.16666666666666666,0.625,0.45833333333333337
ZNF276,0.16666666666666666,0.625,0.45833333333333337
HADH,0.16666666666666666,0.625,0.45833333333333337
HADHA,0.16666666666666666,0.625,0.45833333333333337
CCNT1,0.16666666666666666,0.625,0.45833333333333337
CLIC5,0.16666666666666666,0.625,0.45833333333333337
FLVCR2,0.16666666666666666,0.625,0.45833333333333337
COL21A1,0.16666666666666666,0.625,0.45833333333333337
DLG4,0.6666666666666666,1.125,0.45833333333333337
BMP2K,0.6666666666666666,1.125,0.45833333333333337
CDIP1,0.16666666666666666,0.625,0.45833333333333337
CBFB,0.16666666666666666,0.625,0.45833333333333337
CD3E,0.16666666666666666,0.625,0.45833333333333337
PPP1CB-DT,0.16666666666666666,0.625,0.45833333333333337
SRPK3,0.16666666666666666,0.625,0.45833333333333337
ANXA1,0.16666666666666666,0.625,0.45833333333333337
ENSG00000203395,0.16666666666666666,0.625,0.45833333333333337
CRYL1,0.16666666666666666,0.625,0.45833333333333337
ZBTB24,0.16666666666666666,0.625,0.45833333333333337
TAL1,0.16666666666666666,0.625,0.45833333333333337
NOC3L,0.16666666666666666,0.625,0.45833333333333337
ENSG00000285803,0.16666666666666666,0.625,0.45833333333333337
NHSL1,0.6666666666666666,1.125,0.45833333333333337
CSTB,0.16666666666666666,0.625,0.45833333333333337
ZNF486,0.16666666666666666,0.625,0.45833333333333337
SGPL1,0.6666666666666666,1.125,0.45833333333333337
TP53I11,0.6666666666666666,1.125,0.45833333333333337
FMO5,0.16666666666666666,0.625,0.45833333333333337
IQCK,0.16666666666666666,0.625,0.45833333333333337
HNRNPAB,0.16666666666666666,0.625,0.45833333333333337
MCUR1,0.6666666666666666,1.125,0.45833333333333337
C2orf42,0.16666666666666666,0.625,0.45833333333333337
SLC41A3-AS1,0.16666666666666666,0.625,0.45833333333333337
FSTL1,0.16666666666666666,0.625,0.45833333333333337
TM4SF1,0.16666666666666666,0.625,0.45833333333333337
TRMT2B,0.16666666666666666,0.625,0.45833333333333337
HAP1,0.6666666666666666,1.125,0.45833333333333337
RNF32-DT,0.16666666666666666,0.625,0.45833333333333337
OASL,0.16666666666666666,0.625,0.45833333333333337
DHCR24,0.16666666666666666,0.625,0.45833333333333337
KANK3,0.16666666666666666,0.625,0.45833333333333337
ZNF57,0.16666666666666666,0.625,0.45833333333333337
RTRAF,0.16666666666666666,0.625,0.45833333333333337
RPL36AP13,0.16666666666666666,0.625,0.45833333333333337
SNHG12,0.16666666666666666,0.625,0.45833333333333337
MMGT1,0.6666666666666666,1.125,0.45833333333333337
GALNT1,0.16666666666666666,0.625,0.45833333333333337
ADAT3,0.16666666666666666,0.625,0.45833333333333337
MPV17L2,0.16666666666666666,0.625,0.45833333333333337
ZNF275,0.16666666666666666,0.625,0.45833333333333337
MPZL2,0.6666666666666666,1.125,0.45833333333333337
CSF1R,0.16666666666666666,0.625,0.45833333333333337
RSBN1L,0.6666666666666666,1.125,0.45833333333333337
MPHOSPH10,0.6666666666666666,1.125,0.45833333333333337
LINC01695,0.6666666666666666,1.125,0.45833333333333337
MAPK1IP1L,0.6666666666666666,1.125,0.45833333333333337
UPF1,0.16666666666666666,0.625,0.45833333333333337
SPRING1,0.16666666666666666,0.625,0.45833333333333337
SLC35G2,0.16666666666666666,0.625,0.45833333333333337
FZD4,0.16666666666666666,0.625,0.45833333333333337
KIF5B,0.16666666666666666,0.625,0.45833333333333337
IRX3,0.16666666666666666,0.625,0.45833333333333337
MEOX2,0.16666666666666666,0.625,0.45833333333333337
ZNF77,0.16666666666666666,0.625,0.45833333333333337
SHLD1,0.16666666666666666,0.625,0.45833333333333337
ENSG00000279207,0.6666666666666666,1.125,0.45833333333333337
DUSP5,0.6666666666666666,1.125,0.45833333333333337
MAP7D1,0.16666666666666666,0.625,0.45833333333333337
DNASE1L3,0.16666666666666666,0.625,0.45833333333333337
CAMTA1,0.16666666666666666,0.625,0.45833333333333337
TMBIM4,0.16666666666666666,0.625,0.45833333333333337
FCSK,0.16666666666666666,0.625,0.45833333333333337
LIG4,0.16666666666666666,0.625,0.45833333333333337
RFC5,0.16666666666666666,0.625,0.45833333333333337
TATDN3,0.16666666666666666,0.625,0.45833333333333337
FCGR3B,0.6666666666666666,1.125,0.45833333333333337
ENSG00000229668,0.16666666666666666,0.625,0.45833333333333337
PDE2A,0.16666666666666666,0.625,0.45833333333333337
ATL2,0.6666666666666666,1.125,0.45833333333333337
CALCOCO1,0.16666666666666666,0.625,0.45833333333333337
LINC02649,0.16666666666666666,0.625,0.45833333333333337
BTN3A2,0.6666666666666666,1.125,0.45833333333333337
MECOM,0.6666666666666666,1.125,0.45833333333333337
ASAP2,0.16666666666666666,0.625,0.45833333333333337
ATG7,0.16666666666666666,0.625,0.45833333333333337
TNRC6C,0.16666666666666666,0.625,0.45833333333333337
UBQLN1-AS1,0.16666666666666666,0.625,0.45833333333333337
ENSG00000285627,0.16666666666666666,0.625,0.45833333333333337
CREBRF,0.6666666666666666,1.125,0.45833333333333337
GABARAPL1,0.6666666666666666,1.125,0.45833333333333337
IRAK2,0.16666666666666666,0.625,0.45833333333333337
OSBPL8,0.6666666666666666,1.125,0.45833333333333337
NEIL3,0.16666666666666666,0.625,0.45833333333333337
DCP2,1.1666666666666667,1.625,0.45833333333333326
C2CD3,1.6666666666666667,2.125,0.45833333333333326
GNG12,1.1666666666666667,1.625,0.45833333333333326
OAZ1P1,1.6666666666666667,2.125,0.45833333333333326
EDEM1,1.1666666666666667,1.625,0.45833333333333326
PCYT1A,1.1666666666666667,1.625,0.45833333333333326
AHR,1.1666666666666667,1.625,0.45833333333333326
ITGAV,1.1666666666666667,1.625,0.45833333333333326
CMC2,1.6666666666666667,2.125,0.45833333333333326
GSE1,1.6666666666666667,2.125,0.45833333333333326
CLOCK,1.8333333333333333,2.25,0.41666666666666674
SKIC3,1.8333333333333333,2.25,0.41666666666666674
FLT1,1.3333333333333333,1.75,0.41666666666666674
TMED5,1.3333333333333333,1.75,0.41666666666666674
KDM6A,1.8333333333333333,2.25,0.41666666666666674
MLXIP,1.8333333333333333,2.25,0.41666666666666674
CEP295,1.8333333333333333,2.25,0.41666666666666674
KANK2,1.8333333333333333,2.25,0.41666666666666674
SUB1,1.3333333333333333,1.75,0.41666666666666674
LINC01128,1.3333333333333333,1.75,0.41666666666666674
AP3M2,1.3333333333333333,1.75,0.41666666666666674
CNN2,1.3333333333333333,1.75,0.41666666666666674
CHTOP,0.3333333333333333,0.75,0.4166666666666667
C12orf57,0.3333333333333333,0.75,0.4166666666666667
ENSG00000272195,0.3333333333333333,0.75,0.4166666666666667
UBE2Z,0.3333333333333333,0.75,0.4166666666666667
VIM,0.3333333333333333,0.75,0.4166666666666667
WBP1,0.3333333333333333,0.75,0.4166666666666667
LYPLAL1-AS1,0.3333333333333333,0.75,0.4166666666666667
SYNM,0.3333333333333333,0.75,0.4166666666666667
SYNJ2BP,0.3333333333333333,0.75,0.4166666666666667
AGAP1,0.3333333333333333,0.75,0.4166666666666667
GPI,0.3333333333333333,0.75,0.4166666666666667
CLSTN1,0.3333333333333333,0.75,0.4166666666666667
MAML2,0.3333333333333333,0.75,0.4166666666666667
TENT4A,0.3333333333333333,0.75,0.4166666666666667
SORL1,0.3333333333333333,0.75,0.4166666666666667
PTPRJ,0.3333333333333333,0.75,0.4166666666666667
SCN11A,0.3333333333333333,0.75,0.4166666666666667
SAMD4A-AS1,0.3333333333333333,0.75,0.4166666666666667
CLDND1,0.3333333333333333,0.75,0.4166666666666667
PUS1,0.3333333333333333,0.75,0.4166666666666667
VRK1,0.3333333333333333,0.75,0.4166666666666667
ATP5MC3,0.3333333333333333,0.75,0.4166666666666667
GNPTAB,0.3333333333333333,0.75,0.4166666666666667
SLC35E4,0.3333333333333333,0.75,0.4166666666666667
AFAP1L2,0.3333333333333333,0.75,0.4166666666666667
PIK3CG,0.3333333333333333,0.75,0.4166666666666667
SAMD3,0.3333333333333333,0.75,0.4166666666666667
EPB41L2,0.3333333333333333,0.75,0.4166666666666667
SYF2,0.3333333333333333,0.75,0.4166666666666667
ENSG00000291316,0.3333333333333333,0.75,0.4166666666666667
CNTROB,0.3333333333333333,0.75,0.4166666666666667
COL3A1,0.3333333333333333,0.75,0.4166666666666667
ENSG00000286320,0.3333333333333333,0.75,0.4166666666666667
SLC39A1,0.3333333333333333,0.75,0.4166666666666667
ZNF836,0.3333333333333333,0.75,0.4166666666666667
TNPO3,0.3333333333333333,0.75,0.4166666666666667
TEX14,0.3333333333333333,0.75,0.4166666666666667
PAXIP1-DT,0.3333333333333333,0.75,0.4166666666666667
KIF13B,0.3333333333333333,0.75,0.4166666666666667
ENSG00000290927,0.3333333333333333,0.75,0.4166666666666667
GLUD1,0.3333333333333333,0.75,0.4166666666666667
U2SURP,0.3333333333333333,0.75,0.4166666666666667
ENTREP1,0.3333333333333333,0.75,0.4166666666666667
TC2N,0.3333333333333333,0.75,0.4166666666666667
TFAM,0.3333333333333333,0.75,0.4166666666666667
EEF2,0.3333333333333333,0.75,0.4166666666666667
GATAD2A,0.3333333333333333,0.75,0.4166666666666667
ENSG00000213970,0.3333333333333333,0.75,0.4166666666666667
TRIM7,0.3333333333333333,0.75,0.4166666666666667
ATP6V0E2,0.3333333333333333,0.75,0.4166666666666667
POLR3F,0.3333333333333333,0.75,0.4166666666666667
PANX1,0.3333333333333333,0.75,0.4166666666666667
NCOA6,0.3333333333333333,0.75,0.4166666666666667
CYBRD1,0.3333333333333333,0.75,0.4166666666666667
PKP1,0.3333333333333333,0.75,0.4166666666666667
CYP1B1-AS1,0.3333333333333333,0.75,0.4166666666666667
TRAF1,0.3333333333333333,0.75,0.4166666666666667
HEY1,0.3333333333333333,0.75,0.4166666666666667
TMEM63B,0.3333333333333333,0.75,0.4166666666666667
BIN2,0.3333333333333333,0.75,0.4166666666666667
ENSG00000289547,0.3333333333333333,0.75,0.4166666666666667
CCDC85A,0.3333333333333333,0.75,0.4166666666666667
RO60,0.3333333333333333,0.75,0.4166666666666667
HDHD3,0.3333333333333333,0.75,0.4166666666666667
ENSG00000258830,0.3333333333333333,0.75,0.4166666666666667
ITFG2,0.3333333333333333,0.75,0.4166666666666667
ICOS,0.3333333333333333,0.75,0.4166666666666667
HERC3,0.3333333333333333,0.75,0.4166666666666667
CYYR1,0.3333333333333333,0.75,0.4166666666666667
C1GALT1,0.3333333333333333,0.75,0.4166666666666667
RPL32P16,0.3333333333333333,0.75,0.4166666666666667
ST8SIA1,0.3333333333333333,0.75,0.4166666666666667
BLNK,0.3333333333333333,0.75,0.4166666666666667
ZNF654,0.3333333333333333,0.75,0.4166666666666667
PRNP,0.3333333333333333,0.75,0.4166666666666667
TMED7,0.3333333333333333,0.75,0.4166666666666667
MKNK2,0.3333333333333333,0.75,0.4166666666666667
MR1,0.3333333333333333,0.75,0.4166666666666667
CD9,0.3333333333333333,0.75,0.4166666666666667
NOTCH2NLC,0.3333333333333333,0.75,0.4166666666666667
XRN1,0.3333333333333333,0.75,0.4166666666666667
FYB1,0.3333333333333333,0.75,0.4166666666666667
CAPZA2,0.3333333333333333,0.75,0.4166666666666667
ATP1A2,0.3333333333333333,0.75,0.4166666666666667
SH3BP4,0.3333333333333333,0.75,0.4166666666666667
ENSG00000280273,0.3333333333333333,0.75,0.4166666666666667
FXYD5,0.3333333333333333,0.75,0.4166666666666667
LINC00636,0.3333333333333333,0.75,0.4166666666666667
DZIP1,0.3333333333333333,0.75,0.4166666666666667
PPP1R13B,0.3333333333333333,0.75,0.4166666666666667
CHN1,0.3333333333333333,0.75,0.4166666666666667
CTNND1,0.3333333333333333,0.75,0.4166666666666667
MIPOL1,0.3333333333333333,0.75,0.4166666666666667
ENSG00000289040,0.3333333333333333,0.75,0.4166666666666667
TLN2,0.3333333333333333,0.75,0.4166666666666667
SNAPC1,0.3333333333333333,0.75,0.4166666666666667
STAT5B,0.3333333333333333,0.75,0.4166666666666667
ALDH2,0.3333333333333333,0.75,0.4166666666666667
NPM1P25,0.3333333333333333,0.75,0.4166666666666667
SQLE,0.3333333333333333,0.75,0.4166666666666667
BMP6,0.3333333333333333,0.75,0.4166666666666667
IQCE,0.8333333333333334,1.25,0.41666666666666663
PAQR3,0.8333333333333334,1.25,0.41666666666666663
MYADM,0.8333333333333334,1.25,0.41666666666666663
TRIM5,0.8333333333333334,1.25,0.41666666666666663
DIMT1,0.8333333333333334,1.25,0.41666666666666663
CD3G,0.8333333333333334,1.25,0.41666666666666663
OAS1,0.8333333333333334,1.25,0.41666666666666663
MYCBP2,0.8333333333333334,1.25,0.41666666666666663
KIAA1671,0.8333333333333334,1.25,0.41666666666666663
ANKRD44,0.8333333333333334,1.25,0.41666666666666663
ZNF841,0.8333333333333334,1.25,0.41666666666666663
SLFN13,0.8333333333333334,1.25,0.41666666666666663
ADAMTS1,0.8333333333333334,1.25,0.41666666666666663
KPNA2,0.8333333333333334,1.25,0.41666666666666663
RPS23,0.8333333333333334,1.25,0.41666666666666663
COTL1,0.8333333333333334,1.25,0.41666666666666663
PRKDC,2.3333333333333335,2.75,0.4166666666666665
TAF5,0.0,0.375,0.375
ENSG00000289042,0.0,0.375,0.375
ENSG00000258525,0.0,0.375,0.375
ENSG00000289732,0.0,0.375,0.375
SYT17,0.0,0.375,0.375
RUBCNL,0.5,0.875,0.375
GOT1,0.0,0.375,0.375
ENSG00000241962,0.0,0.375,0.375
ENSG00000287032,0.0,0.375,0.375
TMEM236,0.0,0.375,0.375
ENSG00000289943,0.0,0.375,0.375
TNFRSF1B,0.5,0.875,0.375
MIB2,0.5,0.875,0.375
ENSG00000288741,0.0,0.375,0.375
HOXC9,0.0,0.375,0.375
ENSG00000289018,0.0,0.375,0.375
KARS1,0.0,0.375,0.375
CXADR,2.0,2.375,0.375
ENSG00000289964,0.0,0.375,0.375
ENSG00000289307,0.0,0.375,0.375
SLC48A1,0.0,0.375,0.375
ENSG00000290833,0.0,0.375,0.375
ENSG00000290851,0.0,0.375,0.375
TAP1,0.0,0.375,0.375
ENSG00000289062,0.0,0.375,0.375
ENSG00000289191,0.0,0.375,0.375
MLF1,0.0,0.375,0.375
MICE,0.0,0.375,0.375
ENSG00000288437,0.0,0.375,0.375
TCHP,0.0,0.375,0.375
ENSG00000244331,0.5,0.875,0.375
MEFV,0.0,0.375,0.375
TASOR2,0.5,0.875,0.375
HOXC-AS2,0.0,0.375,0.375
TMEM240,0.0,0.375,0.375
GRB7,0.0,0.375,0.375
SLCO1C1,0.0,0.375,0.375
IFNLR1,0.0,0.375,0.375
TNFRSF14,0.0,0.375,0.375
TRAPPC5,0.0,0.375,0.375
ENSG00000289872,0.0,0.375,0.375
SAA1,0.0,0.375,0.375
ENSG00000287265,0.0,0.375,0.375
GPKOW,0.0,0.375,0.375
ENSG00000289904,0.0,0.375,0.375
ENSG00000287101,0.0,0.375,0.375
ENSG00000289912,0.0,0.375,0.375
ENSG00000287092,0.0,0.375,0.375
CTDSPL,0.0,0.375,0.375
ENSG00000288872,0.0,0.375,0.375
SNRPD1,0.0,0.375,0.375
TCP11L1,0.0,0.375,0.375
SNRPB,0.0,0.375,0.375
ENSG00000257921,0.0,0.375,0.375
TNFRSF10A,0.0,0.375,0.375
ENSG00000258471,0.0,0.375,0.375
TNFRSF14-AS1,0.0,0.375,0.375
DDX24,0.0,0.375,0.375
ENSG00000268193,0.0,0.375,0.375
MMP25,0.0,0.375,0.375
JUND,0.0,0.375,0.375
TMEM25,0.0,0.375,0.375
DDB1,1.0,1.375,0.375
ENSG00000291048,0.0,0.375,0.375
USF2,0.0,0.375,0.375
HS6ST1,0.0,0.375,0.375
ENSG00000289332,0.0,0.375,0.375
KAT2A,0.0,0.375,0.375
ENSG00000290033,0.0,0.375,0.375
GP6-AS1,0.0,0.375,0.375
CYREN,0.0,0.375,0.375
ENSG00000287601,0.0,0.375,0.375
ENSG00000268742,0.0,0.375,0.375
ENSG00000268734,0.0,0.375,0.375
HPS6,0.0,0.375,0.375
SLC6A9,0.0,0.375,0.375
GPR141,0.0,0.375,0.375
ENSG00000287733,0.5,0.875,0.375
GP1BA,0.0,0.375,0.375
ENSG00000289401,0.0,0.375,0.375
ENSG00000290397,0.0,0.375,0.375
MEST,0.0,0.375,0.375
ENSG00000289382,0.0,0.375,0.375
S100A14,0.0,0.375,0.375
ENSG00000243176,0.0,0.375,0.375
RYBP,1.0,1.375,0.375
ENSG00000287576,0.0,0.375,0.375
SYVN1,0.0,0.375,0.375
ENSG00000258881,0.0,0.375,0.375
ENSG00000290090,0.0,0.375,0.375
TNFRSF11A,0.0,0.375,0.375
ENSG00000290074,0.0,0.375,0.375
IDI2,0.0,0.375,0.375
MIR193BHG,0.0,0.375,0.375
ENSG00000269711,0.0,0.375,0.375
TRAF3IP1,0.0,0.375,0.375
ENSG00000290069,0.0,0.375,0.375
SLC17A7,0.0,0.375,0.375
SLC18B1,0.0,0.375,0.375
METTL21A,0.5,0.875,0.375
DBF4,0.0,0.375,0.375
MIER2,0.0,0.375,0.375
GRHPR,0.0,0.375,0.375
GPR65,0.0,0.375,0.375
ENSG00000290791,0.0,0.375,0.375
ENSG00000289346,0.0,0.375,0.375
DGCR8,0.0,0.375,0.375
CXCL2,0.0,0.375,0.375
IER3-AS1,0.0,0.375,0.375
SNRNP25,0.0,0.375,0.375
S100A4,0.0,0.375,0.375
ENSG00000287878,0.0,0.375,0.375
DCAF17,0.0,0.375,0.375
CYB5A,0.0,0.375,0.375
ENSG00000238279,0.0,0.375,0.375
ENSG00000286600,0.0,0.375,0.375
IFT80,0.0,0.375,0.375
TMEM231,0.0,0.375,0.375
ENSG00000243679,0.0,0.375,0.375
ENSG00000289995,0.0,0.375,0.375
ENSG00000291100,0.5,0.875,0.375
TBC1D9B,0.5,0.875,0.375
MEMO1,0.0,0.375,0.375
SLC5A5,0.0,0.375,0.375
ENSG00000289571,0.0,0.375,0.375
ENSG00000258660,0.0,0.375,0.375
ENSG00000290463,0.0,0.375,0.375
ENSG00000239628,0.0,0.375,0.375
CYGB,0.0,0.375,0.375
UBR5,0.5,0.875,0.375
IFT43,0.0,0.375,0.375
RUVBL1,0.0,0.375,0.375
GRTP1,0.0,0.375,0.375
RWDD3-DT,0.0,0.375,0.375
KCNT2,0.0,0.375,0.375
LGR5,0.0,0.375,0.375
ENSG00000260494,0.0,0.375,0.375
LINC02202,0.0,0.375,0.375
LINC02660,0.0,0.375,0.375
FBXW10B,0.0,0.375,0.375
FBXW4P1,0.0,0.375,0.375
HDGFL2,0.0,0.375,0.375
ENSG00000230149,0.0,0.375,0.375
LINC02604,0.0,0.375,0.375
KRT77,0.0,0.375,0.375
LINC02575,0.0,0.375,0.375
ENSG00000272944,0.0,0.375,0.375
EMD,0.0,0.375,0.375
INSIG1-DT,0.0,0.375,0.375
LINC02268,0.0,0.375,0.375
EMP3,0.0,0.375,0.375
TMEM38A,0.0,0.375,0.375
SSBP2,0.5,0.875,0.375
LINC02709,0.0,0.375,0.375
FFAR4,0.0,0.375,0.375
FGD1,0.0,0.375,0.375
TIMM17A,0.0,0.375,0.375
ENO4,0.0,0.375,0.375
TSTD2,0.0,0.375,0.375
ENPP3,0.0,0.375,0.375
ENSG00000250602,0.0,0.375,0.375
SRSF8,0.0,0.375,0.375
INTS12,0.0,0.375,0.375
ENSG00000253519,0.0,0.375,0.375
ENSG00000093100,0.0,0.375,0.375
ENSG00000132832,0.0,0.375,0.375
LINC01960,0.0,0.375,0.375
FGFBP2,0.0,0.375,0.375
LINC02666,0.0,0.375,0.375
HDX,0.0,0.375,0.375
GCNT1P3,0.0,0.375,0.375
ING1,0.5,0.875,0.375
ENSG00000231616,0.0,0.375,0.375
TMEM116,0.0,0.375,0.375
LPCAT1,0.0,0.375,0.375
SPEG,0.0,0.375,0.375
EGLN1,0.0,0.375,0.375
SELENBP1,0.0,0.375,0.375
TMEM80,0.0,0.375,0.375
EIF1P4,0.0,0.375,0.375
HELB,0.0,0.375,0.375
LMO7DN,0.0,0.375,0.375
LMO3,0.0,0.375,0.375
SLC25A23,0.0,0.375,0.375
ENSG00000230928,0.0,0.375,0.375
TMEM109,0.0,0.375,0.375
FBP1,0.0,0.375,0.375
ENSG00000279433,0.0,0.375,0.375
ENSG00000279555,0.0,0.375,0.375
ENSG00000279544,0.0,0.375,0.375
KRT2,0.0,0.375,0.375
SEMA3C,0.0,0.375,0.375
FBXO16,0.0,0.375,0.375
EIF4A1,0.5,0.875,0.375
TTLL10-AS1,0.0,0.375,0.375
TTLL10,0.0,0.375,0.375
SIAE,0.0,0.375,0.375
SHTN1,0.0,0.375,0.375
HECTD2,0.0,0.375,0.375
SMURF2,0.0,0.375,0.375
KRT7,0.0,0.375,0.375
ENSG00000230188,0.0,0.375,0.375
INTS2,0.0,0.375,0.375
GATA3-AS1,0.0,0.375,0.375
FGFR1OP2,0.0,0.375,0.375
ENSG00000227766,0.0,0.375,0.375
SPNS3,0.0,0.375,0.375
H3C11,0.0,0.375,0.375
LINC00923,0.0,0.375,0.375
IPO4,0.0,0.375,0.375
IPO7,0.0,0.375,0.375
TSNARE1,0.0,0.375,0.375
FRG1,0.0,0.375,0.375
ENSG00000275993,0.0,0.375,0.375
ENSG00000223886,0.0,0.375,0.375
FRMD8,0.0,0.375,0.375
TRIP11,0.0,0.375,0.375
IQCD,0.0,0.375,0.375
TLR5,0.0,0.375,0.375
LDHC,0.0,0.375,0.375
ENSG00000227615,0.0,0.375,0.375
ENSG00000273058,0.0,0.375,0.375
GADD45B,0.0,0.375,0.375
TSGA10,0.0,0.375,0.375
TRMT61A,0.0,0.375,0.375
ENSG00000227338,0.0,0.375,0.375
SH3BP5L,0.0,0.375,0.375
TSC22D1-AS1,0.0,0.375,0.375
ENSG00000274818,0.0,0.375,0.375
ENSG00000226877,0.0,0.375,0.375
TMC8,0.0,0.375,0.375
ENSG00000264937,0.0,0.375,0.375
SPRR1A,0.0,0.375,0.375
SH3BGRL2,0.5,0.875,0.375
FZD4-DT,0.0,0.375,0.375
TPGS1,0.0,0.375,0.375
LINC01003,0.0,0.375,0.375
TMEM53,0.0,0.375,0.375
LCK,0.0,0.375,0.375
FOXO3B,0.0,0.375,0.375
ENSG00000253496,0.0,0.375,0.375
ENSG00000229447,0.0,0.375,0.375
GAS5,1.5,1.875,0.375
LAGE3,0.0,0.375,0.375
FHIT,0.0,0.375,0.375
H2AC5P,0.0,0.375,0.375
ENSG00000273175,0.0,0.375,0.375
TINCR,0.0,0.375,0.375
INTS9,0.0,0.375,0.375
ENSG00000273189,0.0,0.375,0.375
GAR1,0.0,0.375,0.375
LINC01638,0.0,0.375,0.375
TIPARP-AS1,0.0,0.375,0.375
ENSG00000228933,0.0,0.375,0.375
ENSG00000273203,0.0,0.375,0.375
LARGE-AS1,0.0,0.375,0.375
ENSG00000228782,0.0,0.375,0.375
FLT3LG,0.0,0.375,0.375
SERPINE3,0.0,0.375,0.375
LINC01290,0.0,0.375,0.375
ENSG00000277369,0.0,0.375,0.375
FOLR3,0.0,0.375,0.375
LAS1L,0.0,0.375,0.375
H2AZ2P1,0.0,0.375,0.375
GANAB,0.0,0.375,0.375
FOSL2-AS1,0.0,0.375,0.375
LINC01260,0.0,0.375,0.375
ENSG00000273363,0.0,0.375,0.375
TLCD1,0.0,0.375,0.375
FANCC,0.5,0.875,0.375
TGM4,0.0,0.375,0.375
SART3,0.5,0.875,0.375
ESYT1,0.0,0.375,0.375
SKIL,0.0,0.375,0.375
ENSG00000255801,0.0,0.375,0.375
DNAJC18,0.0,0.375,0.375
HMGB1P3,0.0,0.375,0.375
ENSG00000285505,0.0,0.375,0.375
SMCHD1,3.5,3.875,0.375
MAPK12,0.5,0.875,0.375
SCN4A,0.0,0.375,0.375
UBE2D1,0.0,0.375,0.375
MAP4K2,0.0,0.375,0.375
ENSG00000235522,0.0,0.375,0.375
GSS,0.0,0.375,0.375
SCN7A,0.0,0.375,0.375
ENSG00000285006,0.0,0.375,0.375
SUCO,0.0,0.375,0.375
UBE2H,0.5,0.875,0.375
ENSG00000260899,0.0,0.375,0.375
ENSG00000284959,0.0,0.375,0.375
ENSG00000284930,0.0,0.375,0.375
UBA7,0.0,0.375,0.375
ENSG00000255467,0.0,0.375,0.375
HMCES,0.0,0.375,0.375
GNAI2,0.0,0.375,0.375
KL,0.0,0.375,0.375
ENSG00000284724,0.0,0.375,0.375
ENSG00000255389,0.0,0.375,0.375
GNA13,0.5,0.875,0.375
SOS2,0.0,0.375,0.375
DPH7,0.0,0.375,0.375
MALL,0.0,0.375,0.375
ENSG00000285642,0.0,0.375,0.375
ENSG00000285667,0.0,0.375,0.375
TUBB2B,0.0,0.375,0.375
ENSG00000260658,0.0,0.375,0.375
ENSG00000260496,0.0,0.375,0.375
DIDO1,0.0,0.375,0.375
IGHV1-3,0.0,0.375,0.375
ENSG00000260581,0.0,0.375,0.375
GORASP1,0.0,0.375,0.375
SLC43A2,0.0,0.375,0.375
ENSG00000237669,0.0,0.375,0.375
MDFI,0.0,0.375,0.375
ENSG00000286022,0.0,0.375,0.375
ENSG00000291212,0.0,0.375,0.375
DIRAS3,0.0,0.375,0.375
ENSG00000256514,0.0,0.375,0.375
TMEM186,0.0,0.375,0.375
DIS3L,0.0,0.375,0.375
TDRKH-AS1,0.0,0.375,0.375
ENSG00000255872,0.0,0.375,0.375
KIAA1143,0.0,0.375,0.375
HMX1,0.0,0.375,0.375
ENSG00000267426,0.0,0.375,0.375
SVOPL,0.0,0.375,0.375
IGKV2D-29,0.0,0.375,0.375
ITPK1,0.0,0.375,0.375
SMARCC2,0.0,0.375,0.375
KIF17,0.0,0.375,0.375
ENSG00000236514,0.0,0.375,0.375
HMGB1P33,0.0,0.375,0.375
ENSG00000270140,0.0,0.375,0.375
DNAAF10,0.0,0.375,0.375
MARVELD1,0.0,0.375,0.375
EPCAM,0.0,0.375,0.375
ENSG00000271918,0.0,0.375,0.375
TNXB,0.0,0.375,0.375
EXOC3-AS1,0.0,0.375,0.375
EDIL3,0.0,0.375,0.375
ENSG00000261253,0.0,0.375,0.375
FAM183DP,0.0,0.375,0.375
STK16,0.0,0.375,0.375
SDHAP3,0.0,0.375,0.375
TFIP11,0.0,0.375,0.375
ENSG00000261335,0.0,0.375,0.375
FAM209B,0.0,0.375,0.375
EBNA1BP2,0.0,0.375,0.375
ENSG00000232626,0.0,0.375,0.375
HIRIP3,0.0,0.375,0.375
FAM47E-STBD1,0.0,0.375,0.375
ECHS1,0.0,0.375,0.375
HIP1R,0.5,0.875,0.375
ENSG00000280113,0.0,0.375,0.375
SPARCL1,0.0,0.375,0.375
SCYL1,0.0,0.375,0.375
FAM53C,0.0,0.375,0.375
KLRF1,0.0,0.375,0.375
ENSG00000261635,0.0,0.375,0.375
ENSG00000266987,0.0,0.375,0.375
EEF1A1P50,0.0,0.375,0.375
STARD8,0.0,0.375,0.375
TGFBR3,0.0,0.375,0.375
ENSG00000280032,0.0,0.375,0.375
ENSG00000266944,0.0,0.375,0.375
ENSG00000261641,0.0,0.375,0.375
LRFN5,0.0,0.375,0.375
GZF1,0.5,0.875,0.375
ENSG00000279917,0.0,0.375,0.375
LRATD2,0.0,0.375,0.375
LTB4R2,0.0,0.375,0.375
FAM171B,0.5,0.875,0.375
LY6G5B,0.0,0.375,0.375
TRIM16,0.5,0.875,0.375
EXOC6B,0.5,0.875,0.375
ENSG00000255164,0.0,0.375,0.375
MAGEA10,0.0,0.375,0.375
TMEM30B,0.0,0.375,0.375
GTF2H3,0.0,0.375,0.375
ENSG00000234450,0.0,0.375,0.375
ENSG00000271949,0.0,0.375,0.375
TMEM145,0.0,0.375,0.375
GLRB,0.0,0.375,0.375
MAB21L4,0.0,0.375,0.375
ENSG00000283667,0.0,0.375,0.375
SOX5,0.0,0.375,0.375
STUB1,0.0,0.375,0.375
TEX26-AS1,0.0,0.375,0.375
GK5,3.5,3.875,0.375
ENSG00000282936,0.0,0.375,0.375
DUS1L,0.0,0.375,0.375
ENSG00000282906,0.0,0.375,0.375
FAHD2A,0.0,0.375,0.375
GTPBP4,1.0,1.375,0.375
FAIM2,0.0,0.375,0.375
ENSG00000282432,0.0,0.375,0.375
ENSG00000254939,0.0,0.375,0.375
LYL1,0.0,0.375,0.375
FAM110C,0.0,0.375,0.375
DUSP8,0.0,0.375,0.375
TOM1,0.0,0.375,0.375
ENSG00000261211,0.0,0.375,0.375
TRIM11,0.0,0.375,0.375
ENSG00000235078,0.0,0.375,0.375
RB1CC1,0.5,0.875,0.375
B4GALT1,0.0,0.375,0.375
PPP1R7,0.0,0.375,0.375
MT-ND4L,0.0,0.375,0.375
CD1C,0.0,0.375,0.375
ANKRD55,0.0,0.375,0.375
ANO10,0.0,0.375,0.375
VANGL2,0.0,0.375,0.375
CCT6A,0.0,0.375,0.375
CCRL2,0.0,0.375,0.375
NPM1P37,0.0,0.375,0.375
PPP6R2,0.0,0.375,0.375
MSRB1,0.0,0.375,0.375
CCNG2,0.5,0.875,0.375
CCND3,0.0,0.375,0.375
RLIMP1,0.0,0.375,0.375
ANXA8L1,0.0,0.375,0.375
CCL4,0.0,0.375,0.375
CCL3L1,0.0,0.375,0.375
AP1G2,0.0,0.375,0.375
MSNP1,0.0,0.375,0.375
CCDC88B,0.0,0.375,0.375
NOP16,0.0,0.375,0.375
ZNF589,0.0,0.375,0.375
VASN,0.0,0.375,0.375
NME1,0.0,0.375,0.375
COMMD6,0.0,0.375,0.375
CDC42SE1,0.0,0.375,0.375
COP1,0.0,0.375,0.375
CDC42BPG,0.0,0.375,0.375
NKPD1,0.0,0.375,0.375
ZNF614,0.0,0.375,0.375
PRKCB,0.0,0.375,0.375
VASP,0.0,0.375,0.375
MTA1-DT,0.0,0.375,0.375
NONO,0.0,0.375,0.375
ANKK1,0.0,0.375,0.375
NMNAT1,0.0,0.375,0.375
ANKRD10-IT1,0.0,0.375,0.375
CD8B,0.0,0.375,0.375
PRKAA1,0.0,0.375,0.375
ANKRD20A21P,0.0,0.375,0.375
XRCC4,0.0,0.375,0.375
ACE2,0.0,0.375,0.375
YWHAE,0.0,0.375,0.375
YWHAQ,0.0,0.375,0.375
NIPAL1,0.0,0.375,0.375
NSUN5P2,0.0,0.375,0.375
PPM1D,0.5,0.875,0.375
PPM1B,0.0,0.375,0.375
RN7SKP230,0.0,0.375,0.375
RPL23A,0.0,0.375,0.375
NYAP1,0.0,0.375,0.375
CPLANE2,0.0,0.375,0.375
PPIA,0.0,0.375,0.375
RN7SKP80,0.0,0.375,0.375
ZNF510,0.0,0.375,0.375
RN7SKP90,0.0,0.375,0.375
RN7SKP97,0.0,0.375,0.375
ZBTB44,0.5,0.875,0.375
ZBTB7A,0.0,0.375,0.375
POM121,0.0,0.375,0.375
RPL19P11,0.0,0.375,0.375
RRAGD,0.0,0.375,0.375
ARHGEF26,0.0,0.375,0.375
RBM15,0.0,0.375,0.375
OS9,0.0,0.375,0.375
PPM1J-DT,0.0,0.375,0.375
CPB2,0.0,0.375,0.375
PPP1CC,0.0,0.375,0.375
CCDC144BP,0.0,0.375,0.375
YWHAZ,0.0,0.375,0.375
NT5C3AP1,0.0,0.375,0.375
NT5C3B,0.0,0.375,0.375
RAG1,0.0,0.375,0.375
RPSAP6,0.0,0.375,0.375
ABTB2,0.0,0.375,0.375
NTRK2,0.5,0.875,0.375
CCDC154,0.0,0.375,0.375
PPP1R14C,0.0,0.375,0.375
CBX2,0.5,0.875,0.375
APMAP,0.0,0.375,0.375
RAMP2,0.0,0.375,0.375
APOC1,0.0,0.375,0.375
ZNF527,0.0,0.375,0.375
PPP1R12A-AS1,0.0,0.375,0.375
NUP35,0.0,0.375,0.375
ZNF526,0.0,0.375,0.375
ABL2,0.5,0.875,0.375
NIPAL3,0.0,0.375,0.375
PROX1-AS1,0.0,0.375,0.375
ARHGEF5,0.0,0.375,0.375
AGBL5,0.0,0.375,0.375
NAALADL2,0.5,0.875,0.375
CIDEC,0.0,0.375,0.375
CIDEB,0.0,0.375,0.375
NACAP8,0.0,0.375,0.375
ADGRL3,0.5,0.875,0.375
RAB19,0.0,0.375,0.375
ZNF85,0.0,0.375,0.375
RAB20,0.0,0.375,0.375
WDCP,0.0,0.375,0.375
NAPRT,0.0,0.375,0.375
RPS16P9,0.0,0.375,0.375
NATD1,0.0,0.375,0.375
MTRR,1.0,1.375,0.375
PTPN6,0.0,0.375,0.375
NCAPD3,0.5,0.875,0.375
ZNF76,0.0,0.375,0.375
ACTR1B,0.0,0.375,0.375
ZNF75D,0.0,0.375,0.375
NCMAP-DT,0.0,0.375,0.375
CISH,0.0,0.375,0.375
RELL2,0.0,0.375,0.375
CITED2,0.0,0.375,0.375
VRK2,0.0,0.375,0.375
MYL4,0.0,0.375,0.375
RPS28,0.0,0.375,0.375
CLMN,0.5,0.875,0.375
CLK4,0.5,0.875,0.375
QRSL1P3,0.0,0.375,0.375
ADAMTS16,0.0,0.375,0.375
MYADML,0.0,0.375,0.375
VPS52,0.0,0.375,0.375
ZNF81,0.0,0.375,0.375
RAB11FIP4,0.0,0.375,0.375
RPS26P56,0.0,0.375,0.375
MYOM2,0.0,0.375,0.375
ZNF833P,0.0,0.375,0.375
CLDN10-AS1,0.0,0.375,0.375
PXYLP1,0.0,0.375,0.375
CLASP1-AS1,0.0,0.375,0.375
REEP1,0.5,0.875,0.375
REEP6,0.0,0.375,0.375
CGN,0.0,0.375,0.375
RPS12P5,0.0,0.375,0.375
VCP,1.5,1.875,0.375
NCR1,0.0,0.375,0.375
ZNF880,0.0,0.375,0.375
AJUBA,0.0,0.375,0.375
RC3H2,1.0,1.375,0.375
ACSM1,0.0,0.375,0.375
AKAP5,0.0,0.375,0.375
RPS7,1.0,1.375,0.375
AKR1C2,0.0,0.375,0.375
WNT2B,1.0,1.375,0.375
RPS7P15,0.0,0.375,0.375
CDT1,0.0,0.375,0.375
RPL7A,0.0,0.375,0.375
ALDOA,0.0,0.375,0.375
RABAC1,0.0,0.375,0.375
CDKN2AIP,0.0,0.375,0.375
COL9A2,0.0,0.375,0.375
CDKN2A,0.0,0.375,0.375
PRRT4,0.0,0.375,0.375
ALKBH3,0.0,0.375,0.375
WWC3-AS1,0.0,0.375,0.375
CEP20,0.0,0.375,0.375
WDSUB1,0.5,0.875,0.375
ZNF853,0.0,0.375,0.375
WDR46,0.0,0.375,0.375
MTND2P28,0.0,0.375,0.375
RPS6KA4,0.0,0.375,0.375
NCR3LG1,0.0,0.375,0.375
WDR45,0.0,0.375,0.375
COBLL1,1.5,1.875,0.375
CFB,0.0,0.375,0.375
COG2,0.0,0.375,0.375
ZNF746,0.0,0.375,0.375
RFX5,0.0,0.375,0.375
PSMG3,0.0,0.375,0.375
NDUFA5P3,0.0,0.375,0.375
PTGDS,0.0,0.375,0.375
RCC2,0.0,0.375,0.375
NDUFA9,0.0,0.375,0.375
RPP21,0.0,0.375,0.375
NDUFAF4,0.0,0.375,0.375
NDUFAF6,0.0,0.375,0.375
PSPN,0.0,0.375,0.375
MRPS21,0.0,0.375,0.375
RPS2P7,0.0,0.375,0.375
ARSI,0.0,0.375,0.375
PAPSS1,0.0,0.375,0.375
ZFX,0.0,0.375,0.375
CRISP3,0.0,0.375,0.375
ATP6V0D1,0.0,0.375,0.375
RNASE1,0.0,0.375,0.375
PDZRN3-AS1,0.0,0.375,0.375
PEAR1,0.0,0.375,0.375
ZFPM2,0.0,0.375,0.375
PLK4,0.0,0.375,0.375
PLK5,0.0,0.375,0.375
ATP6V1G2-DDX39B,0.0,0.375,0.375
ATP8A1,0.5,0.875,0.375
RPH3AL,0.0,0.375,0.375
ZSCAN26,0.0,0.375,0.375
C12orf29,0.0,0.375,0.375
ZNF2,0.0,0.375,0.375
RBBP8NL,0.0,0.375,0.375
RNA5SP392,0.0,0.375,0.375
PERM1,0.0,0.375,0.375
PEX16,0.0,0.375,0.375
RPL10P13,0.0,0.375,0.375
ZNF202,0.0,0.375,0.375
PARGP1,0.0,0.375,0.375
RNU4-25P,0.0,0.375,0.375
PEX5,0.0,0.375,0.375
PEX7,0.0,0.375,0.375
PM20D1,0.0,0.375,0.375
RRP36,0.0,0.375,0.375
PFDN1,0.5,0.875,0.375
ZFAND5,0.5,0.875,0.375
PDHA1,0.0,0.375,0.375
PCAT7,0.0,0.375,0.375
ASH1L,0.0,0.375,0.375
PDCD10,0.0,0.375,0.375
ZMYND10-AS1,0.0,0.375,0.375
ATP2B1-AS1,0.0,0.375,0.375
ZMYND10,0.0,0.375,0.375
BOD1L1,0.5,0.875,0.375
ROCR,0.0,0.375,0.375
PCMTD1,0.5,0.875,0.375
ATP13A3-DT,0.5,0.875,0.375
RNF165,0.0,0.375,0.375
BPNT1,0.5,0.875,0.375
ZMIZ1-AS1,0.0,0.375,0.375
ZKSCAN8,0.0,0.375,0.375
RRS1,0.0,0.375,0.375
ATOH8,0.0,0.375,0.375
CRYAB,0.0,0.375,0.375
PDGFC,0.0,0.375,0.375
ATF7-NPFF,0.0,0.375,0.375
ATF4,0.0,0.375,0.375
RASGRP1,0.0,0.375,0.375
ATAD3B,0.0,0.375,0.375
ZNF304,0.0,0.375,0.375
ZNF136,0.0,0.375,0.375
ASRGL1,0.0,0.375,0.375
ABCB5,0.0,0.375,0.375
RBBP9,0.5,0.875,0.375
RP9P,0.0,0.375,0.375
RASGRP4,0.0,0.375,0.375
PDE4DIP,0.0,0.375,0.375
RNF19A,0.0,0.375,0.375
PICALM,0.5,0.875,0.375
ABCA4,0.0,0.375,0.375
RPL15,2.0,2.375,0.375
OXGR1,0.0,0.375,0.375
ZNF446,0.0,0.375,0.375
B3GNT7,0.0,0.375,0.375
BAG1,0.5,0.875,0.375
P3H2,0.0,0.375,0.375
PACRG,0.0,0.375,0.375
RPL15P18,0.5,0.875,0.375
ZDHHC11,0.0,0.375,0.375
C5AR2,0.5,0.875,0.375
RNF34,0.0,0.375,0.375
USP30-AS1,0.0,0.375,0.375
MPG,0.0,0.375,0.375
BAZ1A-AS1,0.0,0.375,0.375
BABAM2,0.0,0.375,0.375
PGR,0.0,0.375,0.375
PHACTR3,0.0,0.375,0.375
RPL13P6,0.0,0.375,0.375
B3GNT5,0.0,0.375,0.375
B4GAT1-DT,0.0,0.375,0.375
P2RY11,0.0,0.375,0.375
ZUP1,0.0,0.375,0.375
ZNF239,0.0,0.375,0.375
POLE2,0.0,0.375,0.375
ZNF271P,0.0,0.375,0.375
RPL12P19,0.0,0.375,0.375
PMS2P3,0.0,0.375,0.375
PNMA1,0.5,0.875,0.375
PAPLN,0.0,0.375,0.375
RBM14,0.0,0.375,0.375
ZNF235,0.0,0.375,0.375
CA6,0.0,0.375,0.375
POLE,0.0,0.375,0.375
RB1,0.0,0.375,0.375
P2RY6,0.5,0.875,0.375
ZNF252P-AS1,0.0,0.375,0.375
LRCH3,2.1666666666666665,2.5,0.3333333333333335
PSMG3-AS1,0.16666666666666666,0.5,0.33333333333333337
HEXA,0.16666666666666666,0.5,0.33333333333333337
HERC2,0.16666666666666666,0.5,0.33333333333333337
TDP1,0.16666666666666666,0.5,0.33333333333333337
BLTP3A,0.16666666666666666,0.5,0.33333333333333337
PSRC1,0.16666666666666666,0.5,0.33333333333333337
DPH3,0.6666666666666666,1.0,0.33333333333333337
LIPT1,0.16666666666666666,0.5,0.33333333333333337
BMP7,0.16666666666666666,0.5,0.33333333333333337
EIF2B5,0.16666666666666666,0.5,0.33333333333333337
EPHB3,0.16666666666666666,0.5,0.33333333333333337
STRBP,0.16666666666666666,0.5,0.33333333333333337
EIF4A2,0.16666666666666666,0.5,0.33333333333333337
ZNF324,0.16666666666666666,0.5,0.33333333333333337
CLN8-AS1,0.16666666666666666,0.5,0.33333333333333337
FAM13B,0.16666666666666666,0.5,0.33333333333333337
SENP1,0.16666666666666666,0.5,0.33333333333333337
PHF24,0.16666666666666666,0.5,0.33333333333333337
ELN,0.16666666666666666,0.5,0.33333333333333337
PSMD12,0.16666666666666666,0.5,0.33333333333333337
DNM3OS,0.6666666666666666,1.0,0.33333333333333337
HELZ2,0.16666666666666666,0.5,0.33333333333333337
CEP126,0.6666666666666666,1.0,0.33333333333333337
LINC02884,0.16666666666666666,0.5,0.33333333333333337
PIN4P1,0.16666666666666666,0.5,0.33333333333333337
SLC9A9,0.16666666666666666,0.5,0.33333333333333337
FAM107B,0.6666666666666666,1.0,0.33333333333333337
DNMT3A,0.16666666666666666,0.5,0.33333333333333337
HEXD,0.16666666666666666,0.5,0.33333333333333337
LINC03047,0.16666666666666666,0.5,0.33333333333333337
LINC03049,0.16666666666666666,0.5,0.33333333333333337
WEE1,0.6666666666666666,1.0,0.33333333333333337
HSH2D,0.16666666666666666,0.5,0.33333333333333337
RPS10,0.16666666666666666,0.5,0.33333333333333337
ZNF250,0.16666666666666666,0.5,0.33333333333333337
SEC16A,0.16666666666666666,0.5,0.33333333333333337
DTX2P1,0.16666666666666666,0.5,0.33333333333333337
RPS15AP1,0.16666666666666666,0.5,0.33333333333333337
DTX2P1-UPK3BP1-PMS2P11,0.16666666666666666,0.5,0.33333333333333337
STING1,0.16666666666666666,0.5,0.33333333333333337
PER2,0.6666666666666666,1.0,0.33333333333333337
RPS15AP24,0.16666666666666666,0.5,0.33333333333333337
TULP2,0.16666666666666666,0.5,0.33333333333333337
BAZ1B,0.16666666666666666,0.5,0.33333333333333337
ENSG00000285338,0.16666666666666666,0.5,0.33333333333333337
CHMP3,0.16666666666666666,0.5,0.33333333333333337
RERGL,0.16666666666666666,0.5,0.33333333333333337
TWF2,0.16666666666666666,0.5,0.33333333333333337
LRSAM1,0.16666666666666666,0.5,0.33333333333333337
ZNF780A,0.16666666666666666,0.5,0.33333333333333337
TMPRSS11CP,0.16666666666666666,0.5,0.33333333333333337
ATXN7L1,0.16666666666666666,0.5,0.33333333333333337
ENSG00000288907,0.16666666666666666,0.5,0.33333333333333337
RNF32,0.16666666666666666,0.5,0.33333333333333337
LSP1,0.16666666666666666,0.5,0.33333333333333337
ADIRF-AS1,0.16666666666666666,0.5,0.33333333333333337
EPIC1,0.6666666666666666,1.0,0.33333333333333337
ADGRE5,0.6666666666666666,1.0,0.33333333333333337
DSP-AS1,0.16666666666666666,0.5,0.33333333333333337
SNORD3A,0.16666666666666666,0.5,0.33333333333333337
PEPD,0.16666666666666666,0.5,0.33333333333333337
ZNF8-ERVK3-1,0.16666666666666666,0.5,0.33333333333333337
EHBP1L1,0.16666666666666666,0.5,0.33333333333333337
LOH12CR2,0.16666666666666666,0.5,0.33333333333333337
MAGI1-IT1,0.6666666666666666,1.0,0.33333333333333337
ENSG00000260103,0.16666666666666666,0.5,0.33333333333333337
EPHB4,0.16666666666666666,0.5,0.33333333333333337
ENSG00000267136,0.16666666666666666,0.5,0.33333333333333337
EVA1C,0.16666666666666666,0.5,0.33333333333333337
U2AF2,0.16666666666666666,0.5,0.33333333333333337
ENSG00000266998,0.16666666666666666,0.5,0.33333333333333337
TMEM33,0.6666666666666666,1.0,0.33333333333333337
HNRNPC,0.16666666666666666,0.5,0.33333333333333337
HAUS7,0.16666666666666666,0.5,0.33333333333333337
ADD3,0.16666666666666666,0.5,0.33333333333333337
CFLAR-AS1,0.6666666666666666,1.0,0.33333333333333337
HNRNPA1,0.16666666666666666,0.5,0.33333333333333337
BCL9L,0.6666666666666666,1.0,0.33333333333333337
ZNF22,0.16666666666666666,0.5,0.33333333333333337
PTGS1,0.16666666666666666,0.5,0.33333333333333337
ATP8B3,0.16666666666666666,0.5,0.33333333333333337
WDR4,0.16666666666666666,0.5,0.33333333333333337
ITPA,0.16666666666666666,0.5,0.33333333333333337
CDCA4,0.16666666666666666,0.5,0.33333333333333337
FAM221A,0.16666666666666666,0.5,0.33333333333333337
GNAQ,0.6666666666666666,1.0,0.33333333333333337
IRF6,0.6666666666666666,1.0,0.33333333333333337
SLC25A48,0.16666666666666666,0.5,0.33333333333333337
PNPT1,0.16666666666666666,0.5,0.33333333333333337
SLC26A11,0.16666666666666666,0.5,0.33333333333333337
SPSB1,0.6666666666666666,1.0,0.33333333333333337
ARMC8,0.16666666666666666,0.5,0.33333333333333337
ZNF441,0.16666666666666666,0.5,0.33333333333333337
ENSG00000275367,0.16666666666666666,0.5,0.33333333333333337
CCDC126,0.16666666666666666,0.5,0.33333333333333337
TLR3,0.16666666666666666,0.5,0.33333333333333337
INPP5A,0.16666666666666666,0.5,0.33333333333333337
C1QTNF7,0.16666666666666666,0.5,0.33333333333333337
SIPA1,0.16666666666666666,0.5,0.33333333333333337
SCML4,0.16666666666666666,0.5,0.33333333333333337
APAF1,0.16666666666666666,0.5,0.33333333333333337
KLRB1,0.16666666666666666,0.5,0.33333333333333337
PMFBP1,0.16666666666666666,0.5,0.33333333333333337
C1QTNF1,0.16666666666666666,0.5,0.33333333333333337
PLXNC1,0.16666666666666666,0.5,0.33333333333333337
ZNF561,0.16666666666666666,0.5,0.33333333333333337
C19orf53,0.16666666666666666,0.5,0.33333333333333337
ZFP14,0.16666666666666666,0.5,0.33333333333333337
C18orf32,0.16666666666666666,0.5,0.33333333333333337
ENSG00000231702,0.6666666666666666,1.0,0.33333333333333337
NRSN2,0.16666666666666666,0.5,0.33333333333333337
PARP15,0.16666666666666666,0.5,0.33333333333333337
TMEM168,0.16666666666666666,0.5,0.33333333333333337
FOCAD,0.16666666666666666,0.5,0.33333333333333337
RMDN2,0.16666666666666666,0.5,0.33333333333333337
KIF3B,0.16666666666666666,0.5,0.33333333333333337
APOO,0.16666666666666666,0.5,0.33333333333333337
ZDHHC14,0.6666666666666666,1.0,0.33333333333333337
ARHGAP19,0.16666666666666666,0.5,0.33333333333333337
SLC24A1,0.6666666666666666,1.0,0.33333333333333337
TMEM120B,0.16666666666666666,0.5,0.33333333333333337
CALML3,0.16666666666666666,0.5,0.33333333333333337
ZNF483,0.16666666666666666,0.5,0.33333333333333337
POLR2L,0.16666666666666666,0.5,0.33333333333333337
SPIB,0.16666666666666666,0.5,0.33333333333333337
RPL19,0.16666666666666666,0.5,0.33333333333333337
KATNIP,0.16666666666666666,0.5,0.33333333333333337
CAP2,0.16666666666666666,0.5,0.33333333333333337
ITGA7,0.16666666666666666,0.5,0.33333333333333337
ENSG00000273151,0.6666666666666666,1.0,0.33333333333333337
TMED7-TICAM2,0.16666666666666666,0.5,0.33333333333333337
GAPDHP63,0.6666666666666666,1.0,0.33333333333333337
OGFR,0.16666666666666666,0.5,0.33333333333333337
FYTTD1,0.16666666666666666,0.5,0.33333333333333337
CARMIL1,0.16666666666666666,0.5,0.33333333333333337
KDSR,0.6666666666666666,1.0,0.33333333333333337
TMEM131L,0.16666666666666666,0.5,0.33333333333333337
C6orf120,0.16666666666666666,0.5,0.33333333333333337
CASQ2,0.16666666666666666,0.5,0.33333333333333337
ENSG00000250509,0.16666666666666666,0.5,0.33333333333333337
GHR,0.16666666666666666,0.5,0.33333333333333337
KIAA0753,0.16666666666666666,0.5,0.33333333333333337
ZNF516-AS1,0.16666666666666666,0.5,0.33333333333333337
TMBIM6,0.6666666666666666,1.0,0.33333333333333337
C5AR1,0.16666666666666666,0.5,0.33333333333333337
AQP3,0.16666666666666666,0.5,0.33333333333333337
PABPC1L,0.16666666666666666,0.5,0.33333333333333337
ENSG00000277763,0.16666666666666666,0.5,0.33333333333333337
ENSG00000254605,0.16666666666666666,0.5,0.33333333333333337
CEACAM16-AS1,0.16666666666666666,0.5,0.33333333333333337
ENSG00000254692,0.16666666666666666,0.5,0.33333333333333337
PCDH19,0.16666666666666666,0.5,0.33333333333333337
ANKRD10,0.16666666666666666,0.5,0.33333333333333337
XNDC1N,0.16666666666666666,0.5,0.33333333333333337
LINC00865,0.16666666666666666,0.5,0.33333333333333337
GPATCH2,0.6666666666666666,1.0,0.33333333333333337
SLC41A1,0.16666666666666666,0.5,0.33333333333333337
PLAU,0.16666666666666666,0.5,0.33333333333333337
TNNC2,0.16666666666666666,0.5,0.33333333333333337
ENSG00000257511,0.16666666666666666,0.5,0.33333333333333337
ANAPC4,0.16666666666666666,0.5,0.33333333333333337
ENSG00000217130,0.16666666666666666,0.5,0.33333333333333337
ZHX1,0.16666666666666666,0.5,0.33333333333333337
RHOA,0.6666666666666666,1.0,0.33333333333333337
ENSG00000214942,0.16666666666666666,0.5,0.33333333333333337
IVNS1ABP,0.16666666666666666,0.5,0.33333333333333337
ATG14,0.16666666666666666,0.5,0.33333333333333337
THAP9-AS1,0.6666666666666666,1.0,0.33333333333333337
CDH18,0.16666666666666666,0.5,0.33333333333333337
IFIT2,0.16666666666666666,0.5,0.33333333333333337
SERTAD3,0.16666666666666666,0.5,0.33333333333333337
SERTAD1,0.16666666666666666,0.5,0.33333333333333337
THAP4,0.16666666666666666,0.5,0.33333333333333337
CDK11A,0.16666666666666666,0.5,0.33333333333333337
ENSG00000279926,0.16666666666666666,0.5,0.33333333333333337
ENSG00000258790,0.16666666666666666,0.5,0.33333333333333337
LINC01914,0.16666666666666666,0.5,0.33333333333333337
PITPNB,0.16666666666666666,0.5,0.33333333333333337
ZNF326,0.6666666666666666,1.0,0.33333333333333337
FAM230B,0.6666666666666666,1.0,0.33333333333333337
NMT2,0.6666666666666666,1.0,0.33333333333333337
ANKRD11,0.16666666666666666,0.5,0.33333333333333337
THTPA,0.16666666666666666,0.5,0.33333333333333337
FGFR3,0.16666666666666666,0.5,0.33333333333333337
NQO1,0.16666666666666666,0.5,0.33333333333333337
ENSG00000270504,0.16666666666666666,0.5,0.33333333333333337
CCNH,0.16666666666666666,0.5,0.33333333333333337
ENSG00000278275,0.16666666666666666,0.5,0.33333333333333337
CCNYL1,0.16666666666666666,0.5,0.33333333333333337
ART3,0.16666666666666666,0.5,0.33333333333333337
GNG7,0.16666666666666666,0.5,0.33333333333333337
FKBP5,0.6666666666666666,1.0,0.33333333333333337
LDLRAD3,0.16666666666666666,0.5,0.33333333333333337
RIPK2,0.16666666666666666,0.5,0.33333333333333337
ENSG00000278985,0.16666666666666666,0.5,0.33333333333333337
PRDM16,0.16666666666666666,0.5,0.33333333333333337
RIOK2,0.16666666666666666,0.5,0.33333333333333337
SH3BP1,0.16666666666666666,0.5,0.33333333333333337
LINC00539,0.16666666666666666,0.5,0.33333333333333337
ZFR,0.16666666666666666,0.5,0.33333333333333337
CD200R1,0.16666666666666666,0.5,0.33333333333333337
XYLB,0.16666666666666666,0.5,0.33333333333333337
GOLGA7B,0.16666666666666666,0.5,0.33333333333333337
SH2D1B,0.16666666666666666,0.5,0.33333333333333337
ENSG00000279176,0.16666666666666666,0.5,0.33333333333333337
BTRC,0.6666666666666666,1.0,0.33333333333333337
SLC38A1,0.6666666666666666,1.0,0.33333333333333337
FEZ2,0.6666666666666666,1.0,0.33333333333333337
LIN54,0.16666666666666666,0.5,0.33333333333333337
PRICKLE3,0.16666666666666666,0.5,0.33333333333333337
XPOT,0.16666666666666666,0.5,0.33333333333333337
BTG2-DT,0.16666666666666666,0.5,0.33333333333333337
SQSTM1,0.16666666666666666,0.5,0.33333333333333337
TXNDC5,0.16666666666666666,0.5,0.33333333333333337
DMAC2,0.6666666666666666,1.0,0.33333333333333337
ENSG00000291015,0.16666666666666666,0.5,0.33333333333333337
CSF2RB,0.6666666666666666,1.0,0.33333333333333337
DACT1,0.16666666666666666,0.5,0.33333333333333337
ACSF2,0.16666666666666666,0.5,0.33333333333333337
DNAAF4-CCPG1,0.16666666666666666,0.5,0.33333333333333337
AATK,0.16666666666666666,0.5,0.33333333333333337
CSRNP1,0.16666666666666666,0.5,0.33333333333333337
MT-CO3,0.6666666666666666,1.0,0.33333333333333337
DAB2IP,0.16666666666666666,0.5,0.33333333333333337
MTFR1L,0.6666666666666666,1.0,0.33333333333333337
MINK1,0.6666666666666666,1.0,0.33333333333333337
MGLL,0.6666666666666666,1.0,0.33333333333333337
MEX3D,0.16666666666666666,0.5,0.33333333333333337
RPS6KC1,0.16666666666666666,0.5,0.33333333333333337
MEGF9,0.16666666666666666,0.5,0.33333333333333337
UBXN6,0.16666666666666666,0.5,0.33333333333333337
SCIRT,0.16666666666666666,0.5,0.33333333333333337
RRAGC,0.16666666666666666,0.5,0.33333333333333337
ZNRF2P1,0.16666666666666666,0.5,0.33333333333333337
CUTALP,0.16666666666666666,0.5,0.33333333333333337
RBM12,0.16666666666666666,0.5,0.33333333333333337
MSH2,0.16666666666666666,0.5,0.33333333333333337
ENSG00000286918,0.16666666666666666,0.5,0.33333333333333337
DACH1,0.16666666666666666,0.5,0.33333333333333337
MVP-DT,0.16666666666666666,0.5,0.33333333333333337
MT-RNR2,0.6666666666666666,1.0,0.33333333333333337
ENSG00000288852,0.16666666666666666,0.5,0.33333333333333337
RSPRY1,0.6666666666666666,1.0,0.33333333333333337
CPNE1,0.16666666666666666,0.5,0.33333333333333337
MFSD11,0.16666666666666666,0.5,0.33333333333333337
CTSS,0.6666666666666666,1.0,0.33333333333333337
ENSG00000286688,0.16666666666666666,0.5,0.33333333333333337
MBD6,0.16666666666666666,0.5,0.33333333333333337
SAP30BP,0.16666666666666666,0.5,0.33333333333333337
MMACHC,0.6666666666666666,1.0,0.33333333333333337
MORC2,0.16666666666666666,0.5,0.33333333333333337
RAP2B,0.16666666666666666,0.5,0.33333333333333337
CNNM3,0.16666666666666666,0.5,0.33333333333333337
UBE2M,0.16666666666666666,0.5,0.33333333333333337
MTA2,0.16666666666666666,0.5,0.33333333333333337
RAB18,0.6666666666666666,1.0,0.33333333333333337
DDX21,0.6666666666666666,1.0,0.33333333333333337
RCC1,0.16666666666666666,0.5,0.33333333333333337
CMIP,1.1666666666666667,1.5,0.33333333333333326
ZNF451-AS1,1.1666666666666667,1.5,0.33333333333333326
SNX29,1.6666666666666667,2.0,0.33333333333333326
IFNAR2,1.1666666666666667,1.5,0.33333333333333326
PANK3,1.1666666666666667,1.5,0.33333333333333326
LAMA5,1.1666666666666667,1.5,0.33333333333333326
GOLGA8A,1.1666666666666667,1.5,0.33333333333333326
METTL16,1.1666666666666667,1.5,0.33333333333333326
ALDH6A1,1.1666666666666667,1.5,0.33333333333333326
DNAJB1,1.1666666666666667,1.5,0.33333333333333326
LTBP1,1.1666666666666667,1.5,0.33333333333333326
DNAJB11,1.1666666666666667,1.5,0.33333333333333326
GBF1,1.1666666666666667,1.5,0.33333333333333326
RANBP2,1.1666666666666667,1.5,0.33333333333333326
CAMK2D,1.1666666666666667,1.5,0.33333333333333326
HS1BP3,1.3333333333333333,1.625,0.29166666666666674
MAPRE2,1.3333333333333333,1.625,0.29166666666666674
EGFR,1.3333333333333333,1.625,0.29166666666666674
TRA2B,1.3333333333333333,1.625,0.29166666666666674
STX7,1.8333333333333333,2.125,0.29166666666666674
UBE3A,1.3333333333333333,1.625,0.29166666666666674
HSPA8,1.3333333333333333,1.625,0.29166666666666674
DAAM2,0.3333333333333333,0.625,0.2916666666666667
RPAP3,0.3333333333333333,0.625,0.2916666666666667
NES,0.3333333333333333,0.625,0.2916666666666667
ABCA7,0.3333333333333333,0.625,0.2916666666666667
ENSG00000285547,0.3333333333333333,0.625,0.2916666666666667
TNIP2,0.3333333333333333,0.625,0.2916666666666667
ENSG00000268173,0.3333333333333333,0.625,0.2916666666666667
LACC1,0.3333333333333333,0.625,0.2916666666666667
PDS5B,0.3333333333333333,0.625,0.2916666666666667
NEPRO,0.3333333333333333,0.625,0.2916666666666667
TNFAIP6,0.3333333333333333,0.625,0.2916666666666667
ARHGAP10,0.3333333333333333,0.625,0.2916666666666667
SEMA3E,0.3333333333333333,0.625,0.2916666666666667
GULP1,0.3333333333333333,0.625,0.2916666666666667
ENSG00000272884,0.3333333333333333,0.625,0.2916666666666667
TJP1,0.3333333333333333,0.625,0.2916666666666667
COL16A1,0.3333333333333333,0.625,0.2916666666666667
MRPL51,0.3333333333333333,0.625,0.2916666666666667
SEMA3A,0.3333333333333333,0.625,0.2916666666666667
EPM2AIP1,0.3333333333333333,0.625,0.2916666666666667
MINDY2,0.3333333333333333,0.625,0.2916666666666667
ENSG00000285725,0.3333333333333333,0.625,0.2916666666666667
ENSG00000279530,0.3333333333333333,0.625,0.2916666666666667
IFIT3,0.3333333333333333,0.625,0.2916666666666667
JAM2,0.3333333333333333,0.625,0.2916666666666667
RPS18P9,0.3333333333333333,0.625,0.2916666666666667
NANP,0.3333333333333333,0.625,0.2916666666666667
NDUFS8,0.3333333333333333,0.625,0.2916666666666667
PTDSS1,0.3333333333333333,0.625,0.2916666666666667
IRAK1BP1,0.3333333333333333,0.625,0.2916666666666667
IER5,0.3333333333333333,0.625,0.2916666666666667
GINS4,0.3333333333333333,0.625,0.2916666666666667
DCAF4,0.3333333333333333,0.625,0.2916666666666667
PIWIL4,0.3333333333333333,0.625,0.2916666666666667
SCEL,0.3333333333333333,0.625,0.2916666666666667
IRF2,0.3333333333333333,0.625,0.2916666666666667
ARHGEF37,0.3333333333333333,0.625,0.2916666666666667
DCAF13,0.3333333333333333,0.625,0.2916666666666667
ABCA2,0.3333333333333333,0.625,0.2916666666666667
RBM17,0.3333333333333333,0.625,0.2916666666666667
ENSG00000272508,0.3333333333333333,0.625,0.2916666666666667
ELOBP2,0.3333333333333333,0.625,0.2916666666666667
HPR,0.3333333333333333,0.625,0.2916666666666667
COA8,0.3333333333333333,0.625,0.2916666666666667
DIPK2B,0.3333333333333333,0.625,0.2916666666666667
PCDH9,0.3333333333333333,0.625,0.2916666666666667
SDR39U1,0.3333333333333333,0.625,0.2916666666666667
ZBTB21,0.3333333333333333,0.625,0.2916666666666667
CEP120,0.3333333333333333,0.625,0.2916666666666667
PLAGL1,0.3333333333333333,0.625,0.2916666666666667
GFPT1,0.3333333333333333,0.625,0.2916666666666667
GPBP1,0.3333333333333333,0.625,0.2916666666666667
TBC1D22B,0.3333333333333333,0.625,0.2916666666666667
ENSG00000259605,0.3333333333333333,0.625,0.2916666666666667
DHRS4L2,0.3333333333333333,0.625,0.2916666666666667
GSAP,0.3333333333333333,0.625,0.2916666666666667
TRIP10,0.3333333333333333,0.625,0.2916666666666667
CHASERR,0.3333333333333333,0.625,0.2916666666666667
CARD10,0.3333333333333333,0.625,0.2916666666666667
ENSG00000290683,0.3333333333333333,0.625,0.2916666666666667
NPIPB2,0.3333333333333333,0.625,0.2916666666666667
CD53,0.3333333333333333,0.625,0.2916666666666667
DENND2C,0.3333333333333333,0.625,0.2916666666666667
VAMP8,0.3333333333333333,0.625,0.2916666666666667
ENSG00000285412,0.3333333333333333,0.625,0.2916666666666667
OTUB1,0.3333333333333333,0.625,0.2916666666666667
EBF1,0.3333333333333333,0.625,0.2916666666666667
EGLN3,0.3333333333333333,0.625,0.2916666666666667
ATP6V0A1,0.3333333333333333,0.625,0.2916666666666667
ATP1A1,0.3333333333333333,0.625,0.2916666666666667
MPZL3,0.3333333333333333,0.625,0.2916666666666667
DEGS1,0.3333333333333333,0.625,0.2916666666666667
ATP6AP1L,0.3333333333333333,0.625,0.2916666666666667
TCF15,0.3333333333333333,0.625,0.2916666666666667
TMEM216,0.3333333333333333,0.625,0.2916666666666667
PITPNM1,0.3333333333333333,0.625,0.2916666666666667
FLRT2-AS1,0.3333333333333333,0.625,0.2916666666666667
MDH2,0.3333333333333333,0.625,0.2916666666666667
SDK2,0.3333333333333333,0.625,0.2916666666666667
DHDH,0.3333333333333333,0.625,0.2916666666666667
LUC7L2,0.3333333333333333,0.625,0.2916666666666667
ENSG00000279700,0.3333333333333333,0.625,0.2916666666666667
NTN4,0.3333333333333333,0.625,0.2916666666666667
MAP3K1,0.3333333333333333,0.625,0.2916666666666667
APOBEC3G,0.3333333333333333,0.625,0.2916666666666667
USP7,0.3333333333333333,0.625,0.2916666666666667
SYNC,0.3333333333333333,0.625,0.2916666666666667
UBA1,0.3333333333333333,0.625,0.2916666666666667
HAUS5,0.3333333333333333,0.625,0.2916666666666667
AVPR2,0.3333333333333333,0.625,0.2916666666666667
ENSG00000286018,0.3333333333333333,0.625,0.2916666666666667
HAT1,0.3333333333333333,0.625,0.2916666666666667
DCTD,0.3333333333333333,0.625,0.2916666666666667
MAML1,0.3333333333333333,0.625,0.2916666666666667
RNF4,0.3333333333333333,0.625,0.2916666666666667
SESN3,0.3333333333333333,0.625,0.2916666666666667
GNB1,0.3333333333333333,0.625,0.2916666666666667
KLRK1,0.3333333333333333,0.625,0.2916666666666667
RECQL,0.3333333333333333,0.625,0.2916666666666667
PI4K2A,0.3333333333333333,0.625,0.2916666666666667
ZBTB2,0.3333333333333333,0.625,0.2916666666666667
CDC5L,0.3333333333333333,0.625,0.2916666666666667
RPTOR,0.3333333333333333,0.625,0.2916666666666667
DRAM2,0.3333333333333333,0.625,0.2916666666666667
RASA2,0.3333333333333333,0.625,0.2916666666666667
ENSG00000287916,0.3333333333333333,0.625,0.2916666666666667
FAM66C,0.3333333333333333,0.625,0.2916666666666667
QRICH2,0.3333333333333333,0.625,0.2916666666666667
TCOF1,0.3333333333333333,0.625,0.2916666666666667
TMEM71,0.3333333333333333,0.625,0.2916666666666667
MGP,0.3333333333333333,0.625,0.2916666666666667
APH1A,0.3333333333333333,0.625,0.2916666666666667
RAB11AP1,0.3333333333333333,0.625,0.2916666666666667
CTC1,0.3333333333333333,0.625,0.2916666666666667
MAPK10,0.3333333333333333,0.625,0.2916666666666667
ENSG00000262049,0.3333333333333333,0.625,0.2916666666666667
INO80C,0.3333333333333333,0.625,0.2916666666666667
MYH14,0.3333333333333333,0.625,0.2916666666666667
RARA,0.3333333333333333,0.625,0.2916666666666667
RALGAPA1,0.3333333333333333,0.625,0.2916666666666667
KLHL36,0.3333333333333333,0.625,0.2916666666666667
HERPUD2,0.3333333333333333,0.625,0.2916666666666667
HERPUD2-AS1,0.3333333333333333,0.625,0.2916666666666667
ZNF665,0.3333333333333333,0.625,0.2916666666666667
ENSG00000262880,0.3333333333333333,0.625,0.2916666666666667
MAP3K8,0.3333333333333333,0.625,0.2916666666666667
NIP7,0.3333333333333333,0.625,0.2916666666666667
ZBED3,0.3333333333333333,0.625,0.2916666666666667
PHKG2,0.3333333333333333,0.625,0.2916666666666667
AQP1,0.3333333333333333,0.625,0.2916666666666667
DDX60,0.3333333333333333,0.625,0.2916666666666667
RYK,0.3333333333333333,0.625,0.2916666666666667
NKIRAS1,0.3333333333333333,0.625,0.2916666666666667
BCL6,0.3333333333333333,0.625,0.2916666666666667
ENSG00000217239,0.3333333333333333,0.625,0.2916666666666667
ENSG00000251537,0.3333333333333333,0.625,0.2916666666666667
NAA38,0.3333333333333333,0.625,0.2916666666666667
PSEN2,0.3333333333333333,0.625,0.2916666666666667
ENSG00000217644,0.3333333333333333,0.625,0.2916666666666667
FAM234A,0.3333333333333333,0.625,0.2916666666666667
ENSG00000280205,0.3333333333333333,0.625,0.2916666666666667
ADGRG3,0.3333333333333333,0.625,0.2916666666666667
SMC5,0.3333333333333333,0.625,0.2916666666666667
BCAS4,0.3333333333333333,0.625,0.2916666666666667
PLB1,0.8333333333333334,1.125,0.29166666666666663
DCAF10,0.8333333333333334,1.125,0.29166666666666663
SLC39A14,0.8333333333333334,1.125,0.29166666666666663
CHFR,0.8333333333333334,1.125,0.29166666666666663
HERC2P3,0.8333333333333334,1.125,0.29166666666666663
ENSG00000291055,0.8333333333333334,1.125,0.29166666666666663
YY1,0.8333333333333334,1.125,0.29166666666666663
OPN3,0.8333333333333334,1.125,0.29166666666666663
RPS15AP11,0.8333333333333334,1.125,0.29166666666666663
UBE2G1,0.8333333333333334,1.125,0.29166666666666663
ANO6,0.8333333333333334,1.125,0.29166666666666663
TM4SF18,0.8333333333333334,1.125,0.29166666666666663
TMEM260,0.8333333333333334,1.125,0.29166666666666663
PLAT,0.8333333333333334,1.125,0.29166666666666663
BNC2,0.8333333333333334,1.125,0.29166666666666663
RN7SL204P,0.8333333333333334,1.125,0.29166666666666663
TLE3,0.8333333333333334,1.125,0.29166666666666663
PSME2P2,0.8333333333333334,1.125,0.29166666666666663
CDK10,0.8333333333333334,1.125,0.29166666666666663
MAPKAPK5,0.8333333333333334,1.125,0.29166666666666663
KLHL28,0.8333333333333334,1.125,0.29166666666666663
ENSG00000270571,0.8333333333333334,1.125,0.29166666666666663
DNAJC11,0.8333333333333334,1.125,0.29166666666666663
ENSG00000285920,0.8333333333333334,1.125,0.29166666666666663
PDIA4,0.8333333333333334,1.125,0.29166666666666663
ANKRD42,0.8333333333333334,1.125,0.29166666666666663
THBD,0.8333333333333334,1.125,0.29166666666666663
CYP1B1,0.8333333333333334,1.125,0.29166666666666663
HDLBP,2.3333333333333335,2.625,0.2916666666666665
ITPR1,2.3333333333333335,2.625,0.2916666666666665
ENSG00000253837,0.0,0.25,0.25
ENSG00000287707,0.0,0.25,0.25
ENSG00000248881,0.0,0.25,0.25
PABPC1P1,0.5,0.75,0.25
C2CD5,0.0,0.25,0.25
GLCCI1,0.0,0.25,0.25
CABCOCO1,0.0,0.25,0.25
ENSG00000287695,0.0,0.25,0.25
ENSG00000272617,0.0,0.25,0.25
CPT1C,0.0,0.25,0.25
GEM,0.0,0.25,0.25
TP53TG1,0.0,0.25,0.25
C1QTNF7-AS1,0.0,0.25,0.25
ZCCHC10,0.0,0.25,0.25
CREB3L4,0.0,0.25,0.25
SPATA42,0.0,0.25,0.25
GDF9,0.0,0.25,0.25
MRPL49,0.0,0.25,0.25
GIMAP3P,0.0,0.25,0.25
ENSG00000248734,0.0,0.25,0.25
PNPLA1,0.0,0.25,0.25
TPSD1,0.0,0.25,0.25
CA2,0.0,0.25,0.25
ENSG00000287856,0.0,0.25,0.25
RPL13P,0.0,0.25,0.25
ZCCHC17,0.0,0.25,0.25
ITPKB-AS1,0.0,0.25,0.25
RRP1B,0.0,0.25,0.25
ENSG00000287828,0.0,0.25,0.25
ABHD10,0.0,0.25,0.25
C1QTNF5,0.0,0.25,0.25
ENSG00000272583,0.0,0.25,0.25
ENSG00000272162,0.0,0.25,0.25
C2orf76,0.0,0.25,0.25
ENSG00000251399,0.0,0.25,0.25
POLE3,0.0,0.25,0.25
ZDHHC18,0.0,0.25,0.25
OSR1,0.0,0.25,0.25
PABPN1P2,0.0,0.25,0.25
CABP4,0.0,0.25,0.25
ENSG00000253961,0.0,0.25,0.25
IQCJ-SCHIP1,0.0,0.25,0.25
ENSG00000251194,0.0,0.25,0.25
ENSG00000251187,0.0,0.25,0.25
ENSG00000287853,0.0,0.25,0.25
MIR181A2HG,0.0,0.25,0.25
ARHGEF7-AS2,0.0,0.25,0.25
C1orf116,0.0,0.25,0.25
ENSG00000250615,0.0,0.25,0.25
SLC25A38,0.0,0.25,0.25
RPL12P47,0.0,0.25,0.25
ENSG00000289410,0.0,0.25,0.25
INTS6-AS1,0.0,0.25,0.25
PNLIPRP3,0.0,0.25,0.25
RXYLT1,0.0,0.25,0.25
RPL12P33,0.0,0.25,0.25
ITGB7,0.0,0.25,0.25
TP53I3,0.0,0.25,0.25
ZDHHC4,0.0,0.25,0.25
SOX15,0.0,0.25,0.25
ENSG00000272009,0.0,0.25,0.25
ZNF470,0.0,0.25,0.25
POLDIP2,0.0,0.25,0.25
INTS6L,0.0,0.25,0.25
ISL1,0.0,0.25,0.25
ISG20L2,0.5,0.75,0.25
C1orf53,0.0,0.25,0.25
SLC27A6,0.0,0.25,0.25
ENSG00000272379,0.0,0.25,0.25
ENSG00000250350,0.0,0.25,0.25
PAN2,0.0,0.25,0.25
P3R3URF-PIK3R3,0.0,0.25,0.25
UTP23,0.5,0.75,0.25
ULK1,0.0,0.25,0.25
SLC25A40,0.0,0.25,0.25
TPM3,2.0,2.25,0.25
PAMR1,0.0,0.25,0.25
ENSG00000287807,0.0,0.25,0.25
ENSG00000271959,0.0,0.25,0.25
ENSG00000250519,0.0,0.25,0.25
MRPL58,0.0,0.25,0.25
SPATA20,0.0,0.25,0.25
TAFA2,0.0,0.25,0.25
ARMH3,0.0,0.25,0.25
ABHD13,0.0,0.25,0.25
CREB3,0.0,0.25,0.25
TP53RK,0.0,0.25,0.25
GDF11,0.0,0.25,0.25
GLYCTK,0.0,0.25,0.25
ENSG00000272501,0.0,0.25,0.25
MRPL42P1,0.0,0.25,0.25
OVGP1,0.0,0.25,0.25
OVOL1,0.0,0.25,0.25
ENSG00000287740,0.0,0.25,0.25
ENSG00000287765,0.0,0.25,0.25
TAGAP,0.0,0.25,0.25
ZEB2-AS1,0.0,0.25,0.25
C8orf82,0.0,0.25,0.25
ENSG00000289395,0.0,0.25,0.25
SLC25A25-AS1,0.5,0.75,0.25
MIR210HG,0.0,0.25,0.25
C1orf174,0.0,0.25,0.25
OXSR1,0.0,0.25,0.25
ENSG00000272478,0.0,0.25,0.25
MIR1304,0.0,0.25,0.25
INTS15,0.0,0.25,0.25
P2RX1,0.5,0.75,0.25
ARMCX3,0.0,0.25,0.25
ENSG00000249930,1.0,1.25,0.25
ULK4,0.0,0.25,0.25
ZNF442,0.0,0.25,0.25
ENSG00000253509,0.0,0.25,0.25
C6orf141,0.0,0.25,0.25
ENSG00000250027,0.0,0.25,0.25
RN7SL653P,0.0,0.25,0.25
SPIN2B,0.0,0.25,0.25
IZUMO1,0.5,0.75,0.25
KIAA0232,0.0,0.25,0.25
UGT1A8,0.0,0.25,0.25
UGT1A7,0.0,0.25,0.25
ENSG00000237280,0.0,0.25,0.25
CATSPERB,0.0,0.25,0.25
KIAA1549L,0.0,0.25,0.25
SLC10A1,0.0,0.25,0.25
ENSG00000274029,0.0,0.25,0.25
KIAA1671-AS1,0.0,0.25,0.25
CAV1,0.5,0.75,0.25
MICB-DT,0.0,0.25,0.25
TRBC2,0.0,0.25,0.25
ENSG00000236924,0.0,0.25,0.25
CAVIN2-AS1,0.0,0.25,0.25
DCDC2C,0.0,0.25,0.25
SLAMF6,0.0,0.25,0.25
G3BP2,1.0,1.25,0.25
ENSG00000236723,0.0,0.25,0.25
PPIB,0.0,0.25,0.25
RANBP9,0.0,0.25,0.25
SLAMF1,0.0,0.25,0.25
UGT1A6,0.0,0.25,0.25
RANGAP1,0.0,0.25,0.25
TRAT1,0.0,0.25,0.25
ODAD1,0.0,0.25,0.25
ENSG00000237614,0.0,0.25,0.25
KDM5D,0.5,0.75,0.25
ARG1,0.0,0.25,0.25
ENSG00000239344,0.0,0.25,0.25
SLC12A7,0.0,0.25,0.25
KDM8,0.0,0.25,0.25
GAL3ST4,0.0,0.25,0.25
KDR,0.5,0.75,0.25
MRPS6,0.0,0.25,0.25
ENSG00000273637,0.0,0.25,0.25
KHDRBS1,0.0,0.25,0.25
GADL1,0.0,0.25,0.25
RRAGA,0.0,0.25,0.25
TMCC1,0.0,0.25,0.25
UGT1A9,0.0,0.25,0.25
ARFGEF2,0.5,0.75,0.25
TRAPPC6B,0.5,0.75,0.25
ENSG00000237852,0.0,0.25,0.25
ENSG00000237813,0.0,0.25,0.25
CASR,0.5,0.75,0.25
RRAD,0.0,0.25,0.25
PPFIBP1,1.0,1.25,0.25
KIF21A,0.0,0.25,0.25
ENSG00000236525,0.0,0.25,0.25
ENSG00000287555,0.0,0.25,0.25
TRBV23-1,0.0,0.25,0.25
TRGC1,0.0,0.25,0.25
S1PR1-DT,0.0,0.25,0.25
FTL,0.0,0.25,0.25
NUDT8,0.0,0.25,0.25
PPP1R12C,0.0,0.25,0.25
ENSG00000235021,0.0,0.25,0.25
MIA-RAB4B,0.0,0.25,0.25
CCDC117,0.0,0.25,0.25
ENSG00000275381,0.0,0.25,0.25
ENSG00000275516,0.0,0.25,0.25
RALGPS1,0.0,0.25,0.25
KLF6,0.0,0.25,0.25
SIRT2,0.0,0.25,0.25
ZNF540,0.0,0.25,0.25
TRGV7,0.0,0.25,0.25
TRGV9,0.0,0.25,0.25
TRHDE,0.0,0.25,0.25
ENSG00000275630,0.0,0.25,0.25
ENSG00000275638,0.0,0.25,0.25
SPTY2D1,0.5,0.75,0.25
PPP1R14B-AS1,0.0,0.25,0.25
UGT1A10,0.0,0.25,0.25
COX7C,0.0,0.25,0.25
DCTN1-AS1,0.0,0.25,0.25
APOL3,0.5,0.75,0.25
UGT1A5,0.0,0.25,0.25
RPL23AP42,0.0,0.25,0.25
UGT1A4,0.0,0.25,0.25
SKIDA1,0.0,0.25,0.25
ENSG00000236194,0.0,0.25,0.25
UGT1A3,0.0,0.25,0.25
CPA3,0.0,0.25,0.25
CP,0.0,0.25,0.25
ENSG00000236031,0.0,0.25,0.25
KIF5C,0.0,0.25,0.25
ENSG00000235445,0.0,0.25,0.25
FXYD2,0.0,0.25,0.25
RPL23AP57,0.0,0.25,0.25
ENSG00000235852,0.0,0.25,0.25
KIR2DL4,0.0,0.25,0.25
KIR3DL2,0.0,0.25,0.25
TREHP1,0.0,0.25,0.25
KISS1,0.0,0.25,0.25
KISS1R,0.0,0.25,0.25
COX7CP1,0.0,0.25,0.25
ENSG00000273445,0.0,0.25,0.25
ENSG00000273416,0.0,0.25,0.25
CACNG8,0.0,0.25,0.25
CALN1,0.0,0.25,0.25
ENSG00000289471,0.0,0.25,0.25
ENSG00000244255,0.0,0.25,0.25
ENSG00000287616,0.0,0.25,0.25
ENSG00000244151,0.0,0.25,0.25
RPL18P11,0.0,0.25,0.25
ARHGAP5-AS1,0.0,0.25,0.25
KAT2B,0.5,0.75,0.25
GASAL1,0.0,0.25,0.25
MRPS24,0.0,0.25,0.25
RRAS,0.0,0.25,0.25
CAMKMT,0.0,0.25,0.25
OR52T1P,0.0,0.25,0.25
ZNF485,0.0,0.25,0.25
MIEN1,0.0,0.25,0.25
TRAF2,0.0,0.25,0.25
ENSG00000289476,0.0,0.25,0.25
KAZALD1,0.0,0.25,0.25
ENSG00000243273,0.0,0.25,0.25
OR2A5,0.0,0.25,0.25
C1QTNF3-AMACR,0.0,0.25,0.25
GARRE1,0.0,0.25,0.25
ENSG00000244468,0.0,0.25,0.25
GATD1,1.0,1.25,0.25
KDM4A,0.0,0.25,0.25
ENSG00000272908,0.0,0.25,0.25
ENSG00000248240,0.0,0.25,0.25
ENSG00000248196,0.0,0.25,0.25
ENSG00000289444,0.0,0.25,0.25
RN7SL452P,0.0,0.25,0.25
SPDL1,0.0,0.25,0.25
OSCAR,0.0,0.25,0.25
CPSF6,0.0,0.25,0.25
OSBPL2,0.5,0.75,0.25
GCSAML,0.0,0.25,0.25
ENSG00000272760,0.0,0.25,0.25
CALB2,0.0,0.25,0.25
POLH-AS1,0.0,0.25,0.25
JMJD8,0.0,0.25,0.25
SLC22A3,0.0,0.25,0.25
JPH2,0.0,0.25,0.25
RN7SL441P,0.0,0.25,0.25
DARS1-AS1,0.0,0.25,0.25
ENSG00000245059,0.5,0.75,0.25
JSRP1,0.0,0.25,0.25
JTB,0.0,0.25,0.25
SLC22A10,0.0,0.25,0.25
MRPS31,0.0,0.25,0.25
DBR1,0.0,0.25,0.25
ZC3H12A,0.0,0.25,0.25
OPRM1,0.0,0.25,0.25
SLC16A14,0.0,0.25,0.25
ENSG00000273348,0.0,0.25,0.25
ENSG00000241003,0.0,0.25,0.25
ENSG00000289485,0.0,0.25,0.25
SLC16A11,0.0,0.25,0.25
ENSG00000273355,0.5,0.75,0.25
ENSG00000240801,0.0,0.25,0.25
OGFR-AS1,0.0,0.25,0.25
KCTD21,0.0,0.25,0.25
ENSG00000240729,0.0,0.25,0.25
KCTD3,0.0,0.25,0.25
RPL21P7,0.0,0.25,0.25
POU3F1,0.0,0.25,0.25
RAP1BP3,0.0,0.25,0.25
DCAF16,2.0,2.25,0.25
TRAPPC2B,0.0,0.25,0.25
ZBTB43,0.0,0.25,0.25
OFD1,0.0,0.25,0.25
TRAPPC2L,0.0,0.25,0.25
GAMT,0.0,0.25,0.25
CASC3,0.0,0.25,0.25
ARHGAP20,0.0,0.25,0.25
ENSG00000273333,0.0,0.25,0.25
OLFM2,0.0,0.25,0.25
GAPT,0.0,0.25,0.25
UTP4,0.0,0.25,0.25
ENSG00000273155,0.0,0.25,0.25
ENSG00000273160,0.0,0.25,0.25
MRPS31P5,0.0,0.25,0.25
ENSG00000273188,0.0,0.25,0.25
RN7SL200P,0.0,0.25,0.25
ENSG00000273199,0.0,0.25,0.25
KCNJ10,0.0,0.25,0.25
SLC18A2,0.0,0.25,0.25
RPL21P120,0.5,0.75,0.25
POU2F1-DT,0.0,0.25,0.25
SPINK2,0.0,0.25,0.25
OMG,0.0,0.25,0.25
TRAM1,0.0,0.25,0.25
CAPNS1,0.0,0.25,0.25
POP5,0.0,0.25,0.25
ARHGAP27,0.0,0.25,0.25
ENSG00000273271,0.0,0.25,0.25
ENSG00000241666,0.0,0.25,0.25
ARHGAP23,0.0,0.25,0.25
ARPC5,1.0,1.25,0.25
CLVS1,0.0,0.25,0.25
PM20D2,0.0,0.25,0.25
BICD1-AS1,0.0,0.25,0.25
HNRNPKP4,0.0,0.25,0.25
SNORA17A,0.0,0.25,0.25
ZNF165,0.0,0.25,0.25
HNRNPRP1,0.0,0.25,0.25
ENSG00000267038,0.0,0.25,0.25
RNU6-509P,0.0,0.25,0.25
ENSG00000288766,0.0,0.25,0.25
HORMAD2-AS1,0.0,0.25,0.25
SLURP2,0.0,0.25,0.25
ENSG00000267105,0.0,0.25,0.25
ENSG00000260249,0.0,0.25,0.25
GTF2F1,0.0,0.25,0.25
GTF3A,0.0,0.25,0.25
GTF2IRD2,0.0,0.25,0.25
RNU6-681P,0.0,0.25,0.25
HOXB6,0.0,0.25,0.25
ENSG00000260170,0.0,0.25,0.25
BIRC3,0.0,0.25,0.25
ATP6V0A4,0.0,0.25,0.25
MLLT6,0.0,0.25,0.25
ENSG00000260086,0.0,0.25,0.25
HOXC13-AS,0.0,0.25,0.25
CSK,0.0,0.25,0.25
GUSBP2,0.0,0.25,0.25
ENSG00000260409,0.0,0.25,0.25
SNHG9,0.0,0.25,0.25
H1-10,0.0,0.25,0.25
ENSG00000266313,0.0,0.25,0.25
ENSG00000266368,0.0,0.25,0.25
HNRNPA1P40,0.0,0.25,0.25
RASSF1-AS1,0.0,0.25,0.25
ENSG00000260583,0.0,0.25,0.25
ZNF18,0.0,0.25,0.25
ENSG00000266378,0.0,0.25,0.25
ZNF286A,0.5,0.75,0.25
URGCP-MRPS24,0.0,0.25,0.25
GYS1,0.0,0.25,0.25
HNRNPA3P6,0.0,0.25,0.25
GYPE,0.0,0.25,0.25
ENSG00000266844,0.0,0.25,0.25
GYPB,0.0,0.25,0.25
PIGQ,1.0,1.25,0.25
CSKMT,0.0,0.25,0.25
HNRNPCP2,0.0,0.25,0.25
CUL1,0.0,0.25,0.25
PDSS2,0.0,0.25,0.25
TNFAIP1,0.0,0.25,0.25
ATP5PF,0.0,0.25,0.25
SNORD114-16,0.0,0.25,0.25
MIR3667HG,0.0,0.25,0.25
ENSG00000289059,0.0,0.25,0.25
CX3CR1,0.0,0.25,0.25
SNORD70,0.0,0.25,0.25
SLC9B2,0.0,0.25,0.25
SLC9B1,0.0,0.25,0.25
ENSG00000259477,0.0,0.25,0.25
USP44,0.0,0.25,0.25
GRTP1-AS1,0.0,0.25,0.25
ENSG00000267523,0.0,0.25,0.25
BMS1P3,0.0,0.25,0.25
MRGPRX2,0.0,0.25,0.25
ENSG00000267615,0.0,0.25,0.25
SNORD1B,0.0,0.25,0.25
HSPA6,0.0,0.25,0.25
BNC1,0.0,0.25,0.25
BNC2-AS1,0.0,0.25,0.25
PIP4K2C,0.0,0.25,0.25
RNVU1-25,0.0,0.25,0.25
ENSG00000259276,0.0,0.25,0.25
ENSG00000259275,0.0,0.25,0.25
UQCR10P1,0.0,0.25,0.25
GRIN3B,0.0,0.25,0.25
ENSG00000267748,0.0,0.25,0.25
ATP5MC1,0.0,0.25,0.25
ZNF134,0.0,0.25,0.25
PIK3R3,1.0,1.25,0.25
RNU6ATAC23P,0.0,0.25,0.25
SNORD25,0.0,0.25,0.25
RUFY1,0.0,0.25,0.25
SNORD3B-2,0.0,0.25,0.25
CUTC,0.0,0.25,0.25
ENSG00000259865,0.5,0.75,0.25
ENSG00000267279,0.0,0.25,0.25
TMEM272,0.0,0.25,0.25
ENSG00000259782,0.0,0.25,0.25
GSTM5,0.0,0.25,0.25
ENSG00000288754,0.0,0.25,0.25
ENSG00000267349,0.0,0.25,0.25
TMEM266,0.0,0.25,0.25
HRH1,0.0,0.25,0.25
HROB,0.0,0.25,0.25
ENSG00000267388,0.0,0.25,0.25
RSL24D1,0.0,0.25,0.25
PIK3IP1,0.0,0.25,0.25
ATP5MF,0.0,0.25,0.25
USP42,0.0,0.25,0.25
BMI1,0.0,0.25,0.25
ATP5MC2,0.0,0.25,0.25
ENSG00000260679,0.0,0.25,0.25
PELI2,0.0,0.25,0.25
ENSG00000289017,0.0,0.25,0.25
ENSG00000264078,0.0,0.25,0.25
AXIN2,0.5,0.75,0.25
ENSG00000261625,0.0,0.25,0.25
SMIM2-AS1,0.0,0.25,0.25
ENSG00000261586,0.0,0.25,0.25
SMIM2,0.0,0.25,0.25
HAVCR2,0.0,0.25,0.25
HAVCR1,0.0,0.25,0.25
ENSG00000264000,0.0,0.25,0.25
HIGD2A,0.0,0.25,0.25
CTLA4,0.0,0.25,0.25
SMIM10L1,0.0,0.25,0.25
H1-10-AS1,0.0,0.25,0.25
HAUS4,0.0,0.25,0.25
TMOD1,0.0,0.25,0.25
HIPK3,0.5,0.75,0.25
CTNNA1-AS1,0.0,0.25,0.25
AVPI1,0.0,0.25,0.25
ENSG00000261341,0.0,0.25,0.25
ENSG00000261329,0.0,0.25,0.25
SMG8,0.0,0.25,0.25
BARX2,0.0,0.25,0.25
PGM1,0.5,0.75,0.25
PHC1,0.0,0.25,0.25
ENSG00000288863,0.0,0.25,0.25
USP32,0.0,0.25,0.25
PHRF1,0.0,0.25,0.25
ENSG00000288911,0.0,0.25,0.25
TMEM69,0.0,0.25,0.25
HECW2-AS1,0.0,0.25,0.25
PHF20,0.5,0.75,0.25
ENSG00000262248,0.0,0.25,0.25
SMPDL3A,0.0,0.25,0.25
RTF1,0.0,0.25,0.25
ENSG00000262823,0.0,0.25,0.25
MORF4L2,0.0,0.25,0.25
ENSG00000261924,0.0,0.25,0.25
ENSG00000262833,0.0,0.25,0.25
ENSG00000261915,0.0,0.25,0.25
HES2,0.0,0.25,0.25
RTEL1,0.0,0.25,0.25
MOV10L1,0.0,0.25,0.25
RNLS,0.0,0.25,0.25
ENSG00000288868,0.0,0.25,0.25
RNF8,0.0,0.25,0.25
SMIM27,0.0,0.25,0.25
B2M,0.0,0.25,0.25
HHATL,0.0,0.25,0.25
ZNF266,1.0,1.25,0.25
USP21,0.0,0.25,0.25
ZWINT,0.0,0.25,0.25
RNU5E-1,0.0,0.25,0.25
PET117,0.0,0.25,0.25
ENSG00000265334,0.0,0.25,0.25
SMG5,0.0,0.25,0.25
RASSF6,0.0,0.25,0.25
ENSG00000288990,0.0,0.25,0.25
BCL2L15,0.0,0.25,0.25
H2AZP1,0.0,0.25,0.25
PIFO,0.0,0.25,0.25
RNU6-1045P,0.0,0.25,0.25
ENSG00000288996,0.0,0.25,0.25
ENSG00000288999,0.0,0.25,0.25
MME,0.0,0.25,0.25
SNHG28,0.0,0.25,0.25
ENSG00000260805,0.0,0.25,0.25
HMGN1,0.0,0.25,0.25
ENSG00000289009,0.0,0.25,0.25
ENSG00000266049,0.0,0.25,0.25
SMARCD2,1.0,1.25,0.25
PEMT,0.0,0.25,0.25
H2AC11,0.0,0.25,0.25
SMARCC1,0.0,0.25,0.25
ENSG00000261000,0.0,0.25,0.25
CTSO,0.0,0.25,0.25
ENSG00000261269,0.0,0.25,0.25
HLA-J,0.0,0.25,0.25
CTNNBIP1,0.0,0.25,0.25
AUNIP,0.0,0.25,0.25
ENSG00000264813,0.0,0.25,0.25
PI4KB,0.0,0.25,0.25
CTR9,0.5,0.75,0.25
BBS10,0.0,0.25,0.25
PGBD2,0.0,0.25,0.25
ENSG00000264924,0.0,0.25,0.25
ENSG00000288821,0.0,0.25,0.25
PFN1P2,0.0,0.25,0.25
MPHOSPH6,0.0,0.25,0.25
BCAP29,0.0,0.25,0.25
CSNK2B,0.0,0.25,0.25
ATXN1-AS1,0.0,0.25,0.25
BCAS2,0.0,0.25,0.25
AADAC,0.0,0.25,0.25
H4C4,0.0,0.25,0.25
MMP23B,0.0,0.25,0.25
HLA-F-AS1,0.0,0.25,0.25
USP1,0.0,0.25,0.25
CSNK2A3,0.0,0.25,0.25
ATP2A3,0.0,0.25,0.25
MISP3,0.0,0.25,0.25
ENSG00000259121,0.0,0.25,0.25
GOLGA2,0.5,0.75,0.25
PBX2,0.0,0.25,0.25
SOCS3,0.0,0.25,0.25
ASB16-AS1,0.0,0.25,0.25
ENSG00000255340,0.0,0.25,0.25
ABCB6,0.0,0.25,0.25
SOD1,0.0,0.25,0.25
IKBKE,0.0,0.25,0.25
PBX1-AS1,0.0,0.25,0.25
ENSG00000289241,0.0,0.25,0.25
ENSG00000255310,0.0,0.25,0.25
PLEKHO2,0.0,0.25,0.25
ENSG00000269902,0.0,0.25,0.25
TMEM183A,0.0,0.25,0.25
CCDC14,1.0,1.25,0.25
ENSG00000255202,0.0,0.25,0.25
IL10RA,0.5,0.75,0.25
UNC50,0.0,0.25,0.25
MIR4707,0.0,0.25,0.25
CYP27B1,0.0,0.25,0.25
ENSG00000255118,0.0,0.25,0.25
ENSG00000288061,0.0,0.25,0.25
CYP2A13,0.0,0.25,0.25
ZFTA,0.0,0.25,0.25
TMEM185B,0.5,0.75,0.25
ENSG00000288080,0.0,0.25,0.25
ENSG00000270039,0.0,0.25,0.25
PLD6,0.0,0.25,0.25
MIR604,0.0,0.25,0.25
CYFIP2,0.0,0.25,0.25
SLC38A4-AS1,0.0,0.25,0.25
SLC38A2-AS1,0.0,0.25,0.25
BTN2A2,0.0,0.25,0.25
ENSG00000255946,0.0,0.25,0.25
TAP2,0.0,0.25,0.25
ASCL2,0.0,0.25,0.25
ZFYVE19,0.0,0.25,0.25
TNRC6B-DT,0.0,0.25,0.25
MRPL30,0.0,0.25,0.25
ASCC2,0.0,0.25,0.25
TBC1D23,0.0,0.25,0.25
CYP1A2,0.0,0.25,0.25
ENSG00000269968,0.0,0.25,0.25
SLC35G5,0.0,0.25,0.25
GOLPH3-DT,0.5,0.75,0.25
ZNF407,0.5,0.75,0.25
BUD13P1,0.0,0.25,0.25
ENSG00000255476,0.0,0.25,0.25
CYP2A7,0.0,0.25,0.25
TALDO1,0.0,0.25,0.25
MIR4481,0.0,0.25,0.25
ENSG00000287969,0.0,0.25,0.25
ENSG00000271032,0.0,0.25,0.25
USP6NL,0.0,0.25,0.25
GNAI2P2,0.0,0.25,0.25
ZNF430,0.5,0.75,0.25
C17orf100,0.0,0.25,0.25
PARPBP,0.0,0.25,0.25
MIR378D2HG,0.0,0.25,0.25
C17orf99,0.0,0.25,0.25
ENSG00000289339,0.0,0.25,0.25
PARN,0.0,0.25,0.25
ENSG00000271553,0.0,0.25,0.25
C19orf25,0.0,0.25,0.25
SORCS1,0.0,0.25,0.25
RRP7A,1.0,1.25,0.25
TAGAP-AS1,0.5,0.75,0.25
PAQR6,0.0,0.25,0.25
ENSG00000254295,0.0,0.25,0.25
RBFOX2,0.0,0.25,0.25
IMPDH1P10,0.5,0.75,0.25
INAFM2,0.0,0.25,0.25
RBM10,0.0,0.25,0.25
ENSG00000287967,0.0,0.25,0.25
C16orf54,0.0,0.25,0.25
ENSG00000255046,0.0,0.25,0.25
ENSG00000270956,0.0,0.25,0.25
SLC35B2,0.0,0.25,0.25
IL16,0.0,0.25,0.25
GNG12-AS1,0.0,0.25,0.25
ENSG00000254979,0.0,0.25,0.25
IL17RD,0.0,0.25,0.25
ENSG00000270557,0.0,0.25,0.25
TOLLIP,0.0,0.25,0.25
ENSG00000254933,0.0,0.25,0.25
IL18BP,0.5,0.75,0.25
C13orf42,0.0,0.25,0.25
IL18RAP,0.0,0.25,0.25
RNA5SP429,0.0,0.25,0.25
CRIP2,0.0,0.25,0.25
ENSG00000270640,0.0,0.25,0.25
RASAL2-AS1,0.0,0.25,0.25
IL1RL2,0.0,0.25,0.25
ENSG00000270688,0.0,0.25,0.25
IL20RA,0.0,0.25,0.25
RASAL1,0.0,0.25,0.25
TMEM170B,0.0,0.25,0.25
PASK,0.0,0.25,0.25
ENSG00000256034,0.0,0.25,0.25
ENSG00000256139,0.0,0.25,0.25
RNVU1-27,0.0,0.25,0.25
IFI44L,0.5,0.75,0.25
IDNK,0.0,0.25,0.25
GPX4,0.0,0.25,0.25
ZMPSTE24-DT,0.0,0.25,0.25
PCGF2,0.0,0.25,0.25
ENSG00000268203,0.0,0.25,0.25
TMEM238L,0.0,0.25,0.25
TNFSF13,0.0,0.25,0.25
TBC1D17,0.0,0.25,0.25
GPX3,0.0,0.25,0.25
BRD3OS,0.0,0.25,0.25
PKD1L1,0.0,0.25,0.25
ASNSD1,0.0,0.25,0.25
CYB561D2,0.0,0.25,0.25
IFIT1,0.0,0.25,0.25
UPP1,0.5,0.75,0.25
IFITM10,0.0,0.25,0.25
ENSG00000258317,0.0,0.25,0.25
CYB5D1,0.0,0.25,0.25
PKDREJ,0.0,0.25,0.25
PKIA-AS1,0.0,0.25,0.25
ATG4C,0.0,0.25,0.25
ENSG00000257941,0.0,0.25,0.25
ZNF335,0.5,0.75,0.25
ENSG00000268191,0.0,0.25,0.25
ENSG00000289093,0.0,0.25,0.25
ENSG00000268133,0.0,0.25,0.25
ENSG00000289088,0.0,0.25,0.25
ENSG00000259071,0.0,0.25,0.25
SLC7A4,0.0,0.25,0.25
SLC7A14-AS1,0.0,0.25,0.25
HUNK,0.5,0.75,0.25
UQCR10,0.0,0.25,0.25
ENSG00000259001,0.0,0.25,0.25
HYMAI,0.0,0.25,0.25
ENSG00000288670,0.0,0.25,0.25
TMEM244,0.0,0.25,0.25
ENSG00000258944,0.0,0.25,0.25
ENSG00000258930,0.0,0.25,0.25
GREM2,0.0,0.25,0.25
ENSG00000258924,0.0,0.25,0.25
MIR933,0.0,0.25,0.25
TNFRSF8,0.0,0.25,0.25
CXCR4,0.0,0.25,0.25
MROH6,0.0,0.25,0.25
ATP13A1,0.0,0.25,0.25
ATP11A-AS1,0.0,0.25,0.25
MIR9-1HG,0.0,0.25,0.25
TMEM230,0.0,0.25,0.25
ATG16L2,0.0,0.25,0.25
SNRPFP1,0.0,0.25,0.25
TNNI2,0.0,0.25,0.25
IGHA1,0.0,0.25,0.25
SNX10,0.0,0.25,0.25
ABCB4,0.0,0.25,0.25
ENSG00000256950,0.0,0.25,0.25
TMEM202-AS1,0.0,0.25,0.25
IGHG3,0.0,0.25,0.25
SNX12,0.0,0.25,0.25
GPC3,0.0,0.25,0.25
GPC1-AS1,0.0,0.25,0.25
BTBD3,0.0,0.25,0.25
ASTN2,0.0,0.25,0.25
BTBD7,0.0,0.25,0.25
CRK,0.0,0.25,0.25
IGIP,0.0,0.25,0.25
ENSG00000256500,0.0,0.25,0.25
IGKC,0.0,0.25,0.25
MIR612,0.0,0.25,0.25
ENSG00000289200,0.0,0.25,0.25
ENSG00000269741,0.0,0.25,0.25
PLCE1-AS1,0.0,0.25,0.25
BTF3P7,0.0,0.25,0.25
ENSG00000269274,0.0,0.25,0.25
IGFBP3,0.0,0.25,0.25
ENSG00000257764,0.0,0.25,0.25
TNNI1,0.0,0.25,0.25
BRI3BP,0.0,0.25,0.25
ENSG00000288620,0.0,0.25,0.25
ENSG00000257647,0.0,0.25,0.25
RNF139,0.0,0.25,0.25
ENSG00000289149,0.0,0.25,0.25
BRMS1L,0.0,0.25,0.25
ENSG00000257452,0.0,0.25,0.25
ENSG00000268790,0.0,0.25,0.25
SLC4A5,0.0,0.25,0.25
RNF130,0.0,0.25,0.25
GPR171,0.0,0.25,0.25
ENSG00000257359,0.0,0.25,0.25
ENSG00000257342,0.0,0.25,0.25
ENSG00000257341,0.0,0.25,0.25
TNMD,0.0,0.25,0.25
ENSG00000269106,0.0,0.25,0.25
ENSG00000288520,0.0,0.25,0.25
GPR12,0.0,0.25,0.25
ENSG00000269161,0.0,0.25,0.25
RASAL3,0.0,0.25,0.25
BSPRY,0.0,0.25,0.25
UGT1A1,0.0,0.25,0.25
S1PR5,0.0,0.25,0.25
ENSG00000234162,0.0,0.25,0.25
ZNF862,0.0,0.25,0.25
MED16,0.0,0.25,0.25
DHX16,0.0,0.25,0.25
AIP,0.0,0.25,0.25
LINGO3,0.0,0.25,0.25
RCBTB2,0.0,0.25,0.25
F2RL2,0.5,0.75,0.25
DHX34,0.0,0.25,0.25
AIG1,0.0,0.25,0.25
NECAB1,0.0,0.25,0.25
TEX22,0.0,0.25,0.25
EYS,0.0,0.25,0.25
NDUFB11,0.0,0.25,0.25
AIFM3,0.0,0.25,0.25
LIX1,0.0,0.25,0.25
MTIF3,0.0,0.25,0.25
VIM-AS1,0.0,0.25,0.25
UBIAD1,0.0,0.25,0.25
ENSG00000290105,0.0,0.25,0.25
ENSG00000283737,0.0,0.25,0.25
LMBR1L,0.0,0.25,0.25
LMCD1-AS1,0.0,0.25,0.25
STX16,0.5,0.75,0.25
ENSG00000282978,0.0,0.25,0.25
LINC03019,0.0,0.25,0.25
LINC03009,0.0,0.25,0.25
LINC03008,0.0,0.25,0.25
ELFN1,0.0,0.25,0.25
LINC02773,0.0,0.25,0.25
LINC02801,0.0,0.25,0.25
LINC02829,0.0,0.25,0.25
PSMD8,0.0,0.25,0.25
NECTIN4,0.0,0.25,0.25
ENSG00000281969,0.0,0.25,0.25
LINC02897,0.0,0.25,0.25
LINC02940,0.0,0.25,0.25
TCEAL2,0.0,0.25,0.25
PSME2,0.0,0.25,0.25
EIF6,0.0,0.25,0.25
AK6,0.0,0.25,0.25
TTC9,0.0,0.25,0.25
LINC02972,0.0,0.25,0.25
LINC02976,0.0,0.25,0.25
ENSG00000282885,0.0,0.25,0.25
AK1,0.0,0.25,0.25
CEP164P1,0.0,0.25,0.25
FAHD1,0.0,0.25,0.25
RPL7P60,0.0,0.25,0.25
EXOSC10,0.0,0.25,0.25
RPN2,0.0,0.25,0.25
TUBB4A,0.0,0.25,0.25
DINOL,0.0,0.25,0.25
PTGER4,0.0,0.25,0.25
NDUFA4,0.0,0.25,0.25
EGOT,0.0,0.25,0.25
ENSG00000284726,0.0,0.25,0.25
CFAP119,0.0,0.25,0.25
EVPL,0.0,0.25,0.25
ENSG00000290574,0.0,0.25,0.25
EGFL8,0.0,0.25,0.25
EGFL7,0.0,0.25,0.25
RPPH1,0.0,0.25,0.25
STXBP2,0.0,0.25,0.25
ENSG00000284188,0.0,0.25,0.25
SEC23A-AS1,0.0,0.25,0.25
MTMR6,0.0,0.25,0.25
EFNA3,0.0,0.25,0.25
NDNF,0.0,0.25,0.25
ENSG00000290600,0.0,0.25,0.25
RPS12P3,0.0,0.25,0.25
LPXN,0.0,0.25,0.25
CFHR1,0.0,0.25,0.25
EVA1B,0.0,0.25,0.25
ACTN2,0.0,0.25,0.25
TUBAL3,0.0,0.25,0.25
ZNF732,0.0,0.25,0.25
ENSG00000286700,0.0,0.25,0.25
NDUFA6,0.0,0.25,0.25
DHX8,0.0,0.25,0.25
PTCD3,0.5,0.75,0.25
NDUFAF7,0.0,0.25,0.25
AGXT,0.0,0.25,0.25
ENSG00000290124,0.0,0.25,0.25
RGL3,0.0,0.25,0.25
MTMR10,0.0,0.25,0.25
TET2,0.5,0.75,0.25
LMOD3,0.0,0.25,0.25
SELENOO-AS1,0.0,0.25,0.25
TUB,0.0,0.25,0.25
TUBA1A,0.0,0.25,0.25
ENSG00000284602,0.0,0.25,0.25
EIF1AX,0.0,0.25,0.25
ENSG00000290263,0.0,0.25,0.25
SELENOO,0.0,0.25,0.25
EXOC3L4,0.0,0.25,0.25
DIAPH1,0.5,0.75,0.25
EI24,0.0,0.25,0.25
ZNF731P,0.0,0.25,0.25
RCC2-AS1,0.0,0.25,0.25
ENSG00000281808,0.0,0.25,0.25
TTC39B,1.5,1.75,0.25
MTHFD1P1,0.0,0.25,0.25
ENSG00000280067,0.0,0.25,0.25
NFS1,0.0,0.25,0.25
ZNF680P1,0.0,0.25,0.25
LINC01816,0.0,0.25,0.25
UBQLN2,0.0,0.25,0.25
NFKBIE,0.0,0.25,0.25
TSSC4,0.0,0.25,0.25
LINC01871,0.0,0.25,0.25
RGS18,0.0,0.25,0.25
CDNF,0.0,0.25,0.25
LINC01936,0.0,0.25,0.25
TGFB2-AS1,0.0,0.25,0.25
LINC02757,0.0,0.25,0.25
RGS16,0.0,0.25,0.25
CDR1,0.0,0.25,0.25
LINC02021,0.0,0.25,0.25
FAM53B,0.0,0.25,0.25
RGS13,0.0,0.25,0.25
MGST2,0.0,0.25,0.25
FAM50B,0.0,0.25,0.25
ENSG00000280128,0.0,0.25,0.25
FAM3B,0.0,0.25,0.25
ZNF699,0.0,0.25,0.25
ZNF680,0.5,0.75,0.25
ZNF676,0.0,0.25,0.25
NFYC,0.0,0.25,0.25
ENSG00000182376,0.0,0.25,0.25
LINC01588,0.5,0.75,0.25
ENSG00000279862,0.0,0.25,0.25
LINC01612,0.0,0.25,0.25
CDK11B,0.0,0.25,0.25
ENSG00000203647,0.0,0.25,0.25
LINC01623,0.0,0.25,0.25
TGM3,0.0,0.25,0.25
FAM88E,0.0,0.25,0.25
FAM88B,0.0,0.25,0.25
ENSG00000287078,0.0,0.25,0.25
ENSG00000197670,0.0,0.25,0.25
RGS7,0.0,0.25,0.25
TSPYL2,0.0,0.25,0.25
DGKA,0.0,0.25,0.25
SAP130,0.0,0.25,0.25
FAM83E,0.0,0.25,0.25
SERPINB7,0.0,0.25,0.25
LINC01684,0.0,0.25,0.25
RPL6P25,0.0,0.25,0.25
FAM83C,0.0,0.25,0.25
ENSG00000183239,0.0,0.25,0.25
FAM25A,0.0,0.25,0.25
ZNF969P,0.0,0.25,0.25
ENSG00000286975,0.0,0.25,0.25
EMC2,0.0,0.25,0.25
CENPF,0.5,0.75,0.25
LINC02595,0.5,0.75,0.25
AKAP13-AS1,0.0,0.25,0.25
NEMF,1.5,1.75,0.25
NELFB,0.0,0.25,0.25
TFAP2B,0.0,0.25,0.25
TTC30A,0.0,0.25,0.25
TTC30B,0.0,0.25,0.25
NELFA,0.0,0.25,0.25
LINC02609,0.0,0.25,0.25
STK38,0.0,0.25,0.25
ELOVL4,0.0,0.25,0.25
LINC02648,0.0,0.25,0.25
ENSG00000280414,0.0,0.25,0.25
SENP2,0.0,0.25,0.25
ENSG00000280422,0.0,0.25,0.25
ENSG00000286943,0.0,0.25,0.25
STMN3,0.0,0.25,0.25
FAM117A,0.0,0.25,0.25
ENSG00000280828,0.0,0.25,0.25
RPL7P52,0.0,0.25,0.25
NENF,0.0,0.25,0.25
SEPHS2,0.0,0.25,0.25
STBD1,0.0,0.25,0.25
WHSC1L2P,0.0,0.25,0.25
ACSL4,0.0,0.25,0.25
LINC02234,0.0,0.25,0.25
RPL7AP50,0.0,0.25,0.25
AKR1D1,0.0,0.25,0.25
LINC02246,0.0,0.25,0.25
NEXN,0.0,0.25,0.25
MEF2C-AS2,0.0,0.25,0.25
RAB4B-EGLN2,0.0,0.25,0.25
PSMB8-AS1,0.0,0.25,0.25
TFDP1,0.0,0.25,0.25
EML4-AS1,0.0,0.25,0.25
WNT16,0.0,0.25,0.25
TTC16,0.0,0.25,0.25
TTC17,0.5,0.75,0.25
WNT11,0.0,0.25,0.25
NEU1,0.0,0.25,0.25
LINC02446,0.0,0.25,0.25
LINC02457,0.0,0.25,0.25
ENSG00000280351,0.0,0.25,0.25
AKAP6,0.0,0.25,0.25
ENSG00000280357,0.0,0.25,0.25
SEC22C,0.5,0.75,0.25
COA3,0.0,0.25,0.25
PRR14,0.0,0.25,0.25
CLBA1,0.0,0.25,0.25
ENSG00000285836,0.0,0.25,0.25
ENSG00000285839,0.0,0.25,0.25
TEK,0.5,0.75,0.25
ENSG00000286379,0.0,0.25,0.25
ENSG00000286369,0.0,0.25,0.25
DRG1,0.0,0.25,0.25
CKAP4,0.5,0.75,0.25
MADCAM1,0.0,0.25,0.25
MARVELD3,0.0,0.25,0.25
MAFK,0.0,0.25,0.25
RPS26P18,0.0,0.25,0.25
MALSU1,0.0,0.25,0.25
ENSG00000285921,0.0,0.25,0.25
ENSG00000285957,0.0,0.25,0.25
PYCARD,0.0,0.25,0.25
ENSG00000291276,0.0,0.25,0.25
CLCN5,0.0,0.25,0.25
ADCY5,0.0,0.25,0.25
SYCP2L,0.0,0.25,0.25
SYNRG,0.0,0.25,0.25
DPP4,0.0,0.25,0.25
CLDN10,0.0,0.25,0.25
DMXL2,0.5,0.75,0.25
CNGB3,0.0,0.25,0.25
CISD3,0.0,0.25,0.25
MACROD2,0.0,0.25,0.25
PUM3,0.0,0.25,0.25
SYT5,0.0,0.25,0.25
TEN1-CDK3,0.0,0.25,0.25
PURA,0.0,0.25,0.25
ENSG00000290899,0.0,0.25,0.25
TEN1,0.0,0.25,0.25
RPS3P6,0.0,0.25,0.25
MUTYH,0.0,0.25,0.25
ENSG00000286444,0.0,0.25,0.25
LYZ,0.0,0.25,0.25
SURF4,0.0,0.25,0.25
WAS,0.0,0.25,0.25
EPB41L4A-AS1,0.0,0.25,0.25
ENSG00000285794,0.0,0.25,0.25
CIR1,0.0,0.25,0.25
MATK,0.0,0.25,0.25
MACIR,0.0,0.25,0.25
ENSG00000285816,0.0,0.25,0.25
TYRP1,0.0,0.25,0.25
ENSG00000285820,0.0,0.25,0.25
ENSG00000286438,0.0,0.25,0.25
ENSG00000286010,0.0,0.25,0.25
SCG3,0.0,0.25,0.25
RPS5P2,0.0,0.25,0.25
DNAJC8,0.0,0.25,0.25
MYLK-AS2,0.0,0.25,0.25
MAP4,1.5,1.75,0.25
MAPRE3,0.0,0.25,0.25
ENSG00000286176,0.0,0.25,0.25
MYBPC1,0.0,0.25,0.25
ZNF830,0.0,0.25,0.25
MYH9-DT,0.0,0.25,0.25
ENSG00000286190,0.0,0.25,0.25
ENSG00000286198,0.0,0.25,0.25
RPS2P52,0.0,0.25,0.25
DNAJC5,0.0,0.25,0.25
RPS26P52,0.0,0.25,0.25
MYEOV,0.0,0.25,0.25
RAB10,0.0,0.25,0.25
ENSG00000286223,0.0,0.25,0.25
DNAJC27,0.0,0.25,0.25
ENSG00000291094,0.0,0.25,0.25
RPS2P55,0.0,0.25,0.25
UBE2D3P2,0.0,0.25,0.25
VPS28,0.0,0.25,0.25
ENSG00000286248,0.0,0.25,0.25
ENSG00000286239,0.0,0.25,0.25
MAP3K15,0.0,0.25,0.25
MAP3K14-AS1,0.0,0.25,0.25
ENSG00000291174,0.0,0.25,0.25
ADAMTS19,0.0,0.25,0.25
ADAMTSL4-AS1,0.0,0.25,0.25
ENSG00000286030,0.0,0.25,0.25
ENSG00000286035,0.0,0.25,0.25
DPEP2,0.0,0.25,0.25
DPEP1,0.0,0.25,0.25
ADAMTSL3,0.0,0.25,0.25
MAN1C1,0.0,0.25,0.25
MX2,0.5,0.75,0.25
TDRKH,0.0,0.25,0.25
VNN1,0.0,0.25,0.25
MYOCD,0.0,0.25,0.25
ENSG00000286076,0.0,0.25,0.25
CLDN19,0.0,0.25,0.25
TDRD3,0.5,0.75,0.25
RPS27AP1,0.0,0.25,0.25
PZP,0.0,0.25,0.25
VNN2,0.0,0.25,0.25
MYO1E,0.0,0.25,0.25
SCN9A,0.0,0.25,0.25
MYO1C,0.5,0.75,0.25
ENSG00000291179,0.0,0.25,0.25
CICP14,0.0,0.25,0.25
NACC2,1.0,1.25,0.25
DUSP1,0.0,0.25,0.25
SULT1C3,0.0,0.25,0.25
NCBP1,0.0,0.25,0.25
LRRC36,0.0,0.25,0.25
RPS4XP3,0.0,0.25,0.25
SDS,0.0,0.25,0.25
ZNF767P,0.0,0.25,0.25
TCF4-AS2,0.0,0.25,0.25
MCEE,0.0,0.25,0.25
EDARADD,0.0,0.25,0.25
PTPDC1,0.0,0.25,0.25
LRRC42,0.0,0.25,0.25
ENSG00000285304,0.0,0.25,0.25
DUSP10,0.0,0.25,0.25
PTPN20CP,0.0,0.25,0.25
TERC,0.0,0.25,0.25
LRRC51,0.0,0.25,0.25
ENSG00000286542,0.0,0.25,0.25
SCAP,0.0,0.25,0.25
LRRC75A,0.0,0.25,0.25
WDR20,0.0,0.25,0.25
MTUS2-AS1,0.0,0.25,0.25
ENSG00000285366,0.0,0.25,0.25
UBE2Q2P13,0.0,0.25,0.25
PTMAP8,0.0,0.25,0.25
LRRC28,0.0,0.25,0.25
ENSG00000285081,0.0,0.25,0.25
PTH2R,0.0,0.25,0.25
ENSG00000284876,0.0,0.25,0.25
RAB27B,0.0,0.25,0.25
SUCLG2,0.0,0.25,0.25
CNTN3,0.0,0.25,0.25
RPS5,0.0,0.25,0.25
NCOA1,0.0,0.25,0.25
CHAF1A,0.0,0.25,0.25
ENSG00000286599,0.0,0.25,0.25
EEF1B2P4,0.0,0.25,0.25
LRIF1,0.0,0.25,0.25
CHCHD10,0.0,0.25,0.25
CNST,0.0,0.25,0.25
CHCHD3,0.0,0.25,0.25
CHCHD4,0.0,0.25,0.25
CHCHD6,0.0,0.25,0.25
SEC14L5,0.0,0.25,0.25
ENSG00000286585,0.0,0.25,0.25
LRP8,0.0,0.25,0.25
ETF1,0.0,0.25,0.25
ENSG00000284969,0.0,0.25,0.25
SCAF8,0.0,0.25,0.25
EBI3,0.0,0.25,0.25
EBF3,0.5,0.75,0.25
ENSG00000290789,0.0,0.25,0.25
SUPT3H,0.0,0.25,0.25
DYNC2LI1,0.0,0.25,0.25
NAP1L5,0.0,0.25,0.25
EPN2,0.0,0.25,0.25
DYNC1I2,0.0,0.25,0.25
TENT4B,0.5,0.75,0.25
NAP1L4P1,0.0,0.25,0.25
LVRN,0.0,0.25,0.25
LXN,0.0,0.25,0.25
TXN2,0.0,0.25,0.25
LY6D,0.0,0.25,0.25
PTX3,0.0,0.25,0.25
ADH5,0.0,0.25,0.25
NAP1L2,0.0,0.25,0.25
DUSP5-DT,0.0,0.25,0.25
ENSG00000285696,0.0,0.25,0.25
NAF1,0.0,0.25,0.25
MBD4,0.0,0.25,0.25
LYNX1-SLURP2,0.0,0.25,0.25
CIAPIN1,0.0,0.25,0.25
WASHC5,0.0,0.25,0.25
DUSP11,0.0,0.25,0.25
ADNP-AS1,0.0,0.25,0.25
DYNLRB1,0.0,0.25,0.25
RPS15P4,0.0,0.25,0.25
NAPEPLD,0.0,0.25,0.25
CNOT3,0.0,0.25,0.25
TWIST2,0.0,0.25,0.25
SUN1,1.0,1.25,0.25
CHMP6,0.0,0.25,0.25
ZNF777,0.0,0.25,0.25
DLG3,0.0,0.25,0.25
CNOT2,1.0,1.25,0.25
LSM10,0.0,0.25,0.25
RPS16,0.0,0.25,0.25
LSM12,0.0,0.25,0.25
LSM3,0.0,0.25,0.25
NAT10,0.5,0.75,0.25
PTPRD-AS1,0.0,0.25,0.25
MUC16,0.0,0.25,0.25
EPS8L2,0.0,0.25,0.25
RAB26,0.0,0.25,0.25
MBNL3,0.0,0.25,0.25
MBNL1,1.0,1.25,0.25
ENSG00000285608,0.0,0.25,0.25
PTPRK,0.0,0.25,0.25
LST1,0.0,0.25,0.25
PRR3,0.0,0.25,0.25
LINC02044,0.0,0.25,0.25
PRR12,0.0,0.25,0.25
PPP6R1,0.0,0.25,0.25
LARP6,0.0,0.25,0.25
SRPRA,0.0,0.25,0.25
MST1L,0.0,0.25,0.25
PPT2,0.0,0.25,0.25
FLJ43315,0.0,0.25,0.25
NPM1P7,0.0,0.25,0.25
SH3RF2,0.0,0.25,0.25
PPT2-EGFL8,0.0,0.25,0.25
ENSG00000278607,0.0,0.25,0.25
ANP32BP3,0.0,0.25,0.25
ENSG00000228404,0.0,0.25,0.25
ENSG00000287356,0.0,0.25,0.25
ENSG00000228384,0.0,0.25,0.25
TIMP4,0.0,0.25,0.25
ENSG00000278743,0.0,0.25,0.25
ENSG00000278784,0.0,0.25,0.25
NPM1P27,0.0,0.25,0.25
TAF11,0.5,0.75,0.25
UCKL1,0.0,0.25,0.25
NPIPB4,0.0,0.25,0.25
LDB3,0.0,0.25,0.25
MFHAS1,0.5,0.75,0.25
NPTN-IT1,0.0,0.25,0.25
KTI12,0.0,0.25,0.25
ENSG00000228802,0.0,0.25,0.25
CCN2,0.0,0.25,0.25
NR2F1-AS1,0.0,0.25,0.25
CCN5,0.0,0.25,0.25
ENSG00000277969,0.0,0.25,0.25
NR1H3,0.0,0.25,0.25
MFRP,0.0,0.25,0.25
ENSG00000278002,0.0,0.25,0.25
ENSG00000278022,0.0,0.25,0.25
MFNG,0.0,0.25,0.25
SHISA6,0.0,0.25,0.25
PPP4R3B-DT,0.0,0.25,0.25
SHF,0.0,0.25,0.25
LAMC3,0.0,0.25,0.25
LAMTOR1,0.0,0.25,0.25
LAMTOR3,0.0,0.25,0.25
COSMOC,0.0,0.25,0.25
DDX25,0.0,0.25,0.25
FLT3,0.0,0.25,0.25
MSRB2,0.0,0.25,0.25
YIF1A,0.0,0.25,0.25
SRPK2P,0.0,0.25,0.25
ENSG00000228084,0.0,0.25,0.25
LDHAL6A,0.0,0.25,0.25
FKBP4,0.0,0.25,0.25
FKBP1A,0.5,0.75,0.25
ANKRD52,0.0,0.25,0.25
PRELID2,0.0,0.25,0.25
CD164,1.5,1.75,0.25
COQ3,0.0,0.25,0.25
SRSF6,0.0,0.25,0.25
TADA2B,0.0,0.25,0.25
ENSG00000289839,0.0,0.25,0.25
TROAP,0.0,0.25,0.25
LHB,0.0,0.25,0.25
ENSG00000279092,0.0,0.25,0.25
ENSG00000226471,0.0,0.25,0.25
FGF13-AS1,0.0,0.25,0.25
ENSG00000279114,0.0,0.25,0.25
UCHL1,0.0,0.25,0.25
MT-ND6,0.0,0.25,0.25
SS18L1,0.0,0.25,0.25
TIMELESS,0.0,0.25,0.25
ENSG00000226230,0.0,0.25,0.25
LILRB1,0.0,0.25,0.25
ENSG00000226172,0.0,0.25,0.25
ZNF587P1,0.5,0.75,0.25
DDX50P1,0.0,0.25,0.25
LGALS3BP,0.0,0.25,0.25
MEX3B,0.0,0.25,0.25
LEKR1,0.0,0.25,0.25
ENSG00000227950,0.0,0.25,0.25
ENSG00000289724,0.0,0.25,0.25
TIMP2,0.0,0.25,0.25
MSX1,0.0,0.25,0.25
ENSG00000227769,0.0,0.25,0.25
FKBP14-AS1,0.0,0.25,0.25
ENSG00000278891,0.0,0.25,0.25
ENSG00000227712,0.0,0.25,0.25
LDOC1,0.0,0.25,0.25
RAD9A,0.0,0.25,0.25
COQ5,1.0,1.25,0.25
FIGNL1,0.5,0.75,0.25
RPL36AP41,0.0,0.25,0.25
ENSG00000278932,0.0,0.25,0.25
YARS2,0.0,0.25,0.25
ENSG00000278954,0.0,0.25,0.25
ENSG00000227370,0.0,0.25,0.25
TBP,0.0,0.25,0.25
ENSG00000278993,0.0,0.25,0.25
ANO1-AS1,0.0,0.25,0.25
CCL4L2,0.0,0.25,0.25
DDX19A-DT,0.0,0.25,0.25
SSBL4P,0.0,0.25,0.25
FPGT-TNNI3K,0.0,0.25,0.25
AP5S1,0.0,0.25,0.25
ENSG00000289617,0.0,0.25,0.25
ENSG00000232536,0.0,0.25,0.25
ENSG00000232518,0.0,0.25,0.25
MGAT4B,0.0,0.25,0.25
NSUN6,0.5,0.75,0.25
ENSG00000232347,0.0,0.25,0.25
RMI2,0.0,0.25,0.25
TLCD2,0.0,0.25,0.25
MSL1,0.0,0.25,0.25
CCDC43,0.0,0.25,0.25
TBL2,0.0,0.25,0.25
TRIM28,0.0,0.25,0.25
FOXP1-IT1,0.5,0.75,0.25
TAF15,0.0,0.25,0.25
ENSG00000232110,0.0,0.25,0.25
FOXN1,0.0,0.25,0.25
ENSG00000276651,0.0,0.25,0.25
YTHDC1,0.0,0.25,0.25
FOXM1,0.0,0.25,0.25
ENSG00000231881,0.5,0.75,0.25
NT5C3A,0.0,0.25,0.25
ENSG00000232693,0.0,0.25,0.25
AOAH,0.0,0.25,0.25
COX19,0.0,0.25,0.25
NUCKS1,1.0,1.25,0.25
RPL29P14,0.0,0.25,0.25
NUBP1,0.0,0.25,0.25
KLHL33,0.0,0.25,0.25
CCDC15-DT,0.0,0.25,0.25
SQOR,0.0,0.25,0.25
DNAJC14,0.0,0.25,0.25
ENSG00000289582,0.0,0.25,0.25
CCDC159,0.0,0.25,0.25
CCDC168,0.0,0.25,0.25
ZNF547,0.0,0.25,0.25
ENSG00000276075,0.0,0.25,0.25
ENSG00000276185,0.0,0.25,0.25
APBA2,0.0,0.25,0.25
ENSG00000233005,0.0,0.25,0.25
KLK9,0.0,0.25,0.25
KLRA1P,0.0,0.25,0.25
ENSG00000232855,0.0,0.25,0.25
ENSG00000232811,0.0,0.25,0.25
ENSG00000232807,0.0,0.25,0.25
TAF1C,0.5,0.75,0.25
TRIM35,0.0,0.25,0.25
ENSG00000231856,0.0,0.25,0.25
KNSTRN,0.0,0.25,0.25
TRIM37,0.0,0.25,0.25
KRT18P13,0.0,0.25,0.25
SAMD1,0.0,0.25,0.25
CCDC96,0.0,0.25,0.25
ENSG00000277476,0.0,0.25,0.25
KRT18P4,0.0,0.25,0.25
KRT19,0.0,0.25,0.25
RMDN3,0.0,0.25,0.25
SIDT1,0.0,0.25,0.25
CCHCR1,0.0,0.25,0.25
ENSG00000230532,0.0,0.25,0.25
NRBP2,0.0,0.25,0.25
ENSG00000230490,0.0,0.25,0.25
ENSG00000277599,0.0,0.25,0.25
VAMP5,0.0,0.25,0.25
NR6A1,0.0,0.25,0.25
KRT7-AS,0.0,0.25,0.25
UCP3,0.0,0.25,0.25
RPL34P34,0.0,0.25,0.25
FMO6P,0.0,0.25,0.25
UCP2,0.0,0.25,0.25
KRTAP13-4,0.0,0.25,0.25
SREBF2,0.5,0.75,0.25
CCDC92,0.0,0.25,0.25
KRT18P12,0.0,0.25,0.25
TAF12-DT,0.0,0.25,0.25
RPL31P47,0.0,0.25,0.25
ENSG00000231705,0.0,0.25,0.25
SRD5A3-AS1,0.0,0.25,0.25
MFSD4B-DT,0.0,0.25,0.25
KPNB1,0.0,0.25,0.25
CCDC8,0.0,0.25,0.25
CCDC85B,0.0,0.25,0.25
SIGLEC16,0.0,0.25,0.25
FOXI2,0.0,0.25,0.25
COX17,0.0,0.25,0.25
NRG3,0.0,0.25,0.25
FOXD3,0.0,0.25,0.25
NRN1,0.0,0.25,0.25
KRT1,0.0,0.25,0.25
TKFC,0.0,0.25,0.25
KRT10-AS1,0.0,0.25,0.25
ENSG00000276853,0.0,0.25,0.25
KRT15,0.5,0.75,0.25
TRIM41,0.5,0.75,0.25
PPP1R9B,0.0,0.25,0.25
TIGIT,0.0,0.25,0.25
LENG8,0.0,0.25,0.25
PRKCE-AS1,0.0,0.25,0.25
ANKFN1,0.0,0.25,0.25
METRNL,0.0,0.25,0.25
ANKHD1,0.0,0.25,0.25
NLK,0.0,0.25,0.25
CDC26,0.0,0.25,0.25
LINC00943,0.0,0.25,0.25
LINC00954,0.0,0.25,0.25
NLGN1,0.0,0.25,0.25
THRB,0.0,0.25,0.25
RPS9,0.0,0.25,0.25
ENSG00000287164,0.0,0.25,0.25
CDC37L1-DT,0.0,0.25,0.25
CD2BP2,0.0,0.25,0.25
RIC3,0.0,0.25,0.25
ANGPTL2,0.0,0.25,0.25
ST20-MTHFS,0.0,0.25,0.25
TBX1,0.0,0.25,0.25
ENSG00000279529,0.0,0.25,0.25
ENSG00000289901,0.0,0.25,0.25
ENSG00000279415,0.0,0.25,0.25
LINC00861,0.0,0.25,0.25
ST6GALNAC1,0.0,0.25,0.25
MT-TC,0.0,0.25,0.25
LINC00605,0.0,0.25,0.25
ENSG00000224738,0.0,0.25,0.25
THUMPD2,0.0,0.25,0.25
ENSG00000279356,0.0,0.25,0.25
RPL3L,0.0,0.25,0.25
METTL18,0.0,0.25,0.25
NMU,0.0,0.25,0.25
ENSG00000224415,0.0,0.25,0.25
ENSG00000279369,0.0,0.25,0.25
SF3B6,0.0,0.25,0.25
LINC00663,0.0,0.25,0.25
ENSG00000289875,0.0,0.25,0.25
ENSG00000224272,0.0,0.25,0.25
MT-TT,0.0,0.25,0.25
ENSG00000289883,0.0,0.25,0.25
LINC00681,0.0,0.25,0.25
METTL1,0.0,0.25,0.25
NME8,0.0,0.25,0.25
ENSG00000219681,0.0,0.25,0.25
CDC42EP2,0.0,0.25,0.25
RAD17,0.0,0.25,0.25
FARSA-AS1,0.0,0.25,0.25
ENSG00000214248,0.0,0.25,0.25
WWTR1-AS1,0.0,0.25,0.25
COMMD10,0.0,0.25,0.25
LINC01305,0.0,0.25,0.25
RABL3,0.5,0.75,0.25
SESN2,0.0,0.25,0.25
MTCO2P22,0.0,0.25,0.25
SESN1,0.0,0.25,0.25
ENSG00000279725,0.0,0.25,0.25
DERL3,0.0,0.25,0.25
FAR1,0.0,0.25,0.25
ENSG00000213386,0.0,0.25,0.25
ENSG00000287085,0.0,0.25,0.25
ENSG00000287082,0.0,0.25,0.25
LINC01532,0.0,0.25,0.25
THAP2,0.0,0.25,0.25
ENSG00000212952,0.0,0.25,0.25
FANCE,0.0,0.25,0.25
XCL2,0.0,0.25,0.25
TSPAN15,0.0,0.25,0.25
ANAPC15,0.0,0.25,0.25
PRMT5-DT,0.0,0.25,0.25
TSPAN12,0.0,0.25,0.25
ENSG00000279570,0.0,0.25,0.25
SETD1A,0.0,0.25,0.25
ENSG00000279583,0.0,0.25,0.25
FBXL14,0.0,0.25,0.25
LINC01152,0.0,0.25,0.25
PRLR,0.0,0.25,0.25
DEPTOR,0.0,0.25,0.25
THBS1-IT1,0.0,0.25,0.25
AMACR,0.0,0.25,0.25
THBS1-AS1,0.0,0.25,0.25
AMN1,0.0,0.25,0.25
DEPTOR-AS1,0.0,0.25,0.25
LINC01271,0.0,0.25,0.25
PROM1,0.0,0.25,0.25
ZNG1E,1.0,1.25,0.25
MTATP8P1,0.0,0.25,0.25
NKAIN3,0.0,0.25,0.25
CD69,0.0,0.25,0.25
SGSM2,0.0,0.25,0.25
ENSG00000279283,0.0,0.25,0.25
CD63-AS1,0.0,0.25,0.25
DEFA3,0.0,0.25,0.25
LINC00200,0.0,0.25,0.25
LIN7A,0.0,0.25,0.25
LIME1,0.0,0.25,0.25
ZNF593OS,0.0,0.25,0.25
CD5,0.0,0.25,0.25
CD33,0.0,0.25,0.25
NOD1,0.0,0.25,0.25
LINC00316,0.0,0.25,0.25
NOG,0.0,0.25,0.25
FFAR2,0.0,0.25,0.25
MT-RNR1,0.0,0.25,0.25
CD38,0.0,0.25,0.25
ENSG00000225864,0.0,0.25,0.25
SGSM1,0.0,0.25,0.25
ENSG00000262587,0.0,0.25,0.25
ANKRD23,0.0,0.25,0.25
RAD51-AS1,0.0,0.25,0.25
CD320,1.0,1.25,0.25
TSG101,0.0,0.25,0.25
ANKRD18A,0.0,0.25,0.25
SGCG,0.0,0.25,0.25
LINC00189,0.0,0.25,0.25
FCGR2B,0.0,0.25,0.25
TSEN54,0.5,0.75,0.25
SMARCA2,3.1666666666666665,3.375,0.20833333333333348
PIEZO1,2.1666666666666665,2.375,0.20833333333333348
SLC12A6,2.1666666666666665,2.375,0.20833333333333348
ACOX1,2.1666666666666665,2.375,0.20833333333333348
PSMA3,0.6666666666666666,0.875,0.20833333333333337
HIPK2,0.6666666666666666,0.875,0.20833333333333337
GAA,0.6666666666666666,0.875,0.20833333333333337
HLTF,0.6666666666666666,0.875,0.20833333333333337
MED6,0.6666666666666666,0.875,0.20833333333333337
TNK2,0.6666666666666666,0.875,0.20833333333333337
TARBP1,0.6666666666666666,0.875,0.20833333333333337
ENSG00000288674,0.6666666666666666,0.875,0.20833333333333337
TRABD2A,0.6666666666666666,0.875,0.20833333333333337
SPTLC3,0.6666666666666666,0.875,0.20833333333333337
FXR1,0.6666666666666666,0.875,0.20833333333333337
HSPE1P6,0.6666666666666666,0.875,0.20833333333333337
ZNF227,0.6666666666666666,0.875,0.20833333333333337
ZNF740,0.6666666666666666,0.875,0.20833333333333337
TRIM44,0.6666666666666666,0.875,0.20833333333333337
ENSG00000291178,0.6666666666666666,0.875,0.20833333333333337
YJU2B,0.6666666666666666,0.875,0.20833333333333337
CC2D1B,0.6666666666666666,0.875,0.20833333333333337
ARHGEF35-AS1,0.6666666666666666,0.875,0.20833333333333337
CFAP44,0.6666666666666666,0.875,0.20833333333333337
ENSG00000260971,0.6666666666666666,0.875,0.20833333333333337
FGF14,0.6666666666666666,0.875,0.20833333333333337
SNRPCP8,0.6666666666666666,0.875,0.20833333333333337
MOB3A,0.6666666666666666,0.875,0.20833333333333337
FN3KRP,0.6666666666666666,0.875,0.20833333333333337
DOCK11,0.6666666666666666,0.875,0.20833333333333337
IGSF6,0.6666666666666666,0.875,0.20833333333333337
ADGRF5,0.6666666666666666,0.875,0.20833333333333337
PREP,0.6666666666666666,0.875,0.20833333333333337
BAG4,0.6666666666666666,0.875,0.20833333333333337
DEPP1,0.6666666666666666,0.875,0.20833333333333337
CAPN10-DT,0.6666666666666666,0.875,0.20833333333333337
ENSG00000261684,0.6666666666666666,0.875,0.20833333333333337
SDHAF4,0.6666666666666666,0.875,0.20833333333333337
SPECC1L,0.6666666666666666,0.875,0.20833333333333337
ITPRIP,0.6666666666666666,0.875,0.20833333333333337
ARHGAP22,0.6666666666666666,0.875,0.20833333333333337
LARP4B,0.6666666666666666,0.875,0.20833333333333337
TUT7,0.6666666666666666,0.875,0.20833333333333337
STX11,0.6666666666666666,0.875,0.20833333333333337
CTBS,0.6666666666666666,0.875,0.20833333333333337
MTDH,0.6666666666666666,0.875,0.20833333333333337
ENSG00000285942,0.6666666666666666,0.875,0.20833333333333337
FCGRT,0.6666666666666666,0.875,0.20833333333333337
ENSG00000259536,0.6666666666666666,0.875,0.20833333333333337
ZNF773,0.6666666666666666,0.875,0.20833333333333337
DDA1,0.6666666666666666,0.875,0.20833333333333337
JADE2,0.6666666666666666,0.875,0.20833333333333337
PIM1,0.6666666666666666,0.875,0.20833333333333337
AK4,0.6666666666666666,0.875,0.20833333333333337
FKBP9,0.6666666666666666,0.875,0.20833333333333337
MTERF1,0.6666666666666666,0.875,0.20833333333333337
SSH1,0.6666666666666666,0.875,0.20833333333333337
CPEB4,0.6666666666666666,0.875,0.20833333333333337
SSH2,0.6666666666666666,0.875,0.20833333333333337
CHML,0.6666666666666666,0.875,0.20833333333333337
WDR19,0.6666666666666666,0.875,0.20833333333333337
SLC2A14,0.6666666666666666,0.875,0.20833333333333337
MET,0.6666666666666666,0.875,0.20833333333333337
MED12,0.6666666666666666,0.875,0.20833333333333337
KDM2A,0.6666666666666666,0.875,0.20833333333333337
LRCH4,0.6666666666666666,0.875,0.20833333333333337
ZNF596,0.6666666666666666,0.875,0.20833333333333337
NTAQ1,0.6666666666666666,0.875,0.20833333333333337
GRK5,0.6666666666666666,0.875,0.20833333333333337
CCDC85C,0.6666666666666666,0.875,0.20833333333333337
SLC66A2,0.6666666666666666,0.875,0.20833333333333337
SETBP1,0.6666666666666666,0.875,0.20833333333333337
NEK4,0.6666666666666666,0.875,0.20833333333333337
ENSG00000280087,0.6666666666666666,0.875,0.20833333333333337
LRRFIP1P1,0.6666666666666666,0.875,0.20833333333333337
GDPD5,0.16666666666666666,0.375,0.20833333333333334
PSTPIP2,0.16666666666666666,0.375,0.20833333333333334
PTGER2,0.16666666666666666,0.375,0.20833333333333334
ENSG00000264545,0.16666666666666666,0.375,0.20833333333333334
RAC1P2,0.16666666666666666,0.375,0.20833333333333334
ENSG00000291224,0.16666666666666666,0.375,0.20833333333333334
AP3D1,0.16666666666666666,0.375,0.20833333333333334
TMEM51,0.16666666666666666,0.375,0.20833333333333334
ACP3,0.16666666666666666,0.375,0.20833333333333334
PYM1,0.16666666666666666,0.375,0.20833333333333334
ENSG00000286555,0.16666666666666666,0.375,0.20833333333333334
PKIB,0.16666666666666666,0.375,0.20833333333333334
TMEM164,0.16666666666666666,0.375,0.20833333333333334
ZXDB,0.16666666666666666,0.375,0.20833333333333334
HDDC3,0.16666666666666666,0.375,0.20833333333333334
PRPSAP1,0.16666666666666666,0.375,0.20833333333333334
TMEM167B,0.16666666666666666,0.375,0.20833333333333334
ENSG00000262831,0.16666666666666666,0.375,0.20833333333333334
GPS2,0.16666666666666666,0.375,0.20833333333333334
STAM2,0.16666666666666666,0.375,0.20833333333333334
STAMBPL1,0.16666666666666666,0.375,0.20833333333333334
FST,0.16666666666666666,0.375,0.20833333333333334
TGFBRAP1,0.16666666666666666,0.375,0.20833333333333334
ENSG00000288915,0.16666666666666666,0.375,0.20833333333333334
ACBD3,0.16666666666666666,0.375,0.20833333333333334
ENSG00000289928,0.16666666666666666,0.375,0.20833333333333334
GMCL1,0.16666666666666666,0.375,0.20833333333333334
ENSG00000279838,0.16666666666666666,0.375,0.20833333333333334
GDE1,0.16666666666666666,0.375,0.20833333333333334
ENSG00000275719,0.16666666666666666,0.375,0.20833333333333334
SPTY2D1OS,0.16666666666666666,0.375,0.20833333333333334
ENSG00000289603,0.16666666666666666,0.375,0.20833333333333334
SYNJ1,0.16666666666666666,0.375,0.20833333333333334
SYNM-AS2,0.16666666666666666,0.375,0.20833333333333334
ENSG00000291066,0.16666666666666666,0.375,0.20833333333333334
GNAZ,0.16666666666666666,0.375,0.20833333333333334
ALG13,0.16666666666666666,0.375,0.20833333333333334
SNRPD2P1,0.16666666666666666,0.375,0.20833333333333334
ENSG00000271894,0.16666666666666666,0.375,0.20833333333333334
ENSG00000279996,0.16666666666666666,0.375,0.20833333333333334
POLG2,0.16666666666666666,0.375,0.20833333333333334
ST8SIA6-AS1,0.16666666666666666,0.375,0.20833333333333334
FTLP3,0.16666666666666666,0.375,0.20833333333333334
RBM4,0.16666666666666666,0.375,0.20833333333333334
SPRN,0.16666666666666666,0.375,0.20833333333333334
ENSG00000291065,0.16666666666666666,0.375,0.20833333333333334
PTDSS2,0.16666666666666666,0.375,0.20833333333333334
B3GAT2,0.16666666666666666,0.375,0.20833333333333334
EXOSC9,0.16666666666666666,0.375,0.20833333333333334
ENSG00000286289,0.16666666666666666,0.375,0.20833333333333334
ENSG00000262898,0.16666666666666666,0.375,0.20833333333333334
TBXA2R,0.16666666666666666,0.375,0.20833333333333334
ANKRD29,0.16666666666666666,0.375,0.20833333333333334
ATPSCKMT,0.16666666666666666,0.375,0.20833333333333334
RASSF9,0.16666666666666666,0.375,0.20833333333333334
ENSG00000268931,0.16666666666666666,0.375,0.20833333333333334
FLVCR2-AS1,0.16666666666666666,0.375,0.20833333333333334
ARHGAP17,0.16666666666666666,0.375,0.20833333333333334
ZNF782,0.16666666666666666,0.375,0.20833333333333334
SUOX,0.16666666666666666,0.375,0.20833333333333334
RAPGEFL1,0.16666666666666666,0.375,0.20833333333333334
FHL3,0.16666666666666666,0.375,0.20833333333333334
POLA2,0.16666666666666666,0.375,0.20833333333333334
GATA2-AS1,0.16666666666666666,0.375,0.20833333333333334
ENSG00000283201,0.16666666666666666,0.375,0.20833333333333334
FMC1-LUC7L2,0.16666666666666666,0.375,0.20833333333333334
FMN1,0.16666666666666666,0.375,0.20833333333333334
SNX32,0.16666666666666666,0.375,0.20833333333333334
POGLUT1,0.16666666666666666,0.375,0.20833333333333334
SPNS2,0.16666666666666666,0.375,0.20833333333333334
ADM,0.16666666666666666,0.375,0.20833333333333334
TMEM35A,0.16666666666666666,0.375,0.20833333333333334
SRP68,0.16666666666666666,0.375,0.20833333333333334
RCHY1,0.16666666666666666,0.375,0.20833333333333334
ENSG00000279811,0.16666666666666666,0.375,0.20833333333333334
RAB11FIP1,0.16666666666666666,0.375,0.20833333333333334
ENSG00000280400,0.16666666666666666,0.375,0.20833333333333334
ENSG00000282034,0.16666666666666666,0.375,0.20833333333333334
ENSG00000288745,0.16666666666666666,0.375,0.20833333333333334
ERRFI1,0.16666666666666666,0.375,0.20833333333333334
ATP5MG,0.16666666666666666,0.375,0.20833333333333334
TMEM100,0.16666666666666666,0.375,0.20833333333333334
ARID5A,0.16666666666666666,0.375,0.20833333333333334
RC3H1-IT1,0.16666666666666666,0.375,0.20833333333333334
ENSG00000289873,0.16666666666666666,0.375,0.20833333333333334
ENSG00000273314,0.16666666666666666,0.375,0.20833333333333334
ACKR2,0.16666666666666666,0.375,0.20833333333333334
ATP5PB,0.16666666666666666,0.375,0.20833333333333334
PRICKLE4,0.16666666666666666,0.375,0.20833333333333334
GPAT4-AS1,0.16666666666666666,0.375,0.20833333333333334
ENSG00000289210,0.16666666666666666,0.375,0.20833333333333334
FAM131B-AS2,0.16666666666666666,0.375,0.20833333333333334
ADPRH,0.16666666666666666,0.375,0.20833333333333334
GRK6,0.16666666666666666,0.375,0.20833333333333334
ARL16,0.16666666666666666,0.375,0.20833333333333334
ENSG00000269973,0.16666666666666666,0.375,0.20833333333333334
REPS1,0.16666666666666666,0.375,0.20833333333333334
PTTG1,0.16666666666666666,0.375,0.20833333333333334
POLR2B,0.16666666666666666,0.375,0.20833333333333334
SNHG15,0.16666666666666666,0.375,0.20833333333333334
TMC1,0.16666666666666666,0.375,0.20833333333333334
PSMB3P1,0.16666666666666666,0.375,0.20833333333333334
SPACA6-AS1,0.16666666666666666,0.375,0.20833333333333334
AMZ2,0.16666666666666666,0.375,0.20833333333333334
RINL,0.16666666666666666,0.375,0.20833333333333334
TESK2,0.16666666666666666,0.375,0.20833333333333334
TMEM140,0.16666666666666666,0.375,0.20833333333333334
POLL,0.16666666666666666,0.375,0.20833333333333334
H4C8,0.16666666666666666,0.375,0.20833333333333334
PNN,0.16666666666666666,0.375,0.20833333333333334
ST6GALNAC3,0.16666666666666666,0.375,0.20833333333333334
SVBP,0.16666666666666666,0.375,0.20833333333333334
ZNF565,0.16666666666666666,0.375,0.20833333333333334
ENSG00000280064,0.16666666666666666,0.375,0.20833333333333334
TMEM44-AS2,0.16666666666666666,0.375,0.20833333333333334
GABARAPL1-AS1,0.16666666666666666,0.375,0.20833333333333334
ENSG00000277151,0.16666666666666666,0.375,0.20833333333333334
GATAD2B,0.16666666666666666,0.375,0.20833333333333334
ENSG00000279526,0.16666666666666666,0.375,0.20833333333333334
ENSG00000272279,0.16666666666666666,0.375,0.20833333333333334
RNF216,0.16666666666666666,0.375,0.20833333333333334
PUDP,0.16666666666666666,0.375,0.20833333333333334
ENSG00000277639,0.16666666666666666,0.375,0.20833333333333334
SPAG4,0.16666666666666666,0.375,0.20833333333333334
EVC2,0.16666666666666666,0.375,0.20833333333333334
ENSG00000286482,0.16666666666666666,0.375,0.20833333333333334
STK32C,0.16666666666666666,0.375,0.20833333333333334
AKR1C3,0.16666666666666666,0.375,0.20833333333333334
ENSG00000289082,0.16666666666666666,0.375,0.20833333333333334
GATAD1,0.16666666666666666,0.375,0.20833333333333334
ENSG00000285733,0.16666666666666666,0.375,0.20833333333333334
ENSG00000265907,0.16666666666666666,0.375,0.20833333333333334
AKIP1,0.16666666666666666,0.375,0.20833333333333334
ENSG00000279539,0.16666666666666666,0.375,0.20833333333333334
RHPN2,0.16666666666666666,0.375,0.20833333333333334
ANKRD37,0.16666666666666666,0.375,0.20833333333333334
MOCS3,0.16666666666666666,0.375,0.20833333333333334
PCDHGA12,0.16666666666666666,0.375,0.20833333333333334
MAD2L1BP,0.16666666666666666,0.375,0.20833333333333334
DAPP1,0.16666666666666666,0.375,0.20833333333333334
PCSK6,0.16666666666666666,0.375,0.20833333333333334
DARS2,0.16666666666666666,0.375,0.20833333333333334
TYMSOS,0.16666666666666666,0.375,0.20833333333333334
CASZ1,0.16666666666666666,0.375,0.20833333333333334
DCAF12,0.16666666666666666,0.375,0.20833333333333334
NAA50,0.16666666666666666,0.375,0.20833333333333334
CISD2,0.16666666666666666,0.375,0.20833333333333334
WARS2,0.16666666666666666,0.375,0.20833333333333334
OARD1,0.16666666666666666,0.375,0.20833333333333334
WAKMAR2,0.16666666666666666,0.375,0.20833333333333334
PCMTD2,0.16666666666666666,0.375,0.20833333333333334
OCIAD1,0.16666666666666666,0.375,0.20833333333333334
PCGF5,0.16666666666666666,0.375,0.20833333333333334
UAP1L1,0.16666666666666666,0.375,0.20833333333333334
COX7A2L,0.16666666666666666,0.375,0.20833333333333334
CASKIN2,0.16666666666666666,0.375,0.20833333333333334
TNFSF12-TNFSF13,0.16666666666666666,0.375,0.20833333333333334
MSH3,0.16666666666666666,0.375,0.20833333333333334
DDIAS,0.16666666666666666,0.375,0.20833333333333334
MAEA,0.16666666666666666,0.375,0.20833333333333334
CAPS,0.16666666666666666,0.375,0.20833333333333334
DDOST,0.16666666666666666,0.375,0.20833333333333334
OLFML3,0.16666666666666666,0.375,0.20833333333333334
IFITM3P6,0.16666666666666666,0.375,0.20833333333333334
CAPRIN1,0.16666666666666666,0.375,0.20833333333333334
OLMALINC,0.16666666666666666,0.375,0.20833333333333334
KCNC4,0.16666666666666666,0.375,0.20833333333333334
LYRM4-AS1,0.16666666666666666,0.375,0.20833333333333334
ENSG00000235978,0.16666666666666666,0.375,0.20833333333333334
KIN,0.16666666666666666,0.375,0.20833333333333334
CPT2,0.16666666666666666,0.375,0.20833333333333334
NCK1,0.16666666666666666,0.375,0.20833333333333334
TRIM58,0.16666666666666666,0.375,0.20833333333333334
CCDC71,0.16666666666666666,0.375,0.20833333333333334
NSG1,0.16666666666666666,0.375,0.20833333333333334
CYP4B1,0.16666666666666666,0.375,0.20833333333333334
ECSIT,0.16666666666666666,0.375,0.20833333333333334
CCDC28A,0.16666666666666666,0.375,0.20833333333333334
ENSG00000232628,0.16666666666666666,0.375,0.20833333333333334
LRRC8B,0.16666666666666666,0.375,0.20833333333333334
ZNF140,0.16666666666666666,0.375,0.20833333333333334
E2F4,0.16666666666666666,0.375,0.20833333333333334
TWSG1-DT,0.16666666666666666,0.375,0.20833333333333334
ENSG00000234017,0.16666666666666666,0.375,0.20833333333333334
CREB3L2,0.16666666666666666,0.375,0.20833333333333334
CCDC138,0.16666666666666666,0.375,0.20833333333333334
ENSG00000234389,0.16666666666666666,0.375,0.20833333333333334
BLOC1S5-TXNDC5,0.16666666666666666,0.375,0.20833333333333334
LTO1,0.16666666666666666,0.375,0.20833333333333334
SDHAF1,0.16666666666666666,0.375,0.20833333333333334
TXLNG,0.16666666666666666,0.375,0.20833333333333334
UTP18,0.16666666666666666,0.375,0.20833333333333334
RNU6-977P,0.16666666666666666,0.375,0.20833333333333334
MRPS11,0.16666666666666666,0.375,0.20833333333333334
RYR2,0.16666666666666666,0.375,0.20833333333333334
PDAP1,0.16666666666666666,0.375,0.20833333333333334
CIART,0.16666666666666666,0.375,0.20833333333333334
NADK2,0.16666666666666666,0.375,0.20833333333333334
DPF2,0.16666666666666666,0.375,0.20833333333333334
CAMK4,0.16666666666666666,0.375,0.20833333333333334
HNRNPL,0.16666666666666666,0.375,0.20833333333333334
CNRIP1,0.16666666666666666,0.375,0.20833333333333334
ENSG00000255882,0.16666666666666666,0.375,0.20833333333333334
C4orf36,0.16666666666666666,0.375,0.20833333333333334
ENSG00000255750,0.16666666666666666,0.375,0.20833333333333334
ENSG00000250899,0.16666666666666666,0.375,0.20833333333333334
MVK,0.16666666666666666,0.375,0.20833333333333334
SLC35F2,0.16666666666666666,0.375,0.20833333333333334
MAST1,0.16666666666666666,0.375,0.20833333333333334
C3orf38,0.16666666666666666,0.375,0.20833333333333334
SANBR,0.16666666666666666,0.375,0.20833333333333334
ZFTRAF1,0.16666666666666666,0.375,0.20833333333333334
MVB12B,0.16666666666666666,0.375,0.20833333333333334
RPL13A,0.16666666666666666,0.375,0.20833333333333334
MBD1,0.16666666666666666,0.375,0.20833333333333334
VEZF1,0.16666666666666666,0.375,0.20833333333333334
VSIG10L2,0.16666666666666666,0.375,0.20833333333333334
SBNO1-AS1,0.16666666666666666,0.375,0.20833333333333334
MDFIC,0.16666666666666666,0.375,0.20833333333333334
COG4,0.16666666666666666,0.375,0.20833333333333334
COG7,0.16666666666666666,0.375,0.20833333333333334
MDM1,0.16666666666666666,0.375,0.20833333333333334
DIAPH2,0.16666666666666666,0.375,0.20833333333333334
IL12RB2,0.16666666666666666,0.375,0.20833333333333334
IL13,0.16666666666666666,0.375,0.20833333333333334
SART1,0.16666666666666666,0.375,0.20833333333333334
DHRS9,0.16666666666666666,0.375,0.20833333333333334
RPL10L,0.16666666666666666,0.375,0.20833333333333334
IL2RA,0.16666666666666666,0.375,0.20833333333333334
ENSG00000254676,0.16666666666666666,0.375,0.20833333333333334
ENSG00000250541,0.16666666666666666,0.375,0.20833333333333334
UBE2L3,0.16666666666666666,0.375,0.20833333333333334
CNBP,0.16666666666666666,0.375,0.20833333333333334
ENSG00000256029,0.16666666666666666,0.375,0.20833333333333334
ZC3H12D,0.16666666666666666,0.375,0.20833333333333334
KANSL2,0.16666666666666666,0.375,0.20833333333333334
COQ10A,0.16666666666666666,0.375,0.20833333333333334
CALML3-AS1,0.16666666666666666,0.375,0.20833333333333334
DOC2B,0.16666666666666666,0.375,0.20833333333333334
DEDD,0.16666666666666666,0.375,0.20833333333333334
CLIC6,0.16666666666666666,0.375,0.20833333333333334
CLINT1,0.16666666666666666,0.375,0.20833333333333334
RPS27AP5,0.16666666666666666,0.375,0.20833333333333334
OSBPL1A,0.16666666666666666,0.375,0.20833333333333334
COPS4,0.16666666666666666,0.375,0.20833333333333334
VPS33B,0.16666666666666666,0.375,0.20833333333333334
CADM4,0.16666666666666666,0.375,0.20833333333333334
JAK3,0.16666666666666666,0.375,0.20833333333333334
ENSG00000256967,0.16666666666666666,0.375,0.20833333333333334
MYDGF,0.16666666666666666,0.375,0.20833333333333334
CACNA2D1,0.16666666666666666,0.375,0.20833333333333334
PCDHB4,0.16666666666666666,0.375,0.20833333333333334
BTBD6,0.16666666666666666,0.375,0.20833333333333334
DENR,0.16666666666666666,0.375,0.20833333333333334
CACNA1H,0.16666666666666666,0.375,0.20833333333333334
CLU,0.16666666666666666,0.375,0.20833333333333334
OTUD1,0.16666666666666666,0.375,0.20833333333333334
SCML1,0.16666666666666666,0.375,0.20833333333333334
VCAM1,0.16666666666666666,0.375,0.20833333333333334
ISYNA1,0.16666666666666666,0.375,0.20833333333333334
ENSG00000250167,0.16666666666666666,0.375,0.20833333333333334
RPS15A,0.16666666666666666,0.375,0.20833333333333334
SARAF,0.16666666666666666,0.375,0.20833333333333334
CDC40,0.16666666666666666,0.375,0.20833333333333334
HMGN1P3,0.16666666666666666,0.375,0.20833333333333334
USP5,0.16666666666666666,0.375,0.20833333333333334
ELF3,0.16666666666666666,0.375,0.20833333333333334
MITD1,0.16666666666666666,0.375,0.20833333333333334
ZNF197,0.16666666666666666,0.375,0.20833333333333334
CENPV,0.16666666666666666,0.375,0.20833333333333334
UPF3A,0.16666666666666666,0.375,0.20833333333333334
ELOA,0.16666666666666666,0.375,0.20833333333333334
LEPR,0.16666666666666666,0.375,0.20833333333333334
LINC00672,0.16666666666666666,0.375,0.20833333333333334
TRIP6,0.16666666666666666,0.375,0.20833333333333334
ELP3,0.16666666666666666,0.375,0.20833333333333334
ELP6,0.16666666666666666,0.375,0.20833333333333334
NEO1,0.16666666666666666,0.375,0.20833333333333334
CSE1L,0.16666666666666666,0.375,0.20833333333333334
TRPV1,0.16666666666666666,0.375,0.20833333333333334
LINC02511,0.16666666666666666,0.375,0.20833333333333334
LINC01119,0.16666666666666666,0.375,0.20833333333333334
HIC1,0.16666666666666666,0.375,0.20833333333333334
NPC2,0.16666666666666666,0.375,0.20833333333333334
TTLL12,0.16666666666666666,0.375,0.20833333333333334
RSAD1,0.16666666666666666,0.375,0.20833333333333334
EIF3J,0.16666666666666666,0.375,0.20833333333333334
SH2D1A,0.16666666666666666,0.375,0.20833333333333334
CYB5R1,0.16666666666666666,0.375,0.20833333333333334
CD28,0.16666666666666666,0.375,0.20833333333333334
ENSG00000260996,0.16666666666666666,0.375,0.20833333333333334
ENSG00000260966,0.16666666666666666,0.375,0.20833333333333334
NOP10,0.16666666666666666,0.375,0.20833333333333334
LIF,0.16666666666666666,0.375,0.20833333333333334
LINC03002,0.16666666666666666,0.375,0.20833333333333334
PDPR2P,0.16666666666666666,0.375,0.20833333333333334
LGMN,0.16666666666666666,0.375,0.20833333333333334
PFKL,0.16666666666666666,0.375,0.20833333333333334
SGMS1,0.16666666666666666,0.375,0.20833333333333334
LGALSL,0.16666666666666666,0.375,0.20833333333333334
CEP162,0.16666666666666666,0.375,0.20833333333333334
YAP1,0.16666666666666666,0.375,0.20833333333333334
BBOX1,0.16666666666666666,0.375,0.20833333333333334
TSFM,0.16666666666666666,0.375,0.20833333333333334
EIF2B4,0.16666666666666666,0.375,0.20833333333333334
TRPT1,0.16666666666666666,0.375,0.20833333333333334
PEDS1-UBE2V1,0.16666666666666666,0.375,0.20833333333333334
TTC13,0.16666666666666666,0.375,0.20833333333333334
ENSG00000203325,0.16666666666666666,0.375,0.20833333333333334
LINC01409,0.16666666666666666,0.375,0.20833333333333334
ENO2,0.16666666666666666,0.375,0.20833333333333334
USP11,0.16666666666666666,0.375,0.20833333333333334
BACH1,0.16666666666666666,0.375,0.20833333333333334
ENSG00000228863,0.16666666666666666,0.375,0.20833333333333334
YIPF3,0.16666666666666666,0.375,0.20833333333333334
YEATS4,0.16666666666666666,0.375,0.20833333333333334
CDO1,0.16666666666666666,0.375,0.20833333333333334
EGR2,0.16666666666666666,0.375,0.20833333333333334
EHD1,0.16666666666666666,0.375,0.20833333333333334
USP3-AS1,0.16666666666666666,0.375,0.20833333333333334
WDR47,0.16666666666666666,0.375,0.20833333333333334
B4GALT7,0.16666666666666666,0.375,0.20833333333333334
NR3C1,0.16666666666666666,0.375,0.20833333333333334
CCL20,0.16666666666666666,0.375,0.20833333333333334
EIF2AK1,0.16666666666666666,0.375,0.20833333333333334
NKG7,0.16666666666666666,0.375,0.20833333333333334
LINC01750,0.16666666666666666,0.375,0.20833333333333334
RSRP1,0.16666666666666666,0.375,0.20833333333333334
CCL24,0.16666666666666666,0.375,0.20833333333333334
SMAP2,0.16666666666666666,0.375,0.20833333333333334
NPM1P30,0.16666666666666666,0.375,0.20833333333333334
SMIM33,0.16666666666666666,0.375,0.20833333333333334
HEY2,0.16666666666666666,0.375,0.20833333333333334
TMX4-AS1,0.16666666666666666,0.375,0.20833333333333334
PLSCR4,1.1666666666666667,1.375,0.20833333333333326
BORCS5,1.1666666666666667,1.375,0.20833333333333326
RASAL2,1.1666666666666667,1.375,0.20833333333333326
PRRG4,1.1666666666666667,1.375,0.20833333333333326
ENSG00000241352,1.1666666666666667,1.375,0.20833333333333326
GALNT16,1.1666666666666667,1.375,0.20833333333333326
GNLY,1.1666666666666667,1.375,0.20833333333333326
VPS41,1.6666666666666667,1.875,0.20833333333333326
LYN,1.1666666666666667,1.375,0.20833333333333326
ADAM9,1.1666666666666667,1.375,0.20833333333333326
POLR1D,1.1666666666666667,1.375,0.20833333333333326
SCAMP1,1.1666666666666667,1.375,0.20833333333333326
ACTR3,1.6666666666666667,1.875,0.20833333333333326
MAP3K20,1.6666666666666667,1.875,0.20833333333333326
FBXO3,1.1666666666666667,1.375,0.20833333333333326
CSPP1,1.1666666666666667,1.375,0.20833333333333326
CLSTN2,1.1666666666666667,1.375,0.20833333333333326
KIF2A,1.6666666666666667,1.875,0.20833333333333326
PAG1,1.6666666666666667,1.875,0.20833333333333326
MACF1,4.333333333333333,4.5,0.16666666666666696
TFDP2,1.3333333333333333,1.5,0.16666666666666674
SEPTIN9,1.8333333333333333,2.0,0.16666666666666674
USP31,1.3333333333333333,1.5,0.16666666666666674
DPY19L1,1.3333333333333333,1.5,0.16666666666666674
DHDDS,1.3333333333333333,1.5,0.16666666666666674
ATXN1,1.3333333333333333,1.5,0.16666666666666674
SLC35A3,1.3333333333333333,1.5,0.16666666666666674
DDX6,1.3333333333333333,1.5,0.16666666666666674
PNP,1.3333333333333333,1.5,0.16666666666666674
ETNK1,1.3333333333333333,1.5,0.16666666666666674
ATP1A1-AS1,1.3333333333333333,1.5,0.16666666666666674
LUZP1,1.3333333333333333,1.5,0.16666666666666674
ODF3B,0.3333333333333333,0.5,0.16666666666666669
ENSG00000286553,0.3333333333333333,0.5,0.16666666666666669
ENSG00000275765,0.3333333333333333,0.5,0.16666666666666669
YBX3P1,0.3333333333333333,0.5,0.16666666666666669
CCDC134,0.3333333333333333,0.5,0.16666666666666669
MAZ,0.3333333333333333,0.5,0.16666666666666669
STX6,0.3333333333333333,0.5,0.16666666666666669
ADNP,0.3333333333333333,0.5,0.16666666666666669
LTF,0.3333333333333333,0.5,0.16666666666666669
CEACAM19,0.3333333333333333,0.5,0.16666666666666669
GIPC1,0.3333333333333333,0.5,0.16666666666666669
PSMA6,0.3333333333333333,0.5,0.16666666666666669
LUC7L,0.3333333333333333,0.5,0.16666666666666669
FAM210B,0.3333333333333333,0.5,0.16666666666666669
CCDC107,0.3333333333333333,0.5,0.16666666666666669
IRF4,0.3333333333333333,0.5,0.16666666666666669
NDUFAF2,0.3333333333333333,0.5,0.16666666666666669
CHRNE,0.3333333333333333,0.5,0.16666666666666669
NFASC,0.3333333333333333,0.5,0.16666666666666669
PSMB4,0.3333333333333333,0.5,0.16666666666666669
STK32B,0.3333333333333333,0.5,0.16666666666666669
LINC01135,0.3333333333333333,0.5,0.16666666666666669
KLF10,0.3333333333333333,0.5,0.16666666666666669
TM7SF3,0.3333333333333333,0.5,0.16666666666666669
SCGB1B2P,0.3333333333333333,0.5,0.16666666666666669
ST3GAL5,0.3333333333333333,0.5,0.16666666666666669
APOD,0.3333333333333333,0.5,0.16666666666666669
LINC02384,0.3333333333333333,0.5,0.16666666666666669
UBE2F,0.3333333333333333,0.5,0.16666666666666669
NUDCD3,0.3333333333333333,0.5,0.16666666666666669
PTPRC,0.3333333333333333,0.5,0.16666666666666669
ZCCHC7,0.3333333333333333,0.5,0.16666666666666669
AP4M1,0.3333333333333333,0.5,0.16666666666666669
ZNF571,0.3333333333333333,0.5,0.16666666666666669
TGIF2,0.3333333333333333,0.5,0.16666666666666669
YWHAB,0.3333333333333333,0.5,0.16666666666666669
PLSCR2,0.3333333333333333,0.5,0.16666666666666669
ENSG00000254578,0.3333333333333333,0.5,0.16666666666666669
ECT2,0.3333333333333333,0.5,0.16666666666666669
ENSG00000232346,0.3333333333333333,0.5,0.16666666666666669
ENSG00000177359,0.3333333333333333,0.5,0.16666666666666669
ENSG00000271204,0.3333333333333333,0.5,0.16666666666666669
YIPF5,0.3333333333333333,0.5,0.16666666666666669
COL15A1,0.3333333333333333,0.5,0.16666666666666669
ZFHX2-AS1,0.3333333333333333,0.5,0.16666666666666669
UBFD1,0.3333333333333333,0.5,0.16666666666666669
EFHD2,0.3333333333333333,0.5,0.16666666666666669
KLHL7,0.3333333333333333,0.5,0.16666666666666669
ERF,0.3333333333333333,0.5,0.16666666666666669
RCCD1,0.3333333333333333,0.5,0.16666666666666669
ENSG00000290537,0.3333333333333333,0.5,0.16666666666666669
VIPR1,0.3333333333333333,0.5,0.16666666666666669
ENSG00000124593,0.3333333333333333,0.5,0.16666666666666669
CCND1,0.3333333333333333,0.5,0.16666666666666669
WDR26,0.3333333333333333,0.5,0.16666666666666669
TGS1,0.3333333333333333,0.5,0.16666666666666669
WWP1,0.3333333333333333,0.5,0.16666666666666669
C1orf21,0.3333333333333333,0.5,0.16666666666666669
ENSG00000285458,0.3333333333333333,0.5,0.16666666666666669
RLIM,0.3333333333333333,0.5,0.16666666666666669
GLS,0.3333333333333333,0.5,0.16666666666666669
EMG1,0.3333333333333333,0.5,0.16666666666666669
CA12,0.3333333333333333,0.5,0.16666666666666669
SPNS1,0.3333333333333333,0.5,0.16666666666666669
ENSG00000291250,0.3333333333333333,0.5,0.16666666666666669
LGALS3,0.3333333333333333,0.5,0.16666666666666669
SUSD5,0.3333333333333333,0.5,0.16666666666666669
CASTOR2,0.3333333333333333,0.5,0.16666666666666669
EIF3L,0.3333333333333333,0.5,0.16666666666666669
GATA3,0.3333333333333333,0.5,0.16666666666666669
ARHGAP5,0.3333333333333333,0.5,0.16666666666666669
EIF5AL1,0.3333333333333333,0.5,0.16666666666666669
EIF5A,0.3333333333333333,0.5,0.16666666666666669
RELA-DT,0.3333333333333333,0.5,0.16666666666666669
ADAMTSL4,0.3333333333333333,0.5,0.16666666666666669
RPL19P21,0.3333333333333333,0.5,0.16666666666666669
KBTBD8,0.3333333333333333,0.5,0.16666666666666669
NOL6,0.3333333333333333,0.5,0.16666666666666669
GAPVD1,0.3333333333333333,0.5,0.16666666666666669
LLGL1,0.3333333333333333,0.5,0.16666666666666669
ZNF496,0.3333333333333333,0.5,0.16666666666666669
EOMES,0.3333333333333333,0.5,0.16666666666666669
ENSG00000238142,0.3333333333333333,0.5,0.16666666666666669
SPINK4,0.3333333333333333,0.5,0.16666666666666669
ADGRA2,0.3333333333333333,0.5,0.16666666666666669
SEMA3G,0.3333333333333333,0.5,0.16666666666666669
STON1-GTF2A1L,0.3333333333333333,0.5,0.16666666666666669
CD300LG,0.3333333333333333,0.5,0.16666666666666669
SPINK5,0.3333333333333333,0.5,0.16666666666666669
PSMG1,0.3333333333333333,0.5,0.16666666666666669
TRAM2-AS1,0.3333333333333333,0.5,0.16666666666666669
PXDC1,0.3333333333333333,0.5,0.16666666666666669
ARGLU1,0.3333333333333333,0.5,0.16666666666666669
GAB2,0.3333333333333333,0.5,0.16666666666666669
ENSG00000274021,0.3333333333333333,0.5,0.16666666666666669
ENSG00000274944,0.3333333333333333,0.5,0.16666666666666669
EXOSC6,0.3333333333333333,0.5,0.16666666666666669
VPS13D,0.3333333333333333,0.5,0.16666666666666669
SETD9,0.3333333333333333,0.5,0.16666666666666669
GEMIN5,0.3333333333333333,0.5,0.16666666666666669
FUBP1,0.3333333333333333,0.5,0.16666666666666669
SPTAN1,0.3333333333333333,0.5,0.16666666666666669
UBL7-DT,0.3333333333333333,0.5,0.16666666666666669
ENSG00000278899,0.3333333333333333,0.5,0.16666666666666669
DNAJC25,0.3333333333333333,0.5,0.16666666666666669
FAM153CP,0.3333333333333333,0.5,0.16666666666666669
FUT2,0.3333333333333333,0.5,0.16666666666666669
POLE4,0.3333333333333333,0.5,0.16666666666666669
SCN3A,0.3333333333333333,0.5,0.16666666666666669
FITM2,0.3333333333333333,0.5,0.16666666666666669
NEK7,0.3333333333333333,0.5,0.16666666666666669
EPB41L3,0.3333333333333333,0.5,0.16666666666666669
GDAP2,0.3333333333333333,0.5,0.16666666666666669
ELOB,0.3333333333333333,0.5,0.16666666666666669
CD93,0.3333333333333333,0.5,0.16666666666666669
FIBP,0.3333333333333333,0.5,0.16666666666666669
SH3D21,0.3333333333333333,0.5,0.16666666666666669
TENM1,0.3333333333333333,0.5,0.16666666666666669
OSBPL11,0.3333333333333333,0.5,0.16666666666666669
SLC23A2,0.3333333333333333,0.5,0.16666666666666669
KIF21B,0.3333333333333333,0.5,0.16666666666666669
NNT,0.3333333333333333,0.5,0.16666666666666669
NOC2L,0.3333333333333333,0.5,0.16666666666666669
KIF20B,0.3333333333333333,0.5,0.16666666666666669
ADGRF5-AS1,0.3333333333333333,0.5,0.16666666666666669
SWT1,0.3333333333333333,0.5,0.16666666666666669
ENSG00000247903,0.3333333333333333,0.5,0.16666666666666669
MIR3142HG,0.3333333333333333,0.5,0.16666666666666669
ENSG00000267585,0.3333333333333333,0.5,0.16666666666666669
COQ8A,0.3333333333333333,0.5,0.16666666666666669
SAMD12,0.3333333333333333,0.5,0.16666666666666669
BRI3,0.3333333333333333,0.5,0.16666666666666669
ACAD9,0.3333333333333333,0.5,0.16666666666666669
ENSG00000258017,0.3333333333333333,0.5,0.16666666666666669
DDIT4L,0.3333333333333333,0.5,0.16666666666666669
RNF144B,0.3333333333333333,0.5,0.16666666666666669
IER3IP1,0.3333333333333333,0.5,0.16666666666666669
PCGF1,0.3333333333333333,0.5,0.16666666666666669
MGMT,0.3333333333333333,0.5,0.16666666666666669
PCK1,0.3333333333333333,0.5,0.16666666666666669
ZNF331,0.3333333333333333,0.5,0.16666666666666669
RPUSD4,0.3333333333333333,0.5,0.16666666666666669
PIR,0.3333333333333333,0.5,0.16666666666666669
ENSG00000267705,0.3333333333333333,0.5,0.16666666666666669
PLA2G12A,0.3333333333333333,0.5,0.16666666666666669
ENSG00000289788,0.3333333333333333,0.5,0.16666666666666669
GPR161,0.3333333333333333,0.5,0.16666666666666669
PCDHB9,0.3333333333333333,0.5,0.16666666666666669
TNRC6A,0.3333333333333333,0.5,0.16666666666666669
MESD,0.3333333333333333,0.5,0.16666666666666669
ENSG00000287109,0.3333333333333333,0.5,0.16666666666666669
BTF3L4,0.3333333333333333,0.5,0.16666666666666669
ZFYVE26,0.3333333333333333,0.5,0.16666666666666669
SLC40A1,0.3333333333333333,0.5,0.16666666666666669
BTAF1,0.3333333333333333,0.5,0.16666666666666669
CTBP1,0.3333333333333333,0.5,0.16666666666666669
DENND2D,0.3333333333333333,0.5,0.16666666666666669
IGHG2,0.3333333333333333,0.5,0.16666666666666669
ZNF382,0.3333333333333333,0.5,0.16666666666666669
PLAGL2,0.3333333333333333,0.5,0.16666666666666669
BST1,0.3333333333333333,0.5,0.16666666666666669
UBXN2B,0.3333333333333333,0.5,0.16666666666666669
ZNF112,0.3333333333333333,0.5,0.16666666666666669
UIMC1,0.3333333333333333,0.5,0.16666666666666669
TNS2,0.3333333333333333,0.5,0.16666666666666669
ENSG00000287774,0.3333333333333333,0.5,0.16666666666666669
CRMP1,0.3333333333333333,0.5,0.16666666666666669
RNF216P1,0.3333333333333333,0.5,0.16666666666666669
CROCCP2,0.3333333333333333,0.5,0.16666666666666669
HAGHL,0.3333333333333333,0.5,0.16666666666666669
HAS2,0.3333333333333333,0.5,0.16666666666666669
CRYZL2P-SEC16B,0.3333333333333333,0.5,0.16666666666666669
ZNF229,0.3333333333333333,0.5,0.16666666666666669
MMADHCP2,0.3333333333333333,0.5,0.16666666666666669
CSNK1D,0.3333333333333333,0.5,0.16666666666666669
RASSF3,0.3333333333333333,0.5,0.16666666666666669
HDAC4,0.3333333333333333,0.5,0.16666666666666669
RTL6,0.3333333333333333,0.5,0.16666666666666669
HES7,0.3333333333333333,0.5,0.16666666666666669
ENSG00000288924,0.3333333333333333,0.5,0.16666666666666669
MOCS1,0.3333333333333333,0.5,0.16666666666666669
H2AZ1,0.3333333333333333,0.5,0.16666666666666669
PIGC,0.3333333333333333,0.5,0.16666666666666669
CYCSP40,0.3333333333333333,0.5,0.16666666666666669
PDE8A,0.3333333333333333,0.5,0.16666666666666669
ENSG00000259556,0.3333333333333333,0.5,0.16666666666666669
BMAL1,0.3333333333333333,0.5,0.16666666666666669
HPSE2,0.3333333333333333,0.5,0.16666666666666669
PDE4A,0.3333333333333333,0.5,0.16666666666666669
RNU6-936P,0.3333333333333333,0.5,0.16666666666666669
ABCF3,0.3333333333333333,0.5,0.16666666666666669
CRIP1,0.3333333333333333,0.5,0.16666666666666669
HNMT,0.3333333333333333,0.5,0.16666666666666669
ABCC3,0.3333333333333333,0.5,0.16666666666666669
USP54,0.3333333333333333,0.5,0.16666666666666669
TBC1D32,0.3333333333333333,0.5,0.16666666666666669
GVINP2,0.3333333333333333,0.5,0.16666666666666669
PIGG,0.3333333333333333,0.5,0.16666666666666669
ATP6V1E1,0.3333333333333333,0.5,0.16666666666666669
UBR1,0.3333333333333333,0.5,0.16666666666666669
NGLY1,0.3333333333333333,0.5,0.16666666666666669
ZNF93,0.3333333333333333,0.5,0.16666666666666669
DGKZ,0.3333333333333333,0.5,0.16666666666666669
ENSG00000270605,0.3333333333333333,0.5,0.16666666666666669
SLC35B1,0.3333333333333333,0.5,0.16666666666666669
GOLIM4,0.3333333333333333,0.5,0.16666666666666669
BZW1,0.3333333333333333,0.5,0.16666666666666669
GNB5,0.3333333333333333,0.5,0.16666666666666669
UBN2,0.3333333333333333,0.5,0.16666666666666669
ZFPM1,0.3333333333333333,0.5,0.16666666666666669
ENSG00000290013,0.3333333333333333,0.5,0.16666666666666669
DHRS3,0.3333333333333333,0.5,0.16666666666666669
GNPNAT1,0.3333333333333333,0.5,0.16666666666666669
MTHFD2L,0.3333333333333333,0.5,0.16666666666666669
ENSG00000255508,0.8333333333333334,1.0,0.16666666666666663
ARHGEF39,0.8333333333333334,1.0,0.16666666666666663
IGLV6-57,0.8333333333333334,1.0,0.16666666666666663
PDHB,0.8333333333333334,1.0,0.16666666666666663
GNA12,0.8333333333333334,1.0,0.16666666666666663
WWP2,0.8333333333333334,1.0,0.16666666666666663
WDR82,0.8333333333333334,1.0,0.16666666666666663
IRAK4,0.8333333333333334,1.0,0.16666666666666663
RPL5P9,0.8333333333333334,1.0,0.16666666666666663
ENSG00000285130,0.8333333333333334,1.0,0.16666666666666663
CPED1,0.8333333333333334,1.0,0.16666666666666663
WTAP,0.8333333333333334,1.0,0.16666666666666663
EPRS1,0.8333333333333334,1.0,0.16666666666666663
ZNF621,0.8333333333333334,1.0,0.16666666666666663
ENSG00000257027,0.8333333333333334,1.0,0.16666666666666663
NUSAP1,0.8333333333333334,1.0,0.16666666666666663
EEF1G,0.8333333333333334,1.0,0.16666666666666663
RPL5P24,0.8333333333333334,1.0,0.16666666666666663
PTBP1,0.8333333333333334,1.0,0.16666666666666663
TSPYL4,0.8333333333333334,1.0,0.16666666666666663
CNOT1,0.8333333333333334,1.0,0.16666666666666663
PSMF1,0.8333333333333334,1.0,0.16666666666666663
PTGIS,0.8333333333333334,1.0,0.16666666666666663
AKAP1,0.8333333333333334,1.0,0.16666666666666663
RAB11B,0.8333333333333334,1.0,0.16666666666666663
EEF2K,0.8333333333333334,1.0,0.16666666666666663
SULF2,0.8333333333333334,1.0,0.16666666666666663
AP3M1,0.8333333333333334,1.0,0.16666666666666663
DAZAP2,0.8333333333333334,1.0,0.16666666666666663
MTMR7,0.8333333333333334,1.0,0.16666666666666663
PML,0.8333333333333334,1.0,0.16666666666666663
GALC,0.8333333333333334,1.0,0.16666666666666663
UTP25,0.8333333333333334,1.0,0.16666666666666663
BARD1,2.8333333333333335,3.0,0.16666666666666652
ADAM17,2.8333333333333335,3.0,0.16666666666666652
ZNF83,2.3333333333333335,2.5,0.16666666666666652
CYP20A1,8.333333333333334,8.5,0.16666666666666607
LKAAEAR1,0.0,0.125,0.125
SYT15B,0.0,0.125,0.125
ENSG00000289188,0.0,0.125,0.125
NDUFC2,0.0,0.125,0.125
EXTL1,0.0,0.125,0.125
MRPL24,0.0,0.125,0.125
MEA1,0.0,0.125,0.125
NDUFB3,0.0,0.125,0.125
SELENOT,0.0,0.125,0.125
MRPL27,0.0,0.125,0.125
MIR6084,0.0,0.125,0.125
PTBP3,0.5,0.625,0.125
LIX1L-AS1,0.0,0.125,0.125
TARDBP,0.5,0.625,0.125
PSORS1C1,0.0,0.125,0.125
LIX1-AS1,0.0,0.125,0.125
ENSG00000289104,0.0,0.125,0.125
MIR6821,0.0,0.125,0.125
ENSG00000289111,0.0,0.125,0.125
FABP3,0.0,0.125,0.125
STRAP,0.0,0.125,0.125
TAS2R15P,0.0,0.125,0.125
TAS2R14,0.0,0.125,0.125
SEMA3F,0.5,0.625,0.125
LIPC,0.0,0.125,0.125
FA2H,0.0,0.125,0.125
MIR646HG,0.0,0.125,0.125
STRN3,0.0,0.125,0.125
NECAB3,0.0,0.125,0.125
PSMG2,1.0,1.125,0.125
NECAB2,0.0,0.125,0.125
STT3A,0.5,0.625,0.125
RPS6KL1,0.0,0.125,0.125
STT3B,0.5,0.625,0.125
ENSG00000289152,0.0,0.125,0.125
RUSC2,0.0,0.125,0.125
RPL9P2,0.0,0.125,0.125
ENSG00000289175,0.0,0.125,0.125
ENSG00000289177,0.0,0.125,0.125
MTMR11,0.0,0.125,0.125
EYA3,0.0,0.125,0.125
EXOSC7,0.0,0.125,0.125
RGL2,0.0,0.125,0.125
PTCD1,0.0,0.125,0.125
ENSG00000290395,0.0,0.125,0.125
LOXL3,0.0,0.125,0.125
LOXL4,0.0,0.125,0.125
NDUFA11,0.0,0.125,0.125
RPS10P9,0.0,0.125,0.125
ENSG00000289250,0.0,0.125,0.125
RPS11,0.0,0.125,0.125
TAOK3,0.5,0.625,0.125
ENSG00000289258,0.0,0.125,0.125
ENSG00000289261,0.0,0.125,0.125
NDN,0.0,0.125,0.125
NCRNA00250,0.0,0.125,0.125
ENSG00000290535,0.0,0.125,0.125
LRCOL1,0.0,0.125,0.125
RFX2,1.0,1.125,0.125
NCOA5,0.0,0.125,0.125
MIR4634,0.0,0.125,0.125
ETNK2,0.0,0.125,0.125
MED28P3,0.0,0.125,0.125
RPS15,0.0,0.125,0.125
SEC14L2,0.0,0.125,0.125
PTH1R,0.0,0.125,0.125
ENSG00000289284,0.0,0.125,0.125
SEC11C,0.0,0.125,0.125
TALAM1,0.5,0.625,0.125
MIR4284,0.0,0.125,0.125
MIR4680,0.0,0.125,0.125
ENSG00000289244,0.0,0.125,0.125
LONRF3,0.0,0.125,0.125
STX3,0.5,0.625,0.125
ENSG00000289218,0.0,0.125,0.125
EXOSC10-AS1,0.0,0.125,0.125
NDUFB2,0.0,0.125,0.125
LMNTD2,0.0,0.125,0.125
MRPL2P1,0.0,0.125,0.125
LMO4,0.0,0.125,0.125
NDUFAF5,0.0,0.125,0.125
NDUFAF2P2,0.0,0.125,0.125
MIR493HG,0.0,0.125,0.125
ENSG00000289228,0.0,0.125,0.125
LNC-LBCS,0.0,0.125,0.125
PTENP1,0.0,0.125,0.125
PTGES2-AS1,0.0,0.125,0.125
LNCATV,0.0,0.125,0.125
LNP1,0.0,0.125,0.125
NDUFA6-DT,0.0,0.125,0.125
ENSG00000290427,0.0,0.125,0.125
LNPK,0.0,0.125,0.125
PTGER1,0.0,0.125,0.125
ENSG00000289230,0.0,0.125,0.125
LNX1-AS1,0.0,0.125,0.125
ENSG00000289231,0.0,0.125,0.125
MIR4804,0.0,0.125,0.125
MIR4751,0.0,0.125,0.125
MIR6858,0.0,0.125,0.125
SEMA5B,0.0,0.125,0.125
SEMA3F-AS1,0.0,0.125,0.125
LINC02188,0.0,0.125,0.125
RPL7AP28,0.0,0.125,0.125
ENSG00000290051,0.0,0.125,0.125
PSIP1P1,0.0,0.125,0.125
ENSG00000288927,0.0,0.125,0.125
STAU1,0.0,0.125,0.125
RTN4R,0.0,0.125,0.125
FAM222A,0.0,0.125,0.125
RPL7AP39,0.0,0.125,0.125
LINC02206,0.0,0.125,0.125
MMRN1,0.0,0.125,0.125
ENSG00000288928,0.0,0.125,0.125
PSMA6P1,0.0,0.125,0.125
ENSG00000288945,0.0,0.125,0.125
STIP1,0.0,0.125,0.125
PSMB3,0.0,0.125,0.125
LINC02232,0.0,0.125,0.125
MMP28,0.0,0.125,0.125
MMP16,0.5,0.625,0.125
RPL7AP60,0.0,0.125,0.125
RPL7AP66,0.0,0.125,0.125
STK19,0.0,0.125,0.125
PSMB5,0.0,0.125,0.125
MPIG6B,0.0,0.125,0.125
LINC02313,0.0,0.125,0.125
PSMC3IP,0.0,0.125,0.125
RTP4,0.0,0.125,0.125
ENSG00000288995,0.5,0.625,0.125
FAM241B,0.0,0.125,0.125
LINC02175,0.0,0.125,0.125
MED28,2.5,2.625,0.125
LINC02154,0.0,0.125,0.125
RTKN,0.0,0.125,0.125
NFYA,0.0,0.125,0.125
FAM83A-AS1,0.0,0.125,0.125
ENSG00000288910,0.0,0.125,0.125
FAM83A,0.0,0.125,0.125
ENSG00000288912,0.0,0.125,0.125
LINC01852,0.0,0.125,0.125
LINC01882,0.5,0.625,0.125
ENSG00000288913,0.0,0.125,0.125
TAB1,0.0,0.125,0.125
NFIL3,0.0,0.125,0.125
SERPINA1,0.0,0.125,0.125
ENSG00000288917,0.0,0.125,0.125
MORN3,0.0,0.125,0.125
LINC01989,0.0,0.125,0.125
LINC02006,0.0,0.125,0.125
LINC02026,0.0,0.125,0.125
NFIA-AS2,0.0,0.125,0.125
LINC02029,0.0,0.125,0.125
LINC02091,0.0,0.125,0.125
PSAT1,0.0,0.125,0.125
RGS11,0.0,0.125,0.125
FAM47E,0.0,0.125,0.125
STAT2,0.0,0.125,0.125
ENSG00000290056,0.0,0.125,0.125
LINC02094,0.0,0.125,0.125
RPL7AP20,0.0,0.125,0.125
SEPTIN7-DT,0.0,0.125,0.125
MPP3,0.0,0.125,0.125
PSME3IP1,0.0,0.125,0.125
MRFAP1P1,0.0,0.125,0.125
ENSG00000289047,0.0,0.125,0.125
NEFH,0.0,0.125,0.125
SEMA7A,0.0,0.125,0.125
PSMD6-AS1,0.0,0.125,0.125
SEMA6C,0.0,0.125,0.125
RAB33A,0.0,0.125,0.125
ENSG00000289067,0.0,0.125,0.125
ENSG00000289074,0.0,0.125,0.125
LINC02960,0.0,0.125,0.125
LINC02965,0.0,0.125,0.125
TAS2R30,0.0,0.125,0.125
LINC02970,0.0,0.125,0.125
STOML1,0.0,0.125,0.125
NECTIN3,0.0,0.125,0.125
PSME2P1,0.0,0.125,0.125
MROCKI,0.0,0.125,0.125
FAHD2CP,0.0,0.125,0.125
MIS18A-AS1,0.0,0.125,0.125
PTMAP11,0.0,0.125,0.125
LINC02978,0.0,0.125,0.125
RUNDC3A,0.0,0.125,0.125
SEMA4A,0.0,0.125,0.125
MROH1,0.5,0.625,0.125
RASGEF1C,0.0,0.125,0.125
FADS6,0.0,0.125,0.125
STOX1,0.0,0.125,0.125
ENSG00000289100,0.0,0.125,0.125
LINC02714,0.0,0.125,0.125
FAM117B,0.0,0.125,0.125
LINC02352,0.0,0.125,0.125
ENSG00000289046,0.0,0.125,0.125
MMD,0.0,0.125,0.125
FAM169A,0.0,0.125,0.125
PSMC4,0.0,0.125,0.125
FAM168A,1.5,1.625,0.125
ENSG00000290039,0.0,0.125,0.125
RPS6KB1,0.0,0.125,0.125
FAM157D,0.0,0.125,0.125
LINC02541,0.0,0.125,0.125
MPPE1,1.0,1.125,0.125
ENSG00000289023,0.0,0.125,0.125
FAM157C,0.0,0.125,0.125
MPV17L,0.0,0.125,0.125
MRAP,0.0,0.125,0.125
ENSG00000289029,0.0,0.125,0.125
MECOM-AS1,0.0,0.125,0.125
ENSG00000290106,0.0,0.125,0.125
FAM153A,0.0,0.125,0.125
STK36,0.0,0.125,0.125
SENP3,0.0,0.125,0.125
STK39,0.0,0.125,0.125
ENSG00000289038,0.0,0.125,0.125
RPL7P42,0.0,0.125,0.125
FAM13A-AS1,0.0,0.125,0.125
NEK10,0.0,0.125,0.125
MLF1-DT,0.0,0.125,0.125
RUFY2,1.0,1.125,0.125
MKRN2OS,0.0,0.125,0.125
SAP30L,0.0,0.125,0.125
MIR423,0.0,0.125,0.125
LRRC24,0.0,0.125,0.125
ENSG00000291234,0.0,0.125,0.125
MYRF,0.0,0.125,0.125
MYPOP,0.0,0.125,0.125
PYHIN1,0.0,0.125,0.125
MALAT1,0.5,0.625,0.125
SCARB1,2.5,2.625,0.125
MALRD1,0.0,0.125,0.125
RPS26P47,0.0,0.125,0.125
MST1R,0.0,0.125,0.125
MAML3,0.0,0.125,0.125
MTCYBP42,0.0,0.125,0.125
MAMLD1,0.0,0.125,0.125
SAMD12-AS1,0.0,0.125,0.125
SCTR,0.0,0.125,0.125
MFAP3L,0.0,0.125,0.125
SYDE1,0.0,0.125,0.125
SCRT1,0.0,0.125,0.125
MAN2A2,0.5,0.625,0.125
ENSG00000289733,0.0,0.125,0.125
ENSG00000289744,0.0,0.125,0.125
RABEPK,0.5,0.625,0.125
MYO5B,0.0,0.125,0.125
SAMD14,0.0,0.125,0.125
MYO3A,0.0,0.125,0.125
SCCPDH,0.0,0.125,0.125
MAP2K3,0.0,0.125,0.125
MYO1B-AS1,0.0,0.125,0.125
QPCT,0.0,0.125,0.125
SCUBE3,0.0,0.125,0.125
MAGT1,0.0,0.125,0.125
MYO19,0.0,0.125,0.125
RADIL,0.0,0.125,0.125
ENTPD6,0.0,0.125,0.125
SUV39H2-DT,0.0,0.125,0.125
SUZ12P1,0.0,0.125,0.125
SV2B,0.0,0.125,0.125
MAD2L2,0.0,0.125,0.125
REEP4,0.0,0.125,0.125
N4BP3,0.0,0.125,0.125
N4BP1,0.0,0.125,0.125
ENSG00000290778,0.0,0.125,0.125
MAGEH1,0.0,0.125,0.125
ENSG00000291297,0.0,0.125,0.125
RAET1L,0.0,0.125,0.125
MGAT4C,0.0,0.125,0.125
MCEMP1,0.0,0.125,0.125
ENSG00000291290,0.0,0.125,0.125
MZB1,0.0,0.125,0.125
ENSG00000289623,0.0,0.125,0.125
RAET1G,0.0,0.125,0.125
SCYL2P1,0.0,0.125,0.125
MYZAP,0.0,0.125,0.125
MFSD8,0.5,0.625,0.125
SAC3D1,0.0,0.125,0.125
RBM27,0.0,0.125,0.125
TAF13,1.0,1.125,0.125
RPS26P28,0.0,0.125,0.125
ENSG00000290784,0.0,0.125,0.125
SAE1,0.0,0.125,0.125
ENSG00000289791,0.0,0.125,0.125
ENSG00000291176,0.0,0.125,0.125
RFESDP1,0.0,0.125,0.125
ENSG00000290916,0.0,0.125,0.125
ENSG00000289891,0.0,0.125,0.125
RAB17,0.0,0.125,0.125
ENSG00000291089,0.0,0.125,0.125
SCML2,0.0,0.125,0.125
SYNM-AS1,0.0,0.125,0.125
ENSG00000291078,0.5,0.625,0.125
ENSG00000289900,0.0,0.125,0.125
MESTIT1,0.0,0.125,0.125
RAB15,0.0,0.125,0.125
ENSG00000291068,0.0,0.125,0.125
MAST4,0.5,0.625,0.125
MYBL2,0.0,0.125,0.125
ENSG00000289910,0.0,0.125,0.125
MARCHF3,0.5,0.625,0.125
ENSG00000291060,0.0,0.125,0.125
MELTF-AS1,0.0,0.125,0.125
MARF1,0.0,0.125,0.125
ENSG00000289942,0.0,0.125,0.125
MARS2,0.0,0.125,0.125
ENSG00000289926,0.0,0.125,0.125
RABL2B,0.0,0.125,0.125
RBMS3,1.0,1.125,0.125
RAB11FIP3,0.0,0.125,0.125
SAMHD1,1.0,1.125,0.125
SYP,0.0,0.125,0.125
MEIOC,0.0,0.125,0.125
ENSG00000290933,0.0,0.125,0.125
RAC1P5,0.0,0.125,0.125
MVB12A,0.0,0.125,0.125
RDM1P5,0.0,0.125,0.125
ENSG00000289885,0.0,0.125,0.125
RABGAP1L-DT,0.0,0.125,0.125
RBM38-AS1,0.0,0.125,0.125
MAP3K14,0.0,0.125,0.125
METTL25B,0.0,0.125,0.125
ENSG00000291175,0.0,0.125,0.125
RBM41,0.0,0.125,0.125
METTL24,0.0,0.125,0.125
RDM1,0.0,0.125,0.125
MT-TA,0.0,0.125,0.125
ENSG00000289866,0.0,0.125,0.125
RBM44,0.0,0.125,0.125
SCN5A,0.0,0.125,0.125
MB,0.0,0.125,0.125
SYNJ2-IT1,0.0,0.125,0.125
MAP7-AS1,0.0,0.125,0.125
MTCYBP18,0.0,0.125,0.125
ENSG00000289874,0.0,0.125,0.125
MUC7,0.0,0.125,0.125
MTCO3P11,0.0,0.125,0.125
RDH14,0.0,0.125,0.125
SCN4B,0.0,0.125,0.125
RGS19,0.0,0.125,0.125
ENSG00000290879,0.0,0.125,0.125
METTL15P1,0.0,0.125,0.125
MTA1,0.5,0.625,0.125
MATR3,0.5,0.625,0.125
MATN4,0.0,0.125,0.125
SUSD6,0.5,0.625,0.125
MSANTD3P1,0.0,0.125,0.125
MCMDC2,0.0,0.125,0.125
LRRFIP2,0.5,0.625,0.125
NAV2-AS2,0.0,0.125,0.125
LSAMP,0.0,0.125,0.125
LSM1,0.0,0.125,0.125
ENSG00000289355,0.0,0.125,0.125
MIR3679,0.0,0.125,0.125
MRPL35P3,0.0,0.125,0.125
NAT1,0.0,0.125,0.125
MRPL36,0.0,0.125,0.125
MIR3188,0.0,0.125,0.125
SDHAP2,0.0,0.125,0.125
RPS17,0.0,0.125,0.125
ENSG00000290076,0.0,0.125,0.125
LSR,0.0,0.125,0.125
LSS,0.5,0.625,0.125
MIR3127,0.0,0.125,0.125
ENSG00000289366,0.0,0.125,0.125
SDHAF3,0.0,0.125,0.125
ENSG00000289367,0.0,0.125,0.125
EPO,0.0,0.125,0.125
RPS18,0.0,0.125,0.125
SYTL1,0.0,0.125,0.125
ENSG00000289375,0.0,0.125,0.125
PTPRQ,0.0,0.125,0.125
MRPL46,0.0,0.125,0.125
MIR2277,0.0,0.125,0.125
ENSG00000289391,0.0,0.125,0.125
MIR222HG,0.0,0.125,0.125
SDHC,0.0,0.125,0.125
NBPF12,0.0,0.125,0.125
REG4,0.0,0.125,0.125
MRPL32,0.0,0.125,0.125
ESPNL,0.0,0.125,0.125
PTMAP2,0.0,0.125,0.125
ESM1,0.0,0.125,0.125
LRRC3-DT,0.0,0.125,0.125
SDR42E2,0.0,0.125,0.125
NCAM1,0.0,0.125,0.125
PTOV1,0.0,0.125,0.125
PTOV1-AS2,0.0,0.125,0.125
LRRC39,0.0,0.125,0.125
SUGT1P4,0.0,0.125,0.125
MEGF8,0.0,0.125,0.125
MIR3942,0.0,0.125,0.125
SUGT1P4-STRA6LP,0.0,0.125,0.125
MIR3940,0.0,0.125,0.125
SULT1B1,0.0,0.125,0.125
LRRC41,0.0,0.125,0.125
RASA4CP,0.0,0.125,0.125
ENSG00000289334,0.0,0.125,0.125
REXO1,0.0,0.125,0.125
ENSG00000289340,0.5,0.625,0.125
RXRB,0.0,0.125,0.125
ENSG00000290551,0.0,0.125,0.125
ENSG00000289347,0.0,0.125,0.125
RPS15AP28,0.0,0.125,0.125
SDR16C5,0.0,0.125,0.125
RBFADN,0.0,0.125,0.125
LRRC73,0.0,0.125,0.125
ENSG00000290609,0.0,0.125,0.125
LY6G6C,0.0,0.125,0.125
LY6H,0.0,0.125,0.125
RYR3-DT,0.0,0.125,0.125
ENSG00000289452,0.0,0.125,0.125
ENSG00000289457,0.0,0.125,0.125
ENSG00000289974,0.0,0.125,0.125
MIGA2,0.0,0.125,0.125
RRAGC-DT,0.0,0.125,0.125
S100A3,0.0,0.125,0.125
ENSG00000289507,0.0,0.125,0.125
RPS4Y1,0.0,0.125,0.125
EPB41L1,0.0,0.125,0.125
S100P,0.0,0.125,0.125
ENSG00000290758,0.0,0.125,0.125
RANBP3,0.0,0.125,0.125
NAA10,0.0,0.125,0.125
RPS24P16,0.0,0.125,0.125
ENSG00000289531,0.0,0.125,0.125
ENSG00000289970,0.0,0.125,0.125
MICAL3,0.5,0.625,0.125
EOLA2,0.0,0.125,0.125
PWP1,0.0,0.125,0.125
MSANTD2,0.0,0.125,0.125
MIA2-AS1,0.0,0.125,0.125
ENSG00000289952,0.0,0.125,0.125
ENTREP3,0.0,0.125,0.125
MSANTD2-AS1,0.0,0.125,0.125
MTPN,0.0,0.125,0.125
ENSG00000289585,0.0,0.125,0.125
ENSG00000289594,0.0,0.125,0.125
MAB21L2,0.0,0.125,0.125
M6PR,0.0,0.125,0.125
MTND4P15,0.0,0.125,0.125
RBM12B-DT,0.0,0.125,0.125
NAP1L3,0.0,0.125,0.125
TAF9B,0.0,0.125,0.125
ENSG00000290654,0.0,0.125,0.125
NAP1L1,1.0,1.125,0.125
EPHB6,0.0,0.125,0.125
ENSG00000289978,0.0,0.125,0.125
ENSG00000289424,0.0,0.125,0.125
LY9,0.0,0.125,0.125
NALT1,0.0,0.125,0.125
ENSG00000289436,0.0,0.125,0.125
SAXO2,0.0,0.125,0.125
ENSG00000289440,0.0,0.125,0.125
MIOS-DT,0.5,0.625,0.125
LZTS3,0.0,0.125,0.125
S100A12,0.0,0.125,0.125
SDF2,0.0,0.125,0.125
EPHA1-AS1,0.0,0.125,0.125
MINDY4,0.0,0.125,0.125
MINDY1,0.0,0.125,0.125
SDCCAG8,0.0,0.125,0.125
LYSMD3,0.5,0.625,0.125
NACAP2,0.0,0.125,0.125
EPHA1,0.0,0.125,0.125
EPGN,0.0,0.125,0.125
NAA80,0.0,0.125,0.125
MILIP,0.0,0.125,0.125
RCAN2-DT,0.0,0.125,0.125
PHF5A,0.0,0.125,0.125
NGF-AS1,0.0,0.125,0.125
PLEKHB1,0.0,0.125,0.125
GOLGA7,0.0,0.125,0.125
IKBIP,0.5,0.625,0.125
IHO1,0.0,0.125,0.125
IGSF22-AS1,0.0,0.125,0.125
GOLGA8M,0.0,0.125,0.125
IGSF22,0.0,0.125,0.125
PBX3,0.0,0.125,0.125
PLEKHF1,0.0,0.125,0.125
PBX3-DT,0.0,0.125,0.125
PBLD,0.5,0.625,0.125
IGLL5,0.0,0.125,0.125
RNASE10,0.0,0.125,0.125
PLEKHA6,0.0,0.125,0.125
IGLJ1,0.0,0.125,0.125
RNASEH2A,0.0,0.125,0.125
PCDH10,0.0,0.125,0.125
PLCH2,0.0,0.125,0.125
IGKV1D-16,0.0,0.125,0.125
PLEKHG3,0.0,0.125,0.125
PLEKHH3,0.0,0.125,0.125
PCDH11X,0.0,0.125,0.125
RPL10,0.0,0.125,0.125
IL20RB-AS1,0.0,0.125,0.125
GNB3,0.0,0.125,0.125
PATL1-DT,0.0,0.125,0.125
PATL2,0.0,0.125,0.125
RNA5SP244,0.0,0.125,0.125
IL1RAPL1,0.0,0.125,0.125
IL18R1,0.0,0.125,0.125
PAX3,0.0,0.125,0.125
PAXBP1,0.0,0.125,0.125
PLEKHM1,0.0,0.125,0.125
SOGA1,2.0,2.125,0.125
PAXIP1,0.5,0.625,0.125
PBK,0.0,0.125,0.125
GNL1,0.0,0.125,0.125
RNA5SP492,0.0,0.125,0.125
PLIN5,0.0,0.125,0.125
SOD1-DT,0.0,0.125,0.125
IKZF4,0.0,0.125,0.125
GPAA1,0.0,0.125,0.125
GPANK1,0.0,0.125,0.125
LINC01703,0.0,0.125,0.125
PCDHGB4,0.0,0.125,0.125
SLC4A4,0.0,0.125,0.125
PCDHGA7,0.0,0.125,0.125
PCDHGA8,0.0,0.125,0.125
PCDHGA9,0.0,0.125,0.125
PKP4,0.5,0.625,0.125
SNRPG,0.0,0.125,0.125
PCDHGB1,0.0,0.125,0.125
PCDHGB3,0.0,0.125,0.125
PCDHGB5,0.0,0.125,0.125
PCDHGA5,0.0,0.125,0.125
GPR3,0.0,0.125,0.125
GPR4,0.0,0.125,0.125
GPR42,0.0,0.125,0.125
SLC50A1,0.0,0.125,0.125
IFITM3,1.0,1.125,0.125
GPRC5B,0.0,0.125,0.125
PCDHGB7,0.0,0.125,0.125
PKD1L2,0.0,0.125,0.125
RORC,0.0,0.125,0.125
GPR162,0.0,0.125,0.125
PLCB2,0.0,0.125,0.125
GPM6A,0.0,0.125,0.125
SNX22,0.0,0.125,0.125
PCDHB14,0.0,0.125,0.125
PCDHB15,0.0,0.125,0.125
PCDHGA1,0.0,0.125,0.125
SNX10-AS1,0.0,0.125,0.125
IGHG1,0.0,0.125,0.125
PCDHGA11,0.0,0.125,0.125
IGFL1,0.0,0.125,0.125
SNUPN,0.0,0.125,0.125
SNRPGP5,0.0,0.125,0.125
PLAA,0.0,0.125,0.125
PCDHGA2,0.0,0.125,0.125
PLA2G4A,0.0,0.125,0.125
GPR137B,0.0,0.125,0.125
PCDHGA3,0.0,0.125,0.125
PCDHGA4,0.0,0.125,0.125
PLA2G3,0.0,0.125,0.125
GPR156,0.0,0.125,0.125
PLS3-AS1,0.0,0.125,0.125
IL23A,0.0,0.125,0.125
IL34,0.0,0.125,0.125
SLC25A5-AS1,0.0,0.125,0.125
ISCA1,0.0,0.125,0.125
SPATA12,0.0,0.125,0.125
RN7SL470P,0.0,0.125,0.125
POFUT2,0.0,0.125,0.125
IRF2BP1,0.0,0.125,0.125
PABPN1P1,0.0,0.125,0.125
POC5,0.0,0.125,0.125
RN7SL608P,0.0,0.125,0.125
GIPR,0.0,0.125,0.125
POLD1,0.0,0.125,0.125
RPL13AP20,0.0,0.125,0.125
IQCJ-SCHIP1-AS1,0.0,0.125,0.125
SLC25A53,0.0,0.125,0.125
GJD3,0.0,0.125,0.125
GJD3-AS1,0.0,0.125,0.125
RN7SL672P,0.0,0.125,0.125
PAFAH2,0.0,0.125,0.125
SP5,0.0,0.125,0.125
GGNBP2,0.0,0.125,0.125
ISOC1,0.0,0.125,0.125
PLTP,0.0,0.125,0.125
SLC25A13,0.0,0.125,0.125
OSBPL5,0.5,0.625,0.125
OSER1-DT,0.0,0.125,0.125
IWS1,0.0,0.125,0.125
OSGEPL1-AS1,0.0,0.125,0.125
ITPRIPL2,0.0,0.125,0.125
SPC24,0.0,0.125,0.125
ITPRID1,0.0,0.125,0.125
OSTC,0.0,0.125,0.125
ITIH3,0.0,0.125,0.125
SPATA2,0.0,0.125,0.125
ITGBL1,1.0,1.125,0.125
RPL15P3,0.0,0.125,0.125
SPATA22,0.0,0.125,0.125
SLC25A22,0.0,0.125,0.125
P2RY10,0.0,0.125,0.125
P2RY12,0.0,0.125,0.125
POLD2,0.0,0.125,0.125
ISY1,0.0,0.125,0.125
GLB1L2,0.0,0.125,0.125
SLC25A6,0.0,0.125,0.125
GLI1,0.0,0.125,0.125
PAQR7,0.0,0.125,0.125
INSC,0.0,0.125,0.125
INGX,0.0,0.125,0.125
SOSTDC1,0.0,0.125,0.125
ING3,0.0,0.125,0.125
ING2-DT,0.0,0.125,0.125
INE1,0.0,0.125,0.125
RPL12P17,1.0,1.125,0.125
IMMT,0.5,0.625,0.125
RPL12P13,0.0,0.125,0.125
GLI2,0.0,0.125,0.125
ILRUN,0.5,0.625,0.125
SORBS3,0.0,0.125,0.125
RN7SL798P,0.0,0.125,0.125
RN7SL827P,0.0,0.125,0.125
RN7SL832P,0.0,0.125,0.125
RPL10P3,0.0,0.125,0.125
PLVAP,0.0,0.125,0.125
IL36G,0.0,0.125,0.125
SLC29A2,0.0,0.125,0.125
INSYN1,0.0,0.125,0.125
SOWAHD,0.0,0.125,0.125
SLC29A1,0.0,0.125,0.125
IQANK1,0.0,0.125,0.125
GLIS2-AS1,0.0,0.125,0.125
RN7SL674P,0.0,0.125,0.125
IPPK,0.0,0.125,0.125
SLC26A5-AS1,0.0,0.125,0.125
SOX2,0.0,0.125,0.125
PNMA8B,0.0,0.125,0.125
PAGR1,0.5,0.625,0.125
PAK1,0.0,0.125,0.125
SOX12,0.0,0.125,0.125
RPL12P42,0.0,0.125,0.125
PALS2,0.0,0.125,0.125
INTS5,0.0,0.125,0.125
PANK1,0.0,0.125,0.125
PANX2,0.0,0.125,0.125
PMS2P7,0.0,0.125,0.125
PMS2P5,0.0,0.125,0.125
PCDHGC4,0.0,0.125,0.125
SLC5A10,0.0,0.125,0.125
IFIH1,0.5,0.625,0.125
RNU2-65P,0.0,0.125,0.125
PIEZO2,1.0,1.125,0.125
PFAS,0.0,0.125,0.125
H3C2,0.0,0.125,0.125
H3C4,0.0,0.125,0.125
H3C9P,0.0,0.125,0.125
PIERCE2,0.0,0.125,0.125
RNF217-AS1,0.0,0.125,0.125
HLA-E,0.0,0.125,0.125
PFDN6,0.0,0.125,0.125
H2BC7,0.0,0.125,0.125
RNU2-63P,0.0,0.125,0.125
RNU2-2P,0.0,0.125,0.125
RNU2-28P,0.0,0.125,0.125
PGBD5,0.0,0.125,0.125
RNU1-61P,0.0,0.125,0.125
RNU1-22P,0.0,0.125,0.125
HLA-DMB,0.0,0.125,0.125
HLA-DMA,0.0,0.125,0.125
H2BC9,0.0,0.125,0.125
SMDT1,0.0,0.125,0.125
PDXP-DT,0.0,0.125,0.125
RNU6-1237P,0.0,0.125,0.125
HNRNPA3P2,0.0,0.125,0.125
PIGFP2,0.0,0.125,0.125
GZMK,0.0,0.125,0.125
HNRNPA1P50,0.0,0.125,0.125
HNRNPA1P35,0.0,0.125,0.125
PEF1,0.0,0.125,0.125
PELO-AS1,0.0,0.125,0.125
H1-4,0.0,0.125,0.125
H2AC20,0.0,0.125,0.125
H2BC11,0.0,0.125,0.125
SMBD1P,0.0,0.125,0.125
HMGB3P10,0.0,0.125,0.125
HMGB2,0.0,0.125,0.125
PIGAP1,0.0,0.125,0.125
SNHG19,0.0,0.125,0.125
SMC6,0.0,0.125,0.125
HMGB1P23,0.0,0.125,0.125
HMGB1P21,0.0,0.125,0.125
RNU1-146P,0.0,0.125,0.125
PGLYRP4,0.0,0.125,0.125
HAPLN2,0.0,0.125,0.125
HEXIM2-AS1,0.0,0.125,0.125
PHOSPHO1,0.0,0.125,0.125
HCG22,0.0,0.125,0.125
HCG27,0.0,0.125,0.125
HCN2,0.0,0.125,0.125
HGS,1.5,1.625,0.125
HDAC11,0.0,0.125,0.125
HDAC3,0.0,0.125,0.125
HDAC4-AS1,0.0,0.125,0.125
SMIM5,0.0,0.125,0.125
RNU1-123P,0.0,0.125,0.125
HDAC8,0.5,0.625,0.125
HERC5,0.0,0.125,0.125
PHETA1,0.0,0.125,0.125
HERC2P9,0.0,0.125,0.125
PHF1,0.0,0.125,0.125
HENMT1,0.0,0.125,0.125
PHKA1,0.0,0.125,0.125
PHF8,0.0,0.125,0.125
SMIM22,0.0,0.125,0.125
PHC2,0.0,0.125,0.125
HCG17,0.0,0.125,0.125
HHLA3,0.0,0.125,0.125
HAR1A,0.0,0.125,0.125
PHYHIPL,0.0,0.125,0.125
SMIM10,0.0,0.125,0.125
HISLA,0.0,0.125,0.125
HAUS1,0.0,0.125,0.125
HAUS3,0.5,0.625,0.125
RNU1-109P,0.0,0.125,0.125
PGRMC2,0.0,0.125,0.125
RNPC3,0.0,0.125,0.125
HINT3,0.0,0.125,0.125
HIKESHI,0.0,0.125,0.125
HIGD1B,0.0,0.125,0.125
PHB1,0.5,0.625,0.125
SMIM17,0.0,0.125,0.125
HCAR2,0.0,0.125,0.125
PHYHD1,0.0,0.125,0.125
PHYH,1.0,1.125,0.125
RNU6-268P,0.0,0.125,0.125
RNU6-32P,0.0,0.125,0.125
PCDHGC5,0.0,0.125,0.125
PIMREGP3,0.0,0.125,0.125
GRIP1,0.0,0.125,0.125
PIP4P1,0.0,0.125,0.125
HSPB1,0.0,0.125,0.125
HSPA5,0.0,0.125,0.125
PIP4K2B,0.0,0.125,0.125
PCYT2,0.0,0.125,0.125
SLC9A3R2,0.0,0.125,0.125
SLC9A6,0.0,0.125,0.125
SNORD97,0.0,0.125,0.125
HSPD1P1,0.0,0.125,0.125
HSPA1A,0.0,0.125,0.125
PIMREG,0.0,0.125,0.125
PDCD1,0.0,0.125,0.125
GS1-279B7.1,0.0,0.125,0.125
RNU7-1,0.0,0.125,0.125
GSDMD,0.0,0.125,0.125
PDCD4,0.0,0.125,0.125
PDCD7,0.0,0.125,0.125
GRINA,0.0,0.125,0.125
HSPE1P3,0.0,0.125,0.125
SNHG6,0.0,0.125,0.125
GRB14,0.0,0.125,0.125
PCF11-AS1,0.0,0.125,0.125
PIWIL2,0.0,0.125,0.125
IDI2-AS1,0.5,0.625,0.125
RORB-AS1,0.0,0.125,0.125
IDH2,0.0,0.125,0.125
ID2-AS1,0.0,0.125,0.125
ROM1,0.0,0.125,0.125
PCLO,0.0,0.125,0.125
ICAM2,0.0,0.125,0.125
GRIN2B,0.0,0.125,0.125
ICA1,1.0,1.125,0.125
RNY1P11,0.0,0.125,0.125
GRID2,0.0,0.125,0.125
HTRA2,0.0,0.125,0.125
GRIN1,0.0,0.125,0.125
RNF169,1.0,1.125,0.125
HTATSF1,0.0,0.125,0.125
SLC7A7,0.0,0.125,0.125
PDCL3P4,0.0,0.125,0.125
RNU6-987P,0.0,0.125,0.125
SLFN14,0.0,0.125,0.125
HNRNPUL1,1.0,1.125,0.125
PDK2,0.0,0.125,0.125
GTF3C1,0.0,0.125,0.125
SNORA74B,0.0,0.125,0.125
PIGW,0.0,0.125,0.125
GTSF1,0.0,0.125,0.125
HOPX,0.5,0.625,0.125
SNORA32,0.0,0.125,0.125
SNORA23,0.0,0.125,0.125
GUCY1B2,0.0,0.125,0.125
HRURF,0.0,0.125,0.125
RNU6-45P,0.0,0.125,0.125
RNU6-446P,0.0,0.125,0.125
RNF2,0.0,0.125,0.125
PIGU,0.0,0.125,0.125
RNU6-430P,0.0,0.125,0.125
HNRNPH2,0.0,0.125,0.125
PDXDC2P,0.0,0.125,0.125
RNF207-AS1,0.0,0.125,0.125
SLTM,0.0,0.125,0.125
HOXA6,0.0,0.125,0.125
HOXB8,0.0,0.125,0.125
HOXB9,0.0,0.125,0.125
RNU6-942P,0.0,0.125,0.125
GSTCD,0.5,0.625,0.125
SNORD48,0.0,0.125,0.125
SNORD3D,0.0,0.125,0.125
PDE4C,0.0,0.125,0.125
PIK3CD-AS1,0.0,0.125,0.125
RNU6-908P,0.0,0.125,0.125
HPCAL1,0.0,0.125,0.125
SNORD3B-1,0.0,0.125,0.125
HOXD9,0.0,0.125,0.125
HOXD8,0.0,0.125,0.125
PDE6A,0.0,0.125,0.125
HOXD11,0.0,0.125,0.125
HOXD10,0.0,0.125,0.125
HOXD-AS2,0.0,0.125,0.125
SNORD10,0.0,0.125,0.125
GTF2H2C,0.0,0.125,0.125
JCAD,1.5,1.625,0.125
GCSAM,0.0,0.125,0.125
GCNT4,0.0,0.125,0.125
SH2D3C,0.0,0.125,0.125
LILRA6,0.0,0.125,0.125
LILRA2,0.0,0.125,0.125
SRSF9P1,0.0,0.125,0.125
FGF11,0.5,0.625,0.125
RING1,0.0,0.125,0.125
NOS1,0.0,0.125,0.125
SH2D2A,0.0,0.125,0.125
LHFPL7,0.0,0.125,0.125
LGALSL-DT,0.0,0.125,0.125
LILRB3,0.0,0.125,0.125
RPL36P5,0.0,0.125,0.125
FGFBP3,0.0,0.125,0.125
RINT1,0.0,0.125,0.125
SH3BP5,0.5,0.625,0.125
RIOX1,0.0,0.125,0.125
LETR1,1.5,1.625,0.125
FHIP1A,0.0,0.125,0.125
LETM2,0.0,0.125,0.125
LILRB2,0.0,0.125,0.125
LILRB5,0.0,0.125,0.125
PRKACA,0.0,0.125,0.125
FDFT1,1.5,1.625,0.125
LINC00487,0.0,0.125,0.125
LINC00484,0.0,0.125,0.125
SSC4D,0.0,0.125,0.125
FCN2,0.0,0.125,0.125
LINC00407,0.0,0.125,0.125
FCRL3,0.0,0.125,0.125
FCRL6,0.0,0.125,0.125
LINC00355,0.0,0.125,0.125
LINC00326,0.0,0.125,0.125
LIMD2,0.0,0.125,0.125
SSBP4,0.0,0.125,0.125
SMURF2P1,0.0,0.125,0.125
FEM1B,0.0,0.125,0.125
NOMO1,0.0,0.125,0.125
SSBP3-AS1,0.0,0.125,0.125
PRH1,0.0,0.125,0.125
SGSM2-AS1,0.0,0.125,0.125
PRG4,0.5,0.625,0.125
FHIP1B,0.0,0.125,0.125
NOXA1,0.0,0.125,0.125
FHIP2A,0.0,0.125,0.125
SHARPIN,0.0,0.125,0.125
LCAT,0.0,0.125,0.125
RIPK4,0.0,0.125,0.125
PRADC1,0.0,0.125,0.125
PQBP1,0.0,0.125,0.125
FLG2,0.0,0.125,0.125
LCA5,0.0,0.125,0.125
RPL35P5,0.0,0.125,0.125
NPTN,0.0,0.125,0.125
SHC2,0.0,0.125,0.125
RPL36P16,0.0,0.125,0.125
LANCL2,0.5,0.625,0.125
SHC4,0.0,0.125,0.125
SHISA5,0.0,0.125,0.125
SRP72P2,0.0,0.125,0.125
NQO1-DT,0.0,0.125,0.125
NR1H2,0.0,0.125,0.125
SRP72,0.5,0.625,0.125
SHKBP1,0.0,0.125,0.125
LCDR,0.0,0.125,0.125
FKRP,0.0,0.125,0.125
LCMT2,0.0,0.125,0.125
LCN2,0.0,0.125,0.125
FHL1,0.0,0.125,0.125
PRDM11,0.0,0.125,0.125
NPFF,0.0,0.125,0.125
LENG8-AS1,0.0,0.125,0.125
SRRM2,1.0,1.125,0.125
RPL36AP21,0.0,0.125,0.125
LENG1,0.0,0.125,0.125
FIRRE,0.0,0.125,0.125
PRCD,0.0,0.125,0.125
FKBP10,0.5,0.625,0.125
SH3GL1P3,0.0,0.125,0.125
NPHP4,0.0,0.125,0.125
LDHAP4,0.0,0.125,0.125
LDHAL6B,0.0,0.125,0.125
RPL36AP14,0.0,0.125,0.125
LCN6,0.0,0.125,0.125
PRC1,0.0,0.125,0.125
PRKAB2,0.5,0.625,0.125
LINC00526,0.5,0.625,0.125
SHMT2,0.0,0.125,0.125
RPL5P6,0.0,0.125,0.125
STAP1,0.0,0.125,0.125
NINJ2,0.0,0.125,0.125
LINC01537,0.0,0.125,0.125
LINC01473,0.0,0.125,0.125
LINC01436,0.0,0.125,0.125
PRPF19,0.0,0.125,0.125
LINC01364,0.0,0.125,0.125
LINC01362,0.0,0.125,0.125
LINC01358,0.0,0.125,0.125
RHBDD3,0.0,0.125,0.125
LINC01341,0.5,0.625,0.125
RPL5P34,0.0,0.125,0.125
FAU,0.0,0.125,0.125
RPL5P32,0.0,0.125,0.125
NKAIN2,0.0,0.125,0.125
LINC01275,0.0,0.125,0.125
LINC01273,0.0,0.125,0.125
ST7-AS1,0.0,0.125,0.125
NINJ1,0.0,0.125,0.125
FAN1,0.0,0.125,0.125
LINC00551,0.0,0.125,0.125
RPL6P22,0.0,0.125,0.125
FAM83D,0.0,0.125,0.125
LINC01679,0.0,0.125,0.125
RGS22,0.0,0.125,0.125
NHLRC1,0.0,0.125,0.125
FAM86B2,0.0,0.125,0.125
PRRT1B,0.0,0.125,0.125
STARD4,0.0,0.125,0.125
RPL6P24,0.0,0.125,0.125
LINC01637,0.0,0.125,0.125
LINC01563,0.0,0.125,0.125
NIFK,0.0,0.125,0.125
RPL6,0.0,0.125,0.125
FAM90A26,0.0,0.125,0.125
LINC01610,0.0,0.125,0.125
PRR36,0.0,0.125,0.125
LINC01607,0.0,0.125,0.125
LINC01569,0.0,0.125,0.125
PRR29-AS1,0.0,0.125,0.125
LINC01254,0.0,0.125,0.125
LINC01241,0.0,0.125,0.125
LINC01215,0.0,0.125,0.125
PRKAR1B-AS1,0.0,0.125,0.125
FBXO36,0.0,0.125,0.125
LINC00958,0.0,0.125,0.125
LINC00941,0.0,0.125,0.125
LINC00880,0.0,0.125,0.125
NME1-NME2,0.0,0.125,0.125
SSR2,0.0,0.125,0.125
RILP,0.0,0.125,0.125
RPL41P2,0.0,0.125,0.125
FBXW5,0.0,0.125,0.125
FBN1,1.0,1.125,0.125
PRKAG2-AS2,0.0,0.125,0.125
SFTPD,0.0,0.125,0.125
LINC00642,0.0,0.125,0.125
FBXW9,0.0,0.125,0.125
NOA1,0.0,0.125,0.125
RIMBP2,0.0,0.125,0.125
PRKACB-DT,0.0,0.125,0.125
FCER2,0.0,0.125,0.125
NKX3-2,0.0,0.125,0.125
NKX3-1,0.0,0.125,0.125
RPL5P13,0.0,0.125,0.125
PRKCQ-AS1,0.0,0.125,0.125
RHOQ-AS1,0.0,0.125,0.125
LINC01206,0.0,0.125,0.125
FBXL13,0.0,0.125,0.125
LINC01149,0.0,0.125,0.125
LINC01147,0.0,0.125,0.125
LINC01142,0.0,0.125,0.125
LINC01138,0.0,0.125,0.125
LINC01126,0.0,0.125,0.125
SETD2,0.5,0.625,0.125
LINC01117,0.0,0.125,0.125
RPL5P23,0.0,0.125,0.125
LINC01088,0.5,0.625,0.125
PRKD2,0.0,0.125,0.125
LINC01085,0.0,0.125,0.125
LINC01060,0.0,0.125,0.125
FBXL8,0.0,0.125,0.125
PRKD1,0.0,0.125,0.125
SHLD3,0.0,0.125,0.125
SHPK,0.0,0.125,0.125
GCDH,0.0,0.125,0.125
KDELR1,0.0,0.125,0.125
RN7SL118P,0.0,0.125,0.125
OCLN,0.0,0.125,0.125
GALNT17,0.0,0.125,0.125
SLC13A2,0.0,0.125,0.125
RN7SL12P,0.0,0.125,0.125
SPIRE2,0.0,0.125,0.125
ODC1,0.0,0.125,0.125
GALT,0.0,0.125,0.125
KCTD5,0.0,0.125,0.125
OCIAD1-AS1,0.0,0.125,0.125
KCTD2,0.0,0.125,0.125
KCTD14,0.0,0.125,0.125
KCTD13-DT,0.0,0.125,0.125
OGN,0.0,0.125,0.125
SLC16A5,0.0,0.125,0.125
KCNN1,0.0,0.125,0.125
POU2AF3,0.0,0.125,0.125
SLC16A6,0.0,0.125,0.125
SLC12A9-AS1,0.0,0.125,0.125
KERA,0.0,0.125,0.125
PPM1B-DT,0.0,0.125,0.125
KIAA0825,0.0,0.125,0.125
FZD8,0.0,0.125,0.125
KIF18A,0.0,0.125,0.125
NUTF2,0.0,0.125,0.125
NUTM1,0.0,0.125,0.125
NVL,0.0,0.125,0.125
NXF1,0.5,0.625,0.125
NXT1,0.0,0.125,0.125
PPIAP58,0.0,0.125,0.125
PPIAP19,0.0,0.125,0.125
OBP2B,0.0,0.125,0.125
KIAA0319L,0.0,0.125,0.125
SPOPL,0.0,0.125,0.125
GABRA2,0.0,0.125,0.125
RN7SKP50,0.0,0.125,0.125
KHSRP,0.0,0.125,0.125
PPARG,0.0,0.125,0.125
RPL22P18,0.0,0.125,0.125
KHDRBS3,0.5,0.625,0.125
POU2AF2,0.0,0.125,0.125
SLC16A8,0.0,0.125,0.125
RPL21P119,0.0,0.125,0.125
GBA1,0.0,0.125,0.125
GATA5,0.0,0.125,0.125
SLC22A1,0.0,0.125,0.125
OR7E14P,0.0,0.125,0.125
POLR2I,0.0,0.125,0.125
RN7SL308P,0.0,0.125,0.125
KANSL1L-AS1,0.0,0.125,0.125
OR7E38P,0.0,0.125,0.125
OR7E8P,0.0,0.125,0.125
OR9Q1,0.0,0.125,0.125
RN7SL174P,0.0,0.125,0.125
RN7SL430P,0.0,0.125,0.125
ORAI1,0.5,0.625,0.125
SLC22A16,0.0,0.125,0.125
SLC22A18,0.0,0.125,0.125
JPH4,0.0,0.125,0.125
RPL18,0.0,0.125,0.125
SPDYE17,0.0,0.125,0.125
SPDYE1,0.0,0.125,0.125
RN7SL208P,0.0,0.125,0.125
RPL18P13,0.0,0.125,0.125
OR5AU1,0.0,0.125,0.125
SPI1,0.0,0.125,0.125
KCNIP1,0.0,0.125,0.125
RN7SL184P,0.0,0.125,0.125
KCNH4,0.0,0.125,0.125
RPL21P110,0.0,0.125,0.125
SLC19A2,0.0,0.125,0.125
GAREM2,0.0,0.125,0.125
POMC,0.0,0.125,0.125
SPINDOC,0.0,0.125,0.125
KCNAB1-AS1,0.0,0.125,0.125
OR13C9,0.0,0.125,0.125
KBTBD11-AS1,0.0,0.125,0.125
GAS2L1,0.0,0.125,0.125
OR3D1P,0.0,0.125,0.125
SLC1A7,0.0,0.125,0.125
GAS5-AS1,0.0,0.125,0.125
SLC20A1-DT,0.0,0.125,0.125
KAT5,0.0,0.125,0.125
SLAIN1,0.0,0.125,0.125
RPL23AP11,0.0,0.125,0.125
RMC1,0.0,0.125,0.125
NSUN5,0.0,0.125,0.125
NRN1L,0.0,0.125,0.125
KRCC1,0.0,0.125,0.125
RPL31P52,0.0,0.125,0.125
SIGMAR1,0.0,0.125,0.125
SIL1,0.0,0.125,0.125
SRC,0.0,0.125,0.125
NSMF,0.0,0.125,0.125
KMT2B,0.0,0.125,0.125
PPP1R3D,0.0,0.125,0.125
KRT128P,0.0,0.125,0.125
KLRC4-KLRK1,0.5,0.625,0.125
NSUN7,0.0,0.125,0.125
NTAN1P2,0.0,0.125,0.125
KLK4,0.0,0.125,0.125
NTPCR,0.0,0.125,0.125
PPP1R35,0.0,0.125,0.125
PPP1R26,0.0,0.125,0.125
RMRP,0.0,0.125,0.125
KRT10,0.0,0.125,0.125
FOXD2,0.0,0.125,0.125
SKP1P1,0.0,0.125,0.125
FNDC1-AS1,0.0,0.125,0.125
KRT85,0.0,0.125,0.125
PPP2R5D,0.0,0.125,0.125
KRT8,0.0,0.125,0.125
NRBF2P5,0.0,0.125,0.125
KRT6B,0.0,0.125,0.125
NRBF2P6,0.0,0.125,0.125
KRT4,0.0,0.125,0.125
FNBP1L,0.0,0.125,0.125
RPL34P20,0.0,0.125,0.125
PPP1R8,0.0,0.125,0.125
SRF,0.0,0.125,0.125
KRT18P31,0.0,0.125,0.125
RMEL3,0.0,0.125,0.125
RPL34,0.0,0.125,0.125
PPP2CA,1.0,1.125,0.125
KRT18P11,0.0,0.125,0.125
KRT17,0.0,0.125,0.125
FOXC1,0.0,0.125,0.125
PPP1R1B,0.0,0.125,0.125
FRG1BP,0.0,0.125,0.125
FRG1CP,0.0,0.125,0.125
RPL23AP64,0.0,0.125,0.125
RPL26P27,0.0,0.125,0.125
FTH1P10,0.0,0.125,0.125
KLF11,0.5,0.625,0.125
SPTLC1,0.5,0.625,0.125
SKIC2,0.0,0.125,0.125
NUGGC,0.0,0.125,0.125
RPL23AP97,0.0,0.125,0.125
FUCA1P1,0.0,0.125,0.125
RPL23AP63,0.0,0.125,0.125
SINHCAFP2,0.0,0.125,0.125
KIR3DP1,0.0,0.125,0.125
KIR2DL1,0.0,0.125,0.125
KIF5A,0.0,0.125,0.125
NUP54,1.0,1.125,0.125
PPME1,0.0,0.125,0.125
NUP85,0.0,0.125,0.125
PPM1F-AS1,0.0,0.125,0.125
RN7SKP176,0.0,0.125,0.125
PPP1R14A,0.0,0.125,0.125
KLF15,0.0,0.125,0.125
RPL26P36,0.0,0.125,0.125
FTCD,0.0,0.125,0.125
FRG1EP,0.0,0.125,0.125
PPP1R18,0.0,0.125,0.125
FRG1GP,0.0,0.125,0.125
NTRK1,0.0,0.125,0.125
NTRK3,0.0,0.125,0.125
SIRPAP1,0.0,0.125,0.125
KLHL20,0.0,0.125,0.125
KLHL2,0.0,0.125,0.125
PPP1R14BP3,0.0,0.125,0.125
SIRT1,0.0,0.125,0.125
RPL27AP,0.0,0.125,0.125
FSIP2-AS1,0.0,0.125,0.125
KLHL10,0.0,0.125,0.125
KLHDC1,0.0,0.125,0.125
KLF2P4,0.0,0.125,0.125
KLF2-DT,0.0,0.125,0.125
FSTL3,0.0,0.125,0.125
LINC00113,0.0,0.125,0.125
hsa-mir-423,0.0,0.125,0.125
ENSG00000280088,0.0,0.125,0.125
ZNF236,0.0,0.125,0.125
ENSG00000261003,0.0,0.125,0.125
CXCL11,0.5,0.625,0.125
ENSG00000279069,0.0,0.125,0.125
ENSG00000279085,0.0,0.125,0.125
DDX39B-AS1,0.0,0.125,0.125
TMTC1,2.0,2.125,0.125
ENSG00000260920,0.0,0.125,0.125
B9D1,0.0,0.125,0.125
ENSG00000261026,0.0,0.125,0.125
ANGPTL7,0.0,0.125,0.125
CBR1,0.0,0.125,0.125
CRTC2,0.0,0.125,0.125
ENSG00000260865,0.0,0.125,0.125
CXCL12,1.5,1.625,0.125
CBLN3,0.0,0.125,0.125
ENSG00000279140,0.0,0.125,0.125
TMSB4XP1,0.0,0.125,0.125
B4GALNT3,0.0,0.125,0.125
ENSG00000278918,0.0,0.125,0.125
ENSG00000278949,0.0,0.125,0.125
TMPRSS2,0.0,0.125,0.125
ENSG00000278922,0.0,0.125,0.125
ENSG00000261136,0.0,0.125,0.125
CNPY4,0.0,0.125,0.125
CLEC4GP1,0.0,0.125,0.125
ENSG00000261103,0.0,0.125,0.125
TTK,0.0,0.125,0.125
TIMM8A,0.0,0.125,0.125
ENSG00000261056,0.0,0.125,0.125
ENSG00000278966,0.0,0.125,0.125
ENSG00000261096,0.0,0.125,0.125
CBR3-AS1,0.5,0.625,0.125
CDKN1A,0.5,0.625,0.125
ENSG00000261058,0.0,0.125,0.125
ENSG00000279009,0.0,0.125,0.125
ANKRD13A,0.0,0.125,0.125
ENSG00000279145,0.0,0.125,0.125
ENSG00000260836,0.0,0.125,0.125
TMX1,0.0,0.125,0.125
ENSG00000260570,0.0,0.125,0.125
ENSG00000260643,0.0,0.125,0.125
UBE2QL1,0.0,0.125,0.125
TIA1,0.0,0.125,0.125
ENSG00000279345,0.0,0.125,0.125
ZNF222,0.0,0.125,0.125
THSD8,0.0,0.125,0.125
AMIGO3,0.0,0.125,0.125
AMDHD1,0.0,0.125,0.125
ENSG00000279172,0.0,0.125,0.125
ENSG00000260566,0.5,0.625,0.125
ENSG00000260537,0.0,0.125,0.125
EIF2S3,0.0,0.125,0.125
ALX4,0.0,0.125,0.125
VDAC1P8,0.0,0.125,0.125
CDPF1,0.0,0.125,0.125
CDR2,0.0,0.125,0.125
ENSG00000279336,0.0,0.125,0.125
ENSG00000229672,0.0,0.125,0.125
BAP1,0.0,0.125,0.125
ENSG00000279315,0.0,0.125,0.125
EIF3FP3,0.0,0.125,0.125
ENSG00000279179,0.0,0.125,0.125
TRIM7-AS1,0.0,0.125,0.125
ENSG00000229321,0.0,0.125,0.125
ENSG00000279212,0.0,0.125,0.125
BAG3,0.5,0.625,0.125
ANAPC1P2,0.0,0.125,0.125
ENSG00000260774,0.0,0.125,0.125
ENSG00000279271,0.0,0.125,0.125
BAIAP3,0.0,0.125,0.125
ENSG00000260711,0.0,0.125,0.125
ENSG00000260701,0.0,0.125,0.125
ENSG00000229405,0.0,0.125,0.125
CXCL3,0.0,0.125,0.125
BAK1,0.0,0.125,0.125
EIF4ENIF1,0.0,0.125,0.125
EIF4EP1,0.0,0.125,0.125
CLEC11A,0.0,0.125,0.125
ENSG00000261832,0.0,0.125,0.125
ENSG00000228201,0.0,0.125,0.125
ZBED5,0.0,0.125,0.125
ENSG00000261916,0.0,0.125,0.125
ZNF582-DT,0.0,0.125,0.125
DDX49,0.0,0.125,0.125
CLEC3B,0.0,0.125,0.125
ENSG00000261884,0.0,0.125,0.125
ENSG00000277715,0.0,0.125,0.125
CDCA5,0.0,0.125,0.125
ENSG00000261822,0.0,0.125,0.125
ENSG00000228434,0.0,0.125,0.125
TMEM87B,0.0,0.125,0.125
CDH19,0.0,0.125,0.125
TTC39A-AS1,0.0,0.125,0.125
ANO8,0.0,0.125,0.125
ELK1,0.0,0.125,0.125
ENSG00000277351,0.0,0.125,0.125
USP4,0.5,0.625,0.125
ENSG00000261215,0.0,0.125,0.125
TMEM74,0.0,0.125,0.125
ENSG00000262413,0.0,0.125,0.125
AOC3,0.0,0.125,0.125
AOAH-IT1,0.0,0.125,0.125
ENSG00000276649,0.0,0.125,0.125
TKTL1,0.0,0.125,0.125
ENSG00000228021,0.0,0.125,0.125
ATP6V0C,0.0,0.125,0.125
TMEM79,0.0,0.125,0.125
ENSG00000228172,0.0,0.125,0.125
ENSG00000276814,0.0,0.125,0.125
ENSG00000262304,0.0,0.125,0.125
TTC31,0.0,0.125,0.125
ENSG00000262302,0.0,0.125,0.125
ENSG00000262202,0.0,0.125,0.125
ENSG00000262160,0.0,0.125,0.125
ATP6V0CP4,0.0,0.125,0.125
ATRIP,0.0,0.125,0.125
ENSG00000277895,0.0,0.125,0.125
ELF5,0.0,0.125,0.125
ENSG00000261324,0.0,0.125,0.125
WWOX-AS1,0.0,0.125,0.125
EIF5A2P1,0.0,0.125,0.125
ENSG00000261519,0.0,0.125,0.125
ENSG00000261449,0.0,0.125,0.125
AZU1,0.0,0.125,0.125
ENSG00000261407,0.0,0.125,0.125
ENSG00000278740,0.0,0.125,0.125
ENSG00000278863,0.0,0.125,0.125
ENSG00000277916,0.0,0.125,0.125
ZNF585B,0.0,0.125,0.125
ENSG00000278867,0.0,0.125,0.125
ENSG00000261291,0.0,0.125,0.125
ENSG00000278886,0.0,0.125,0.125
CLEC4G,0.0,0.125,0.125
ENSG00000261216,0.0,0.125,0.125
ANKRD36BP1,0.0,0.125,0.125
ENSG00000278472,0.0,0.125,0.125
ELAC2,0.0,0.125,0.125
ENSG00000278434,0.0,0.125,0.125
ENSG00000278390,0.0,0.125,0.125
ENSG00000261734,0.0,0.125,0.125
CDH26,0.0,0.125,0.125
ENSG00000228559,0.0,0.125,0.125
ZBTB1,0.0,0.125,0.125
ENSG00000228634,0.0,0.125,0.125
TRIM72,0.0,0.125,0.125
ENSG00000261572,0.0,0.125,0.125
ANKS1B,0.0,0.125,0.125
CDH7,0.0,0.125,0.125
CDIPT,0.0,0.125,0.125
ENSG00000228719,0.0,0.125,0.125
ZNF264,2.0,2.125,0.125
ENSG00000228737,0.0,0.125,0.125
DHRS12,0.0,0.125,0.125
ENSG00000278376,0.0,0.125,0.125
TTLL8,0.0,0.125,0.125
TNFAIP2,0.0,0.125,0.125
ENSG00000279476,0.0,0.125,0.125
CRISPLD1,0.0,0.125,0.125
DDX19B,0.0,0.125,0.125
ENSG00000231010,0.0,0.125,0.125
ENSG00000259575,0.0,0.125,0.125
ENSG00000259539,0.0,0.125,0.125
ENSG00000259522,0.0,0.125,0.125
ENSG00000259460,0.0,0.125,0.125
BDH1,0.0,0.125,0.125
ENSG00000259442,0.0,0.125,0.125
ZNF700,0.0,0.125,0.125
CEP152,0.0,0.125,0.125
ENSG00000259420,0.0,0.125,0.125
CIC,0.0,0.125,0.125
ENSG00000231156,0.0,0.125,0.125
TRIM4,0.0,0.125,0.125
ENSG00000259357,0.0,0.125,0.125
BEND5,0.0,0.125,0.125
AKR1E2,0.0,0.125,0.125
EEF1B2P3,0.0,0.125,0.125
ALPL,0.5,0.625,0.125
ZNF70,0.0,0.125,0.125
ALDH1A1,0.0,0.125,0.125
WASF3,0.0,0.125,0.125
ALAS2,0.0,0.125,0.125
ZNF185,0.0,0.125,0.125
TRIM45,0.0,0.125,0.125
ZNF182,0.0,0.125,0.125
BCOR,0.0,0.125,0.125
AKT3-IT1,0.0,0.125,0.125
ZBTB3,0.0,0.125,0.125
AKT1S1,0.0,0.125,0.125
TUBB4B,0.0,0.125,0.125
ENSG00000259600,0.0,0.125,0.125
ENSG00000280190,0.0,0.125,0.125
ENSG00000280195,0.0,0.125,0.125
DHX58,0.0,0.125,0.125
ENSG00000280206,0.0,0.125,0.125
EEF1A1P19,0.0,0.125,0.125
CNN3-DT,0.0,0.125,0.125
ZBTB4,0.5,0.625,0.125
AIDAP1,0.0,0.125,0.125
ENSG00000259039,0.0,0.125,0.125
EDRF1-DT,0.0,0.125,0.125
ZNF718,0.0,0.125,0.125
ENSG00000280453,0.0,0.125,0.125
ENSG00000280607,0.0,0.125,0.125
ENSG00000280893,0.0,0.125,0.125
TFAP2A,0.5,0.625,0.125
ENSG00000232059,0.0,0.125,0.125
TFCP2L1,0.0,0.125,0.125
ENSG00000258985,0.0,0.125,0.125
CYP2C18,0.0,0.125,0.125
ENSG00000232140,0.0,0.125,0.125
BHMT,0.0,0.125,0.125
ENSG00000232218,0.0,0.125,0.125
DIO3OS,0.0,0.125,0.125
TRIM27,0.0,0.125,0.125
CNKSR1,0.0,0.125,0.125
ENSG00000259053,0.0,0.125,0.125
TFAP2A-AS1,0.0,0.125,0.125
CNN1,0.0,0.125,0.125
ENSG00000280348,0.0,0.125,0.125
CEP250-AS1,0.0,0.125,0.125
ENSG00000231482,0.0,0.125,0.125
AK6P1,0.0,0.125,0.125
BET1,0.0,0.125,0.125
ZNF707,0.0,0.125,0.125
ENSG00000280367,0.0,0.125,0.125
ENSG00000280380,0.0,0.125,0.125
TRIM39,0.0,0.125,0.125
ENSG00000259202,0.0,0.125,0.125
TFAP2A-AS2,0.0,0.125,0.125
CYP21A2,0.0,0.125,0.125
AIMP1,0.5,0.625,0.125
ENSG00000280407,0.0,0.125,0.125
WDR97,0.0,0.125,0.125
TNFRSF13C,0.0,0.125,0.125
ENSG00000280115,0.0,0.125,0.125
TNFRSF13B,0.0,0.125,0.125
ENSG00000279694,0.0,0.125,0.125
THBS4-AS1,0.0,0.125,0.125
ENSG00000260267,0.0,0.125,0.125
EHMT2,0.0,0.125,0.125
ENSG00000260252,0.0,0.125,0.125
ENSG00000279665,0.0,0.125,0.125
ALKBH7,0.0,0.125,0.125
ENSG00000260197,0.0,0.125,0.125
ENSG00000260196,0.0,0.125,0.125
EGR3,0.0,0.125,0.125
ENSG00000260190,0.0,0.125,0.125
ENSG00000230092,0.0,0.125,0.125
CATSPER1,0.0,0.125,0.125
TNFRSF10A-DT,0.5,0.625,0.125
ENSG00000260036,0.0,0.125,0.125
ENSG00000260017,0.0,0.125,0.125
ENSG00000279733,0.0,0.125,0.125
CEBPA,0.0,0.125,0.125
VDAC1P1,0.0,0.125,0.125
WASF1,0.0,0.125,0.125
EID2B,0.0,0.125,0.125
TTN,1.0,1.125,0.125
ENSG00000279494,0.0,0.125,0.125
CDX1,0.0,0.125,0.125
ENSG00000260367,0.0,0.125,0.125
ENSG00000229863,0.0,0.125,0.125
CAVIN1,0.5,0.625,0.125
ENSG00000260360,0.0,0.125,0.125
ENSG00000279504,0.0,0.125,0.125
CNOT6L,0.5,0.625,0.125
ENSG00000230021,0.0,0.125,0.125
ALOX5AP,0.0,0.125,0.125
ALOX5,0.0,0.125,0.125
ENSG00000279541,0.0,0.125,0.125
ZNF215,0.0,0.125,0.125
THNSL1,0.0,0.125,0.125
ALG5,0.0,0.125,0.125
UBLCP1,0.0,0.125,0.125
EFHC2,0.0,0.125,0.125
ALDH5A1,0.0,0.125,0.125
ENSG00000259756,0.0,0.125,0.125
EFS,0.0,0.125,0.125
ZBTB22,0.0,0.125,0.125
ENSG00000230676,0.0,0.125,0.125
BCL2L10,0.0,0.125,0.125
TNFRSF11B,0.5,0.625,0.125
ENSG00000259682,0.0,0.125,0.125
ENSG00000280036,0.0,0.125,0.125
ENSG00000279762,0.0,0.125,0.125
ENSG00000280042,0.0,0.125,0.125
ZNF688,0.0,0.125,0.125
ENSG00000230696,0.0,0.125,0.125
TRIM46,0.0,0.125,0.125
ENSG00000280047,0.0,0.125,0.125
ALDH3B1,0.0,0.125,0.125
EFNA1,0.0,0.125,0.125
ENSG00000259757,0.0,0.125,0.125
ENSG00000259759,0.0,0.125,0.125
WHAMMP1,0.0,0.125,0.125
CILK1,0.0,0.125,0.125
ZNF205,0.0,0.125,0.125
TRIM6-TRIM34,0.0,0.125,0.125
ENSG00000279792,0.0,0.125,0.125
ALG1L5P,0.0,0.125,0.125
UPK3A,0.0,0.125,0.125
ENSG00000279827,0.0,0.125,0.125
ENSG00000259948,0.0,0.125,0.125
CASTOR1,0.0,0.125,0.125
WIZ,0.0,0.125,0.125
CENPE,0.5,0.625,0.125
ENSG00000279887,0.0,0.125,0.125
UPK2,0.0,0.125,0.125
ZNF200,0.0,0.125,0.125
ENSG00000259784,0.0,0.125,0.125
ENSG00000259771,0.0,0.125,0.125
ENSG00000262526,0.0,0.125,0.125
ENSG00000276570,0.0,0.125,0.125
TUSC3,0.0,0.125,0.125
ASB1,0.5,0.625,0.125
CD101-AS1,0.0,0.125,0.125
CD109,0.5,0.625,0.125
ENSG00000268460,0.0,0.125,0.125
ENSG00000268434,0.0,0.125,0.125
ENSG00000272247,0.0,0.125,0.125
ENSG00000272248,0.0,0.125,0.125
ENSG00000243024,0.0,0.125,0.125
ENSG00000272293,0.0,0.125,0.125
ENSG00000272234,0.0,0.125,0.125
TMEM132C,0.0,0.125,0.125
ASB11,0.0,0.125,0.125
TSHZ1,0.5,0.625,0.125
CCL13,0.0,0.125,0.125
ZNF474-AS1,0.0,0.125,0.125
ENSG00000272366,0.0,0.125,0.125
ZNF48,0.0,0.125,0.125
COL23A1,0.0,0.125,0.125
CCL18,0.0,0.125,0.125
ENSG00000272109,0.0,0.125,0.125
ENSG00000272167,0.0,0.125,0.125
ART5,0.0,0.125,0.125
ARHGEF38-IT1,0.0,0.125,0.125
ARHGEF38,0.0,0.125,0.125
ENSG00000268713,0.0,0.125,0.125
ENSG00000268678,0.0,0.125,0.125
ENSG00000272156,0.0,0.125,0.125
ARVCF,0.0,0.125,0.125
USP27X-DT,0.0,0.125,0.125
TSPAN8,0.0,0.125,0.125
CD101,0.0,0.125,0.125
ENSG00000268636,0.0,0.125,0.125
ARHGEF26-AS1,0.0,0.125,0.125
ENSG00000224331,0.0,0.125,0.125
ENSG00000272211,0.0,0.125,0.125
ENSG00000224376,0.0,0.125,0.125
ENSG00000213315,0.0,0.125,0.125
COA4,0.0,0.125,0.125
CD164L2,0.0,0.125,0.125
TMEM243,0.0,0.125,0.125
ARHGAP4,0.0,0.125,0.125
ENSG00000267510,0.0,0.125,0.125
TMEM262,0.0,0.125,0.125
ENSG00000267481,0.0,0.125,0.125
ENSG00000267474,0.0,0.125,0.125
YPEL3-DT,0.0,0.125,0.125
CSTPP1,0.0,0.125,0.125
ENSG00000272719,0.0,0.125,0.125
USP30,0.0,0.125,0.125
DENND2A,0.0,0.125,0.125
TSEN34,0.0,0.125,0.125
ENSG00000272763,0.0,0.125,0.125
ENSG00000267436,0.0,0.125,0.125
ZNF487,0.0,0.125,0.125
TMEM120A,0.0,0.125,0.125
TMEM265,0.0,0.125,0.125
ENSG00000225173,0.0,0.125,0.125
CD207,0.0,0.125,0.125
ENSG00000267554,0.0,0.125,0.125
CT70,0.0,0.125,0.125
ENSG00000272564,0.0,0.125,0.125
TSPOAP1-AS1,0.0,0.125,0.125
ENSG00000267827,0.0,0.125,0.125
ENSG00000267755,0.0,0.125,0.125
ZNF397,2.5,2.625,0.125
CD180,0.0,0.125,0.125
ASH2L,0.0,0.125,0.125
ENSG00000272483,0.0,0.125,0.125
ARHGDIA,0.0,0.125,0.125
ENSG00000267618,0.0,0.125,0.125
ENSG00000272505,0.0,0.125,0.125
ENSG00000267580,0.0,0.125,0.125
CD1B,0.0,0.125,0.125
ENSG00000272512,0.0,0.125,0.125
ASIP,0.0,0.125,0.125
ENSG00000272563,0.0,0.125,0.125
ENSG00000268744,0.0,0.125,0.125
USE1,0.0,0.125,0.125
ENSG00000276564,0.0,0.125,0.125
CCNB2,0.0,0.125,0.125
ENSG00000270282,0.0,0.125,0.125
ENSG00000218713,0.0,0.125,0.125
ARMCX5-GPRASP2,0.0,0.125,0.125
CCR2,0.0,0.125,0.125
ENSG00000218521,0.0,0.125,0.125
ARMCX1,0.0,0.125,0.125
ENSG00000222604,0.0,0.125,0.125
ENSG00000270661,0.0,0.125,0.125
ENSG00000269925,0.0,0.125,0.125
ENSG00000269802,0.0,0.125,0.125
ENSG00000269729,0.0,0.125,0.125
TMEM200C,0.0,0.125,0.125
ENSG00000270978,0.0,0.125,0.125
ARRDC2,0.0,0.125,0.125
CCL28,0.0,0.125,0.125
ENSG00000271011,0.0,0.125,0.125
ENSG00000270277,0.0,0.125,0.125
ARPIN-AP3S2,0.0,0.125,0.125
CTDNEP1,0.0,0.125,0.125
VIPR1-AS1,0.0,0.125,0.125
TMEM184C,0.0,0.125,0.125
ENSG00000220412,0.0,0.125,0.125
ENSG00000270082,0.0,0.125,0.125
ENSG00000270083,0.0,0.125,0.125
ENSG00000270091,0.0,0.125,0.125
UBR7,0.0,0.125,0.125
YDJC,0.0,0.125,0.125
CCNI2,0.0,0.125,0.125
ENSG00000270207,0.0,0.125,0.125
ENSG00000219992,0.0,0.125,0.125
CCNY-AS1,0.0,0.125,0.125
ZNF436,0.0,0.125,0.125
VTI1A,1.0,1.125,0.125
ENSG00000220643,0.0,0.125,0.125
ENSG00000220660,0.0,0.125,0.125
ENSG00000219410,0.0,0.125,0.125
ENSG00000271100,0.0,0.125,0.125
ENSG00000269604,0.0,0.125,0.125
ENSG00000269599,0.0,0.125,0.125
ENSG00000223786,0.0,0.125,0.125
ENSG00000214265,0.0,0.125,0.125
TMEM150A,0.0,0.125,0.125
ENSG00000269243,0.0,0.125,0.125
CTH,0.0,0.125,0.125
ENSG00000223711,0.0,0.125,0.125
ENSG00000223751,0.0,0.125,0.125
ENSG00000271984,0.0,0.125,0.125
ENSG00000272008,0.0,0.125,0.125
ENSG00000271398,0.0,0.125,0.125
ENSG00000272037,0.0,0.125,0.125
ZNF467,0.0,0.125,0.125
ENSG00000272077,0.0,0.125,0.125
CCL23,0.0,0.125,0.125
ENSG00000272079,0.0,0.125,0.125
TSPAN3,0.5,0.625,0.125
ENSG00000269044,0.5,0.625,0.125
ENSG00000269289,0.0,0.125,0.125
ENSG00000269318,0.0,0.125,0.125
ENSG00000269480,0.0,0.125,0.125
ENSG00000215692,0.0,0.125,0.125
ARMC5,0.0,0.125,0.125
ENSG00000271437,0.0,0.125,0.125
CCSER1,0.5,0.625,0.125
CCL27,0.0,0.125,0.125
ARMC10,0.0,0.125,0.125
ZNF445,1.0,1.125,0.125
ENSG00000271680,0.0,0.125,0.125
COASY,0.0,0.125,0.125
ARL9,0.0,0.125,0.125
ENSG00000216475,0.0,0.125,0.125
CTSV,0.0,0.125,0.125
ENSG00000215869,0.0,0.125,0.125
ENSG00000269533,0.0,0.125,0.125
ENSG00000269514,0.0,0.125,0.125
TSNAX,0.0,0.125,0.125
ENSG00000267364,0.5,0.625,0.125
ASPDH,0.0,0.125,0.125
XXYLT1-AS2,0.0,0.125,0.125
ENSG00000274767,0.0,0.125,0.125
ENSG00000226772,0.0,0.125,0.125
ENSG00000226816,0.0,0.125,0.125
ENSG00000264739,0.0,0.125,0.125
APOBEC3A,0.0,0.125,0.125
TMEM47,0.0,0.125,0.125
ENSG00000274712,0.0,0.125,0.125
CLDN16,0.0,0.125,0.125
APLN,0.0,0.125,0.125
ZNF525,0.0,0.125,0.125
CSNK1A1,0.5,0.625,0.125
ENSG00000226963,0.0,0.125,0.125
ENSG00000264272,0.0,0.125,0.125
ENSG00000264254,0.0,0.125,0.125
EMILIN3,0.0,0.125,0.125
ENSG00000274874,0.0,0.125,0.125
COL4A3,0.0,0.125,0.125
ENSG00000274414,0.0,0.125,0.125
ENSG00000264932,0.0,0.125,0.125
ENSG00000272801,0.0,0.125,0.125
ENSG00000274105,0.0,0.125,0.125
UBOX5-AS1,0.0,0.125,0.125
ATP10B,0.0,0.125,0.125
APRT,0.0,0.125,0.125
APPL1,0.5,0.625,0.125
ENSG00000226396,0.0,0.125,0.125
ENSG00000274001,0.0,0.125,0.125
ENSG00000226409,0.0,0.125,0.125
ENSG00000226455,0.0,0.125,0.125
ENSG00000226756,0.0,0.125,0.125
APPBP2-DT,0.0,0.125,0.125
CDC20,0.0,0.125,0.125
EMP2,2.0,2.125,0.125
ENSG00000274272,0.5,0.625,0.125
ENSG00000226644,0.0,0.125,0.125
TMEM44-AS1,0.0,0.125,0.125
ENSG00000265069,0.0,0.125,0.125
ENSG00000264187,0.0,0.125,0.125
ATP2C1,0.0,0.125,0.125
ZBED1,0.0,0.125,0.125
UQCRFS1,0.0,0.125,0.125
ENSG00000263218,0.0,0.125,0.125
ENSG00000263165,0.0,0.125,0.125
ENSG00000263126,0.0,0.125,0.125
ENSG00000276087,0.0,0.125,0.125
CWC25,0.0,0.125,0.125
DHPS,0.0,0.125,0.125
ENSG00000262899,0.0,0.125,0.125
TTC23L-AS1,0.0,0.125,0.125
APEX2,0.0,0.125,0.125
ENSG00000262884,0.0,0.125,0.125
ENSG00000262877,0.0,0.125,0.125
USP39,0.0,0.125,0.125
TTC28,0.0,0.125,0.125
ENSG00000262873,0.0,0.125,0.125
ENSG00000276533,0.0,0.125,0.125
CLDN7,0.0,0.125,0.125
ENSG00000275880,0.0,0.125,0.125
ENSG00000275854,0.0,0.125,0.125
ENSG00000275850,0.0,0.125,0.125
ENSG00000275778,0.0,0.125,0.125
ENSG00000275120,0.0,0.125,0.125
ATP2C2,0.0,0.125,0.125
ENSG00000263946,0.0,0.125,0.125
COL4A6,0.0,0.125,0.125
EMID1,0.0,0.125,0.125
CDC37,0.0,0.125,0.125
TTC21B-AS1,0.0,0.125,0.125
ENSG00000275582,0.0,0.125,0.125
ENSG00000227512,0.0,0.125,0.125
ENSG00000275672,0.0,0.125,0.125
ENSG00000263756,0.0,0.125,0.125
ENSG00000227678,0.0,0.125,0.125
TTC22,0.0,0.125,0.125
ZNF564,0.0,0.125,0.125
VDAC2P5,0.0,0.125,0.125
ENSG00000265460,0.0,0.125,0.125
CCDC174,0.0,0.125,0.125
AQP2,0.0,0.125,0.125
ENSG00000166104,0.0,0.125,0.125
ZNF502,0.0,0.125,0.125
ENSG00000273017,0.0,0.125,0.125
ENSG00000267124,0.0,0.125,0.125
ENSG00000267114,0.0,0.125,0.125
ENSG00000273027,0.0,0.125,0.125
ASPRV1,0.0,0.125,0.125
ASS1P1,0.0,0.125,0.125
ASTE1,0.0,0.125,0.125
VLDLR-AS1,0.0,0.125,0.125
ZNF384,0.0,0.125,0.125
ENSG00000225407,0.0,0.125,0.125
ENSG00000225450,0.0,0.125,0.125
ENSG00000141979,0.0,0.125,0.125
CD7,0.0,0.125,0.125
ZNF358,0.0,0.125,0.125
TMED9,0.0,0.125,0.125
ENSG00000267127,0.0,0.125,0.125
ENSG00000225272,0.0,0.125,0.125
ENSG00000267174,0.0,0.125,0.125
ENSG00000272948,0.0,0.125,0.125
ENSG00000272817,0.0,0.125,0.125
ARHGAP30,0.0,0.125,0.125
ENSG00000267359,0.0,0.125,0.125
ENSG00000272836,0.0,0.125,0.125
TMEM273,0.5,0.625,0.125
ZNF496-DT,0.0,0.125,0.125
ENSG00000185839,0.0,0.125,0.125
ENSG00000272855,0.0,0.125,0.125
ENSG00000183562,0.0,0.125,0.125
CSTF2,0.0,0.125,0.125
ENSG00000180211,0.0,0.125,0.125
ENSG00000267244,0.0,0.125,0.125
ENSG00000179253,0.0,0.125,0.125
ENSG00000179066,0.0,0.125,0.125
ENSG00000267220,0.0,0.125,0.125
ENSG00000225528,0.0,0.125,0.125
ENSG00000225606,0.0,0.125,0.125
ATOSB,0.0,0.125,0.125
ENSG00000273485,0.0,0.125,0.125
AR,0.0,0.125,0.125
YY1AP1,1.0,1.125,0.125
ENSG00000266088,0.0,0.125,0.125
CD96,0.0,0.125,0.125
ENSG00000225879,0.0,0.125,0.125
TTC1,0.0,0.125,0.125
ENSG00000273483,0.0,0.125,0.125
ENSG00000273489,0.0,0.125,0.125
ZNF511,0.0,0.125,0.125
ENSG00000225974,0.0,0.125,0.125
ENOPH1,0.0,0.125,0.125
ENSG00000226143,0.0,0.125,0.125
ZNF341,0.0,0.125,0.125
TMCC2,0.0,0.125,0.125
ENSG00000265656,0.0,0.125,0.125
ENSG00000226394,0.0,0.125,0.125
ARAP1-AS2,0.0,0.125,0.125
ENSG00000225806,0.0,0.125,0.125
ENSG00000225689,0.0,0.125,0.125
ENPP1,0.0,0.125,0.125
ENSG00000273192,0.0,0.125,0.125
ENSG00000273204,0.0,0.125,0.125
ENSG00000266990,0.0,0.125,0.125
DENND11,0.0,0.125,0.125
CSRNP2,0.0,0.125,0.125
ENSG00000273272,0.0,0.125,0.125
ENSG00000273284,0.0,0.125,0.125
ZNF350-AS1,0.0,0.125,0.125
ATF4P4,0.0,0.125,0.125
CD79B,0.0,0.125,0.125
COL28A1,0.0,0.125,0.125
ATF7IP,1.0,1.125,0.125
ENSG00000273403,0.0,0.125,0.125
ATG13,0.0,0.125,0.125
TSSK6,0.0,0.125,0.125
ENSG00000258982,0.0,0.125,0.125
ARPC4,0.0,0.125,0.125
TRBV21-1,0.0,0.125,0.125
DNAH1,0.0,0.125,0.125
ENSG00000287970,0.0,0.125,0.125
CHD6,0.5,0.625,0.125
ENSG00000286373,0.0,0.125,0.125
ENSG00000286391,0.0,0.125,0.125
TCIM,0.0,0.125,0.125
DPP4-DT,0.0,0.125,0.125
DPM3,0.0,0.125,0.125
ENSG00000287957,0.0,0.125,0.125
ACTR6,0.0,0.125,0.125
ENSG00000254340,0.0,0.125,0.125
TCFL5,0.5,0.625,0.125
ENSG00000241185,0.0,0.125,0.125
DPM2,0.0,0.125,0.125
ENSG00000254307,0.0,0.125,0.125
TOP2A,0.0,0.125,0.125
ENSG00000254366,0.0,0.125,0.125
ENSG00000241326,0.0,0.125,0.125
DCAF4L1,0.0,0.125,0.125
ZNRF3-AS1,0.0,0.125,0.125
DPPA2P4,0.0,0.125,0.125
ENSG00000286364,0.0,0.125,0.125
CPPED1,0.0,0.125,0.125
DPPA5P1,0.0,0.125,0.125
TBC1D3G,0.0,0.125,0.125
ENSG00000286341,0.0,0.125,0.125
ENSG00000286337,0.0,0.125,0.125
TPRN,0.0,0.125,0.125
ENSG00000236120,0.0,0.125,0.125
ENSG00000254484,0.0,0.125,0.125
ENSG00000286302,0.0,0.125,0.125
ENSG00000286282,0.0,0.125,0.125
ENSG00000286481,0.0,0.125,0.125
ACTR5,0.0,0.125,0.125
ACSS1,0.0,0.125,0.125
ENSG00000286661,0.0,0.125,0.125
ENSG00000286638,0.0,0.125,0.125
TRBV18,0.0,0.125,0.125
ENSG00000249236,0.0,0.125,0.125
TRBV14,0.0,0.125,0.125
ENSG00000253865,0.0,0.125,0.125
ABITRAM,0.0,0.125,0.125
ENSG00000249240,0.0,0.125,0.125
ENSG00000254288,0.0,0.125,0.125
ENSG00000236833,0.0,0.125,0.125
TRAV14DV4,0.0,0.125,0.125
ENSG00000286707,0.0,0.125,0.125
ENSG00000253853,0.0,0.125,0.125
ENSG00000287847,0.0,0.125,0.125
DLAT,0.5,0.625,0.125
DACT2,0.0,0.125,0.125
ENSG00000236576,0.0,0.125,0.125
ENSG00000236540,0.0,0.125,0.125
COX5BP1,0.0,0.125,0.125
ENSG00000254019,0.0,0.125,0.125
ENSG00000286616,0.0,0.125,0.125
ACTG1,1.0,1.125,0.125
ENSG00000254043,0.0,0.125,0.125
DPH1,0.5,0.625,0.125
ENSG00000286588,0.0,0.125,0.125
UACA,0.0,0.125,0.125
ENSG00000254230,0.0,0.125,0.125
ENSG00000287920,0.0,0.125,0.125
TRBV7-9,0.0,0.125,0.125
ENSG00000236308,0.0,0.125,0.125
CPNE3,0.5,0.625,0.125
CPNE4,0.0,0.125,0.125
ZER1,0.0,0.125,0.125
ADAM20P1,0.0,0.125,0.125
ENSG00000286268,0.0,0.125,0.125
ENSG00000241728,0.0,0.125,0.125
ADARB2,0.0,0.125,0.125
TEAD2,0.0,0.125,0.125
BRAT1,0.0,0.125,0.125
DMRT3,0.0,0.125,0.125
ENSG00000288093,0.0,0.125,0.125
ENSG00000241772,0.0,0.125,0.125
CFL1,0.5,0.625,0.125
DPY19L1P1,0.0,0.125,0.125
ABHD12,0.0,0.125,0.125
CFP,0.0,0.125,0.125
Telomerase-vert,0.0,0.125,0.125
ENSG00000255026,0.0,0.125,0.125
ENSG00000235833,0.0,0.125,0.125
CPTP,0.5,0.625,0.125
TREH,0.0,0.125,0.125
TEAD3,0.0,0.125,0.125
DMRT2,0.0,0.125,0.125
ENSG00000285974,0.0,0.125,0.125
DTHD1,0.0,0.125,0.125
ENSG00000247934,0.0,0.125,0.125
ADCY1,0.0,0.125,0.125
ENSG00000235563,0.0,0.125,0.125
ENSG00000288208,0.0,0.125,0.125
ENSG00000288253,0.0,0.125,0.125
ENSG00000288262,0.0,0.125,0.125
VOPP1,0.0,0.125,0.125
BPI,0.0,0.125,0.125
ENSG00000285887,0.0,0.125,0.125
ENSG00000255326,0.0,0.125,0.125
ENSG00000235189,0.0,0.125,0.125
VASH1,0.0,0.125,0.125
C2,0.0,0.125,0.125
CPSF7,0.0,0.125,0.125
TDRD1,0.0,0.125,0.125
ZIM2,0.0,0.125,0.125
ENSG00000254503,0.0,0.125,0.125
BTBD1,0.0,0.125,0.125
C1orf210,0.0,0.125,0.125
ENSG00000286235,0.0,0.125,0.125
C6orf132,2.5,2.625,0.125
ABHD17C,0.0,0.125,0.125
WDFY1,0.0,0.125,0.125
TRD-AS1,0.0,0.125,0.125
CALR,0.0,0.125,0.125
BRPF3,0.0,0.125,0.125
TBC1D3B,0.0,0.125,0.125
ULK2,0.0,0.125,0.125
ENSG00000241449,0.0,0.125,0.125
CAMK1G,0.0,0.125,0.125
ENSG00000248493,0.0,0.125,0.125
DISP2,0.0,0.125,0.125
ULK3,0.0,0.125,0.125
ENSG00000248468,0.0,0.125,0.125
CGGBP1,0.5,0.625,0.125
COX4I2,0.0,0.125,0.125
TBC1D31,0.0,0.125,0.125
CLK1,0.0,0.125,0.125
ENSG00000254802,0.0,0.125,0.125
ENSG00000286158,0.0,0.125,0.125
ENSG00000248288,0.0,0.125,0.125
CHRD,0.0,0.125,0.125
ENSG00000254810,0.0,0.125,0.125
ENSG00000254829,0.0,0.125,0.125
ENSG00000254873,0.0,0.125,0.125
TDO2,0.0,0.125,0.125
BTN3A1,0.0,0.125,0.125
ENSG00000249388,0.0,0.125,0.125
TEDC1,0.0,0.125,0.125
CPEB3,0.0,0.125,0.125
ENSG00000240919,0.0,0.125,0.125
UBE2E3-DT,0.0,0.125,0.125
ENSG00000287300,0.0,0.125,0.125
ZNG1B,0.0,0.125,0.125
ENSG00000250999,0.0,0.125,0.125
UBE2CP5,0.0,0.125,0.125
TBL3,0.0,0.125,0.125
ENSG00000249967,0.0,0.125,0.125
ZNG1F,0.0,0.125,0.125
ENSG00000250971,0.0,0.125,0.125
ENSG00000287339,0.0,0.125,0.125
ENSG00000239572,0.0,0.125,0.125
ENSG00000249951,0.0,0.125,0.125
C8orf33,0.0,0.125,0.125
DBNL,1.0,1.125,0.125
C19orf38,0.0,0.125,0.125
ENSG00000249743,0.0,0.125,0.125
ENSG00000251095,0.0,0.125,0.125
C16orf89,0.0,0.125,0.125
C16orf46,0.0,0.125,0.125
ENSG00000238387,0.0,0.125,0.125
DCXR,0.0,0.125,0.125
DCAF11,0.0,0.125,0.125
ENSG00000251196,0.0,0.125,0.125
ENSG00000287217,0.0,0.125,0.125
C19orf54,0.0,0.125,0.125
DNMBP-AS1,0.0,0.125,0.125
ENSG00000287170,0.0,0.125,0.125
ENSG00000249685,0.0,0.125,0.125
ENSG00000287168,0.0,0.125,0.125
TPD52,0.0,0.125,0.125
ACKR4,0.0,0.125,0.125
ENSG00000287369,0.0,0.125,0.125
ENSG00000253697,0.0,0.125,0.125
C9orf40,0.0,0.125,0.125
ENSG00000240052,0.0,0.125,0.125
ENSG00000287554,0.0,0.125,0.125
ENSG00000240207,0.0,0.125,0.125
UGT2A1,0.0,0.125,0.125
UBE2D4,0.0,0.125,0.125
ENSG00000287535,0.0,0.125,0.125
ENSG00000240535,0.0,0.125,0.125
ENSG00000287378,0.0,0.125,0.125
DCUN1D2,0.0,0.125,0.125
TPO,0.5,0.625,0.125
ACAA2,0.0,0.125,0.125
ACAN,0.0,0.125,0.125
COX7A2,0.0,0.125,0.125
C9orf152,0.0,0.125,0.125
ACBD4,0.0,0.125,0.125
ZFP1,0.0,0.125,0.125
ACBD7,0.0,0.125,0.125
ENSG00000287454,0.0,0.125,0.125
ENSG00000287569,0.0,0.125,0.125
ENSG00000250378,0.0,0.125,0.125
TPM3P5,0.0,0.125,0.125
ENSG00000287425,0.0,0.125,0.125
C8orf44-SGK3,0.5,0.625,0.125
TPI1,0.0,0.125,0.125
ACAA1,0.0,0.125,0.125
DNAJC4,0.0,0.125,0.125
C17orf107,0.0,0.125,0.125
CHMP4C,0.0,0.125,0.125
TPH1,0.0,0.125,0.125
ENSG00000287387,0.0,0.125,0.125
CHMP4B,0.0,0.125,0.125
ENSG00000287625,0.0,0.125,0.125
ACP5,0.0,0.125,0.125
TBX3,0.5,0.625,0.125
ENSG00000286791,0.0,0.125,0.125
TCEAL5,0.0,0.125,0.125
DNAJA1P3,0.0,0.125,0.125
ENSG00000253430,0.0,0.125,0.125
ENSG00000287769,0.0,0.125,0.125
ENSG00000237271,0.0,0.125,0.125
ENSG00000253397,0.0,0.125,0.125
DDAH2,0.0,0.125,0.125
TPPP3,0.0,0.125,0.125
ENSG00000237551,0.0,0.125,0.125
UGT2A2,0.0,0.125,0.125
ENSG00000286817,0.0,0.125,0.125
BYSL,0.0,0.125,0.125
ENSG00000286833,0.0,0.125,0.125
ENSG00000287759,0.0,0.125,0.125
CADM1,0.0,0.125,0.125
TPRG1-AS1,0.0,0.125,0.125
ENSG00000253475,0.0,0.125,0.125
ABLIM3,0.5,0.625,0.125
ENSG00000287811,0.0,0.125,0.125
ENSG00000287815,0.0,0.125,0.125
ACSL6,0.0,0.125,0.125
TCEANC,0.5,0.625,0.125
TRAV12-2,0.0,0.125,0.125
UTY,0.0,0.125,0.125
UBE2R2,0.0,0.125,0.125
ENSG00000287826,0.0,0.125,0.125
ENSG00000253653,0.0,0.125,0.125
ENSG00000249456,0.0,0.125,0.125
ENSG00000286755,0.0,0.125,0.125
CADM1-AS1,0.0,0.125,0.125
ENSG00000287838,0.0,0.125,0.125
DDAH1,0.0,0.125,0.125
ENSG00000237773,0.0,0.125,0.125
TRAPPC6A,0.0,0.125,0.125
ENSG00000286989,0.0,0.125,0.125
ENSG00000287132,0.0,0.125,0.125
ENSG00000251257,0.0,0.125,0.125
ENSG00000238171,0.0,0.125,0.125
C12orf60,0.0,0.125,0.125
ZFPL1,0.0,0.125,0.125
ACP6,0.0,0.125,0.125
ENSG00000287094,0.0,0.125,0.125
ENSG00000287086,0.0,0.125,0.125
TBX5,0.0,0.125,0.125
TBX5-AS1,0.0,0.125,0.125
C12orf4,0.0,0.125,0.125
ENSG00000251468,0.0,0.125,0.125
DNPEP,0.5,0.625,0.125
ENSG00000287665,0.0,0.125,0.125
TP73,0.0,0.125,0.125
ENSG00000241169,0.0,0.125,0.125
ENSG00000286974,0.0,0.125,0.125
ENSG00000251661,0.0,0.125,0.125
ENSG00000286948,0.0,0.125,0.125
C1QBPP2,0.0,0.125,0.125
UTS2B,0.0,0.125,0.125
DAXX,0.0,0.125,0.125
ENSG00000241026,0.0,0.125,0.125
C11orf1,0.0,0.125,0.125
DARS1,0.0,0.125,0.125
ENSG00000238039,0.0,0.125,0.125
ZC4H2,0.0,0.125,0.125
CHMP1A,0.5,0.625,0.125
ENSG00000237987,0.0,0.125,0.125
ENSG00000287735,0.0,0.125,0.125
ZNF799,0.0,0.125,0.125
COPZ1,0.0,0.125,0.125
CYTH4,0.0,0.125,0.125
ENSG00000284946,0.0,0.125,0.125
ENSG00000288779,0.0,0.125,0.125
ENSG00000288778,0.0,0.125,0.125
ENSG00000257943,0.0,0.125,0.125
DYNLT2,0.0,0.125,0.125
ENSG00000257910,0.0,0.125,0.125
BLZF1,0.0,0.125,0.125
ZBTB8A,0.0,0.125,0.125
TRIM16L,0.0,0.125,0.125
ENSG00000257663,0.0,0.125,0.125
ENSG00000284954,0.0,0.125,0.125
CYP39A1,0.0,0.125,0.125
ENSG00000257550,0.0,0.125,0.125
ENSG00000257496,0.0,0.125,0.125
C2orf68,0.0,0.125,0.125
BLVRA,0.0,0.125,0.125
ENSG00000284825,0.5,0.625,0.125
UTP11,0.0,0.125,0.125
DYNLT2B,0.0,0.125,0.125
ENSG00000288782,0.0,0.125,0.125
ENSG00000284803,0.0,0.125,0.125
CORO7-PAM16,0.0,0.125,0.125
DYNLT3,0.0,0.125,0.125
ENSG00000243829,0.5,0.625,0.125
ENSG00000288803,0.0,0.125,0.125
TESC,0.0,0.125,0.125
ENSG00000284740,0.0,0.125,0.125
ENSG00000284735,0.0,0.125,0.125
ENSG00000284719,0.0,0.125,0.125
CIAO1,0.0,0.125,0.125
UTF1,0.0,0.125,0.125
TESPA1,0.0,0.125,0.125
ENSG00000257378,0.0,0.125,0.125
ENSG00000257346,0.0,0.125,0.125
ENSG00000234083,0.0,0.125,0.125
ENSG00000234261,0.0,0.125,0.125
CFAP36,0.0,0.125,0.125
ENSG00000244733,0.0,0.125,0.125
ENSG00000244676,0.0,0.125,0.125
DYDC2,0.0,0.125,0.125
ENSG00000288757,0.0,0.125,0.125
ENSG00000242667,0.0,0.125,0.125
ENSG00000288765,0.0,0.125,0.125
TERF2IP,0.0,0.125,0.125
ENSG00000285220,0.0,0.125,0.125
DYNC1I1,0.0,0.125,0.125
ADPRS,0.0,0.125,0.125
ENSG00000285188,0.0,0.125,0.125
CHRNA1,0.0,0.125,0.125
ENSG00000256981,0.0,0.125,0.125
ENSG00000257022,0.0,0.125,0.125
CES1,0.0,0.125,0.125
ENSG00000244538,0.0,0.125,0.125
ENSG00000288771,0.0,0.125,0.125
DCC,0.0,0.125,0.125
ADRA1A,0.0,0.125,0.125
ENSG00000285165,0.0,0.125,0.125
CYP4F26P,0.0,0.125,0.125
CYP4F11,0.0,0.125,0.125
ZC3H10,0.0,0.125,0.125
ZDHHC2,0.0,0.125,0.125
ADRB1,0.0,0.125,0.125
WDR49,0.0,0.125,0.125
ENSG00000257258,0.0,0.125,0.125
DDTL,0.0,0.125,0.125
CYP3A7,0.0,0.125,0.125
ENSG00000258337,0.0,0.125,0.125
CORO2A,0.0,0.125,0.125
ENSG00000256928,0.0,0.125,0.125
ENSG00000232716,0.0,0.125,0.125
ZXDA,0.0,0.125,0.125
ENSG00000283228,0.0,0.125,0.125
AGMO,0.0,0.125,0.125
ENSG00000243302,0.0,0.125,0.125
AGMAT,0.0,0.125,0.125
UBE2Q2P2,0.0,0.125,0.125
TWF1,0.0,0.125,0.125
ENSG00000243797,0.0,0.125,0.125
TEX261,0.5,0.625,0.125
ENSG00000258728,0.0,0.125,0.125
WDR75,0.0,0.125,0.125
ENSG00000258699,0.0,0.125,0.125
ENSG00000288829,0.0,0.125,0.125
WBP4,0.0,0.125,0.125
AGPAT1,0.0,0.125,0.125
ENSG00000232499,0.0,0.125,0.125
ENSG00000288885,0.0,0.125,0.125
DCPS,0.0,0.125,0.125
ENSG00000232386,0.0,0.125,0.125
ENSG00000258761,0.0,0.125,0.125
EBP,0.0,0.125,0.125
AGR3,0.0,0.125,0.125
ZNF726,0.0,0.125,0.125
CYP2R1,0.0,0.125,0.125
ENSG00000283118,0.0,0.125,0.125
ENSG00000232342,0.0,0.125,0.125
ENSG00000258796,0.0,0.125,0.125
CARNMT1-AS1,0.0,0.125,0.125
ENSG00000288887,0.0,0.125,0.125
BICC1,0.0,0.125,0.125
ENSG00000288888,0.0,0.125,0.125
DLGAP1,0.0,0.125,0.125
DCST2,0.0,0.125,0.125
ENSG00000258592,0.0,0.125,0.125
CERK,0.5,0.625,0.125
ENSG00000243762,0.0,0.125,0.125
BLOC1S1,0.0,0.125,0.125
ENSG00000284639,0.0,0.125,0.125
ENSG00000233251,0.5,0.625,0.125
ENSG00000233081,0.0,0.125,0.125
ENSG00000284618,0.0,0.125,0.125
CARD16,0.0,0.125,0.125
UBE2Q2,0.0,0.125,0.125
ENSG00000232993,0.0,0.125,0.125
E2F5-DT,0.0,0.125,0.125
E2F7,0.0,0.125,0.125
ENSG00000258521,0.0,0.125,0.125
E4F1,0.0,0.125,0.125
ENSG00000283913,0.0,0.125,0.125
AFP,0.0,0.125,0.125
ENSG00000283393,0.0,0.125,0.125
ENSG00000232909,0.0,0.125,0.125
ENSG00000232891,0.0,0.125,0.125
ENSG00000283761,0.5,0.625,0.125
ENSG00000283743,0.0,0.125,0.125
ENSG00000283689,0.0,0.125,0.125
AGA,0.0,0.125,0.125
ENSG00000243517,0.0,0.125,0.125
AGAP1-IT1,0.0,0.125,0.125
EAF2,0.0,0.125,0.125
ENSG00000283525,0.0,0.125,0.125
ZNF749,0.0,0.125,0.125
ENSG00000258572,0.0,0.125,0.125
ENSG00000283415,0.0,0.125,0.125
VPS33B-DT,0.0,0.125,0.125
DVL1,0.5,0.625,0.125
TNNT3,0.0,0.125,0.125
CHMP5,0.0,0.125,0.125
ZSCAN1,0.0,0.125,0.125
DLX6,0.0,0.125,0.125
ENSG00000247311,0.0,0.125,0.125
ENSG00000255639,0.0,0.125,0.125
ZSCAN23,0.0,0.125,0.125
ADIPOQ-AS1,0.0,0.125,0.125
ABCC10,0.0,0.125,0.125
ENSG00000285773,0.0,0.125,0.125
ZNF787,0.5,0.625,0.125
ENSG00000285522,0.0,0.125,0.125
ENSG00000235066,0.0,0.125,0.125
ENSG00000245667,0.5,0.625,0.125
CLIP3,0.0,0.125,0.125
DDT,0.0,0.125,0.125
ENSG00000256462,0.0,0.125,0.125
ENSG00000234361,0.0,0.125,0.125
ENSG00000288575,0.0,0.125,0.125
DCTN1,0.5,0.625,0.125
ENSG00000245768,0.0,0.125,0.125
TNPO1P1,0.0,0.125,0.125
UBE2O,0.0,0.125,0.125
ENSG00000255680,0.0,0.125,0.125
CMSS1,0.0,0.125,0.125
ADIPOQ,0.0,0.125,0.125
TRGV3,0.0,0.125,0.125
DUSP14,0.0,0.125,0.125
TXNIP,0.0,0.125,0.125
ENSG00000288587,0.0,0.125,0.125
TBC1D22A-AS1,0.0,0.125,0.125
ENSG00000285655,0.0,0.125,0.125
TBC1D22A,0.0,0.125,0.125
TNRC18P1,0.0,0.125,0.125
C2CD4D,0.0,0.125,0.125
DLX6-AS1,0.0,0.125,0.125
ENSG00000285676,0.0,0.125,0.125
ENSG00000285688,0.0,0.125,0.125
ENSG00000288637,0.0,0.125,0.125
ENSG00000242405,0.0,0.125,0.125
CYSLTR2,0.0,0.125,0.125
TXNL4B,0.0,0.125,0.125
ENSG00000247121,0.0,0.125,0.125
ENSG00000255968,0.0,0.125,0.125
CYP51A1P3,0.0,0.125,0.125
CAND1,2.0,2.125,0.125
ENSG00000285781,0.0,0.125,0.125
ZNF124,0.5,0.625,0.125
ABCA9,0.5,0.625,0.125
TRAJ8,0.0,0.125,0.125
CAPN14,0.0,0.125,0.125
ENSG00000256723,0.0,0.125,0.125
ABCF1,0.0,0.125,0.125
TRAJ24,0.0,0.125,0.125
ENSG00000255367,0.0,0.125,0.125
ENSG00000288744,0.0,0.125,0.125
ENSG00000245008,0.0,0.125,0.125
ENSG00000256824,0.0,0.125,0.125
TXNDC16,0.0,0.125,0.125
ENSG00000235111,0.0,0.125,0.125
ZDHHC20P1,0.0,0.125,0.125
CRABP1,0.0,0.125,0.125
ENSG00000234286,0.0,0.125,0.125
CYP4F8,0.0,0.125,0.125
CRABP2,0.0,0.125,0.125
ENSG00000288750,0.0,0.125,0.125
ADCY8,0.0,0.125,0.125
ADORA1,0.0,0.125,0.125
ADGRL1-AS1,0.0,0.125,0.125
ENSG00000255495,0.0,0.125,0.125
CPXM1,0.0,0.125,0.125
ZSCAN31,0.0,0.125,0.125
ENSG00000255513,0.0,0.125,0.125
UBE2V1P2,0.0,0.125,0.125
ENSG00000285382,0.0,0.125,0.125
COPB1,0.0,0.125,0.125
ADCY9,1.0,1.125,0.125
CMPK2,0.0,0.125,0.125
TRGV10,0.0,0.125,0.125
COPG2,0.0,0.125,0.125
EIF3E,3.1666666666666665,3.25,0.08333333333333348
DNTTIP2,2.1666666666666665,2.25,0.08333333333333348
SDHAP1,0.6666666666666666,0.75,0.08333333333333337
DENND1B,0.6666666666666666,0.75,0.08333333333333337
NDUFS2,0.6666666666666666,0.75,0.08333333333333337
DPYSL3,0.6666666666666666,0.75,0.08333333333333337
ENTPD7,0.6666666666666666,0.75,0.08333333333333337
MACO1,0.6666666666666666,0.75,0.08333333333333337
RPL4,0.6666666666666666,0.75,0.08333333333333337
SLC36A4,0.6666666666666666,0.75,0.08333333333333337
ENSG00000285976,0.6666666666666666,0.75,0.08333333333333337
SPECC1L-ADORA2A,0.6666666666666666,0.75,0.08333333333333337
EIF3J-DT,0.6666666666666666,0.75,0.08333333333333337
RRM2B,0.6666666666666666,0.75,0.08333333333333337
CCDC186,0.6666666666666666,0.75,0.08333333333333337
SLC35B4,0.6666666666666666,0.75,0.08333333333333337
KAT7,0.6666666666666666,0.75,0.08333333333333337
AHSA2P,0.6666666666666666,0.75,0.08333333333333337
PALD1,0.6666666666666666,0.75,0.08333333333333337
VMAC,0.6666666666666666,0.75,0.08333333333333337
NRBF2,0.6666666666666666,0.75,0.08333333333333337
KRT14,0.6666666666666666,0.75,0.08333333333333337
SDCBP2,0.6666666666666666,0.75,0.08333333333333337
FAM110D,0.6666666666666666,0.75,0.08333333333333337
PPIAP51,0.6666666666666666,0.75,0.08333333333333337
L3MBTL2,0.6666666666666666,0.75,0.08333333333333337
CRTAP,0.6666666666666666,0.75,0.08333333333333337
SERPINB9P1,0.6666666666666666,0.75,0.08333333333333337
TMEM123,0.6666666666666666,0.75,0.08333333333333337
FRRS1,0.6666666666666666,0.75,0.08333333333333337
ALS2CL,0.6666666666666666,0.75,0.08333333333333337
RPL21P23,0.6666666666666666,0.75,0.08333333333333337
FAM228B,0.6666666666666666,0.75,0.08333333333333337
USP38,0.6666666666666666,0.75,0.08333333333333337
PTPN1,0.6666666666666666,0.75,0.08333333333333337
DPP8,0.6666666666666666,0.75,0.08333333333333337
BBX,0.6666666666666666,0.75,0.08333333333333337
SNRNP200,0.6666666666666666,0.75,0.08333333333333337
SIRPB1,0.6666666666666666,0.75,0.08333333333333337
ENSG00000215022,0.6666666666666666,0.75,0.08333333333333337
NDEL1,0.6666666666666666,0.75,0.08333333333333337
FRK,0.6666666666666666,0.75,0.08333333333333337
SLC19A1,0.6666666666666666,0.75,0.08333333333333337
FOSL2,0.6666666666666666,0.75,0.08333333333333337
ATP5MC1P5,0.6666666666666666,0.75,0.08333333333333337
POLR2D,0.6666666666666666,0.75,0.08333333333333337
THAP6,0.6666666666666666,0.75,0.08333333333333337
SULT1A1,0.6666666666666666,0.75,0.08333333333333337
TNFSF8,0.6666666666666666,0.75,0.08333333333333337
ZBTB8OS,0.6666666666666666,0.75,0.08333333333333337
ENSG00000291117,0.6666666666666666,0.75,0.08333333333333337
TFPI,0.6666666666666666,0.75,0.08333333333333337
ZBTB7C,0.6666666666666666,0.75,0.08333333333333337
SNHG10,0.6666666666666666,0.75,0.08333333333333337
EVI5,0.6666666666666666,0.75,0.08333333333333337
ITGB1BP1,0.6666666666666666,0.75,0.08333333333333337
CYLD,0.6666666666666666,0.75,0.08333333333333337
SH2D4A,0.6666666666666666,0.75,0.08333333333333337
TSKU,0.16666666666666666,0.25,0.08333333333333334
NRDC,0.16666666666666666,0.25,0.08333333333333334
SFXN2,0.16666666666666666,0.25,0.08333333333333334
KCNAB1,0.16666666666666666,0.25,0.08333333333333334
LINC00839,0.16666666666666666,0.25,0.08333333333333334
C2CD6,0.16666666666666666,0.25,0.08333333333333334
NRG4,0.16666666666666666,0.25,0.08333333333333334
ASPG,0.16666666666666666,0.25,0.08333333333333334
PLIN4,0.16666666666666666,0.25,0.08333333333333334
ENSG00000267699,0.16666666666666666,0.25,0.08333333333333334
CCDC74B,0.16666666666666666,0.25,0.08333333333333334
GSK3B-DT,0.16666666666666666,0.25,0.08333333333333334
ENSG00000267892,0.16666666666666666,0.25,0.08333333333333334
PLPBP,0.16666666666666666,0.25,0.08333333333333334
TMEM256-PLSCR3,0.16666666666666666,0.25,0.08333333333333334
C22orf46,0.16666666666666666,0.25,0.08333333333333334
ENSG00000249207,0.16666666666666666,0.25,0.08333333333333334
PAIP2B,0.16666666666666666,0.25,0.08333333333333334
RPL32P34,0.16666666666666666,0.25,0.08333333333333334
LINC00592,0.16666666666666666,0.25,0.08333333333333334
NRAS,0.16666666666666666,0.25,0.08333333333333334
TMEM250,0.16666666666666666,0.25,0.08333333333333334
ZEB1,0.16666666666666666,0.25,0.08333333333333334
ZDHHC12,0.16666666666666666,0.25,0.08333333333333334
LINC00680,0.16666666666666666,0.25,0.08333333333333334
ENSG00000269989,0.16666666666666666,0.25,0.08333333333333334
RN7SL834P,0.16666666666666666,0.25,0.08333333333333334
JRKL,0.16666666666666666,0.25,0.08333333333333334
RPS6KA3,0.16666666666666666,0.25,0.08333333333333334
TMEM30A-DT,0.16666666666666666,0.25,0.08333333333333334
ITIH4-AS1,0.16666666666666666,0.25,0.08333333333333334
NRXN2,0.16666666666666666,0.25,0.08333333333333334
USF1,0.16666666666666666,0.25,0.08333333333333334
ENSG00000249590,0.16666666666666666,0.25,0.08333333333333334
ENSG00000223831,0.16666666666666666,0.25,0.08333333333333334
ZNF433,0.16666666666666666,0.25,0.08333333333333334
SNRPEP11,0.16666666666666666,0.25,0.08333333333333334
ENSG00000269148,0.16666666666666666,0.25,0.08333333333333334
ENSG00000269388,0.16666666666666666,0.25,0.08333333333333334
SFRP5,0.16666666666666666,0.25,0.08333333333333334
TPSAB1,0.16666666666666666,0.25,0.08333333333333334
C1D,0.16666666666666666,0.25,0.08333333333333334
GPSM1,0.16666666666666666,0.25,0.08333333333333334
URM1,0.16666666666666666,0.25,0.08333333333333334
CLDN11,0.16666666666666666,0.25,0.08333333333333334
CCNE1,0.16666666666666666,0.25,0.08333333333333334
ZFAND4,0.16666666666666666,0.25,0.08333333333333334
GSDMA,0.16666666666666666,0.25,0.08333333333333334
C1orf74,0.16666666666666666,0.25,0.08333333333333334
ENSG00000268628,0.16666666666666666,0.25,0.08333333333333334
MMADHC,0.16666666666666666,0.25,0.08333333333333334
TRAJ13,0.16666666666666666,0.25,0.08333333333333334
YPEL1,0.16666666666666666,0.25,0.08333333333333334
LINC00327,0.16666666666666666,0.25,0.08333333333333334
RPL12P4,0.16666666666666666,0.25,0.08333333333333334
TPTEP2-CSNK1E,0.16666666666666666,0.25,0.08333333333333334
ENSG00000225230,0.16666666666666666,0.25,0.08333333333333334
PLXNB3,0.16666666666666666,0.25,0.08333333333333334
JARID2,0.16666666666666666,0.25,0.08333333333333334
TPT1P15,0.16666666666666666,0.25,0.08333333333333334
SNX3,0.16666666666666666,0.25,0.08333333333333334
TRAPPC10,0.16666666666666666,0.25,0.08333333333333334
ENSG00000268659,0.16666666666666666,0.25,0.08333333333333334
SLC18A2-AS1,0.16666666666666666,0.25,0.08333333333333334
P4HA2-AS1,0.16666666666666666,0.25,0.08333333333333334
ENSG00000222588,0.16666666666666666,0.25,0.08333333333333334
C7orf31,0.16666666666666666,0.25,0.08333333333333334
PLSCR3,0.16666666666666666,0.25,0.08333333333333334
LINC00920,0.16666666666666666,0.25,0.08333333333333334
ENSG00000258943,0.16666666666666666,0.25,0.08333333333333334
SLC25A33,0.16666666666666666,0.25,0.08333333333333334
ENSG00000234624,0.16666666666666666,0.25,0.08333333333333334
SLC38A6,0.16666666666666666,0.25,0.08333333333333334
ENSG00000234789,0.16666666666666666,0.25,0.08333333333333334
L2HGDH,0.16666666666666666,0.25,0.08333333333333334
UCKL1-AS1,0.16666666666666666,0.25,0.08333333333333334
ENSG00000229677,0.16666666666666666,0.25,0.08333333333333334
RPS4XP20,0.16666666666666666,0.25,0.08333333333333334
KLF4,0.16666666666666666,0.25,0.08333333333333334
ZC3H12B,0.16666666666666666,0.25,0.08333333333333334
BBC3,0.16666666666666666,0.25,0.08333333333333334
BBLN,0.16666666666666666,0.25,0.08333333333333334
TRGV4,0.16666666666666666,0.25,0.08333333333333334
BBS1,0.16666666666666666,0.25,0.08333333333333334
ENSG00000260659,0.16666666666666666,0.25,0.08333333333333334
SAAL1,0.16666666666666666,0.25,0.08333333333333334
ENSG00000229742,0.16666666666666666,0.25,0.08333333333333334
ENSG00000229808,0.16666666666666666,0.25,0.08333333333333334
ENSG00000256349,0.16666666666666666,0.25,0.08333333333333334
ENSG00000256448,0.16666666666666666,0.25,0.08333333333333334
CXCR2,0.16666666666666666,0.25,0.08333333333333334
RPL22P21,0.16666666666666666,0.25,0.08333333333333334
CAPN11,0.16666666666666666,0.25,0.08333333333333334
CYP51A1,0.16666666666666666,0.25,0.08333333333333334
MIR3198-1,0.16666666666666666,0.25,0.08333333333333334
MIR7851,0.16666666666666666,0.25,0.08333333333333334
ENSG00000255992,0.16666666666666666,0.25,0.08333333333333334
HNRNPA0,0.16666666666666666,0.25,0.08333333333333334
CAPN12,0.16666666666666666,0.25,0.08333333333333334
HMGB1P20,0.16666666666666666,0.25,0.08333333333333334
CAMK2N2,0.16666666666666666,0.25,0.08333333333333334
TRDN,0.16666666666666666,0.25,0.08333333333333334
UCK2,0.16666666666666666,0.25,0.08333333333333334
ENSG00000255122,0.16666666666666666,0.25,0.08333333333333334
ENSG00000235582,0.16666666666666666,0.25,0.08333333333333334
CXCL10,0.16666666666666666,0.25,0.08333333333333334
HLF,0.16666666666666666,0.25,0.08333333333333334
IL10,0.16666666666666666,0.25,0.08333333333333334
PHF23,0.16666666666666666,0.25,0.08333333333333334
PCID2,0.16666666666666666,0.25,0.08333333333333334
ENSG00000255320,0.16666666666666666,0.25,0.08333333333333334
ENSG00000255339,0.16666666666666666,0.25,0.08333333333333334
ENSG00000229664,0.16666666666666666,0.25,0.08333333333333334
ZMYM6,0.16666666666666666,0.25,0.08333333333333334
DDX39A,0.16666666666666666,0.25,0.08333333333333334
BOP1,0.16666666666666666,0.25,0.08333333333333334
BABAM1,0.16666666666666666,0.25,0.08333333333333334
DDX31,0.16666666666666666,0.25,0.08333333333333334
BAG5,0.16666666666666666,0.25,0.08333333333333334
PCMTD1-DT,0.16666666666666666,0.25,0.08333333333333334
TMX2,0.16666666666666666,0.25,0.08333333333333334
BOLA3-DT,0.16666666666666666,0.25,0.08333333333333334
HMGN2P46,0.16666666666666666,0.25,0.08333333333333334
CBLL1-AS1,0.16666666666666666,0.25,0.08333333333333334
ENSG00000260296,0.16666666666666666,0.25,0.08333333333333334
ZNF212,0.16666666666666666,0.25,0.08333333333333334
IL15RA,0.16666666666666666,0.25,0.08333333333333334
ENSG00000258634,0.16666666666666666,0.25,0.08333333333333334
BCS1L,0.16666666666666666,0.25,0.08333333333333334
RWDD4,0.16666666666666666,0.25,0.08333333333333334
ENSG00000259562,0.16666666666666666,0.25,0.08333333333333334
PDE7B,0.16666666666666666,0.25,0.08333333333333334
ENSG00000259529,0.16666666666666666,0.25,0.08333333333333334
ENSG00000233055,0.16666666666666666,0.25,0.08333333333333334
CYP2T1P,0.16666666666666666,0.25,0.08333333333333334
ENSG00000259326,0.16666666666666666,0.25,0.08333333333333334
HSPB7,0.16666666666666666,0.25,0.08333333333333334
PDF,0.16666666666666666,0.25,0.08333333333333334
PDGFA-DT,0.16666666666666666,0.25,0.08333333333333334
SIGLEC9,0.16666666666666666,0.25,0.08333333333333334
PECR,0.16666666666666666,0.25,0.08333333333333334
CASC2,0.16666666666666666,0.25,0.08333333333333334
TRIM36,0.16666666666666666,0.25,0.08333333333333334
MFSD2B,0.16666666666666666,0.25,0.08333333333333334
HTRA3,0.16666666666666666,0.25,0.08333333333333334
KLRC4,0.16666666666666666,0.25,0.08333333333333334
SLC7A14,0.16666666666666666,0.25,0.08333333333333334
UNC45A,0.16666666666666666,0.25,0.08333333333333334
KMT5C,0.16666666666666666,0.25,0.08333333333333334
ID3,0.16666666666666666,0.25,0.08333333333333334
IBA57-DT,0.16666666666666666,0.25,0.08333333333333334
IBTK,0.16666666666666666,0.25,0.08333333333333334
RNU6-927P,0.16666666666666666,0.25,0.08333333333333334
PEF1-AS1,0.16666666666666666,0.25,0.08333333333333334
ENSG00000260273,0.16666666666666666,0.25,0.08333333333333334
BCAS3,0.16666666666666666,0.25,0.08333333333333334
CAPN15,0.16666666666666666,0.25,0.08333333333333334
HOXA10,0.16666666666666666,0.25,0.08333333333333334
SLU7,0.16666666666666666,0.25,0.08333333333333334
TRIM65,0.16666666666666666,0.25,0.08333333333333334
HOXB2,0.16666666666666666,0.25,0.08333333333333334
CNOT6,0.16666666666666666,0.25,0.08333333333333334
BCAR3,0.16666666666666666,0.25,0.08333333333333334
TNPO1,0.16666666666666666,0.25,0.08333333333333334
BCAS1,0.16666666666666666,0.25,0.08333333333333334
SLITRK6,0.16666666666666666,0.25,0.08333333333333334
MIR6886,0.16666666666666666,0.25,0.08333333333333334
HOXD1,0.16666666666666666,0.25,0.08333333333333334
HSD17B11,0.16666666666666666,0.25,0.08333333333333334
RPL21P121,0.16666666666666666,0.25,0.08333333333333334
PEX3,0.16666666666666666,0.25,0.08333333333333334
RUSC1-AS1,0.16666666666666666,0.25,0.08333333333333334
HPF1,0.16666666666666666,0.25,0.08333333333333334
MIR624,0.16666666666666666,0.25,0.08333333333333334
KLHL25,0.16666666666666666,0.25,0.08333333333333334
BCL11B,0.16666666666666666,0.25,0.08333333333333334
BLVRB,0.16666666666666666,0.25,0.08333333333333334
ARPC4-TTLL3,0.16666666666666666,0.25,0.08333333333333334
ENSG00000259623,0.16666666666666666,0.25,0.08333333333333334
CASP6,0.16666666666666666,0.25,0.08333333333333334
NUP42,0.16666666666666666,0.25,0.08333333333333334
PHGDH,0.16666666666666666,0.25,0.08333333333333334
ZNF385D-AS1,0.16666666666666666,0.25,0.08333333333333334
LGALS8-AS1,0.16666666666666666,0.25,0.08333333333333334
H3P14,0.16666666666666666,0.25,0.08333333333333334
H4C2,0.16666666666666666,0.25,0.08333333333333334
ENSG00000251675,0.16666666666666666,0.25,0.08333333333333334
SH3BGR,0.16666666666666666,0.25,0.08333333333333334
KHDC4,0.16666666666666666,0.25,0.08333333333333334
PITHD1,0.16666666666666666,0.25,0.08333333333333334
ENSG00000226824,0.16666666666666666,0.25,0.08333333333333334
C10orf143,0.16666666666666666,0.25,0.08333333333333334
CCDC17,0.16666666666666666,0.25,0.08333333333333334
PIP5K1C,0.16666666666666666,0.25,0.08333333333333334
SNAPC5,0.16666666666666666,0.25,0.08333333333333334
INVS,0.16666666666666666,0.25,0.08333333333333334
SAMD4B,0.16666666666666666,0.25,0.08333333333333334
ATP2B1,0.16666666666666666,0.25,0.08333333333333334
ENSG00000237493,0.16666666666666666,0.25,0.08333333333333334
MLLT1,0.16666666666666666,0.25,0.08333333333333334
METTL25,0.16666666666666666,0.25,0.08333333333333334
DECR1,0.16666666666666666,0.25,0.08333333333333334
SLC10A3,0.16666666666666666,0.25,0.08333333333333334
INTS14,0.16666666666666666,0.25,0.08333333333333334
ENSG00000227374,0.16666666666666666,0.25,0.08333333333333334
RNF170,0.16666666666666666,0.25,0.08333333333333334
METTL27,0.16666666666666666,0.25,0.08333333333333334
ENSG00000263826,0.16666666666666666,0.25,0.08333333333333334
PITPNM3,0.16666666666666666,0.25,0.08333333333333334
ENSG00000265671,0.16666666666666666,0.25,0.08333333333333334
ENSG00000253683,0.16666666666666666,0.25,0.08333333333333334
GUSBP4,0.16666666666666666,0.25,0.08333333333333334
ENSG00000240404,0.16666666666666666,0.25,0.08333333333333334
GTF2IRD2B,0.16666666666666666,0.25,0.08333333333333334
SGO1-AS1,0.16666666666666666,0.25,0.08333333333333334
RPL10P9,0.16666666666666666,0.25,0.08333333333333334
TPMT,0.16666666666666666,0.25,0.08333333333333334
CCDC47,0.16666666666666666,0.25,0.08333333333333334
CCDC39,0.16666666666666666,0.25,0.08333333333333334
ENSG00000267049,0.16666666666666666,0.25,0.08333333333333334
DENND1A,0.16666666666666666,0.25,0.08333333333333334
RNF121,0.16666666666666666,0.25,0.08333333333333334
RNF122,0.16666666666666666,0.25,0.08333333333333334
ENSG00000239701,0.16666666666666666,0.25,0.08333333333333334
ATN1,0.16666666666666666,0.25,0.08333333333333334
GVQW3,0.16666666666666666,0.25,0.08333333333333334
CUL2,0.16666666666666666,0.25,0.08333333333333334
RPL17P26,0.16666666666666666,0.25,0.08333333333333334
PKP2,0.16666666666666666,0.25,0.08333333333333334
ATG3,0.16666666666666666,0.25,0.08333333333333334
CABLES1,0.16666666666666666,0.25,0.08333333333333334
SLC25A48-AS1,0.16666666666666666,0.25,0.08333333333333334
DBIL5P,0.16666666666666666,0.25,0.08333333333333334
TMEM40,0.16666666666666666,0.25,0.08333333333333334
URAHP,0.16666666666666666,0.25,0.08333333333333334
CACNA1C-AS4,0.16666666666666666,0.25,0.08333333333333334
ENSG00000263798,0.16666666666666666,0.25,0.08333333333333334
OSBPL6,0.16666666666666666,0.25,0.08333333333333334
ENSG00000261193,0.16666666666666666,0.25,0.08333333333333334
KIF9,0.16666666666666666,0.25,0.08333333333333334
RPL24P4,0.16666666666666666,0.25,0.08333333333333334
MIR142HG,0.16666666666666666,0.25,0.08333333333333334
IL6-AS1,0.16666666666666666,0.25,0.08333333333333334
ENSG00000228509,0.16666666666666666,0.25,0.08333333333333334
TONSL,0.16666666666666666,0.25,0.08333333333333334
NUP153-AS1,0.16666666666666666,0.25,0.08333333333333334
CALM2P2,0.16666666666666666,0.25,0.08333333333333334
CALM3,0.16666666666666666,0.25,0.08333333333333334
BRSK2,0.16666666666666666,0.25,0.08333333333333334
ENSG00000261546,0.16666666666666666,0.25,0.08333333333333334
AXIN1,0.16666666666666666,0.25,0.08333333333333334
AXL,0.16666666666666666,0.25,0.08333333333333334
ZNF281,0.16666666666666666,0.25,0.08333333333333334
ENSG00000254694,0.16666666666666666,0.25,0.08333333333333334
LAP3,0.16666666666666666,0.25,0.08333333333333334
TOM1L2,0.16666666666666666,0.25,0.08333333333333334
CBX5P1,0.16666666666666666,0.25,0.08333333333333334
HIVEP2-DT,0.16666666666666666,0.25,0.08333333333333334
RPS27AP11,0.16666666666666666,0.25,0.08333333333333334
IL1R2,0.16666666666666666,0.25,0.08333333333333334
B3GALT6,0.16666666666666666,0.25,0.08333333333333334
KIFC3,0.16666666666666666,0.25,0.08333333333333334
ENSG00000229047,0.16666666666666666,0.25,0.08333333333333334
IL17RC,0.16666666666666666,0.25,0.08333333333333334
TRIM8-DT,0.16666666666666666,0.25,0.08333333333333334
ENSG00000261872,0.16666666666666666,0.25,0.08333333333333334
INSIG2,0.16666666666666666,0.25,0.08333333333333334
TRIM24,0.16666666666666666,0.25,0.08333333333333334
INSIG1,0.16666666666666666,0.25,0.08333333333333334
PCAT6,0.16666666666666666,0.25,0.08333333333333334
MLH1,0.16666666666666666,0.25,0.08333333333333334
ENSG00000263276,0.16666666666666666,0.25,0.08333333333333334
ENSG00000253824,0.16666666666666666,0.25,0.08333333333333334
ENSG00000262999,0.16666666666666666,0.25,0.08333333333333334
HDAC2-AS2,0.16666666666666666,0.25,0.08333333333333334
RNF181,0.16666666666666666,0.25,0.08333333333333334
INKA2-AS1,0.16666666666666666,0.25,0.08333333333333334
ZBED2,0.16666666666666666,0.25,0.08333333333333334
ENSG00000262700,0.16666666666666666,0.25,0.08333333333333334
ENSG00000254246,0.16666666666666666,0.25,0.08333333333333334
RPS4XP7,0.16666666666666666,0.25,0.08333333333333334
KIF27,0.16666666666666666,0.25,0.08333333333333334
ENSG00000236358,0.16666666666666666,0.25,0.08333333333333334
HEATR5A-DT,0.16666666666666666,0.25,0.08333333333333334
CCDC13,0.16666666666666666,0.25,0.08333333333333334
ENSG00000228144,0.16666666666666666,0.25,0.08333333333333334
PIGX,0.16666666666666666,0.25,0.08333333333333334
IMMP1L,0.16666666666666666,0.25,0.08333333333333334
ZNF286A-TBC1D26,0.16666666666666666,0.25,0.08333333333333334
SMPD1,0.16666666666666666,0.25,0.08333333333333334
CLEC14A,0.16666666666666666,0.25,0.08333333333333334
ILVBL,0.16666666666666666,0.25,0.08333333333333334
MIS18A,0.16666666666666666,0.25,0.08333333333333334
CTAGE15,0.16666666666666666,0.25,0.08333333333333334
LMNTD2-AS1,0.16666666666666666,0.25,0.08333333333333334
MPHOSPH6P1,0.16666666666666666,0.25,0.08333333333333334
SYCP2,0.16666666666666666,0.25,0.08333333333333334
ENSG00000286000,0.16666666666666666,0.25,0.08333333333333334
GABARAP,0.16666666666666666,0.25,0.08333333333333334
LRP12,0.16666666666666666,0.25,0.08333333333333334
ZNF800,0.16666666666666666,0.25,0.08333333333333334
MACROD1,0.16666666666666666,0.25,0.08333333333333334
ADAP2,0.16666666666666666,0.25,0.08333333333333334
NME3,0.16666666666666666,0.25,0.08333333333333334
MAD2L1,0.16666666666666666,0.25,0.08333333333333334
CSNK1G2-AS1,0.16666666666666666,0.25,0.08333333333333334
PSMB6,0.16666666666666666,0.25,0.08333333333333334
PRIM2,0.16666666666666666,0.25,0.08333333333333334
RRM1,0.16666666666666666,0.25,0.08333333333333334
ENSG00000286150,0.16666666666666666,0.25,0.08333333333333334
ENSG00000291156,0.16666666666666666,0.25,0.08333333333333334
MADCAM1-AS1,0.16666666666666666,0.25,0.08333333333333334
GALK1,0.16666666666666666,0.25,0.08333333333333334
DPY19L4,0.16666666666666666,0.25,0.08333333333333334
RPS13P3,0.16666666666666666,0.25,0.08333333333333334
SPOUT1,0.16666666666666666,0.25,0.08333333333333334
DTD2,0.16666666666666666,0.25,0.08333333333333334
TEAD4,0.16666666666666666,0.25,0.08333333333333334
ZNF524,0.16666666666666666,0.25,0.08333333333333334
RELA,0.16666666666666666,0.25,0.08333333333333334
APOBEC3H,0.16666666666666666,0.25,0.08333333333333334
EML6,0.16666666666666666,0.25,0.08333333333333334
FILIP1L,0.16666666666666666,0.25,0.08333333333333334
ME1,0.16666666666666666,0.25,0.08333333333333334
SPRR1B,0.16666666666666666,0.25,0.08333333333333334
ENSG00000274387,0.16666666666666666,0.25,0.08333333333333334
ENSG00000285851,0.16666666666666666,0.25,0.08333333333333334
ENSG00000285852,0.16666666666666666,0.25,0.08333333333333334
TEC,0.16666666666666666,0.25,0.08333333333333334
PYCR1,0.16666666666666666,0.25,0.08333333333333334
PPOX,0.16666666666666666,0.25,0.08333333333333334
THRAP3,0.16666666666666666,0.25,0.08333333333333334
LINC02298,0.16666666666666666,0.25,0.08333333333333334
FZD9,0.16666666666666666,0.25,0.08333333333333334
STK11,0.16666666666666666,0.25,0.08333333333333334
ENSG00000274177,0.16666666666666666,0.25,0.08333333333333334
ANKRD20A11P,0.16666666666666666,0.25,0.08333333333333334
SDC1,0.16666666666666666,0.25,0.08333333333333334
DPY19L2P3,0.16666666666666666,0.25,0.08333333333333334
XRCC2,0.16666666666666666,0.25,0.08333333333333334
CD86,0.16666666666666666,0.25,0.08333333333333334
MAN1B1-DT,0.16666666666666666,0.25,0.08333333333333334
ENSG00000282602,0.16666666666666666,0.25,0.08333333333333334
ALDH1A3-AS1,0.16666666666666666,0.25,0.08333333333333334
ZNF69,0.16666666666666666,0.25,0.08333333333333334
PRXL2C,0.16666666666666666,0.25,0.08333333333333334
LINC01931,0.16666666666666666,0.25,0.08333333333333334
NOD2,0.16666666666666666,0.25,0.08333333333333334
TIMM21,0.16666666666666666,0.25,0.08333333333333334
NFRKB,0.16666666666666666,0.25,0.08333333333333334
MAN2C1,0.16666666666666666,0.25,0.08333333333333334
ALDH9A1,0.16666666666666666,0.25,0.08333333333333334
SPIDR,0.16666666666666666,0.25,0.08333333333333334
ACSM6,0.16666666666666666,0.25,0.08333333333333334
MANBAL,0.16666666666666666,0.25,0.08333333333333334
SCRG1,0.16666666666666666,0.25,0.08333333333333334
ENSG00000167807,0.16666666666666666,0.25,0.08333333333333334
RN7SL124P,0.16666666666666666,0.25,0.08333333333333334
ENSG00000173366,0.16666666666666666,0.25,0.08333333333333334
SEC23B,0.16666666666666666,0.25,0.08333333333333334
PRKAG2-AS1,0.16666666666666666,0.25,0.08333333333333334
ENSG00000273156,0.16666666666666666,0.25,0.08333333333333334
MTFP1,0.16666666666666666,0.25,0.08333333333333334
SERHL2,0.16666666666666666,0.25,0.08333333333333334
GALNT18,0.16666666666666666,0.25,0.08333333333333334
NAA30,0.16666666666666666,0.25,0.08333333333333334
ENSG00000291095,0.16666666666666666,0.25,0.08333333333333334
RN7SKP36,0.16666666666666666,0.25,0.08333333333333334
ADAM22,0.16666666666666666,0.25,0.08333333333333334
PSMB10,0.16666666666666666,0.25,0.08333333333333334
SYNPO,0.16666666666666666,0.25,0.08333333333333334
TCHH,0.16666666666666666,0.25,0.08333333333333334
ENSG00000290872,0.16666666666666666,0.25,0.08333333333333334
ALCAM,0.16666666666666666,0.25,0.08333333333333334
ENSG00000286488,0.16666666666666666,0.25,0.08333333333333334
ENSG00000290792,0.16666666666666666,0.25,0.08333333333333334
ACTL6A,0.16666666666666666,0.25,0.08333333333333334
LINC01990,0.16666666666666666,0.25,0.08333333333333334
PPCS,0.16666666666666666,0.25,0.08333333333333334
WHAMM,0.16666666666666666,0.25,0.08333333333333334
TFPI2,0.16666666666666666,0.25,0.08333333333333334
CPNE2,0.16666666666666666,0.25,0.08333333333333334
MRPL34,0.16666666666666666,0.25,0.08333333333333334
ENSG00000285772,0.16666666666666666,0.25,0.08333333333333334
SDE2,0.16666666666666666,0.25,0.08333333333333334
SPRYD3,0.16666666666666666,0.25,0.08333333333333334
SENCR,0.16666666666666666,0.25,0.08333333333333334
TET1,0.16666666666666666,0.25,0.08333333333333334
FOS,0.16666666666666666,0.25,0.08333333333333334
RFFL,0.16666666666666666,0.25,0.08333333333333334
LSM6,0.16666666666666666,0.25,0.08333333333333334
FAM120C,0.16666666666666666,0.25,0.08333333333333334
ELOCP19,0.16666666666666666,0.25,0.08333333333333334
ENSG00000284830,0.16666666666666666,0.25,0.08333333333333334
RFC4,0.16666666666666666,0.25,0.08333333333333334
RFC2,0.16666666666666666,0.25,0.08333333333333334
LTB4R,0.16666666666666666,0.25,0.08333333333333334
DYNLT1,0.16666666666666666,0.25,0.08333333333333334
CERS6,0.16666666666666666,0.25,0.08333333333333334
ANXA7,0.16666666666666666,0.25,0.08333333333333334
SUCNR1,0.16666666666666666,0.25,0.08333333333333334
PPP4C,0.16666666666666666,0.25,0.08333333333333334
STMN1,0.16666666666666666,0.25,0.08333333333333334
NKAP,0.16666666666666666,0.25,0.08333333333333334
CERS6-AS1,0.16666666666666666,0.25,0.08333333333333334
TJP3,0.16666666666666666,0.25,0.08333333333333334
ELAC1,0.16666666666666666,0.25,0.08333333333333334
FLOT2,0.16666666666666666,0.25,0.08333333333333334
NDUFB8,0.16666666666666666,0.25,0.08333333333333334
ANKZF1,0.16666666666666666,0.25,0.08333333333333334
ANO2,0.16666666666666666,0.25,0.08333333333333334
PTCH1,0.16666666666666666,0.25,0.08333333333333334
MREG,0.16666666666666666,0.25,0.08333333333333334
ENSG00000282278,0.16666666666666666,0.25,0.08333333333333334
PRC1-AS1,0.16666666666666666,0.25,0.08333333333333334
RSL1D1-DT,0.16666666666666666,0.25,0.08333333333333334
NAE1,0.16666666666666666,0.25,0.08333333333333334
EDNRA,0.16666666666666666,0.25,0.08333333333333334
RIPOR1,0.16666666666666666,0.25,0.08333333333333334
NACC1,0.16666666666666666,0.25,0.08333333333333334
SEMA6A-AS1,0.16666666666666666,0.25,0.08333333333333334
RFX7,0.16666666666666666,0.25,0.08333333333333334
ENSG00000283839,0.16666666666666666,0.25,0.08333333333333334
AHSP,0.16666666666666666,0.25,0.08333333333333334
ENSG00000283849,0.16666666666666666,0.25,0.08333333333333334
PSPH,0.16666666666666666,0.25,0.08333333333333334
CDK12,0.16666666666666666,0.25,0.08333333333333334
CSF2,0.16666666666666666,0.25,0.08333333333333334
PSME3,0.16666666666666666,0.25,0.08333333333333334
LINC02975,0.16666666666666666,0.25,0.08333333333333334
ADHFE1,0.16666666666666666,0.25,0.08333333333333334
USP38-DT,0.16666666666666666,0.25,0.08333333333333334
ZNF705A,0.16666666666666666,0.25,0.08333333333333334
ENSG00000275185,0.16666666666666666,0.25,0.08333333333333334
MRPS14,0.16666666666666666,0.25,0.08333333333333334
PPP1R21,0.16666666666666666,0.25,0.08333333333333334
UBE2V2,0.16666666666666666,0.25,0.08333333333333334
ENSG00000278829,0.16666666666666666,0.25,0.08333333333333334
LINC02422,0.16666666666666666,0.25,0.08333333333333334
RRN3P1,0.16666666666666666,0.25,0.08333333333333334
SUMO3,0.16666666666666666,0.25,0.08333333333333334
SPTBN1-AS1,0.16666666666666666,0.25,0.08333333333333334
ENSG00000274929,0.16666666666666666,0.25,0.08333333333333334
FUNDC2,0.16666666666666666,0.25,0.08333333333333334
TENT5B,0.16666666666666666,0.25,0.08333333333333334
FKBP1B,0.16666666666666666,0.25,0.08333333333333334
ADGRG6,0.16666666666666666,0.25,0.08333333333333334
SPSB3,0.16666666666666666,0.25,0.08333333333333334
SRPRB,0.16666666666666666,0.25,0.08333333333333334
PPP1R3F,0.16666666666666666,0.25,0.08333333333333334
CDC42-IT1,0.16666666666666666,0.25,0.08333333333333334
LTK,0.16666666666666666,0.25,0.08333333333333334
TLR1,0.16666666666666666,0.25,0.08333333333333334
CSF3,0.16666666666666666,0.25,0.08333333333333334
SENP3-EIF4A1,0.16666666666666666,0.25,0.08333333333333334
CDC42EP1,0.16666666666666666,0.25,0.08333333333333334
PTPN22,0.16666666666666666,0.25,0.08333333333333334
AJUBA-DT,0.16666666666666666,0.25,0.08333333333333334
LINC02562,0.16666666666666666,0.25,0.08333333333333334
RPL8P1,0.16666666666666666,0.25,0.08333333333333334
PPP2CB,0.16666666666666666,0.25,0.08333333333333334
LINC02544,0.16666666666666666,0.25,0.08333333333333334
PTPRO,0.16666666666666666,0.25,0.08333333333333334
PTPRG-AS1,0.16666666666666666,0.25,0.08333333333333334
ZNF783,0.16666666666666666,0.25,0.08333333333333334
DUSP4,0.16666666666666666,0.25,0.08333333333333334
ERCC6L,0.16666666666666666,0.25,0.08333333333333334
FRMD6-AS2,0.16666666666666666,0.25,0.08333333333333334
FRS2,0.16666666666666666,0.25,0.08333333333333334
FAM168B,0.16666666666666666,0.25,0.08333333333333334
SUMO2,0.16666666666666666,0.25,0.08333333333333334
ENSG00000273025,0.16666666666666666,0.25,0.08333333333333334
ENSG00000273107,0.16666666666666666,0.25,0.08333333333333334
ANKHD1-EIF4EBP3,0.16666666666666666,0.25,0.08333333333333334
AMMECR1,0.16666666666666666,0.25,0.08333333333333334
ENSG00000272155,0.16666666666666666,0.25,0.08333333333333334
ENSG00000279653,0.16666666666666666,0.25,0.08333333333333334
MARCO,0.16666666666666666,0.25,0.08333333333333334
CILP,0.16666666666666666,0.25,0.08333333333333334
WDFY3,0.16666666666666666,0.25,0.08333333333333334
MOB4,0.16666666666666666,0.25,0.08333333333333334
ARHGEF4,0.16666666666666666,0.25,0.08333333333333334
FCGR2C,0.16666666666666666,0.25,0.08333333333333334
CRTAM,0.16666666666666666,0.25,0.08333333333333334
ENSG00000213560,0.16666666666666666,0.25,0.08333333333333334
THEM5,0.16666666666666666,0.25,0.08333333333333334
ZRSR2P1,0.16666666666666666,0.25,0.08333333333333334
TBC1D30,0.16666666666666666,0.25,0.08333333333333334
MATCAP2,0.16666666666666666,0.25,0.08333333333333334
COX18,0.16666666666666666,0.25,0.08333333333333334
CCT7,0.16666666666666666,0.25,0.08333333333333334
CTDSPL2,0.16666666666666666,0.25,0.08333333333333334
ABCG1,0.16666666666666666,0.25,0.08333333333333334
ZNRF2P2,0.16666666666666666,0.25,0.08333333333333334
RAMP2-AS1,0.16666666666666666,0.25,0.08333333333333334
MAPK6,0.16666666666666666,0.25,0.08333333333333334
ENSG00000289504,0.16666666666666666,0.25,0.08333333333333334
ENSG00000287527,0.16666666666666666,0.25,0.08333333333333334
GID8,0.16666666666666666,0.25,0.08333333333333334
ENSG00000279278,0.16666666666666666,0.25,0.08333333333333334
ENSG00000287562,0.16666666666666666,0.25,0.08333333333333334
ENSG00000279281,0.16666666666666666,0.25,0.08333333333333334
STAG1-DT,0.16666666666666666,0.25,0.08333333333333334
ARHGEF17,0.16666666666666666,0.25,0.08333333333333334
UBE2E3,0.16666666666666666,0.25,0.08333333333333334
MCF2L2,0.16666666666666666,0.25,0.08333333333333334
PRR5-ARHGAP8,0.16666666666666666,0.25,0.08333333333333334
RAI14-DT,0.16666666666666666,0.25,0.08333333333333334
ABTB1,0.16666666666666666,0.25,0.08333333333333334
LLGL2,0.16666666666666666,0.25,0.08333333333333334
ENSG00000177699,0.16666666666666666,0.25,0.08333333333333334
ENSG00000287680,0.16666666666666666,0.25,0.08333333333333334
DEXI,0.16666666666666666,0.25,0.08333333333333334
ARHGEF25,0.16666666666666666,0.25,0.08333333333333334
SERTAD3-AS1,0.16666666666666666,0.25,0.08333333333333334
TMEM143,0.16666666666666666,0.25,0.08333333333333334
ENSG00000279394,0.16666666666666666,0.25,0.08333333333333334
ABCF2-H2BK1,0.16666666666666666,0.25,0.08333333333333334
RHEX,0.16666666666666666,0.25,0.08333333333333334
MSRA,0.16666666666666666,0.25,0.08333333333333334
DLST,0.16666666666666666,0.25,0.08333333333333334
RASGRP2,0.16666666666666666,0.25,0.08333333333333334
RASIP1,0.16666666666666666,0.25,0.08333333333333334
RASL11A,0.16666666666666666,0.25,0.08333333333333334
ZSWIM1,0.16666666666666666,0.25,0.08333333333333334
FBXO8,0.16666666666666666,0.25,0.08333333333333334
ENSG00000270553,0.16666666666666666,0.25,0.08333333333333334
ENSG00000219133,0.16666666666666666,0.25,0.08333333333333334
RN7SL510P,0.16666666666666666,0.25,0.08333333333333334
CCR10,0.16666666666666666,0.25,0.08333333333333334
GNPDA1,0.16666666666666666,0.25,0.08333333333333334
ENSG00000279411,0.16666666666666666,0.25,0.08333333333333334
MBOAT1,0.16666666666666666,0.25,0.08333333333333334
TATDN1,0.16666666666666666,0.25,0.08333333333333334
FBXO44,0.16666666666666666,0.25,0.08333333333333334
RAVER2,0.16666666666666666,0.25,0.08333333333333334
CCNY,0.16666666666666666,0.25,0.08333333333333334
FBXO9,0.16666666666666666,0.25,0.08333333333333334
TBC1D12,0.16666666666666666,0.25,0.08333333333333334
ENSG00000289054,0.16666666666666666,0.25,0.08333333333333334
ENSG00000289056,0.16666666666666666,0.25,0.08333333333333334
ENSG00000288534,0.16666666666666666,0.25,0.08333333333333334
ZNF462,0.16666666666666666,0.25,0.08333333333333334
FBXW4,0.16666666666666666,0.25,0.08333333333333334
MEOX1,0.16666666666666666,0.25,0.08333333333333334
ENSG00000215146,0.16666666666666666,0.25,0.08333333333333334
UBR5-DT,0.16666666666666666,0.25,0.08333333333333334
THOC2,0.16666666666666666,0.25,0.08333333333333334
PNPLA4,0.16666666666666666,0.25,0.08333333333333334
MB21D2,0.16666666666666666,0.25,0.08333333333333334
FBXO21,0.16666666666666666,0.25,0.08333333333333334
ENSG00000271590,0.16666666666666666,0.25,0.08333333333333334
MMP9,0.16666666666666666,0.25,0.08333333333333334
ARMC6,0.16666666666666666,0.25,0.08333333333333334
TBC1D14,0.16666666666666666,0.25,0.08333333333333334
CCR7,0.16666666666666666,0.25,0.08333333333333334
RASD1,0.16666666666666666,0.25,0.08333333333333334
MBD3,0.16666666666666666,0.25,0.08333333333333334
ZNF670,0.16666666666666666,0.25,0.08333333333333334
ECT2L,0.16666666666666666,0.25,0.08333333333333334
RAB5CP1,0.16666666666666666,0.25,0.08333333333333334
ACOX3,0.16666666666666666,0.25,0.08333333333333334
ENSG00000272631,0.16666666666666666,0.25,0.08333333333333334
LPAR2,0.16666666666666666,0.25,0.08333333333333334
ENSG00000287242,0.16666666666666666,0.25,0.08333333333333334
RABGGTB,0.16666666666666666,0.25,0.08333333333333334
ENSG00000272625,0.16666666666666666,0.25,0.08333333333333334
RABL2A,0.16666666666666666,0.25,0.08333333333333334
ANGEL1,0.16666666666666666,0.25,0.08333333333333334
ENSG00000279160,0.16666666666666666,0.25,0.08333333333333334
GET1-SH3BGR,0.16666666666666666,0.25,0.08333333333333334
POP4,0.16666666666666666,0.25,0.08333333333333334
PRRT3,0.16666666666666666,0.25,0.08333333333333334
TIMM10,0.16666666666666666,0.25,0.08333333333333334
STAP2,0.16666666666666666,0.25,0.08333333333333334
ENSG00000289832,0.16666666666666666,0.25,0.08333333333333334
MAP3K5,0.16666666666666666,0.25,0.08333333333333334
SEC31B,0.16666666666666666,0.25,0.08333333333333334
NCALD,0.16666666666666666,0.25,0.08333333333333334
RBMXL1,0.16666666666666666,0.25,0.08333333333333334
ENSG00000289998,0.16666666666666666,0.25,0.08333333333333334
TGM2,0.16666666666666666,0.25,0.08333333333333334
ENSG00000203258,0.16666666666666666,0.25,0.08333333333333334
MRS2P2,0.16666666666666666,0.25,0.08333333333333334
TCAIM,0.16666666666666666,0.25,0.08333333333333334
ENSG00000272800,0.16666666666666666,0.25,0.08333333333333334
ENSG00000272707,0.16666666666666666,0.25,0.08333333333333334
ENSG00000272655,0.16666666666666666,0.25,0.08333333333333334
WHAMMP3,0.16666666666666666,0.25,0.08333333333333334
ENSG00000289913,0.16666666666666666,0.25,0.08333333333333334
TUBAP2,0.16666666666666666,0.25,0.08333333333333334
MS4A1,0.16666666666666666,0.25,0.08333333333333334
STARD5,0.16666666666666666,0.25,0.08333333333333334
FDPSP3,0.16666666666666666,0.25,0.08333333333333334
ENSG00000272476,0.16666666666666666,0.25,0.08333333333333334
ZNF627,0.16666666666666666,0.25,0.08333333333333334
SPART,0.16666666666666666,0.25,0.08333333333333334
FDX2,0.16666666666666666,0.25,0.08333333333333334
RAB44,0.16666666666666666,0.25,0.08333333333333334
SCNN1A,0.16666666666666666,0.25,0.08333333333333334
ENSG00000289579,0.16666666666666666,0.25,0.08333333333333334
NONOP2,0.16666666666666666,0.25,0.08333333333333334
ENSG00000279233,0.16666666666666666,0.25,0.08333333333333334
ENSG00000179038,0.16666666666666666,0.25,0.08333333333333334
SPATA13-AS1,0.16666666666666666,0.25,0.08333333333333334
FAM83G,0.16666666666666666,0.25,0.08333333333333334
GID4,0.16666666666666666,0.25,0.08333333333333334
ZNF883,0.16666666666666666,0.25,0.08333333333333334
ENSG00000272432,0.16666666666666666,0.25,0.08333333333333334
PRSS27,0.16666666666666666,0.25,0.08333333333333334
PRRG2,0.16666666666666666,0.25,0.08333333333333334
ENSG00000289589,0.16666666666666666,0.25,0.08333333333333334
MAOA,0.16666666666666666,0.25,0.08333333333333334
POLR2J4,0.16666666666666666,0.25,0.08333333333333334
CHERP,0.16666666666666666,0.25,0.08333333333333334
FGF22,0.16666666666666666,0.25,0.08333333333333334
COX8BP,0.16666666666666666,0.25,0.08333333333333334
PARP8,1.1666666666666667,1.25,0.08333333333333326
IQGAP1,1.6666666666666667,1.75,0.08333333333333326
COL6A1,1.6666666666666667,1.75,0.08333333333333326
IGF2R,1.6666666666666667,1.75,0.08333333333333326
EMC1,1.6666666666666667,1.75,0.08333333333333326
DCAF7,1.1666666666666667,1.25,0.08333333333333326
ENSG00000254373,1.1666666666666667,1.25,0.08333333333333326
EMP1,1.1666666666666667,1.25,0.08333333333333326
ANXA11,1.1666666666666667,1.25,0.08333333333333326
GTPBP10,1.1666666666666667,1.25,0.08333333333333326
SLC43A3,1.1666666666666667,1.25,0.08333333333333326
FRMD4A,1.6666666666666667,1.75,0.08333333333333326
LDB1,1.6666666666666667,1.75,0.08333333333333326
PVR,1.6666666666666667,1.75,0.08333333333333326
UVSSA,1.1666666666666667,1.25,0.08333333333333326
RAD1,1.1666666666666667,1.25,0.08333333333333326
GARS1,1.1666666666666667,1.25,0.08333333333333326
TRAK1,1.6666666666666667,1.75,0.08333333333333326
PLCE1,1.1666666666666667,1.25,0.08333333333333326
SCAMP4,1.1666666666666667,1.25,0.08333333333333326
DRAM1,1.1666666666666667,1.25,0.08333333333333326
SEMA6A,1.1666666666666667,1.25,0.08333333333333326
ATAD5,1.1666666666666667,1.25,0.08333333333333326
ITGAX,1.1666666666666667,1.25,0.08333333333333326
AKAP13,4.333333333333333,4.375,0.04166666666666696
ENSG00000267002,1.3333333333333333,1.375,0.04166666666666674
PSEN1,1.8333333333333333,1.875,0.04166666666666674
BAZ2B,1.3333333333333333,1.375,0.04166666666666674
SREK1,1.3333333333333333,1.375,0.04166666666666674
SLC1A3,1.3333333333333333,1.375,0.04166666666666674
WDR27,1.3333333333333333,1.375,0.04166666666666674
TERF2,1.3333333333333333,1.375,0.04166666666666674
METTL8,1.3333333333333333,1.375,0.04166666666666674
KPNA4,1.3333333333333333,1.375,0.04166666666666674
RBM5,1.3333333333333333,1.375,0.04166666666666674
LRIG2,1.8333333333333333,1.875,0.04166666666666674
PIPSL,1.3333333333333333,1.375,0.04166666666666674
FKBP15,1.8333333333333333,1.875,0.04166666666666674
PLEKHA3,1.3333333333333333,1.375,0.04166666666666674
ZFP28,1.3333333333333333,1.375,0.04166666666666674
SLC8A1,1.3333333333333333,1.375,0.04166666666666674
ZNF8,1.3333333333333333,1.375,0.04166666666666674
CREM,0.3333333333333333,0.375,0.041666666666666685
RHD,0.3333333333333333,0.375,0.041666666666666685
FAM86B3P,0.3333333333333333,0.375,0.041666666666666685
HOXC11,0.3333333333333333,0.375,0.041666666666666685
TNFRSF1A,0.3333333333333333,0.375,0.041666666666666685
CEP55,0.3333333333333333,0.375,0.041666666666666685
HYI,0.3333333333333333,0.375,0.041666666666666685
CEBPG,0.3333333333333333,0.375,0.041666666666666685
FAM102B,0.3333333333333333,0.375,0.041666666666666685
RGS2,0.3333333333333333,0.375,0.041666666666666685
SLC6A16,0.3333333333333333,0.375,0.041666666666666685
ENSG00000259366,0.3333333333333333,0.375,0.041666666666666685
LMO2,0.3333333333333333,0.375,0.041666666666666685
BDNF-AS,0.3333333333333333,0.375,0.041666666666666685
OAS2,0.3333333333333333,0.375,0.041666666666666685
FANCM,0.3333333333333333,0.375,0.041666666666666685
ENSG00000230291,0.3333333333333333,0.375,0.041666666666666685
VPS4B,0.3333333333333333,0.375,0.041666666666666685
SLIT3-AS1,0.3333333333333333,0.375,0.041666666666666685
AIMP2,0.3333333333333333,0.375,0.041666666666666685
CENPQ,0.3333333333333333,0.375,0.041666666666666685
ST20-AS1,0.3333333333333333,0.375,0.041666666666666685
CDYL,0.3333333333333333,0.375,0.041666666666666685
SELENOP,0.3333333333333333,0.375,0.041666666666666685
AIFM2,0.3333333333333333,0.375,0.041666666666666685
FAM91A1,0.3333333333333333,0.375,0.041666666666666685
FAM98C,0.3333333333333333,0.375,0.041666666666666685
MTCL1,0.3333333333333333,0.375,0.041666666666666685
TUBA1B,0.3333333333333333,0.375,0.041666666666666685
NECTIN2,0.3333333333333333,0.375,0.041666666666666685
BECN1,0.3333333333333333,0.375,0.041666666666666685
LRMDA,0.3333333333333333,0.375,0.041666666666666685
ENSG00000279662,0.3333333333333333,0.375,0.041666666666666685
ST8SIA6,0.3333333333333333,0.375,0.041666666666666685
PRRT2,0.3333333333333333,0.375,0.041666666666666685
NFATC2IP,0.3333333333333333,0.375,0.041666666666666685
CASP1,0.3333333333333333,0.375,0.041666666666666685
ENSG00000279946,0.3333333333333333,0.375,0.041666666666666685
PDK4,0.3333333333333333,0.375,0.041666666666666685
SLC25A28-DT,0.3333333333333333,0.375,0.041666666666666685
OXCT1,0.3333333333333333,0.375,0.041666666666666685
DNAJC3-DT,0.3333333333333333,0.375,0.041666666666666685
NAV3,0.3333333333333333,0.375,0.041666666666666685
DCUN1D5,0.3333333333333333,0.375,0.041666666666666685
COPS8,0.3333333333333333,0.375,0.041666666666666685
SLC25A46,0.3333333333333333,0.375,0.041666666666666685
ACOT13,0.3333333333333333,0.375,0.041666666666666685
IRF2-DT,0.3333333333333333,0.375,0.041666666666666685
MAP4K3-DT,0.3333333333333333,0.375,0.041666666666666685
NBEAL2,0.3333333333333333,0.375,0.041666666666666685
CABLES2,0.3333333333333333,0.375,0.041666666666666685
C14orf119,0.3333333333333333,0.375,0.041666666666666685
WBP1L,0.3333333333333333,0.375,0.041666666666666685
SLC25A51,0.3333333333333333,0.375,0.041666666666666685
PAX8,0.3333333333333333,0.375,0.041666666666666685
ENSG00000286997,0.3333333333333333,0.375,0.041666666666666685
DNTTIP1,0.3333333333333333,0.375,0.041666666666666685
MRTFA,0.3333333333333333,0.375,0.041666666666666685
MIIP,0.3333333333333333,0.375,0.041666666666666685
RPS15AP38,0.3333333333333333,0.375,0.041666666666666685
RAB6A,0.3333333333333333,0.375,0.041666666666666685
UBA52P5,0.3333333333333333,0.375,0.041666666666666685
RAB5B,0.3333333333333333,0.375,0.041666666666666685
ENSG00000286808,0.3333333333333333,0.375,0.041666666666666685
TOX4,0.3333333333333333,0.375,0.041666666666666685
MRRF,0.3333333333333333,0.375,0.041666666666666685
PBXIP1,0.3333333333333333,0.375,0.041666666666666685
ENSG00000286742,0.3333333333333333,0.375,0.041666666666666685
ENSG00000237188,0.3333333333333333,0.375,0.041666666666666685
ACAP1,0.3333333333333333,0.375,0.041666666666666685
MAPK9,0.3333333333333333,0.375,0.041666666666666685
MCM7,0.3333333333333333,0.375,0.041666666666666685
UBE2E2,0.3333333333333333,0.375,0.041666666666666685
AACS,0.3333333333333333,0.375,0.041666666666666685
ENSG00000288815,0.3333333333333333,0.375,0.041666666666666685
AAMDC,0.3333333333333333,0.375,0.041666666666666685
RASSF5,0.3333333333333333,0.375,0.041666666666666685
TRAC,0.3333333333333333,0.375,0.041666666666666685
MBNL2,0.3333333333333333,0.375,0.041666666666666685
ENSG00000244491,0.3333333333333333,0.375,0.041666666666666685
JUN,0.3333333333333333,0.375,0.041666666666666685
DCAF8,0.3333333333333333,0.375,0.041666666666666685
C2CD4C,0.3333333333333333,0.375,0.041666666666666685
ENSG00000246250,0.3333333333333333,0.375,0.041666666666666685
ENSG00000246308,0.3333333333333333,0.375,0.041666666666666685
RBFA,0.3333333333333333,0.375,0.041666666666666685
ENSG00000289194,0.3333333333333333,0.375,0.041666666666666685
UBE2L5,0.3333333333333333,0.375,0.041666666666666685
C5orf63,0.3333333333333333,0.375,0.041666666666666685
NARF-AS2,0.3333333333333333,0.375,0.041666666666666685
NARS1,0.3333333333333333,0.375,0.041666666666666685
P2RY1,0.3333333333333333,0.375,0.041666666666666685
CLPTM1,0.3333333333333333,0.375,0.041666666666666685
UBE2J1,0.3333333333333333,0.375,0.041666666666666685
ITM2A,0.3333333333333333,0.375,0.041666666666666685
WDR13,0.3333333333333333,0.375,0.041666666666666685
VPS33A,0.3333333333333333,0.375,0.041666666666666685
PAPSS2,0.3333333333333333,0.375,0.041666666666666685
ITGB3,0.3333333333333333,0.375,0.041666666666666685
ABRAXAS2,0.3333333333333333,0.375,0.041666666666666685
ENSG00000287643,0.3333333333333333,0.375,0.041666666666666685
MAPKAPK2,0.3333333333333333,0.375,0.041666666666666685
KIAA2013,0.3333333333333333,0.375,0.041666666666666685
KIAA2026,0.3333333333333333,0.375,0.041666666666666685
AHCTF1,0.3333333333333333,0.375,0.041666666666666685
SLC39A9,0.3333333333333333,0.375,0.041666666666666685
BMS1P20,0.3333333333333333,0.375,0.041666666666666685
ZNF131,0.3333333333333333,0.375,0.041666666666666685
MXD1,0.3333333333333333,0.375,0.041666666666666685
PTPRD,0.3333333333333333,0.375,0.041666666666666685
DYNC1LI1,0.3333333333333333,0.375,0.041666666666666685
TNNT2,0.3333333333333333,0.375,0.041666666666666685
ESCO1,0.3333333333333333,0.375,0.041666666666666685
PTPN13,0.3333333333333333,0.375,0.041666666666666685
IFT88,0.3333333333333333,0.375,0.041666666666666685
BMP2,0.3333333333333333,0.375,0.041666666666666685
ENSG00000233783,0.3333333333333333,0.375,0.041666666666666685
ENSG00000257410,0.3333333333333333,0.375,0.041666666666666685
BLOC1S3,0.3333333333333333,0.375,0.041666666666666685
ENSG00000284820,0.3333333333333333,0.375,0.041666666666666685
COMMD9,0.3333333333333333,0.375,0.041666666666666685
ZNF761,0.3333333333333333,0.375,0.041666666666666685
CERS2,0.3333333333333333,0.375,0.041666666666666685
EXOG,0.3333333333333333,0.375,0.041666666666666685
RFLNA,0.3333333333333333,0.375,0.041666666666666685
TET3,0.3333333333333333,0.375,0.041666666666666685
IER5L-AS1,0.3333333333333333,0.375,0.041666666666666685
DIPK1C,0.3333333333333333,0.375,0.041666666666666685
PDGFB,0.3333333333333333,0.375,0.041666666666666685
IDI1,0.3333333333333333,0.375,0.041666666666666685
STRIP2,0.3333333333333333,0.375,0.041666666666666685
FAAP20,0.3333333333333333,0.375,0.041666666666666685
SIM2,0.3333333333333333,0.375,0.041666666666666685
BID,0.3333333333333333,0.375,0.041666666666666685
ICE1,0.3333333333333333,0.375,0.041666666666666685
ERCC2,0.3333333333333333,0.375,0.041666666666666685
NDRG2,0.3333333333333333,0.375,0.041666666666666685
ENSG00000290548,0.3333333333333333,0.375,0.041666666666666685
TXNDC9,0.3333333333333333,0.375,0.041666666666666685
UAP1,0.3333333333333333,0.375,0.041666666666666685
MYCBP2-AS2,0.3333333333333333,0.375,0.041666666666666685
DAP,0.3333333333333333,0.375,0.041666666666666685
ACTB,0.3333333333333333,0.375,0.041666666666666685
KIF1B,0.3333333333333333,0.375,0.041666666666666685
MRPS7,0.3333333333333333,0.375,0.041666666666666685
MYCBP,0.3333333333333333,0.375,0.041666666666666685
INAVA,0.3333333333333333,0.375,0.041666666666666685
U6,0.3333333333333333,0.375,0.041666666666666685
SDAD1,0.3333333333333333,0.375,0.041666666666666685
BSCL2,0.3333333333333333,0.375,0.041666666666666685
UTP3,0.3333333333333333,0.375,0.041666666666666685
IL18,0.3333333333333333,0.375,0.041666666666666685
IL17RE,0.3333333333333333,0.375,0.041666666666666685
ENSG00000291181,0.3333333333333333,0.375,0.041666666666666685
ZMPSTE24,0.3333333333333333,0.375,0.041666666666666685
TRERF1,0.3333333333333333,0.375,0.041666666666666685
DTNB,0.3333333333333333,0.375,0.041666666666666685
MYLK-AS1,0.3333333333333333,0.375,0.041666666666666685
SKI,0.3333333333333333,0.375,0.041666666666666685
IGSF9,0.3333333333333333,0.375,0.041666666666666685
LYVE1,0.3333333333333333,0.375,0.041666666666666685
SLC35F6,0.3333333333333333,0.375,0.041666666666666685
NDOR1,0.3333333333333333,0.375,0.041666666666666685
CAMTA2,0.3333333333333333,0.375,0.041666666666666685
RELN,0.3333333333333333,0.375,0.041666666666666685
EPHB1,0.3333333333333333,0.375,0.041666666666666685
RPS2,0.3333333333333333,0.375,0.041666666666666685
SUPT6H,0.3333333333333333,0.375,0.041666666666666685
SUV39H2,0.3333333333333333,0.375,0.041666666666666685
C4orf19,0.3333333333333333,0.375,0.041666666666666685
UQCC3,0.3333333333333333,0.375,0.041666666666666685
ENSG00000228886,0.3333333333333333,0.375,0.041666666666666685
POMZP3,0.3333333333333333,0.375,0.041666666666666685
GSTM2,0.3333333333333333,0.375,0.041666666666666685
MEI1,0.3333333333333333,0.375,0.041666666666666685
TMEM30A,0.3333333333333333,0.375,0.041666666666666685
ENSG00000228919,0.3333333333333333,0.375,0.041666666666666685
MORN1,0.3333333333333333,0.375,0.041666666666666685
FLII,0.3333333333333333,0.375,0.041666666666666685
YPEL5,0.3333333333333333,0.375,0.041666666666666685
POU2F2,0.3333333333333333,0.375,0.041666666666666685
ENSG00000279019,0.3333333333333333,0.375,0.041666666666666685
RNF112,0.3333333333333333,0.375,0.041666666666666685
YWHAH,0.3333333333333333,0.375,0.041666666666666685
GAS6,0.3333333333333333,0.375,0.041666666666666685
LINC00205,0.3333333333333333,0.375,0.041666666666666685
CD48,0.3333333333333333,0.375,0.041666666666666685
RNF227,0.3333333333333333,0.375,0.041666666666666685
GAS1RR,0.3333333333333333,0.375,0.041666666666666685
MPDU1,0.3333333333333333,0.375,0.041666666666666685
PRELID1P6,0.3333333333333333,0.375,0.041666666666666685
FSCN1,0.3333333333333333,0.375,0.041666666666666685
ENSG00000228925,0.3333333333333333,0.375,0.041666666666666685
ENSG00000267504,0.3333333333333333,0.375,0.041666666666666685
TIMM44,0.3333333333333333,0.375,0.041666666666666685
RPL23AP53,0.3333333333333333,0.375,0.041666666666666685
ENSG00000272356,0.3333333333333333,0.375,0.041666666666666685
SFXN4,0.3333333333333333,0.375,0.041666666666666685
PLEKHA8P1,0.3333333333333333,0.375,0.041666666666666685
MOK,0.3333333333333333,0.375,0.041666666666666685
SNRNP27,0.3333333333333333,0.375,0.041666666666666685
POLR2J,0.3333333333333333,0.375,0.041666666666666685
RIN1,0.3333333333333333,0.375,0.041666666666666685
UCK1,0.3333333333333333,0.375,0.041666666666666685
ZNF592,0.3333333333333333,0.375,0.041666666666666685
SMG7-AS1,0.3333333333333333,0.375,0.041666666666666685
GRPEL1,0.3333333333333333,0.375,0.041666666666666685
ENSG00000267520,0.3333333333333333,0.375,0.041666666666666685
SPCS1,0.3333333333333333,0.375,0.041666666666666685
TTF1,0.3333333333333333,0.375,0.041666666666666685
POLR3E,0.3333333333333333,0.375,0.041666666666666685
PPARD,0.3333333333333333,0.375,0.041666666666666685
NIPAL4,0.3333333333333333,0.375,0.041666666666666685
TRPV2,0.3333333333333333,0.375,0.041666666666666685
MPI,0.3333333333333333,0.375,0.041666666666666685
PPP3CC,0.3333333333333333,0.375,0.041666666666666685
H4C16,0.3333333333333333,0.375,0.041666666666666685
PITPNA,0.3333333333333333,0.375,0.041666666666666685
HACD3,0.3333333333333333,0.375,0.041666666666666685
SNCA,0.3333333333333333,0.375,0.041666666666666685
SNAPIN,0.3333333333333333,0.375,0.041666666666666685
TMEM45A,0.3333333333333333,0.375,0.041666666666666685
ZNF543,0.3333333333333333,0.375,0.041666666666666685
TRNAU1AP,0.3333333333333333,0.375,0.041666666666666685
TRMT61B,0.3333333333333333,0.375,0.041666666666666685
FURIN,0.3333333333333333,0.375,0.041666666666666685
CDC27,0.3333333333333333,0.375,0.041666666666666685
LEF1,0.3333333333333333,0.375,0.041666666666666685
CSGALNACT2,0.3333333333333333,0.375,0.041666666666666685
RNF180,0.3333333333333333,0.375,0.041666666666666685
UBXN8,0.3333333333333333,0.375,0.041666666666666685
CUL5,0.3333333333333333,0.375,0.041666666666666685
SRCAP,0.3333333333333333,0.375,0.041666666666666685
SREBF1,0.3333333333333333,0.375,0.041666666666666685
LIN28A,0.3333333333333333,0.375,0.041666666666666685
LINC02669,0.3333333333333333,0.375,0.041666666666666685
ENSG00000277782,0.3333333333333333,0.375,0.041666666666666685
SGSM3,0.3333333333333333,0.375,0.041666666666666685
SNHG4,0.3333333333333333,0.375,0.041666666666666685
SRI,0.3333333333333333,0.375,0.041666666666666685
PIGB,0.3333333333333333,0.375,0.041666666666666685
AREL1,0.3333333333333333,0.375,0.041666666666666685
NNMT,0.3333333333333333,0.375,0.041666666666666685
ANP32E,0.3333333333333333,0.375,0.041666666666666685
LIMK2,0.3333333333333333,0.375,0.041666666666666685
CDH13-AS2,0.3333333333333333,0.375,0.041666666666666685
NT5C,0.3333333333333333,0.375,0.041666666666666685
CCDC102A,0.3333333333333333,0.375,0.041666666666666685
ZNF583,0.3333333333333333,0.375,0.041666666666666685
ENSG00000266237,0.3333333333333333,0.375,0.041666666666666685
NIT1,0.3333333333333333,0.375,0.041666666666666685
TTC38,0.3333333333333333,0.375,0.041666666666666685
MPHOSPH8,0.3333333333333333,0.375,0.041666666666666685
MOGS,0.3333333333333333,0.375,0.041666666666666685
SPDYA,0.3333333333333333,0.375,0.041666666666666685
GPR160,0.3333333333333333,0.375,0.041666666666666685
CTF1,0.3333333333333333,0.375,0.041666666666666685
LIPN,0.3333333333333333,0.375,0.041666666666666685
SP4,0.3333333333333333,0.375,0.041666666666666685
COA7,0.3333333333333333,0.375,0.041666666666666685
SOD3,0.3333333333333333,0.375,0.041666666666666685
ANGEL2,0.3333333333333333,0.375,0.041666666666666685
NQO2-AS1,0.3333333333333333,0.375,0.041666666666666685
FGD3,0.3333333333333333,0.375,0.041666666666666685
EIF3G,0.3333333333333333,0.375,0.041666666666666685
PLPP1,0.3333333333333333,0.375,0.041666666666666685
ENSG00000279196,0.3333333333333333,0.375,0.041666666666666685
CCL21,0.3333333333333333,0.375,0.041666666666666685
MTHFD2,0.3333333333333333,0.375,0.041666666666666685
GKAP1,0.3333333333333333,0.375,0.041666666666666685
HMGCS1,0.3333333333333333,0.375,0.041666666666666685
AMPD2,0.3333333333333333,0.375,0.041666666666666685
MFN1,0.3333333333333333,0.375,0.041666666666666685
CCR6,0.3333333333333333,0.375,0.041666666666666685
COL13A1,0.3333333333333333,0.375,0.041666666666666685
YBX1P10,0.3333333333333333,0.375,0.041666666666666685
NPIPB5,0.3333333333333333,0.375,0.041666666666666685
PNPLA2,0.3333333333333333,0.375,0.041666666666666685
CTSF,0.3333333333333333,0.375,0.041666666666666685
PRMT1,0.3333333333333333,0.375,0.041666666666666685
LINC00888,0.3333333333333333,0.375,0.041666666666666685
ENSG00000229116,0.3333333333333333,0.375,0.041666666666666685
MMP3,0.3333333333333333,0.375,0.041666666666666685
SNX8,0.3333333333333333,0.375,0.041666666666666685
PLK2,0.3333333333333333,0.375,0.041666666666666685
TMEM184A,0.3333333333333333,0.375,0.041666666666666685
MED23,0.3333333333333333,0.375,0.041666666666666685
GJB3,0.3333333333333333,0.375,0.041666666666666685
ASAP1,0.3333333333333333,0.375,0.041666666666666685
PPP4R2,0.8333333333333334,0.875,0.04166666666666663
WRN,0.8333333333333334,0.875,0.04166666666666663
PAM,0.8333333333333334,0.875,0.04166666666666663
ENSG00000278330,0.8333333333333334,0.875,0.04166666666666663
RNF168,0.8333333333333334,0.875,0.04166666666666663
ZNF426,0.8333333333333334,0.875,0.04166666666666663
WAC,0.8333333333333334,0.875,0.04166666666666663
ASB6,0.8333333333333334,0.875,0.04166666666666663
CCAR2,0.8333333333333334,0.875,0.04166666666666663
ENSG00000291185,0.8333333333333334,0.875,0.04166666666666663
NIPAL2,0.8333333333333334,0.875,0.04166666666666663
XRRA1,0.8333333333333334,0.875,0.04166666666666663
ATRX,0.8333333333333334,0.875,0.04166666666666663
PLSCR1,0.8333333333333334,0.875,0.04166666666666663
SNX27,0.8333333333333334,0.875,0.04166666666666663
TUBB3,0.8333333333333334,0.875,0.04166666666666663
PTGER3,0.8333333333333334,0.875,0.04166666666666663
PARD6G,0.8333333333333334,0.875,0.04166666666666663
NDUFB1,0.8333333333333334,0.875,0.04166666666666663
HOXB3,0.8333333333333334,0.875,0.04166666666666663
USP40,0.8333333333333334,0.875,0.04166666666666663
COLGALT1,0.8333333333333334,0.875,0.04166666666666663
CCT2,0.8333333333333334,0.875,0.04166666666666663
IL33,0.8333333333333334,0.875,0.04166666666666663
NFXL1,0.8333333333333334,0.875,0.04166666666666663
RPS18P12,0.8333333333333334,0.875,0.04166666666666663
SYTL2,0.8333333333333334,0.875,0.04166666666666663
TMEM67,0.8333333333333334,0.875,0.04166666666666663
ZNF598,0.8333333333333334,0.875,0.04166666666666663
TBL1X,0.8333333333333334,0.875,0.04166666666666663
ZNF704,0.8333333333333334,0.875,0.04166666666666663
TAF3,0.8333333333333334,0.875,0.04166666666666663
LMAN2,0.8333333333333334,0.875,0.04166666666666663
PSMD6,0.8333333333333334,0.875,0.04166666666666663
TBC1D7,0.8333333333333334,0.875,0.04166666666666663
MKLN1-AS,0.8333333333333334,0.875,0.04166666666666663
SPACA6,0.8333333333333334,0.875,0.04166666666666663
SEC16B,0.8333333333333334,0.875,0.04166666666666663
DNAAF9,0.8333333333333334,0.875,0.04166666666666663
USP47,0.8333333333333334,0.875,0.04166666666666663
SLIT2,0.8333333333333334,0.875,0.04166666666666663
FTO,0.8333333333333334,0.875,0.04166666666666663
POLH,2.3333333333333335,2.375,0.04166666666666652
PHLDB2,2.3333333333333335,2.375,0.04166666666666652
TASOR,2.3333333333333335,2.375,0.04166666666666652
QTRT2,0.5,0.5,0.0
TMCC3,1.0,1.0,0.0
SETD7,1.5,1.5,0.0
DLD,0.5,0.5,0.0
CHST12,1.5,1.5,0.0
FUS,0.5,0.5,0.0
PNKD,1.0,1.0,0.0
ENSG00000288826,0.5,0.5,0.0
LINC02185,1.0,1.0,0.0
ENSG00000265799,0.5,0.5,0.0
SOD2,1.5,1.5,0.0
MAFA,0.5,0.5,0.0
ENSG00000291107,0.5,0.5,0.0
EML3,0.5,0.5,0.0
ADK,0.5,0.5,0.0
PCDHGC3,0.5,0.5,0.0
ADAM8,0.5,0.5,0.0
HAR1B,0.5,0.5,0.0
NCOA4,0.5,0.5,0.0
PPP1R12A,1.0,1.0,0.0
PUS7L,0.5,0.5,0.0
ZNF548,0.5,0.5,0.0
NME7,0.5,0.5,0.0
PXMP4,0.5,0.5,0.0
ENSG00000270149,1.0,1.0,0.0
PTTG1IP,0.5,0.5,0.0
APOOL,0.5,0.5,0.0
TMEM177,0.5,0.5,0.0
CAMLG,0.5,0.5,0.0
UBOX5,0.5,0.5,0.0
KANSL1L,0.5,0.5,0.0
ENSG00000285589,1.0,1.0,0.0
VDAC1P2,1.0,1.0,0.0
TEF,0.5,0.5,0.0
SH2D3A,0.5,0.5,0.0
C3,1.0,1.0,0.0
EPC1,1.0,1.0,0.0
NR2C2,0.5,0.5,0.0
EMSY,0.5,0.5,0.0
GAB1,0.5,0.5,0.0
CSNK1G1,0.5,0.5,0.0
TRAF5,1.5,1.5,0.0
RPL19P16,0.5,0.5,0.0
ENSG00000273805,0.5,0.5,0.0
PCNX3,0.5,0.5,0.0
BRD1,0.5,0.5,0.0
RALBP1,0.5,0.5,0.0
NCBP2,1.5,1.5,0.0
RASGRF2,0.5,0.5,0.0
RBSN,0.5,0.5,0.0
MYL12B,0.5,0.5,0.0
CD27-AS1,0.5,0.5,0.0
ENSG00000248710,0.5,0.5,0.0
ARHGEF7,2.5,2.5,0.0
GCN1,0.5,0.5,0.0
TSPAN4,0.5,0.5,0.0
ENSG00000188897,0.5,0.5,0.0
CPLX1,0.5,0.5,0.0
DNMT1,0.5,0.5,0.0
COPS5,0.5,0.5,0.0
SLC25A10,0.5,0.5,0.0
TSPAN5,1.0,1.0,0.0
YOD1,0.5,0.5,0.0
ACOT9,1.5,1.5,0.0
ITIH5,2.5,2.5,0.0
GFER,0.5,0.5,0.0
ZCCHC4,0.5,0.5,0.0
TAF1B,0.5,0.5,0.0
PARP4,1.0,1.0,0.0
TAF4B,0.5,0.5,0.0
ENSG00000268081,0.5,0.5,0.0
CCDC97,0.5,0.5,0.0
LINC00632,0.5,0.5,0.0
TRAPPC12,1.0,1.0,0.0
GIMAP1,0.5,0.5,0.0
LINC00641,0.5,0.5,0.0
PLEKHM3,0.5,0.5,0.0
RAI1,0.5,0.5,0.0
PARD3,0.5,0.5,0.0
TAOK1,2.0,2.0,0.0
PLCD3,0.5,0.5,0.0
ENSG00000288700,0.5,0.5,0.0
DOK3,0.5,0.5,0.0
GNAL,1.5,1.5,0.0
ENSG00000291079,0.5,0.5,0.0
ENSG00000289085,0.5,0.5,0.0
ARCN1,0.5,0.5,0.0
SKIC8,0.5,0.5,0.0
MAK,0.5,0.5,0.0
ENPP4,0.5,0.5,0.0
ENSG00000236255,0.5,0.5,0.0
CHD7,0.5,0.5,0.0
MT-CYB,1.0,1.0,0.0
MALT1,2.0,2.0,0.0
ENSG00000214776,0.5,0.5,0.0
INF2,0.5,0.5,0.0
RAB35,0.5,0.5,0.0
TBILA,0.5,0.5,0.0
TMED8,0.5,0.5,0.0
TOP3A,0.5,0.5,0.0
MAN1B1,1.0,1.0,0.0
MAX,1.0,1.0,0.0
MAN2A1,1.0,1.0,0.0
SCFD1,1.5,1.5,0.0
ZSCAN18,0.5,0.5,0.0
MAU2,0.5,0.5,0.0
CD47,0.5,0.5,0.0
RNF111,0.5,0.5,0.0
GATA2,0.5,0.5,0.0
INSYN2A,0.5,0.5,0.0
CCDC69,1.0,1.0,0.0
ENSG00000253636,0.5,0.5,0.0
CDC37L1,0.5,0.5,0.0
PMP22,0.5,0.5,0.0
RPN1,0.5,0.5,0.0
NDUFA5,1.0,1.0,0.0
ANXA3,0.5,0.5,0.0
ENSG00000279095,0.5,0.5,0.0
SLMAP,1.0,1.0,0.0
TWSG1,1.0,1.0,0.0
HELZ,1.5,1.5,0.0
ENSG00000284686,0.5,0.5,0.0
AFF1,2.5,2.5,0.0
ANXA4,0.5,0.5,0.0
AZIN1,0.5,0.5,0.0
HEIH,0.5,0.5,0.0
PHTF1,0.5,0.5,0.0
ETV1,0.5,0.5,0.0
CYP2U1-AS1,0.5,0.5,0.0
HOXA4,0.5,0.5,0.0
ETS1,1.0,1.0,0.0
NFATC2IP-AS1,0.5,0.5,0.0
UQCRB,1.0,1.0,0.0
CLEC7A,0.5,0.5,0.0
ST7-OT4,0.5,0.5,0.0
LTBP2,0.5,0.5,0.0
DYNLL2,0.5,0.5,0.0
FBLN2,1.5,1.5,0.0
CKAP2,0.5,0.5,0.0
ENSG00000284968,0.5,0.5,0.0
HS3ST1,0.5,0.5,0.0
RIT1,0.5,0.5,0.0
LACTB,0.5,0.5,0.0
FAM131A,0.5,0.5,0.0
FMOD,0.5,0.5,0.0
MDGA1,0.5,0.5,0.0
ENSG00000282988,0.5,0.5,0.0
TULP3,0.5,0.5,0.0
MKRN2,1.5,1.5,0.0
ANAPC7,0.5,0.5,0.0
AGT,0.5,0.5,0.0
LRRC8C,0.5,0.5,0.0
LRP10,0.5,0.5,0.0
ZNF230-DT,0.5,0.5,0.0
KMT5A,0.5,0.5,0.0
RPL5P8,0.5,0.5,0.0
PDGFD,0.5,0.5,0.0
RPL7AP6,0.5,0.5,0.0
MKRN1,0.5,0.5,0.0
SEC62,0.5,0.5,0.0
PRKRA,1.0,1.0,0.0
ELF2,1.0,1.0,0.0
ENSG00000260861,0.5,0.5,0.0
ZNF669,0.5,0.5,0.0
EAPP,0.5,0.5,0.0
LRRTM2,0.5,0.5,0.0
CC2D1A,0.5,0.5,0.0
NFKBIZ,0.5,0.5,0.0
ZNF667,0.5,0.5,0.0
ZNF641,0.5,0.5,0.0
AEBP2,0.5,0.5,0.0
CREG1,0.5,0.5,0.0
FAM3C,0.5,0.5,0.0
CDK19,0.5,0.5,0.0
PRKACB,0.5,0.5,0.0
FBXL5,0.5,0.5,0.0
LINC02576,0.5,0.5,0.0
PGAP2,0.5,0.5,0.0
SLCO2B1,0.5,0.5,0.0
SMAD1,0.5,0.5,0.0
CFAP410,0.5,0.5,0.0
COPA,2.0,2.0,0.0
HSPA12A,1.0,1.0,0.0
SASH1,0.5,0.5,0.0
DUSP6,0.5,0.5,0.0
ERG,0.5,0.5,0.0
ENSG00000260563,0.5,0.5,0.0
PEBP4,0.5,0.5,0.0
KYNU,1.0,1.0,0.0
PRKAA2,0.5,0.5,0.0
NEIL2,0.5,0.5,0.0
CRY1,0.5,0.5,0.0
LEMD3,0.5,0.5,0.0
MIRLET7A1HG,0.5,0.5,0.0
PSMA4,0.5,0.5,0.0
PDCD6IP,1.0,1.0,0.0
MTCO3P12,0.5,0.5,0.0
MPZL1,1.0,1.0,0.0
SH3GLB1,0.5,0.5,0.0
ANKRA2,0.5,0.5,0.0
REV1,1.0,1.0,0.0
SUFU,0.5,0.5,0.0
MX1,5.0,5.0,0.0
RPL28,1.0,1.0,0.0
KRI1,0.5,0.5,0.0
UNG,1.0,1.0,0.0
RPS4XP13,0.5,0.5,0.0
LMAN1,0.5,0.5,0.0
RPL27AP5,0.5,0.5,0.0
FAT1,2.1666666666666665,2.125,-0.04166666666666652
DNAJC10,2.1666666666666665,2.125,-0.04166666666666652
GNAS,2.6666666666666665,2.625,-0.04166666666666652
CNNM2,0.6666666666666666,0.625,-0.04166666666666663
MRPL28,0.6666666666666666,0.625,-0.04166666666666663
PEX2,0.6666666666666666,0.625,-0.04166666666666663
ABRAXAS1,0.6666666666666666,0.625,-0.04166666666666663
VWA5A,0.6666666666666666,0.625,-0.04166666666666663
GINM1,0.6666666666666666,0.625,-0.04166666666666663
TIRAP,0.6666666666666666,0.625,-0.04166666666666663
ZNHIT6,0.6666666666666666,0.625,-0.04166666666666663
MAST2,0.6666666666666666,0.625,-0.04166666666666663
INPP5K,0.6666666666666666,0.625,-0.04166666666666663
TOR1A,0.6666666666666666,0.625,-0.04166666666666663
RALGDS,0.6666666666666666,0.625,-0.04166666666666663
GSN-AS1,0.6666666666666666,0.625,-0.04166666666666663
SGSH,0.6666666666666666,0.625,-0.04166666666666663
MKNK1,0.6666666666666666,0.625,-0.04166666666666663
LBHD1,0.6666666666666666,0.625,-0.04166666666666663
ENSG00000224407,0.6666666666666666,0.625,-0.04166666666666663
ENSG00000261158,0.6666666666666666,0.625,-0.04166666666666663
ITCH,0.6666666666666666,0.625,-0.04166666666666663
DNAAF2,0.6666666666666666,0.625,-0.04166666666666663
LARP4,0.6666666666666666,0.625,-0.04166666666666663
SFRP4,0.6666666666666666,0.625,-0.04166666666666663
MORF4L1,0.6666666666666666,0.625,-0.04166666666666663
LRRC27,0.6666666666666666,0.625,-0.04166666666666663
TMEM276,0.6666666666666666,0.625,-0.04166666666666663
RAB5A,0.6666666666666666,0.625,-0.04166666666666663
SIDT2,0.6666666666666666,0.625,-0.04166666666666663
PLCXD3,0.6666666666666666,0.625,-0.04166666666666663
DGCR11,0.6666666666666666,0.625,-0.04166666666666663
COL24A1,0.6666666666666666,0.625,-0.04166666666666663
EFEMP1,0.6666666666666666,0.625,-0.04166666666666663
ARHGDIB,0.6666666666666666,0.625,-0.04166666666666663
TAF5L,0.6666666666666666,0.625,-0.04166666666666663
GIT2,0.6666666666666666,0.625,-0.04166666666666663
KCTD20,0.6666666666666666,0.625,-0.04166666666666663
AIM2,0.6666666666666666,0.625,-0.04166666666666663
ENSG00000206028,0.6666666666666666,0.625,-0.04166666666666663
ENSG00000286786,0.6666666666666666,0.625,-0.04166666666666663
ABLIM1,0.6666666666666666,0.625,-0.04166666666666663
MYO1B,0.6666666666666666,0.625,-0.04166666666666663
WRNIP1,0.6666666666666666,0.625,-0.04166666666666663
STMP1,0.6666666666666666,0.625,-0.04166666666666663
LBR,0.6666666666666666,0.625,-0.04166666666666663
LRRC25,0.6666666666666666,0.625,-0.04166666666666663
ZNF155,0.6666666666666666,0.625,-0.04166666666666663
ZNF644,0.6666666666666666,0.625,-0.04166666666666663
RCN3,0.6666666666666666,0.625,-0.04166666666666663
AGBL3,0.6666666666666666,0.625,-0.04166666666666663
LCLAT1,0.6666666666666666,0.625,-0.04166666666666663
PKN2,0.6666666666666666,0.625,-0.04166666666666663
PRKX,0.6666666666666666,0.625,-0.04166666666666663
PTP4A1,0.6666666666666666,0.625,-0.04166666666666663
DPYD,0.6666666666666666,0.625,-0.04166666666666663
BRF1,0.6666666666666666,0.625,-0.04166666666666663
MTF2,0.6666666666666666,0.625,-0.04166666666666663
FCHSD1,0.6666666666666666,0.625,-0.04166666666666663
FOXK2,0.6666666666666666,0.625,-0.04166666666666663
TMEM44,0.6666666666666666,0.625,-0.04166666666666663
PIK3CA,0.6666666666666666,0.625,-0.04166666666666663
SUZ12,0.6666666666666666,0.625,-0.04166666666666663
SLC30A5,0.6666666666666666,0.625,-0.04166666666666663
PYDC5,0.6666666666666666,0.625,-0.04166666666666663
REX1BD,0.6666666666666666,0.625,-0.04166666666666663
ENSG00000285850,0.6666666666666666,0.625,-0.04166666666666663
TEKT4P2,0.6666666666666666,0.625,-0.04166666666666663
DLGAP1-AS2,0.6666666666666666,0.625,-0.04166666666666663
SHROOM4,0.6666666666666666,0.625,-0.04166666666666663
DUOX1,0.6666666666666666,0.625,-0.04166666666666663
PIP5K1A,0.6666666666666666,0.625,-0.04166666666666663
LUCAT1,0.6666666666666666,0.625,-0.04166666666666663
LURAP1L,0.6666666666666666,0.625,-0.04166666666666663
ROBO1,0.6666666666666666,0.625,-0.04166666666666663
TLR2,0.6666666666666666,0.625,-0.04166666666666663
PROS1,0.6666666666666666,0.625,-0.04166666666666663
SLC5A3,0.6666666666666666,0.625,-0.04166666666666663
MCFD2,0.6666666666666666,0.625,-0.04166666666666663
WDR35,0.6666666666666666,0.625,-0.04166666666666663
LRRC58,0.6666666666666666,0.625,-0.04166666666666663
TMEM87A,0.6666666666666666,0.625,-0.04166666666666663
NCEH1,0.6666666666666666,0.625,-0.04166666666666663
IMPA2,0.6666666666666666,0.625,-0.04166666666666663
CHD3,0.6666666666666666,0.625,-0.04166666666666663
CEP83,0.6666666666666666,0.625,-0.04166666666666663
DDX10,0.6666666666666666,0.625,-0.04166666666666663
ATF4P3,0.6666666666666666,0.625,-0.04166666666666663
PPARGC1B,0.6666666666666666,0.625,-0.04166666666666663
SOX13,0.6666666666666666,0.625,-0.04166666666666663
KCND1,0.16666666666666666,0.125,-0.04166666666666666
LRCH2,0.16666666666666666,0.125,-0.04166666666666666
ENSG00000242795,0.16666666666666666,0.125,-0.04166666666666666
LMOD2,0.16666666666666666,0.125,-0.04166666666666666
SIGIRR,0.16666666666666666,0.125,-0.04166666666666666
NET1,0.16666666666666666,0.125,-0.04166666666666666
TUBB2A,0.16666666666666666,0.125,-0.04166666666666666
TSPO,0.16666666666666666,0.125,-0.04166666666666666
C5orf34,0.16666666666666666,0.125,-0.04166666666666666
OAF,0.16666666666666666,0.125,-0.04166666666666666
LAMA1,0.16666666666666666,0.125,-0.04166666666666666
CHRNA5,0.16666666666666666,0.125,-0.04166666666666666
RPS24P8,0.16666666666666666,0.125,-0.04166666666666666
CCNB1,0.16666666666666666,0.125,-0.04166666666666666
ENSG00000230433,0.16666666666666666,0.125,-0.04166666666666666
LRFN3,0.16666666666666666,0.125,-0.04166666666666666
WRAP53,0.16666666666666666,0.125,-0.04166666666666666
KYAT1,0.16666666666666666,0.125,-0.04166666666666666
LINC01315,0.16666666666666666,0.125,-0.04166666666666666
DHTKD1,0.16666666666666666,0.125,-0.04166666666666666
OXER1,0.16666666666666666,0.125,-0.04166666666666666
PA2G4P6,0.16666666666666666,0.125,-0.04166666666666666
SCN1B,0.16666666666666666,0.125,-0.04166666666666666
CELF6,0.16666666666666666,0.125,-0.04166666666666666
ZBTB20-AS1,0.16666666666666666,0.125,-0.04166666666666666
LINC01348,0.16666666666666666,0.125,-0.04166666666666666
C9orf131,0.16666666666666666,0.125,-0.04166666666666666
NPM1P8,0.16666666666666666,0.125,-0.04166666666666666
LINC00989,0.16666666666666666,0.125,-0.04166666666666666
KRT8P33,0.16666666666666666,0.125,-0.04166666666666666
TRIM6,0.16666666666666666,0.125,-0.04166666666666666
DHX9-AS1,0.16666666666666666,0.125,-0.04166666666666666
ENSG00000213791,0.16666666666666666,0.125,-0.04166666666666666
EIF2A,0.16666666666666666,0.125,-0.04166666666666666
EGLN2,0.16666666666666666,0.125,-0.04166666666666666
ENSG00000218418,0.16666666666666666,0.125,-0.04166666666666666
DNAH11,0.16666666666666666,0.125,-0.04166666666666666
TUBA3FP,0.16666666666666666,0.125,-0.04166666666666666
NPL,0.16666666666666666,0.125,-0.04166666666666666
WDFY4,0.16666666666666666,0.125,-0.04166666666666666
CBLL1,0.16666666666666666,0.125,-0.04166666666666666
NFKBIB,0.16666666666666666,0.125,-0.04166666666666666
SEM1P1,0.16666666666666666,0.125,-0.04166666666666666
TRIM7-AS2,0.16666666666666666,0.125,-0.04166666666666666
CBR3,0.16666666666666666,0.125,-0.04166666666666666
KCNK1,0.16666666666666666,0.125,-0.04166666666666666
MARK2P16,0.16666666666666666,0.125,-0.04166666666666666
LINC01277,0.16666666666666666,0.125,-0.04166666666666666
NAA35,0.16666666666666666,0.125,-0.04166666666666666
DNAAF8,0.16666666666666666,0.125,-0.04166666666666666
LINC01048,0.16666666666666666,0.125,-0.04166666666666666
SEC24B-AS1,0.16666666666666666,0.125,-0.04166666666666666
NFKBID,0.16666666666666666,0.125,-0.04166666666666666
CHRNA10,0.16666666666666666,0.125,-0.04166666666666666
MARCHF10,0.16666666666666666,0.125,-0.04166666666666666
RPL36P9,0.16666666666666666,0.125,-0.04166666666666666
EIF4A1P8,0.16666666666666666,0.125,-0.04166666666666666
DKK2,0.16666666666666666,0.125,-0.04166666666666666
MASP2,0.16666666666666666,0.125,-0.04166666666666666
NXT2,0.16666666666666666,0.125,-0.04166666666666666
KRT80,0.16666666666666666,0.125,-0.04166666666666666
CLCA4-AS1,0.16666666666666666,0.125,-0.04166666666666666
CCL2,0.16666666666666666,0.125,-0.04166666666666666
KCNQ1,0.16666666666666666,0.125,-0.04166666666666666
CDKN1C,0.16666666666666666,0.125,-0.04166666666666666
ENSG00000217231,0.16666666666666666,0.125,-0.04166666666666666
ENSG00000223522,0.16666666666666666,0.125,-0.04166666666666666
RPL35A,0.16666666666666666,0.125,-0.04166666666666666
ENSG00000213557,0.16666666666666666,0.125,-0.04166666666666666
C5orf15,0.16666666666666666,0.125,-0.04166666666666666
LINC02482,0.16666666666666666,0.125,-0.04166666666666666
ENSG00000224794,0.16666666666666666,0.125,-0.04166666666666666
LINC02656,0.16666666666666666,0.125,-0.04166666666666666
LCMT1,0.16666666666666666,0.125,-0.04166666666666666
NCOA2,0.16666666666666666,0.125,-0.04166666666666666
E2F3,0.16666666666666666,0.125,-0.04166666666666666
ENSG00000225886,0.16666666666666666,0.125,-0.04166666666666666
KIF9-AS1,0.16666666666666666,0.125,-0.04166666666666666
XNDC1N-ZNF705EP-ALG1L9P,0.16666666666666666,0.125,-0.04166666666666666
U2AF1L4,0.16666666666666666,0.125,-0.04166666666666666
KIF16B,0.16666666666666666,0.125,-0.04166666666666666
RPS13,0.16666666666666666,0.125,-0.04166666666666666
NME9,0.16666666666666666,0.125,-0.04166666666666666
NME4,0.16666666666666666,0.125,-0.04166666666666666
OR7C1,0.16666666666666666,0.125,-0.04166666666666666
TRPC1,0.16666666666666666,0.125,-0.04166666666666666
CCDC13-AS2,0.16666666666666666,0.125,-0.04166666666666666
WDR55,0.16666666666666666,0.125,-0.04166666666666666
SBSN,0.16666666666666666,0.125,-0.04166666666666666
LINC02736,0.16666666666666666,0.125,-0.04166666666666666
SBSPON,0.16666666666666666,0.125,-0.04166666666666666
RPL24P8,0.16666666666666666,0.125,-0.04166666666666666
XPO6,0.16666666666666666,0.125,-0.04166666666666666
LRRC8D,0.16666666666666666,0.125,-0.04166666666666666
ENSG00000236434,0.16666666666666666,0.125,-0.04166666666666666
MCM8,0.16666666666666666,0.125,-0.04166666666666666
ORMDL3,0.16666666666666666,0.125,-0.04166666666666666
ENSG00000100101,0.16666666666666666,0.125,-0.04166666666666666
LINC01963,0.16666666666666666,0.125,-0.04166666666666666
MAMSTR,0.16666666666666666,0.125,-0.04166666666666666
OSBP,0.16666666666666666,0.125,-0.04166666666666666
LINC02767,0.16666666666666666,0.125,-0.04166666666666666
DPCD,0.16666666666666666,0.125,-0.04166666666666666
CALCRL-AS1,0.16666666666666666,0.125,-0.04166666666666666
ENDOD1,0.16666666666666666,0.125,-0.04166666666666666
LIFR-AS1,0.16666666666666666,0.125,-0.04166666666666666
TTC14,0.16666666666666666,0.125,-0.04166666666666666
CFAP300,0.16666666666666666,0.125,-0.04166666666666666
ENSG00000234607,0.16666666666666666,0.125,-0.04166666666666666
SH3GL1,0.16666666666666666,0.125,-0.04166666666666666
MED8,0.16666666666666666,0.125,-0.04166666666666666
CAP2P1,0.16666666666666666,0.125,-0.04166666666666666
LEF1-AS1,0.16666666666666666,0.125,-0.04166666666666666
KLHL15,0.16666666666666666,0.125,-0.04166666666666666
ENSG00000227309,0.16666666666666666,0.125,-0.04166666666666666
SEPSECS-AS1,0.16666666666666666,0.125,-0.04166666666666666
LYPD5,0.16666666666666666,0.125,-0.04166666666666666
ENSG00000234818,0.16666666666666666,0.125,-0.04166666666666666
LYPLAL1,0.16666666666666666,0.125,-0.04166666666666666
LINC02550,0.16666666666666666,0.125,-0.04166666666666666
EMC3,0.16666666666666666,0.125,-0.04166666666666666
DUXAP8,0.16666666666666666,0.125,-0.04166666666666666
RPS24P19,0.16666666666666666,0.125,-0.04166666666666666
DDN-AS1,0.16666666666666666,0.125,-0.04166666666666666
DHODH,0.16666666666666666,0.125,-0.04166666666666666
DUOXA1,0.16666666666666666,0.125,-0.04166666666666666
DHFR2,0.16666666666666666,0.125,-0.04166666666666666
SH3GL1P1,0.16666666666666666,0.125,-0.04166666666666666
TTC27,0.16666666666666666,0.125,-0.04166666666666666
DHFR,0.16666666666666666,0.125,-0.04166666666666666
NAGK,0.16666666666666666,0.125,-0.04166666666666666
RPS19BP1,0.16666666666666666,0.125,-0.04166666666666666
RPP40,0.16666666666666666,0.125,-0.04166666666666666
ENSG00000226647,0.16666666666666666,0.125,-0.04166666666666666
NMB,0.16666666666666666,0.125,-0.04166666666666666
LZTR1,0.16666666666666666,0.125,-0.04166666666666666
LDHB,0.16666666666666666,0.125,-0.04166666666666666
DTNA,0.16666666666666666,0.125,-0.04166666666666666
CCDC28B,0.16666666666666666,0.125,-0.04166666666666666
CADPS,0.16666666666666666,0.125,-0.04166666666666666
ENSG00000213169,0.16666666666666666,0.125,-0.04166666666666666
ENSG00000225000,0.16666666666666666,0.125,-0.04166666666666666
NHS,0.16666666666666666,0.125,-0.04166666666666666
XYLT2,0.16666666666666666,0.125,-0.04166666666666666
NOS1AP,0.16666666666666666,0.125,-0.04166666666666666
NANOS2,0.16666666666666666,0.125,-0.04166666666666666
CACFD1,0.16666666666666666,0.125,-0.04166666666666666
ENSG00000231401,0.16666666666666666,0.125,-0.04166666666666666
MAP3K4-AS1,0.16666666666666666,0.125,-0.04166666666666666
WDR83,0.16666666666666666,0.125,-0.04166666666666666
CD244,0.16666666666666666,0.125,-0.04166666666666666
MAP3K4,0.16666666666666666,0.125,-0.04166666666666666
SHCBP1,0.16666666666666666,0.125,-0.04166666666666666
LINC01619,0.16666666666666666,0.125,-0.04166666666666666
TSPY26P,0.16666666666666666,0.125,-0.04166666666666666
CACNA2D2,0.16666666666666666,0.125,-0.04166666666666666
WWC1,0.16666666666666666,0.125,-0.04166666666666666
LINC00520,0.16666666666666666,0.125,-0.04166666666666666
CASP2,0.16666666666666666,0.125,-0.04166666666666666
DNASE2,0.16666666666666666,0.125,-0.04166666666666666
ENSG00000224888,0.16666666666666666,0.125,-0.04166666666666666
DENND1C,0.16666666666666666,0.125,-0.04166666666666666
TTI1,0.16666666666666666,0.125,-0.04166666666666666
LINC00562,0.16666666666666666,0.125,-0.04166666666666666
RPL37A-DT,0.16666666666666666,0.125,-0.04166666666666666
SCN3B,0.16666666666666666,0.125,-0.04166666666666666
OTULINL,0.16666666666666666,0.125,-0.04166666666666666
LINC01572,0.16666666666666666,0.125,-0.04166666666666666
UBE4A,0.16666666666666666,0.125,-0.04166666666666666
ENSG00000207022,0.16666666666666666,0.125,-0.04166666666666666
CEP128,0.16666666666666666,0.125,-0.04166666666666666
MED27,0.16666666666666666,0.125,-0.04166666666666666
NOTCH2NLB,0.16666666666666666,0.125,-0.04166666666666666
METTL15,0.16666666666666666,0.125,-0.04166666666666666
SIGLEC7,0.16666666666666666,0.125,-0.04166666666666666
DGAT2,0.16666666666666666,0.125,-0.04166666666666666
SLC10A6,0.16666666666666666,0.125,-0.04166666666666666
LINC02861,0.16666666666666666,0.125,-0.04166666666666666
OSBPL3,0.16666666666666666,0.125,-0.04166666666666666
LINC00211,0.16666666666666666,0.125,-0.04166666666666666
SH3RF3-AS1,0.16666666666666666,0.125,-0.04166666666666666
TRIM8,0.16666666666666666,0.125,-0.04166666666666666
MFSD2A,0.16666666666666666,0.125,-0.04166666666666666
KIAA2012,0.16666666666666666,0.125,-0.04166666666666666
KIAA1958,0.16666666666666666,0.125,-0.04166666666666666
RPS15AP13,0.16666666666666666,0.125,-0.04166666666666666
CHTF18,0.16666666666666666,0.125,-0.04166666666666666
NOL12,0.16666666666666666,0.125,-0.04166666666666666
NOL3,0.16666666666666666,0.125,-0.04166666666666666
EDRF1-AS1,0.16666666666666666,0.125,-0.04166666666666666
CHEK2,0.16666666666666666,0.125,-0.04166666666666666
SCAF1,0.16666666666666666,0.125,-0.04166666666666666
OSGIN2,0.16666666666666666,0.125,-0.04166666666666666
SIK1,0.16666666666666666,0.125,-0.04166666666666666
ZBTB40,0.16666666666666666,0.125,-0.04166666666666666
ENSG00000237356,0.16666666666666666,0.125,-0.04166666666666666
DOHH,0.16666666666666666,0.125,-0.04166666666666666
RPL6P2,0.16666666666666666,0.125,-0.04166666666666666
RPS27AP16,0.16666666666666666,0.125,-0.04166666666666666
NBR2,0.16666666666666666,0.125,-0.04166666666666666
MAP2K6,0.16666666666666666,0.125,-0.04166666666666666
NDRG4,0.16666666666666666,0.125,-0.04166666666666666
CACNA2D4,0.16666666666666666,0.125,-0.04166666666666666
CDK13-DT,0.16666666666666666,0.125,-0.04166666666666666
CCDC77,0.16666666666666666,0.125,-0.04166666666666666
ENSG00000231699,0.16666666666666666,0.125,-0.04166666666666666
ENSG00000225140,0.16666666666666666,0.125,-0.04166666666666666
ENSG00000226545,0.16666666666666666,0.125,-0.04166666666666666
MSTO1,0.16666666666666666,0.125,-0.04166666666666666
C3orf80,0.16666666666666666,0.125,-0.04166666666666666
RN7SL170P,0.16666666666666666,0.125,-0.04166666666666666
GGACT,0.16666666666666666,0.125,-0.04166666666666666
GGA3,0.16666666666666666,0.125,-0.04166666666666666
ENSG00000272383,0.16666666666666666,0.125,-0.04166666666666666
POLR2J3,0.16666666666666666,0.125,-0.04166666666666666
SPATA33,0.16666666666666666,0.125,-0.04166666666666666
POLR3C,0.16666666666666666,0.125,-0.04166666666666666
GDF7,0.16666666666666666,0.125,-0.04166666666666666
ARHGAP6,0.16666666666666666,0.125,-0.04166666666666666
PORCN,0.16666666666666666,0.125,-0.04166666666666666
POLR2H,0.16666666666666666,0.125,-0.04166666666666666
ENSG00000272906,0.16666666666666666,0.125,-0.04166666666666666
GATA6,0.16666666666666666,0.125,-0.04166666666666666
MOSPD2,0.16666666666666666,0.125,-0.04166666666666666
ARHGAP1,0.16666666666666666,0.125,-0.04166666666666666
ENSG00000273055,0.16666666666666666,0.125,-0.04166666666666666
ENSG00000273080,0.16666666666666666,0.125,-0.04166666666666666
MOXD1,0.16666666666666666,0.125,-0.04166666666666666
ENSG00000273100,0.16666666666666666,0.125,-0.04166666666666666
GGCTP1,0.16666666666666666,0.125,-0.04166666666666666
POLR2F,0.16666666666666666,0.125,-0.04166666666666666
CSPG5,0.16666666666666666,0.125,-0.04166666666666666
SOS1-IT1,0.16666666666666666,0.125,-0.04166666666666666
ENSG00000270210,0.16666666666666666,0.125,-0.04166666666666666
GNG5B,0.16666666666666666,0.125,-0.04166666666666666
ARMCX4,0.16666666666666666,0.125,-0.04166666666666666
ENSG00000270659,0.16666666666666666,0.125,-0.04166666666666666
TMEM17,0.16666666666666666,0.125,-0.04166666666666666
TMEM167AP2,0.16666666666666666,0.125,-0.04166666666666666
COIL,0.16666666666666666,0.125,-0.04166666666666666
ENSG00000271780,0.16666666666666666,0.125,-0.04166666666666666
ARL8B,0.16666666666666666,0.125,-0.04166666666666666
GGT7,0.16666666666666666,0.125,-0.04166666666666666
RN7SL610P,0.16666666666666666,0.125,-0.04166666666666666
ARL15,0.16666666666666666,0.125,-0.04166666666666666
GLDN,0.16666666666666666,0.125,-0.04166666666666666
GJB5,0.16666666666666666,0.125,-0.04166666666666666
GJA9,0.16666666666666666,0.125,-0.04166666666666666
RN7SL395P,0.16666666666666666,0.125,-0.04166666666666666
ARHGEF18,0.16666666666666666,0.125,-0.04166666666666666
GHDC,0.16666666666666666,0.125,-0.04166666666666666
GAS2,0.16666666666666666,0.125,-0.04166666666666666
TMED3,0.16666666666666666,0.125,-0.04166666666666666
ENSG00000270100,0.16666666666666666,0.125,-0.04166666666666666
ENSG00000276952,0.16666666666666666,0.125,-0.04166666666666666
PPP1R3C,0.16666666666666666,0.125,-0.04166666666666666
FRYL,0.16666666666666666,0.125,-0.04166666666666666
FRAT1,0.16666666666666666,0.125,-0.04166666666666666
ENSG00000276136,0.16666666666666666,0.125,-0.04166666666666666
AP1S2,0.16666666666666666,0.125,-0.04166666666666666
ENSG00000276842,0.16666666666666666,0.125,-0.04166666666666666
ENSG00000276900,0.16666666666666666,0.125,-0.04166666666666666
PPP4R3A,0.16666666666666666,0.125,-0.04166666666666666
FNDC5,0.16666666666666666,0.125,-0.04166666666666666
APBA3,0.16666666666666666,0.125,-0.04166666666666666
ENSG00000277581,0.16666666666666666,0.125,-0.04166666666666666
PRAF2,0.16666666666666666,0.125,-0.04166666666666666
CRYBB2,0.16666666666666666,0.125,-0.04166666666666666
FMNL2,0.16666666666666666,0.125,-0.04166666666666666
ANO7,0.16666666666666666,0.125,-0.04166666666666666
FLYWCH2,0.16666666666666666,0.125,-0.04166666666666666
PRDM4,0.16666666666666666,0.125,-0.04166666666666666
TIPRL,0.16666666666666666,0.125,-0.04166666666666666
RMND5B,0.16666666666666666,0.125,-0.04166666666666666
ZNF550,0.16666666666666666,0.125,-0.04166666666666666
PPIAP40,0.16666666666666666,0.125,-0.04166666666666666
AQP11,0.16666666666666666,0.125,-0.04166666666666666
ENSG00000273424,0.16666666666666666,0.125,-0.04166666666666666
SPNS2-AS1,0.16666666666666666,0.125,-0.04166666666666666
ENSG00000273619,0.16666666666666666,0.125,-0.04166666666666666
AQP9,0.16666666666666666,0.125,-0.04166666666666666
AQP7B,0.16666666666666666,0.125,-0.04166666666666666
PPIL6,0.16666666666666666,0.125,-0.04166666666666666
RPS7P1,0.16666666666666666,0.125,-0.04166666666666666
GABPA,0.16666666666666666,0.125,-0.04166666666666666
ENSG00000274015,0.16666666666666666,0.125,-0.04166666666666666
MPP7-DT,0.16666666666666666,0.125,-0.04166666666666666
RN7SKP151,0.16666666666666666,0.125,-0.04166666666666666
G0S2,0.16666666666666666,0.125,-0.04166666666666666
ENSG00000274269,0.16666666666666666,0.125,-0.04166666666666666
PPP1CA,0.16666666666666666,0.125,-0.04166666666666666
RN7SKP150,0.16666666666666666,0.125,-0.04166666666666666
ZNF532,0.16666666666666666,0.125,-0.04166666666666666
ENSG00000274554,0.16666666666666666,0.125,-0.04166666666666666
ENSG00000274949,0.16666666666666666,0.125,-0.04166666666666666
ENSG00000270127,0.16666666666666666,0.125,-0.04166666666666666
ENSG00000270072,0.16666666666666666,0.125,-0.04166666666666666
TMPO-AS1,0.16666666666666666,0.125,-0.04166666666666666
ATP1B3,0.16666666666666666,0.125,-0.04166666666666666
TMEM51-AS1,0.16666666666666666,0.125,-0.04166666666666666
SNAP47,0.16666666666666666,0.125,-0.04166666666666666
ENSG00000264365,0.16666666666666666,0.125,-0.04166666666666666
ATP2A1,0.16666666666666666,0.125,-0.04166666666666666
HAGLROS,0.16666666666666666,0.125,-0.04166666666666666
ENSG00000264860,0.16666666666666666,0.125,-0.04166666666666666
MLLT10,0.16666666666666666,0.125,-0.04166666666666666
H4C6,0.16666666666666666,0.125,-0.04166666666666666
ENSG00000265139,0.16666666666666666,0.125,-0.04166666666666666
ATP5F1EP2,0.16666666666666666,0.125,-0.04166666666666666
ATP1B2,0.16666666666666666,0.125,-0.04166666666666666
ENSG00000265287,0.16666666666666666,0.125,-0.04166666666666666
H2BC8,0.16666666666666666,0.125,-0.04166666666666666
PKD1,0.16666666666666666,0.125,-0.04166666666666666
ATG5,0.16666666666666666,0.125,-0.04166666666666666
H2AC4,0.16666666666666666,0.125,-0.04166666666666666
ENSG00000266283,0.16666666666666666,0.125,-0.04166666666666666
ENSG00000266877,0.16666666666666666,0.125,-0.04166666666666666
CNTD1,0.16666666666666666,0.125,-0.04166666666666666
ENSG00000263731,0.16666666666666666,0.125,-0.04166666666666666
SNORA1B,0.16666666666666666,0.125,-0.04166666666666666
HES6,0.16666666666666666,0.125,-0.04166666666666666
ENSG00000261532,0.16666666666666666,0.125,-0.04166666666666666
HILPDA,0.16666666666666666,0.125,-0.04166666666666666
PI4K2B,0.16666666666666666,0.125,-0.04166666666666666
ENSG00000261654,0.16666666666666666,0.125,-0.04166666666666666
HHEX,0.16666666666666666,0.125,-0.04166666666666666
TMEM98,0.16666666666666666,0.125,-0.04166666666666666
ENSG00000261732,0.16666666666666666,0.125,-0.04166666666666666
SMIM30,0.16666666666666666,0.125,-0.04166666666666666
ATP6V1G1,0.16666666666666666,0.125,-0.04166666666666666
ZNF302,0.16666666666666666,0.125,-0.04166666666666666
ATP6V1D,0.16666666666666666,0.125,-0.04166666666666666
ENSG00000262020,0.16666666666666666,0.125,-0.04166666666666666
ENSG00000262265,0.16666666666666666,0.125,-0.04166666666666666
HECTD3,0.16666666666666666,0.125,-0.04166666666666666
MLANA,0.16666666666666666,0.125,-0.04166666666666666
ATP5PD,0.16666666666666666,0.125,-0.04166666666666666
ATP5PBP1,0.16666666666666666,0.125,-0.04166666666666666
MLEC,0.16666666666666666,0.125,-0.04166666666666666
ENSG00000266980,0.16666666666666666,0.125,-0.04166666666666666
ENSG00000267053,0.16666666666666666,0.125,-0.04166666666666666
ENSG00000269982,0.16666666666666666,0.125,-0.04166666666666666
PLPPR2,0.16666666666666666,0.125,-0.04166666666666666
CTU1,0.16666666666666666,0.125,-0.04166666666666666
TMEM222,0.16666666666666666,0.125,-0.04166666666666666
TMEM220-AS1,0.16666666666666666,0.125,-0.04166666666666666
PLOD3,0.16666666666666666,0.125,-0.04166666666666666
ENSG00000269072,0.16666666666666666,0.125,-0.04166666666666666
GPR153,0.16666666666666666,0.125,-0.04166666666666666
ENSG00000269107,0.16666666666666666,0.125,-0.04166666666666666
ENSG00000269139,0.16666666666666666,0.125,-0.04166666666666666
GPATCH8,0.16666666666666666,0.125,-0.04166666666666666
ENSG00000268199,0.16666666666666666,0.125,-0.04166666666666666
SNX20,0.16666666666666666,0.125,-0.04166666666666666
ARRDC1-AS1,0.16666666666666666,0.125,-0.04166666666666666
ENSG00000269836,0.16666666666666666,0.125,-0.04166666666666666
ARPP19P2,0.16666666666666666,0.125,-0.04166666666666666
ARPP19P1,0.16666666666666666,0.125,-0.04166666666666666
ENSG00000269949,0.16666666666666666,0.125,-0.04166666666666666
RTN4RL1,0.16666666666666666,0.125,-0.04166666666666666
SOCS1,0.16666666666666666,0.125,-0.04166666666666666
TMEM233,0.16666666666666666,0.125,-0.04166666666666666
ASB3,0.16666666666666666,0.125,-0.04166666666666666
SNORA53,0.16666666666666666,0.125,-0.04166666666666666
ENSG00000267393,0.16666666666666666,0.125,-0.04166666666666666
ENSG00000267079,0.16666666666666666,0.125,-0.04166666666666666
GTSE1,0.16666666666666666,0.125,-0.04166666666666666
SNORA71C,0.16666666666666666,0.125,-0.04166666666666666
ENSG00000267173,0.16666666666666666,0.125,-0.04166666666666666
PLCD1,0.16666666666666666,0.125,-0.04166666666666666
ENSG00000267179,0.16666666666666666,0.125,-0.04166666666666666
ENSG00000267228,0.16666666666666666,0.125,-0.04166666666666666
PLCG1,0.16666666666666666,0.125,-0.04166666666666666
ENSG00000267466,0.16666666666666666,0.125,-0.04166666666666666
ENSG00000268119,0.16666666666666666,0.125,-0.04166666666666666
ENSG00000267552,0.16666666666666666,0.125,-0.04166666666666666
ENSG00000267589,0.16666666666666666,0.125,-0.04166666666666666
GRK2,0.16666666666666666,0.125,-0.04166666666666666
ENSG00000267638,0.16666666666666666,0.125,-0.04166666666666666
PLEKHA4,0.16666666666666666,0.125,-0.04166666666666666
SNRNP40,0.16666666666666666,0.125,-0.04166666666666666
CTXN1,0.16666666666666666,0.125,-0.04166666666666666
ASF1A,0.16666666666666666,0.125,-0.04166666666666666
ENSG00000278206,0.16666666666666666,0.125,-0.04166666666666666
ENSG00000278291,0.16666666666666666,0.125,-0.04166666666666666
FLRT1,0.16666666666666666,0.125,-0.04166666666666666
ZNF850,0.16666666666666666,0.125,-0.04166666666666666
CPQ,0.16666666666666666,0.125,-0.04166666666666666
R3HCC1L,0.16666666666666666,0.125,-0.04166666666666666
RAB11FIP5,0.16666666666666666,0.125,-0.04166666666666666
SYS1-DBNDD2,0.16666666666666666,0.125,-0.04166666666666666
ENSG00000290958,0.16666666666666666,0.125,-0.04166666666666666
ZNF845,0.16666666666666666,0.125,-0.04166666666666666
ENSG00000286463,0.16666666666666666,0.125,-0.04166666666666666
MT1JP,0.16666666666666666,0.125,-0.04166666666666666
ENSG00000290787,0.16666666666666666,0.125,-0.04166666666666666
ENSG00000291142,0.16666666666666666,0.125,-0.04166666666666666
ENSG00000286550,0.16666666666666666,0.125,-0.04166666666666666
ZNF876P,0.16666666666666666,0.125,-0.04166666666666666
ACSS3,0.16666666666666666,0.125,-0.04166666666666666
ACSS2,0.16666666666666666,0.125,-0.04166666666666666
RPSAP19,0.16666666666666666,0.125,-0.04166666666666666
ENSG00000286736,0.16666666666666666,0.125,-0.04166666666666666
ENSG00000286756,0.16666666666666666,0.125,-0.04166666666666666
ENSG00000286782,0.16666666666666666,0.125,-0.04166666666666666
ENSG00000286177,0.16666666666666666,0.125,-0.04166666666666666
CPSF1P1,0.16666666666666666,0.125,-0.04166666666666666
ENSG00000286861,0.16666666666666666,0.125,-0.04166666666666666
EPCAM-DT,0.16666666666666666,0.125,-0.04166666666666666
SULT1A2,0.16666666666666666,0.125,-0.04166666666666666
ERICD,0.16666666666666666,0.125,-0.04166666666666666
SULT1E1,0.16666666666666666,0.125,-0.04166666666666666
ERCC4,0.16666666666666666,0.125,-0.04166666666666666
ENSG00000285650,0.16666666666666666,0.125,-0.04166666666666666
ADGRG2,0.16666666666666666,0.125,-0.04166666666666666
COPG1,0.16666666666666666,0.125,-0.04166666666666666
ADGRA3P1,0.16666666666666666,0.125,-0.04166666666666666
ENSG00000285908,0.16666666666666666,0.125,-0.04166666666666666
ZNF823,0.16666666666666666,0.125,-0.04166666666666666
ENSG00000285928,0.16666666666666666,0.125,-0.04166666666666666
SYAP1,0.16666666666666666,0.125,-0.04166666666666666
ENSG00000291240,0.16666666666666666,0.125,-0.04166666666666666
ENSG00000286067,0.16666666666666666,0.125,-0.04166666666666666
REC8,0.16666666666666666,0.125,-0.04166666666666666
ENSG00000291194,0.16666666666666666,0.125,-0.04166666666666666
ENSG00000286128,0.16666666666666666,0.125,-0.04166666666666666
TDGF1,0.16666666666666666,0.125,-0.04166666666666666
ZNF888-AS1,0.16666666666666666,0.125,-0.04166666666666666
TAC1,0.16666666666666666,0.125,-0.04166666666666666
RIOK3,0.16666666666666666,0.125,-0.04166666666666666
TBC1D2,0.16666666666666666,0.125,-0.04166666666666666
ENSG00000288018,0.16666666666666666,0.125,-0.04166666666666666
ENSG00000289273,0.16666666666666666,0.125,-0.04166666666666666
ENSG00000288053,0.16666666666666666,0.125,-0.04166666666666666
ENSG00000288108,0.16666666666666666,0.125,-0.04166666666666666
MSL3,0.16666666666666666,0.125,-0.04166666666666666
ENSG00000288550,0.16666666666666666,0.125,-0.04166666666666666
RBL1,0.16666666666666666,0.125,-0.04166666666666666
COQ6,0.16666666666666666,0.125,-0.04166666666666666
ENSG00000289102,0.16666666666666666,0.125,-0.04166666666666666
RANBP3-DT,0.16666666666666666,0.125,-0.04166666666666666
ENSG00000288656,0.16666666666666666,0.125,-0.04166666666666666
ABAT,0.16666666666666666,0.125,-0.04166666666666666
TBC1D10A,0.16666666666666666,0.125,-0.04166666666666666
ENSG00000288775,0.16666666666666666,0.125,-0.04166666666666666
ENSG00000288973,0.16666666666666666,0.125,-0.04166666666666666
TASP1,0.16666666666666666,0.125,-0.04166666666666666
RBBP6,0.16666666666666666,0.125,-0.04166666666666666
ENSG00000288886,0.16666666666666666,0.125,-0.04166666666666666
ABHD8,0.16666666666666666,0.125,-0.04166666666666666
ENSG00000287908,0.16666666666666666,0.125,-0.04166666666666666
TCAF2,0.16666666666666666,0.125,-0.04166666666666666
ENSG00000287494,0.16666666666666666,0.125,-0.04166666666666666
ENSG00000286994,0.16666666666666666,0.125,-0.04166666666666666
ENSG00000287156,0.16666666666666666,0.125,-0.04166666666666666
RABGAP1L-IT1,0.16666666666666666,0.125,-0.04166666666666666
ENSG00000287190,0.16666666666666666,0.125,-0.04166666666666666
MS4A6E,0.16666666666666666,0.125,-0.04166666666666666
RBM42,0.16666666666666666,0.125,-0.04166666666666666
ACBD6,0.16666666666666666,0.125,-0.04166666666666666
ENSG00000287490,0.16666666666666666,0.125,-0.04166666666666666
ENSG00000287509,0.16666666666666666,0.125,-0.04166666666666666
ENSG00000287879,0.16666666666666666,0.125,-0.04166666666666666
ACAD10,0.16666666666666666,0.125,-0.04166666666666666
COX6CP6,0.16666666666666666,0.125,-0.04166666666666666
ABTB3,0.16666666666666666,0.125,-0.04166666666666666
RBM24,0.16666666666666666,0.125,-0.04166666666666666
TBCCD1,0.16666666666666666,0.125,-0.04166666666666666
RALGAPB,0.16666666666666666,0.125,-0.04166666666666666
TBCAP3,0.16666666666666666,0.125,-0.04166666666666666
RANBP10,0.16666666666666666,0.125,-0.04166666666666666
ZNF775,0.16666666666666666,0.125,-0.04166666666666666
CRAMP1,0.16666666666666666,0.125,-0.04166666666666666
ZNF771,0.16666666666666666,0.125,-0.04166666666666666
FBXL12,0.16666666666666666,0.125,-0.04166666666666666
RHNO1,0.16666666666666666,0.125,-0.04166666666666666
PROZ,0.16666666666666666,0.125,-0.04166666666666666
RHEB,0.16666666666666666,0.125,-0.04166666666666666
ALPK3,0.16666666666666666,0.125,-0.04166666666666666
SSU72,0.16666666666666666,0.125,-0.04166666666666666
ZNF660,0.16666666666666666,0.125,-0.04166666666666666
RHBDF1,0.16666666666666666,0.125,-0.04166666666666666
CROT,0.16666666666666666,0.125,-0.04166666666666666
ZNF664,0.16666666666666666,0.125,-0.04166666666666666
ENSG00000279361,0.16666666666666666,0.125,-0.04166666666666666
MRPL13,0.16666666666666666,0.125,-0.04166666666666666
MRPL17,0.16666666666666666,0.125,-0.04166666666666666
ALKBH5,0.16666666666666666,0.125,-0.04166666666666666
THAP5P1,0.16666666666666666,0.125,-0.04166666666666666
ENSG00000279748,0.16666666666666666,0.125,-0.04166666666666666
ZNF674,0.16666666666666666,0.125,-0.04166666666666666
THAP10,0.16666666666666666,0.125,-0.04166666666666666
ALG2,0.16666666666666666,0.125,-0.04166666666666666
FBXW2,0.16666666666666666,0.125,-0.04166666666666666
ENSG00000279339,0.16666666666666666,0.125,-0.04166666666666666
AFG1L,0.16666666666666666,0.125,-0.04166666666666666
ANKRD20A17P,0.16666666666666666,0.125,-0.04166666666666666
ENSG00000278356,0.16666666666666666,0.125,-0.04166666666666666
FLJ40194,0.16666666666666666,0.125,-0.04166666666666666
FLJ30679,0.16666666666666666,0.125,-0.04166666666666666
ANKRD9,0.16666666666666666,0.125,-0.04166666666666666
ENSG00000278514,0.16666666666666666,0.125,-0.04166666666666666
ANKRD49P2,0.16666666666666666,0.125,-0.04166666666666666
RSC1A1,0.16666666666666666,0.125,-0.04166666666666666
ZNF594,0.16666666666666666,0.125,-0.04166666666666666
ZNF607,0.16666666666666666,0.125,-0.04166666666666666
FCHO2,0.16666666666666666,0.125,-0.04166666666666666
ENSG00000278991,0.16666666666666666,0.125,-0.04166666666666666
FGGY-DT,0.16666666666666666,0.125,-0.04166666666666666
RIDA,0.16666666666666666,0.125,-0.04166666666666666
ENSG00000279121,0.16666666666666666,0.125,-0.04166666666666666
TIGD7,0.16666666666666666,0.125,-0.04166666666666666
ZNF630-AS1,0.16666666666666666,0.125,-0.04166666666666666
FDXACB1,0.16666666666666666,0.125,-0.04166666666666666
ANAPC1,0.16666666666666666,0.125,-0.04166666666666666
ZNF674-AS1,0.16666666666666666,0.125,-0.04166666666666666
ENSG00000279863,0.16666666666666666,0.125,-0.04166666666666666
FAM89B,0.16666666666666666,0.125,-0.04166666666666666
ZNF74,0.16666666666666666,0.125,-0.04166666666666666
CREBL2,0.16666666666666666,0.125,-0.04166666666666666
ENSG00000280474,0.16666666666666666,0.125,-0.04166666666666666
ENSG00000281974,0.16666666666666666,0.125,-0.04166666666666666
ENSG00000282057,0.16666666666666666,0.125,-0.04166666666666666
ENSG00000282772,0.16666666666666666,0.125,-0.04166666666666666
PTCD2,0.16666666666666666,0.125,-0.04166666666666666
ENSG00000283149,0.16666666666666666,0.125,-0.04166666666666666
F5,0.16666666666666666,0.125,-0.04166666666666666
F2RL1,0.16666666666666666,0.125,-0.04166666666666666
FAM89A,0.16666666666666666,0.125,-0.04166666666666666
PTGES3P1,0.16666666666666666,0.125,-0.04166666666666666
ENSG00000283341,0.16666666666666666,0.125,-0.04166666666666666
RPS7P8,0.16666666666666666,0.125,-0.04166666666666666
ENSG00000284057,0.16666666666666666,0.125,-0.04166666666666666
EXOC8,0.16666666666666666,0.125,-0.04166666666666666
EXOC3L1,0.16666666666666666,0.125,-0.04166666666666666
ENSG00000284644,0.16666666666666666,0.125,-0.04166666666666666
ZNF763,0.16666666666666666,0.125,-0.04166666666666666
ENSG00000280384,0.16666666666666666,0.125,-0.04166666666666666
AK9,0.16666666666666666,0.125,-0.04166666666666666
PSMD2,0.16666666666666666,0.125,-0.04166666666666666
FAM183A,0.16666666666666666,0.125,-0.04166666666666666
MTCO2P11,0.16666666666666666,0.125,-0.04166666666666666
ENSG00000279927,0.16666666666666666,0.125,-0.04166666666666666
ENSG00000279957,0.16666666666666666,0.125,-0.04166666666666666
USP50,0.16666666666666666,0.125,-0.04166666666666666
PRSS8,0.16666666666666666,0.125,-0.04166666666666666
STAT5A,0.16666666666666666,0.125,-0.04166666666666666
ENSG00000280161,0.16666666666666666,0.125,-0.04166666666666666
ENSG00000280162,0.16666666666666666,0.125,-0.04166666666666666
ENSG00000280187,0.16666666666666666,0.125,-0.04166666666666666
ENSG00000280202,0.16666666666666666,0.125,-0.04166666666666666
FAM218A,0.16666666666666666,0.125,-0.04166666666666666
FAM217B,0.16666666666666666,0.125,-0.04166666666666666
AKR1A1,0.16666666666666666,0.125,-0.04166666666666666
STIL,0.16666666666666666,0.125,-0.04166666666666666
AKIRIN2,0.16666666666666666,0.125,-0.04166666666666666
PSMC2,0.16666666666666666,0.125,-0.04166666666666666
PSMC3,0.16666666666666666,0.125,-0.04166666666666666
ZNF253,0.16666666666666666,0.125,-0.04166666666666666
CTBP1-AS,0.16666666666666666,0.125,-0.04166666666666666
MC1R,0.16666666666666666,0.125,-0.04166666666666666
PDE6D,0.16666666666666666,0.125,-0.04166666666666666
ZNF17,0.16666666666666666,0.125,-0.04166666666666666
MVD,0.16666666666666666,0.125,-0.04166666666666666
HYPK,0.16666666666666666,0.125,-0.04166666666666666
PDIA5,0.16666666666666666,0.125,-0.04166666666666666
SLC6A1,0.16666666666666666,0.125,-0.04166666666666666
MIR4426,0.16666666666666666,0.125,-0.04166666666666666
CYP2S1,0.16666666666666666,0.125,-0.04166666666666666
ENSG00000258752,0.16666666666666666,0.125,-0.04166666666666666
MICU1,0.16666666666666666,0.125,-0.04166666666666666
TNFSF10,0.16666666666666666,0.125,-0.04166666666666666
PDE9A-AS1,0.16666666666666666,0.125,-0.04166666666666666
PDE6G,0.16666666666666666,0.125,-0.04166666666666666
TNFSF15,0.16666666666666666,0.125,-0.04166666666666666
ENSG00000260349,0.16666666666666666,0.125,-0.04166666666666666
ENSG00000257894,0.16666666666666666,0.125,-0.04166666666666666
SLC25A18,0.16666666666666666,0.125,-0.04166666666666666
ENSG00000257270,0.16666666666666666,0.125,-0.04166666666666666
IGDCC4,0.16666666666666666,0.125,-0.04166666666666666
BMP4,0.16666666666666666,0.125,-0.04166666666666666
TNN,0.16666666666666666,0.125,-0.04166666666666666
CMTM7,0.16666666666666666,0.125,-0.04166666666666666
PDCD6-DT,0.16666666666666666,0.125,-0.04166666666666666
PDCD5P1,0.16666666666666666,0.125,-0.04166666666666666
SLC44A1,0.16666666666666666,0.125,-0.04166666666666666
RPS3AP34,0.16666666666666666,0.125,-0.04166666666666666
PDCD4-AS1,0.16666666666666666,0.125,-0.04166666666666666
SLC7A10,0.16666666666666666,0.125,-0.04166666666666666
ENSG00000259015,0.16666666666666666,0.125,-0.04166666666666666
ENSG00000259049,0.16666666666666666,0.125,-0.04166666666666666
ENSG00000259088,0.16666666666666666,0.125,-0.04166666666666666
UQCC1,0.16666666666666666,0.125,-0.04166666666666666
HOXB-AS3,0.16666666666666666,0.125,-0.04166666666666666
ENSG00000246225,0.16666666666666666,0.125,-0.04166666666666666
HOXD4,0.16666666666666666,0.125,-0.04166666666666666
HP,0.16666666666666666,0.125,-0.04166666666666666
PES1,0.16666666666666666,0.125,-0.04166666666666666
JMJD4,0.16666666666666666,0.125,-0.04166666666666666
MIR561,0.16666666666666666,0.125,-0.04166666666666666
PELI3,0.16666666666666666,0.125,-0.04166666666666666
RNU6-143P,0.16666666666666666,0.125,-0.04166666666666666
HSF2BP,0.16666666666666666,0.125,-0.04166666666666666
PDZRN4,0.16666666666666666,0.125,-0.04166666666666666
ENSG00000259397,0.16666666666666666,0.125,-0.04166666666666666
PALB2,0.16666666666666666,0.125,-0.04166666666666666
HSPA7,0.16666666666666666,0.125,-0.04166666666666666
ENSG00000248015,0.16666666666666666,0.125,-0.04166666666666666
HSPB3,0.16666666666666666,0.125,-0.04166666666666666
C20orf27,0.16666666666666666,0.125,-0.04166666666666666
ENSG00000248458,0.16666666666666666,0.125,-0.04166666666666666
ENSG00000259274,0.16666666666666666,0.125,-0.04166666666666666
C1orf50,0.16666666666666666,0.125,-0.04166666666666666
TNFRSF21,0.16666666666666666,0.125,-0.04166666666666666
C1orf43,0.16666666666666666,0.125,-0.04166666666666666
ENSG00000259250,0.16666666666666666,0.125,-0.04166666666666666
RNU6-375P,0.16666666666666666,0.125,-0.04166666666666666
ENSG00000256609,0.16666666666666666,0.125,-0.04166666666666666
CLSPN,0.16666666666666666,0.125,-0.04166666666666666
ENSG00000249773,0.16666666666666666,0.125,-0.04166666666666666
RPL11,0.16666666666666666,0.125,-0.04166666666666666
BTG1,0.16666666666666666,0.125,-0.04166666666666666
VPS26B,0.16666666666666666,0.125,-0.04166666666666666
BTG1-DT,0.16666666666666666,0.125,-0.04166666666666666
IRX2,0.16666666666666666,0.125,-0.04166666666666666
IRF9,0.16666666666666666,0.125,-0.04166666666666666
ENSG00000253720,0.16666666666666666,0.125,-0.04166666666666666
MYCBPAP,0.16666666666666666,0.125,-0.04166666666666666
INSL6,0.16666666666666666,0.125,-0.04166666666666666
RPE,0.16666666666666666,0.125,-0.04166666666666666
RPL10P2,0.16666666666666666,0.125,-0.04166666666666666
TOX,0.16666666666666666,0.125,-0.04166666666666666
IRF2BP2,0.16666666666666666,0.125,-0.04166666666666666
SLC28A2,0.16666666666666666,0.125,-0.04166666666666666
INTS7,0.16666666666666666,0.125,-0.04166666666666666
MYD88,0.16666666666666666,0.125,-0.04166666666666666
PATL1,0.16666666666666666,0.125,-0.04166666666666666
BUD23,0.16666666666666666,0.125,-0.04166666666666666
ENSG00000253273,0.16666666666666666,0.125,-0.04166666666666666
PATZ1,0.16666666666666666,0.125,-0.04166666666666666
TP53INP1,0.16666666666666666,0.125,-0.04166666666666666
IPO5P1,0.16666666666666666,0.125,-0.04166666666666666
SLC27A5,0.16666666666666666,0.125,-0.04166666666666666
C11orf71,0.16666666666666666,0.125,-0.04166666666666666
ENSG00000252690,0.16666666666666666,0.125,-0.04166666666666666
MIER3,0.16666666666666666,0.125,-0.04166666666666666
DALRD3,0.16666666666666666,0.125,-0.04166666666666666
PCDH18,0.16666666666666666,0.125,-0.04166666666666666
ENSG00000250068,0.16666666666666666,0.125,-0.04166666666666666
C17orf67,0.16666666666666666,0.125,-0.04166666666666666
CYS1,0.16666666666666666,0.125,-0.04166666666666666
MXRA7P1,0.16666666666666666,0.125,-0.04166666666666666
ENSG00000250069,0.16666666666666666,0.125,-0.04166666666666666
BOK,0.16666666666666666,0.125,-0.04166666666666666
ENSG00000255928,0.16666666666666666,0.125,-0.04166666666666666
ZNF24TR,0.16666666666666666,0.125,-0.04166666666666666
PCNA,0.16666666666666666,0.125,-0.04166666666666666
IGSF21,0.16666666666666666,0.125,-0.04166666666666666
ENSG00000250075,0.16666666666666666,0.125,-0.04166666666666666
ENSG00000250132,0.16666666666666666,0.125,-0.04166666666666666
C18orf15,0.16666666666666666,0.125,-0.04166666666666666
C17orf75,0.16666666666666666,0.125,-0.04166666666666666
PCIF1,0.16666666666666666,0.125,-0.04166666666666666
BRAP,0.16666666666666666,0.125,-0.04166666666666666
ENSG00000255067,0.16666666666666666,0.125,-0.04166666666666666
MYBL1,0.16666666666666666,0.125,-0.04166666666666666
MIR194-2HG,0.16666666666666666,0.125,-0.04166666666666666
PCDHGB2,0.16666666666666666,0.125,-0.04166666666666666
IL2RB,0.16666666666666666,0.125,-0.04166666666666666
ZGRF1,0.16666666666666666,0.125,-0.04166666666666666
BSG-AS1,0.16666666666666666,0.125,-0.04166666666666666
MIR142,0.16666666666666666,0.125,-0.04166666666666666
IMP4,0.16666666666666666,0.125,-0.04166666666666666
IMPA1,0.16666666666666666,0.125,-0.04166666666666666
PCDHB13,0.16666666666666666,0.125,-0.04166666666666666
HNRNPUL2-BSCL2,0.16666666666666666,0.125,-0.04166666666666666
ENSG00000251285,0.16666666666666666,0.125,-0.04166666666666666
ENSG00000261118,0.16666666666666666,0.125,-0.04166666666666666
PHF6,0.16666666666666666,0.125,-0.04166666666666666
ENSG00000260810,0.16666666666666666,0.125,-0.04166666666666666
ENSG00000260371,0.16666666666666666,0.125,-0.04166666666666666
BACE1,0.16666666666666666,0.125,-0.04166666666666666
DCAKD,0.16666666666666666,0.125,-0.04166666666666666
TMSB10P1,0.16666666666666666,0.125,-0.04166666666666666
CNOT8,0.16666666666666666,0.125,-0.04166666666666666
TPTEP2,0.16666666666666666,0.125,-0.04166666666666666
SMC4,0.16666666666666666,0.125,-0.04166666666666666
VMA21,0.16666666666666666,0.125,-0.04166666666666666
B4GALT3,0.16666666666666666,0.125,-0.04166666666666666
C2orf74,0.16666666666666666,0.125,-0.04166666666666666
ZNF223,0.16666666666666666,0.125,-0.04166666666666666
PGP,0.16666666666666666,0.125,-0.04166666666666666
C3orf52,0.16666666666666666,0.125,-0.04166666666666666
BATF3,0.16666666666666666,0.125,-0.04166666666666666
SLCO2A1,1.1666666666666667,1.125,-0.04166666666666674
SLCO3A1,1.6666666666666667,1.625,-0.04166666666666674
DNAJB6,1.1666666666666667,1.125,-0.04166666666666674
STON1,1.1666666666666667,1.125,-0.04166666666666674
PIP4K2A,1.1666666666666667,1.125,-0.04166666666666674
GPCPD1,1.1666666666666667,1.125,-0.04166666666666674
UNKL,1.1666666666666667,1.125,-0.04166666666666674
APOL1,1.6666666666666667,1.625,-0.04166666666666674
SETX,1.6666666666666667,1.625,-0.04166666666666674
CLN6,1.1666666666666667,1.125,-0.04166666666666674
MTCO1P53,1.1666666666666667,1.125,-0.04166666666666674
CEP104,1.1666666666666667,1.125,-0.04166666666666674
ZNF793,1.1666666666666667,1.125,-0.04166666666666674
VIRMA,1.1666666666666667,1.125,-0.04166666666666674
DCLK1,1.1666666666666667,1.125,-0.04166666666666674
ZNF839,1.1666666666666667,1.125,-0.04166666666666674
NUMA1,1.1666666666666667,1.125,-0.04166666666666674
ISG20,1.1666666666666667,1.125,-0.04166666666666674
UBR2,1.1666666666666667,1.125,-0.04166666666666674
CAMKK2,1.1666666666666667,1.125,-0.04166666666666674
TMEM135,1.6666666666666667,1.625,-0.04166666666666674
NAA25,1.1666666666666667,1.125,-0.04166666666666674
CEP43,1.1666666666666667,1.125,-0.04166666666666674
ZFAND2A-DT,1.1666666666666667,1.125,-0.04166666666666674
RBM19,1.1666666666666667,1.125,-0.04166666666666674
IRAK3,1.1666666666666667,1.125,-0.04166666666666674
PTPRB,1.6666666666666667,1.625,-0.04166666666666674
CCDC32,1.3333333333333333,1.25,-0.08333333333333326
MGAT1,1.3333333333333333,1.25,-0.08333333333333326
LITAF,1.3333333333333333,1.25,-0.08333333333333326
SNHG5,1.3333333333333333,1.25,-0.08333333333333326
PFKFB3,1.8333333333333333,1.75,-0.08333333333333326
INTS4,1.3333333333333333,1.25,-0.08333333333333326
MAP3K2,1.3333333333333333,1.25,-0.08333333333333326
VAPA,1.3333333333333333,1.25,-0.08333333333333326
ARSD,1.3333333333333333,1.25,-0.08333333333333326
FGF2,1.3333333333333333,1.25,-0.08333333333333326
NOTCH3,1.8333333333333333,1.75,-0.08333333333333326
TNRC6B,1.3333333333333333,1.25,-0.08333333333333326
ZNF292,1.3333333333333333,1.25,-0.08333333333333326
CALD1,1.8333333333333333,1.75,-0.08333333333333326
LDLR,1.8333333333333333,1.75,-0.08333333333333326
RBMS1,1.3333333333333333,1.25,-0.08333333333333326
DDX17,1.3333333333333333,1.25,-0.08333333333333326
ZNF208,1.8333333333333333,1.75,-0.08333333333333326
CDC34,0.3333333333333333,0.25,-0.08333333333333331
PIK3CD,0.3333333333333333,0.25,-0.08333333333333331
EIF4G3,0.3333333333333333,0.25,-0.08333333333333331
RPS27A,0.3333333333333333,0.25,-0.08333333333333331
CAMSAP1,0.3333333333333333,0.25,-0.08333333333333331
ACVR1B,0.3333333333333333,0.25,-0.08333333333333331
TRIOBP,0.3333333333333333,0.25,-0.08333333333333331
CPNE8,0.3333333333333333,0.25,-0.08333333333333331
ENSG00000278983,0.3333333333333333,0.25,-0.08333333333333331
ISOC2,0.3333333333333333,0.25,-0.08333333333333331
DDX50,0.3333333333333333,0.25,-0.08333333333333331
ENSG00000262663,0.3333333333333333,0.25,-0.08333333333333331
SPTSSA,0.3333333333333333,0.25,-0.08333333333333331
WSCD1,0.3333333333333333,0.25,-0.08333333333333331
CHD1L,0.3333333333333333,0.25,-0.08333333333333331
TTC21A,0.3333333333333333,0.25,-0.08333333333333331
ENSG00000286319,0.3333333333333333,0.25,-0.08333333333333331
ENSG00000228274,0.3333333333333333,0.25,-0.08333333333333331
ENSG00000279035,0.3333333333333333,0.25,-0.08333333333333331
ENSG00000229172,0.3333333333333333,0.25,-0.08333333333333331
FBXO46,0.3333333333333333,0.25,-0.08333333333333331
NFIX,0.3333333333333333,0.25,-0.08333333333333331
ZMAT2,0.3333333333333333,0.25,-0.08333333333333331
ATP6V1C1,0.3333333333333333,0.25,-0.08333333333333331
MED21,0.3333333333333333,0.25,-0.08333333333333331
EIF2S3B,0.3333333333333333,0.25,-0.08333333333333331
RPL7AP10,0.3333333333333333,0.25,-0.08333333333333331
HDDC2,0.3333333333333333,0.25,-0.08333333333333331
BRCC3,0.3333333333333333,0.25,-0.08333333333333331
MED9,0.3333333333333333,0.25,-0.08333333333333331
ENSG00000249593,0.3333333333333333,0.25,-0.08333333333333331
IL12A-AS1,0.3333333333333333,0.25,-0.08333333333333331
SPRYD4,0.3333333333333333,0.25,-0.08333333333333331
RSBN1,0.3333333333333333,0.25,-0.08333333333333331
ENSG00000255176,0.3333333333333333,0.25,-0.08333333333333331
PRKCSH,0.3333333333333333,0.25,-0.08333333333333331
FUCA2,0.3333333333333333,0.25,-0.08333333333333331
ANGPT4,0.3333333333333333,0.25,-0.08333333333333331
TOB1-AS1,0.3333333333333333,0.25,-0.08333333333333331
RCN1,0.3333333333333333,0.25,-0.08333333333333331
SRSF5,0.3333333333333333,0.25,-0.08333333333333331
PRKAR1B,0.3333333333333333,0.25,-0.08333333333333331
ANKRD36C,0.3333333333333333,0.25,-0.08333333333333331
RAB3C,0.3333333333333333,0.25,-0.08333333333333331
OR4D9,0.3333333333333333,0.25,-0.08333333333333331
HMGB1P8,0.3333333333333333,0.25,-0.08333333333333331
ENSG00000289032,0.3333333333333333,0.25,-0.08333333333333331
ELOVL7,0.3333333333333333,0.25,-0.08333333333333331
ENSG00000288746,0.3333333333333333,0.25,-0.08333333333333331
TIRAP-AS1,0.3333333333333333,0.25,-0.08333333333333331
CDH23,0.3333333333333333,0.25,-0.08333333333333331
CAP1,0.3333333333333333,0.25,-0.08333333333333331
FMNL1,0.3333333333333333,0.25,-0.08333333333333331
ENSG00000290737,0.3333333333333333,0.25,-0.08333333333333331
SIVA1,0.3333333333333333,0.25,-0.08333333333333331
SIRT7,0.3333333333333333,0.25,-0.08333333333333331
ZNF860,0.3333333333333333,0.25,-0.08333333333333331
KLF9,0.3333333333333333,0.25,-0.08333333333333331
LINC02980,0.3333333333333333,0.25,-0.08333333333333331
XBP1,0.3333333333333333,0.25,-0.08333333333333331
ELOVL6,0.3333333333333333,0.25,-0.08333333333333331
PPT1,0.3333333333333333,0.25,-0.08333333333333331
RAB38,0.3333333333333333,0.25,-0.08333333333333331
BMS1P4-AGAP5,0.3333333333333333,0.25,-0.08333333333333331
ENSG00000276529,0.3333333333333333,0.25,-0.08333333333333331
BMS1P4,0.3333333333333333,0.25,-0.08333333333333331
SLC39A6,0.3333333333333333,0.25,-0.08333333333333331
ENSG00000290590,0.3333333333333333,0.25,-0.08333333333333331
WDR3,0.3333333333333333,0.25,-0.08333333333333331
FOXN3-AS1,0.3333333333333333,0.25,-0.08333333333333331
WWTR1,0.3333333333333333,0.25,-0.08333333333333331
ELP5,0.3333333333333333,0.25,-0.08333333333333331
TTC4,0.3333333333333333,0.25,-0.08333333333333331
MYEF2,0.3333333333333333,0.25,-0.08333333333333331
LINC02979,0.3333333333333333,0.25,-0.08333333333333331
CDK17,0.3333333333333333,0.25,-0.08333333333333331
ELOVL5,0.3333333333333333,0.25,-0.08333333333333331
ENSG00000289270,0.3333333333333333,0.25,-0.08333333333333331
RNF207,0.3333333333333333,0.25,-0.08333333333333331
SLC41A2,0.3333333333333333,0.25,-0.08333333333333331
ENSG00000255351,0.3333333333333333,0.25,-0.08333333333333331
SLC3A2,0.3333333333333333,0.25,-0.08333333333333331
ZCWPW2,0.3333333333333333,0.25,-0.08333333333333331
KLF12,0.3333333333333333,0.25,-0.08333333333333331
SLC37A1,0.3333333333333333,0.25,-0.08333333333333331
FPR3,0.3333333333333333,0.25,-0.08333333333333331
PPP2R1B,0.3333333333333333,0.25,-0.08333333333333331
MED28-DT,0.3333333333333333,0.25,-0.08333333333333331
TRAPPC2,0.3333333333333333,0.25,-0.08333333333333331
ITFG1,0.3333333333333333,0.25,-0.08333333333333331
PHF13,0.3333333333333333,0.25,-0.08333333333333331
KLHDC7B-DT,0.3333333333333333,0.25,-0.08333333333333331
LMNB1,0.3333333333333333,0.25,-0.08333333333333331
NUDT19-DT,0.3333333333333333,0.25,-0.08333333333333331
TLK2,0.3333333333333333,0.25,-0.08333333333333331
ENSG00000290476,0.3333333333333333,0.25,-0.08333333333333331
NINJ2-AS1,0.3333333333333333,0.25,-0.08333333333333331
ENSG00000286256,0.3333333333333333,0.25,-0.08333333333333331
VSIR,0.3333333333333333,0.25,-0.08333333333333331
MED18,0.3333333333333333,0.25,-0.08333333333333331
SMIM13,0.3333333333333333,0.25,-0.08333333333333331
ENSG00000285779,0.3333333333333333,0.25,-0.08333333333333331
WDR59,0.3333333333333333,0.25,-0.08333333333333331
ENSG00000283977,0.3333333333333333,0.25,-0.08333333333333331
ENSG00000261114,0.3333333333333333,0.25,-0.08333333333333331
ADCYAP1,0.3333333333333333,0.25,-0.08333333333333331
ENSG00000253385,0.3333333333333333,0.25,-0.08333333333333331
SLC11A1,0.3333333333333333,0.25,-0.08333333333333331
CACYBP,0.3333333333333333,0.25,-0.08333333333333331
ENSG00000237472,0.3333333333333333,0.25,-0.08333333333333331
CEP72,0.3333333333333333,0.25,-0.08333333333333331
AGR2,0.3333333333333333,0.25,-0.08333333333333331
PABPC4,0.3333333333333333,0.25,-0.08333333333333331
TVP23C,0.3333333333333333,0.25,-0.08333333333333331
FABP4,0.3333333333333333,0.25,-0.08333333333333331
ECH1,0.3333333333333333,0.25,-0.08333333333333331
TUSC8,0.3333333333333333,0.25,-0.08333333333333331
ZNF724,0.3333333333333333,0.25,-0.08333333333333331
RECQL4,0.3333333333333333,0.25,-0.08333333333333331
LZTFL1,0.3333333333333333,0.25,-0.08333333333333331
WDR83OS,0.3333333333333333,0.25,-0.08333333333333331
TECRP1,0.3333333333333333,0.25,-0.08333333333333331
DTWD2,0.3333333333333333,0.25,-0.08333333333333331
NDUFS7,0.3333333333333333,0.25,-0.08333333333333331
FAM106A,0.3333333333333333,0.25,-0.08333333333333331
VANGL1,0.3333333333333333,0.25,-0.08333333333333331
MINCR,0.3333333333333333,0.25,-0.08333333333333331
TYMP,0.3333333333333333,0.25,-0.08333333333333331
SHC1,0.3333333333333333,0.25,-0.08333333333333331
CERS3,0.3333333333333333,0.25,-0.08333333333333331
CDR2L,0.3333333333333333,0.25,-0.08333333333333331
NDUFAF1,0.3333333333333333,0.25,-0.08333333333333331
RPS8P4,0.3333333333333333,0.25,-0.08333333333333331
IQCH-AS1,0.3333333333333333,0.25,-0.08333333333333331
ZNF780B,0.3333333333333333,0.25,-0.08333333333333331
LY6E-DT,0.3333333333333333,0.25,-0.08333333333333331
PAAF1,0.3333333333333333,0.25,-0.08333333333333331
ERBB2,0.3333333333333333,0.25,-0.08333333333333331
HIPK1,0.3333333333333333,0.25,-0.08333333333333331
ENSG00000285184,0.3333333333333333,0.25,-0.08333333333333331
MRPL54,0.3333333333333333,0.25,-0.08333333333333331
SBDS,0.3333333333333333,0.25,-0.08333333333333331
EPSTI1,0.3333333333333333,0.25,-0.08333333333333331
ENSG00000285622,0.3333333333333333,0.25,-0.08333333333333331
ENSG00000285641,0.3333333333333333,0.25,-0.08333333333333331
CRADD,0.3333333333333333,0.25,-0.08333333333333331
RRP1,0.3333333333333333,0.25,-0.08333333333333331
ETFB,0.3333333333333333,0.25,-0.08333333333333331
CRAT,0.3333333333333333,0.25,-0.08333333333333331
DBN1,0.3333333333333333,0.25,-0.08333333333333331
ETV3,0.3333333333333333,0.25,-0.08333333333333331
DUS4L-BCAP29,0.3333333333333333,0.25,-0.08333333333333331
PTMAP5,0.3333333333333333,0.25,-0.08333333333333331
RELT,0.3333333333333333,0.25,-0.08333333333333331
DYRK4,0.3333333333333333,0.25,-0.08333333333333331
LSM7,0.3333333333333333,0.25,-0.08333333333333331
MFAP1,0.3333333333333333,0.25,-0.08333333333333331
LSM5,0.3333333333333333,0.25,-0.08333333333333331
DYSF,0.3333333333333333,0.25,-0.08333333333333331
RPF1,0.3333333333333333,0.25,-0.08333333333333331
DIAPH2-AS1,0.3333333333333333,0.25,-0.08333333333333331
ENSG00000261630,0.3333333333333333,0.25,-0.08333333333333331
PSMD9,0.3333333333333333,0.25,-0.08333333333333331
TRAF7,0.3333333333333333,0.25,-0.08333333333333331
DHX35,0.3333333333333333,0.25,-0.08333333333333331
MRPL20,0.3333333333333333,0.25,-0.08333333333333331
NEPRO-AS1,0.3333333333333333,0.25,-0.08333333333333331
RPS27P29,0.3333333333333333,0.25,-0.08333333333333331
ZFYVE27,0.3333333333333333,0.25,-0.08333333333333331
UBL5P2,0.3333333333333333,0.25,-0.08333333333333331
BTBD8,0.3333333333333333,0.25,-0.08333333333333331
NEURL1B,0.3333333333333333,0.25,-0.08333333333333331
RNGTT,0.3333333333333333,0.25,-0.08333333333333331
RDH11,0.3333333333333333,0.25,-0.08333333333333331
ILF3-DT,0.3333333333333333,0.25,-0.08333333333333331
ZNF529-AS1,0.3333333333333333,0.25,-0.08333333333333331
SELENOK,0.3333333333333333,0.25,-0.08333333333333331
FASTKD3,0.3333333333333333,0.25,-0.08333333333333331
MHENCR,0.3333333333333333,0.25,-0.08333333333333331
ALKBH8,0.3333333333333333,0.25,-0.08333333333333331
SMIM4,0.3333333333333333,0.25,-0.08333333333333331
TMTC4,0.3333333333333333,0.25,-0.08333333333333331
SDC2,0.3333333333333333,0.25,-0.08333333333333331
EIF1AXP1,0.3333333333333333,0.25,-0.08333333333333331
CRPPA,0.3333333333333333,0.25,-0.08333333333333331
FBXL2,0.3333333333333333,0.25,-0.08333333333333331
TMUB2,0.3333333333333333,0.25,-0.08333333333333331
ST20,0.3333333333333333,0.25,-0.08333333333333331
KIFBP,0.3333333333333333,0.25,-0.08333333333333331
TCP10L,0.3333333333333333,0.25,-0.08333333333333331
RPL11P3,0.3333333333333333,0.25,-0.08333333333333331
ENSG00000286162,0.3333333333333333,0.25,-0.08333333333333331
FAM86DP,0.3333333333333333,0.25,-0.08333333333333331
ENSG00000280212,0.3333333333333333,0.25,-0.08333333333333331
SMIM20,0.3333333333333333,0.25,-0.08333333333333331
NECAP1,0.3333333333333333,0.25,-0.08333333333333331
RPL23P8,0.3333333333333333,0.25,-0.08333333333333331
TFEB,0.3333333333333333,0.25,-0.08333333333333331
LRR1,0.3333333333333333,0.25,-0.08333333333333331
OTULIN,0.3333333333333333,0.25,-0.08333333333333331
TDRP,0.3333333333333333,0.25,-0.08333333333333331
EEF1AKMT3,0.3333333333333333,0.25,-0.08333333333333331
IRF7,0.3333333333333333,0.25,-0.08333333333333331
TYW1,0.3333333333333333,0.25,-0.08333333333333331
FAM200B,0.3333333333333333,0.25,-0.08333333333333331
AKNAD1,0.3333333333333333,0.25,-0.08333333333333331
CADM3-AS1,0.3333333333333333,0.25,-0.08333333333333331
ING4,0.3333333333333333,0.25,-0.08333333333333331
LAT,0.3333333333333333,0.25,-0.08333333333333331
LAT2,0.3333333333333333,0.25,-0.08333333333333331
SH3RF3,0.3333333333333333,0.25,-0.08333333333333331
TFIP11-DT,0.3333333333333333,0.25,-0.08333333333333331
FAM227B,0.3333333333333333,0.25,-0.08333333333333331
NEK5,0.3333333333333333,0.25,-0.08333333333333331
LAYN,0.3333333333333333,0.25,-0.08333333333333331
CLUH,0.3333333333333333,0.25,-0.08333333333333331
FAM238A,0.3333333333333333,0.25,-0.08333333333333331
PSMA2,0.3333333333333333,0.25,-0.08333333333333331
ZNF692,0.3333333333333333,0.25,-0.08333333333333331
ZNF691-DT,0.3333333333333333,0.25,-0.08333333333333331
ATP9A,0.3333333333333333,0.25,-0.08333333333333331
CHDH,0.3333333333333333,0.25,-0.08333333333333331
NPM1P14,0.3333333333333333,0.25,-0.08333333333333331
NBAT1,0.3333333333333333,0.25,-0.08333333333333331
HTATIP2,0.3333333333333333,0.25,-0.08333333333333331
PNKP,0.3333333333333333,0.25,-0.08333333333333331
TMEM175,0.3333333333333333,0.25,-0.08333333333333331
ENSG00000218227,0.3333333333333333,0.25,-0.08333333333333331
MAP9-AS1,0.3333333333333333,0.25,-0.08333333333333331
LINC01140,0.3333333333333333,0.25,-0.08333333333333331
ITSN1,0.3333333333333333,0.25,-0.08333333333333331
DMAP1,0.3333333333333333,0.25,-0.08333333333333331
GNPAT,0.3333333333333333,0.25,-0.08333333333333331
ENSG00000270179,0.3333333333333333,0.25,-0.08333333333333331
SETD3,0.3333333333333333,0.25,-0.08333333333333331
UTS2,0.3333333333333333,0.25,-0.08333333333333331
HACE1,0.3333333333333333,0.25,-0.08333333333333331
TMEM184B,0.3333333333333333,0.25,-0.08333333333333331
COG6,0.3333333333333333,0.25,-0.08333333333333331
ENSG00000260558,0.3333333333333333,0.25,-0.08333333333333331
ENSG00000231615,0.3333333333333333,0.25,-0.08333333333333331
KCNE4,0.3333333333333333,0.25,-0.08333333333333331
ENSG00000265136,0.3333333333333333,0.25,-0.08333333333333331
PMF1-BGLAP,0.3333333333333333,0.25,-0.08333333333333331
KCNMA1,0.3333333333333333,0.25,-0.08333333333333331
LINC00968,0.3333333333333333,0.25,-0.08333333333333331
MFSD1,0.3333333333333333,0.25,-0.08333333333333331
ENSG00000220920,0.3333333333333333,0.25,-0.08333333333333331
VTA1,0.3333333333333333,0.25,-0.08333333333333331
DNAJC9-AS1,0.3333333333333333,0.25,-0.08333333333333331
GMPS,0.3333333333333333,0.25,-0.08333333333333331
CLASP1,0.3333333333333333,0.25,-0.08333333333333331
DDX11-AS1,0.3333333333333333,0.25,-0.08333333333333331
GINS3,0.3333333333333333,0.25,-0.08333333333333331
ENSG00000287200,0.3333333333333333,0.25,-0.08333333333333331
NBPF11,0.3333333333333333,0.25,-0.08333333333333331
GJA1,0.3333333333333333,0.25,-0.08333333333333331
TMEM50A,0.3333333333333333,0.25,-0.08333333333333331
LINC01376,0.3333333333333333,0.25,-0.08333333333333331
ENSG00000272182,0.3333333333333333,0.25,-0.08333333333333331
CCZ1B,0.3333333333333333,0.25,-0.08333333333333331
ZSCAN2,0.3333333333333333,0.25,-0.08333333333333331
GLIPR1-AS1,0.3333333333333333,0.25,-0.08333333333333331
SOX7,0.3333333333333333,0.25,-0.08333333333333331
ZNF471,0.3333333333333333,0.25,-0.08333333333333331
MAP4K3,0.3333333333333333,0.25,-0.08333333333333331
ENSG00000287296,0.3333333333333333,0.25,-0.08333333333333331
HULC,0.3333333333333333,0.25,-0.08333333333333331
ARL3,0.3333333333333333,0.25,-0.08333333333333331
C2orf69,0.3333333333333333,0.25,-0.08333333333333331
PNRC2,0.3333333333333333,0.25,-0.08333333333333331
ZNF45,0.3333333333333333,0.25,-0.08333333333333331
MTM1,0.3333333333333333,0.25,-0.08333333333333331
GMEB1,0.3333333333333333,0.25,-0.08333333333333331
HAGH,0.3333333333333333,0.25,-0.08333333333333331
RPS15AP39,0.3333333333333333,0.25,-0.08333333333333331
UNC5B,0.3333333333333333,0.25,-0.08333333333333331
ENSG00000289750,0.3333333333333333,0.25,-0.08333333333333331
ENSG00000259321,0.3333333333333333,0.25,-0.08333333333333331
DNAJC17,0.3333333333333333,0.25,-0.08333333333333331
ENSG00000289544,0.3333333333333333,0.25,-0.08333333333333331
NR1D2,0.3333333333333333,0.25,-0.08333333333333331
CCDC9,0.3333333333333333,0.25,-0.08333333333333331
ENSG00000259952,0.3333333333333333,0.25,-0.08333333333333331
ZNF394,0.3333333333333333,0.25,-0.08333333333333331
SGK1,0.3333333333333333,0.25,-0.08333333333333331
CHST3,0.3333333333333333,0.25,-0.08333333333333331
MARCHF9,0.3333333333333333,0.25,-0.08333333333333331
DNAH12,0.3333333333333333,0.25,-0.08333333333333331
TANGO2,0.3333333333333333,0.25,-0.08333333333333331
RNASEH2C,0.3333333333333333,0.25,-0.08333333333333331
PLCL1,0.3333333333333333,0.25,-0.08333333333333331
NASP,0.3333333333333333,0.25,-0.08333333333333331
GSTA4,0.3333333333333333,0.25,-0.08333333333333331
PEX6,0.3333333333333333,0.25,-0.08333333333333331
HOXB4,0.3333333333333333,0.25,-0.08333333333333331
PLCB3,0.3333333333333333,0.25,-0.08333333333333331
MARK4,0.3333333333333333,0.25,-0.08333333333333331
ENSG00000289291,0.3333333333333333,0.25,-0.08333333333333331
LIN7C,0.3333333333333333,0.25,-0.08333333333333331
GUK1,0.3333333333333333,0.25,-0.08333333333333331
SNIP1,0.3333333333333333,0.25,-0.08333333333333331
RNF144A,0.3333333333333333,0.25,-0.08333333333333331
ENSG00000245651,0.3333333333333333,0.25,-0.08333333333333331
MLST8,0.3333333333333333,0.25,-0.08333333333333331
HNRNPLL,0.3333333333333333,0.25,-0.08333333333333331
TPT1P6,0.3333333333333333,0.25,-0.08333333333333331
C2CD4D-AS1,0.3333333333333333,0.25,-0.08333333333333331
GRHL3,0.3333333333333333,0.25,-0.08333333333333331
TRIM52-AS1,0.3333333333333333,0.25,-0.08333333333333331
RNF150,0.3333333333333333,0.25,-0.08333333333333331
HSPA8P5,0.3333333333333333,0.25,-0.08333333333333331
LHPP,0.3333333333333333,0.25,-0.08333333333333331
LINC00924,0.3333333333333333,0.25,-0.08333333333333331
RPSAP9,0.3333333333333333,0.25,-0.08333333333333331
TAF6,0.3333333333333333,0.25,-0.08333333333333331
ZBTB33,0.3333333333333333,0.25,-0.08333333333333331
ENSG00000289505,0.3333333333333333,0.25,-0.08333333333333331
GPN2,0.3333333333333333,0.25,-0.08333333333333331
RPL22P13,0.3333333333333333,0.25,-0.08333333333333331
RPL23,0.3333333333333333,0.25,-0.08333333333333331
SNU13,0.3333333333333333,0.25,-0.08333333333333331
H3-3B,0.3333333333333333,0.25,-0.08333333333333331
CCDC93,0.3333333333333333,0.25,-0.08333333333333331
NRAV,0.3333333333333333,0.25,-0.08333333333333331
GPR176,0.3333333333333333,0.25,-0.08333333333333331
VMP1,0.3333333333333333,0.25,-0.08333333333333331
GPR84-AS1,0.3333333333333333,0.25,-0.08333333333333331
ENSG00000229721,0.3333333333333333,0.25,-0.08333333333333331
PLIN3,0.3333333333333333,0.25,-0.08333333333333331
DDX20,0.3333333333333333,0.25,-0.08333333333333331
DMTF1,0.3333333333333333,0.25,-0.08333333333333331
RALGPS2,0.3333333333333333,0.25,-0.08333333333333331
ENSG00000268083,0.3333333333333333,0.25,-0.08333333333333331
CTU2,0.3333333333333333,0.25,-0.08333333333333331
VWA8,0.3333333333333333,0.25,-0.08333333333333331
UBAC1,0.3333333333333333,0.25,-0.08333333333333331
SLC1A5,0.3333333333333333,0.25,-0.08333333333333331
RPL21P41,0.3333333333333333,0.25,-0.08333333333333331
ARHGAP21,0.3333333333333333,0.25,-0.08333333333333331
ENSG00000290070,0.3333333333333333,0.25,-0.08333333333333331
DGCR5,0.3333333333333333,0.25,-0.08333333333333331
ENSG00000290083,0.3333333333333333,0.25,-0.08333333333333331
ARHGAP25,0.3333333333333333,0.25,-0.08333333333333331
CST7,0.3333333333333333,0.25,-0.08333333333333331
CSTF1,0.3333333333333333,0.25,-0.08333333333333331
MAP3K2-DT,0.3333333333333333,0.25,-0.08333333333333331
GBA2,0.3333333333333333,0.25,-0.08333333333333331
HCFC1R1,0.3333333333333333,0.25,-0.08333333333333331
HMGN3-AS1,0.3333333333333333,0.25,-0.08333333333333331
TSR1,0.3333333333333333,0.25,-0.08333333333333331
DGCR2,0.3333333333333333,0.25,-0.08333333333333331
ENSG00000272871,0.3333333333333333,0.25,-0.08333333333333331
ENSG00000273217,0.3333333333333333,0.25,-0.08333333333333331
PDE1B,0.3333333333333333,0.25,-0.08333333333333331
HCG11,0.3333333333333333,0.25,-0.08333333333333331
IDH3B,0.3333333333333333,0.25,-0.08333333333333331
PPM1A,0.3333333333333333,0.25,-0.08333333333333331
SERHL,0.3333333333333333,0.25,-0.08333333333333331
ENSG00000286849,0.3333333333333333,0.25,-0.08333333333333331
GCAT,0.3333333333333333,0.25,-0.08333333333333331
RPL15P14,0.3333333333333333,0.25,-0.08333333333333331
LYAR,0.3333333333333333,0.25,-0.08333333333333331
MCM3,0.3333333333333333,0.25,-0.08333333333333331
DGLUCY,0.3333333333333333,0.25,-0.08333333333333331
MAP2K7,0.3333333333333333,0.25,-0.08333333333333331
GAS1,0.3333333333333333,0.25,-0.08333333333333331
RAB7A,0.3333333333333333,0.25,-0.08333333333333331
P2RX5,0.3333333333333333,0.25,-0.08333333333333331
PHACTR2,0.3333333333333333,0.25,-0.08333333333333331
ENSG00000273402,0.3333333333333333,0.25,-0.08333333333333331
IFI6,0.3333333333333333,0.25,-0.08333333333333331
IFI44,0.3333333333333333,0.25,-0.08333333333333331
ENSG00000233223,0.3333333333333333,0.25,-0.08333333333333331
GALNT7,0.3333333333333333,0.25,-0.08333333333333331
LINC02035,0.3333333333333333,0.25,-0.08333333333333331
KLK7,0.3333333333333333,0.25,-0.08333333333333331
MAP3K12,0.3333333333333333,0.25,-0.08333333333333331
RPL13AP6,0.3333333333333333,0.25,-0.08333333333333331
GALNT12,0.3333333333333333,0.25,-0.08333333333333331
PDE8B,0.3333333333333333,0.25,-0.08333333333333331
ZBTB47-AS1,0.3333333333333333,0.25,-0.08333333333333331
NME6,0.3333333333333333,0.25,-0.08333333333333331
PDE1A,0.3333333333333333,0.25,-0.08333333333333331
ABCC9,0.3333333333333333,0.25,-0.08333333333333331
ENSG00000290110,0.3333333333333333,0.25,-0.08333333333333331
CYP2G1P,0.3333333333333333,0.25,-0.08333333333333331
ZBTB41,0.3333333333333333,0.25,-0.08333333333333331
ENSG00000213087,0.3333333333333333,0.25,-0.08333333333333331
PDK4-AS1,0.3333333333333333,0.25,-0.08333333333333331
RWDD1,0.3333333333333333,0.25,-0.08333333333333331
ENSG00000257298,0.3333333333333333,0.25,-0.08333333333333331
C5,0.3333333333333333,0.25,-0.08333333333333331
BAIAP2-DT,0.3333333333333333,0.25,-0.08333333333333331
RNPEP,0.3333333333333333,0.25,-0.08333333333333331
ID2,0.3333333333333333,0.25,-0.08333333333333331
ENSG00000227227,0.3333333333333333,0.25,-0.08333333333333331
CNR1,0.3333333333333333,0.25,-0.08333333333333331
ENSG00000232174,0.3333333333333333,0.25,-0.08333333333333331
FZD6,0.3333333333333333,0.25,-0.08333333333333331
CCDC157,0.3333333333333333,0.25,-0.08333333333333331
GIMAP8,0.3333333333333333,0.25,-0.08333333333333331
CDC14A,0.3333333333333333,0.25,-0.08333333333333331
GCOM1,0.3333333333333333,0.25,-0.08333333333333331
CD248,0.3333333333333333,0.25,-0.08333333333333331
GDI2,0.3333333333333333,0.25,-0.08333333333333331
TMC6,0.3333333333333333,0.25,-0.08333333333333331
HDAC10,0.3333333333333333,0.25,-0.08333333333333331
HAUS6,0.3333333333333333,0.25,-0.08333333333333331
C1orf35,0.3333333333333333,0.25,-0.08333333333333331
ENSG00000287104,0.3333333333333333,0.25,-0.08333333333333331
ARHGAP35,0.3333333333333333,0.25,-0.08333333333333331
FAM102A,0.8333333333333334,0.75,-0.08333333333333337
DENND4A,0.8333333333333334,0.75,-0.08333333333333337
CIZ1,0.8333333333333334,0.75,-0.08333333333333337
GPR107,0.8333333333333334,0.75,-0.08333333333333337
B3GALNT2,0.8333333333333334,0.75,-0.08333333333333337
EML4,0.8333333333333334,0.75,-0.08333333333333337
ARF3,0.8333333333333334,0.75,-0.08333333333333337
PKNOX1,0.8333333333333334,0.75,-0.08333333333333337
MRPL52,0.8333333333333334,0.75,-0.08333333333333337
SHROOM2,0.8333333333333334,0.75,-0.08333333333333337
PTPN18,0.8333333333333334,0.75,-0.08333333333333337
ATP10A,0.8333333333333334,0.75,-0.08333333333333337
EZH2,0.8333333333333334,0.75,-0.08333333333333337
LAPTM4B,0.8333333333333334,0.75,-0.08333333333333337
TNKS1BP1,0.8333333333333334,0.75,-0.08333333333333337
GSEC,0.8333333333333334,0.75,-0.08333333333333337
TBC1D4,0.8333333333333334,0.75,-0.08333333333333337
AFMID,0.8333333333333334,0.75,-0.08333333333333337
SNHG26,0.8333333333333334,0.75,-0.08333333333333337
ENSG00000288855,0.8333333333333334,0.75,-0.08333333333333337
TMED10,0.8333333333333334,0.75,-0.08333333333333337
F13A1,0.8333333333333334,0.75,-0.08333333333333337
DYNC2H1,0.8333333333333334,0.75,-0.08333333333333337
MBD2,0.8333333333333334,0.75,-0.08333333333333337
RPS6KA2,0.8333333333333334,0.75,-0.08333333333333337
TNFAIP8,0.8333333333333334,0.75,-0.08333333333333337
ABLIM2,0.8333333333333334,0.75,-0.08333333333333337
ENSG00000285830,0.8333333333333334,0.75,-0.08333333333333337
ENSG00000259976,0.8333333333333334,0.75,-0.08333333333333337
EP300,0.8333333333333334,0.75,-0.08333333333333337
YME1L1,0.8333333333333334,0.75,-0.08333333333333337
GPC1,0.8333333333333334,0.75,-0.08333333333333337
KLHL23,0.8333333333333334,0.75,-0.08333333333333337
MMP2,0.8333333333333334,0.75,-0.08333333333333337
ATXN2,0.8333333333333334,0.75,-0.08333333333333337
ENSG00000291143,0.8333333333333334,0.75,-0.08333333333333337
MMP25-AS1,0.8333333333333334,0.75,-0.08333333333333337
SMTN,0.8333333333333334,0.75,-0.08333333333333337
KPNA6,0.8333333333333334,0.75,-0.08333333333333337
LINC01133,0.8333333333333334,0.75,-0.08333333333333337
SPEN,0.8333333333333334,0.75,-0.08333333333333337
VPS13B,0.8333333333333334,0.75,-0.08333333333333337
TMEM59,0.8333333333333334,0.75,-0.08333333333333337
ATP8B4,0.8333333333333334,0.75,-0.08333333333333337
ENSG00000286192,0.8333333333333334,0.75,-0.08333333333333337
THOC1,0.8333333333333334,0.75,-0.08333333333333337
C6orf89,0.8333333333333334,0.75,-0.08333333333333337
TOM1L1,0.8333333333333334,0.75,-0.08333333333333337
WBP11,0.8333333333333334,0.75,-0.08333333333333337
MED24,0.8333333333333334,0.75,-0.08333333333333337
PIGM,0.8333333333333334,0.75,-0.08333333333333337
NCKAP5,0.8333333333333334,0.75,-0.08333333333333337
ABCA5,0.8333333333333334,0.75,-0.08333333333333337
MIR100HG,0.8333333333333334,0.75,-0.08333333333333337
DGKD,0.8333333333333334,0.75,-0.08333333333333337
SYK,0.8333333333333334,0.75,-0.08333333333333337
BTK,0.8333333333333334,0.75,-0.08333333333333337
PDZD8,0.8333333333333334,0.75,-0.08333333333333337
CRYZL2P,0.8333333333333334,0.75,-0.08333333333333337
PRCP,0.8333333333333334,0.75,-0.08333333333333337
ENSG00000250869,0.8333333333333334,0.75,-0.08333333333333337
SLC38A9,0.8333333333333334,0.75,-0.08333333333333337
ARID1B,3.3333333333333335,3.25,-0.08333333333333348
SNHG16,3.3333333333333335,3.25,-0.08333333333333348
U3,0.5,0.375,-0.125
CPLANE1,1.0,0.875,-0.125
MARK2,0.5,0.375,-0.125
ZNF789,0.5,0.375,-0.125
RANBP3L,0.5,0.375,-0.125
ENSG00000242539,1.0,0.875,-0.125
ITPRID2,0.5,0.375,-0.125
ADAT1,0.5,0.375,-0.125
RAPGEF5,1.0,0.875,-0.125
RAB37,0.5,0.375,-0.125
RDH10,0.5,0.375,-0.125
EPM2A,0.5,0.375,-0.125
TRAF3,0.5,0.375,-0.125
DNHD1,0.5,0.375,-0.125
WDR36,0.5,0.375,-0.125
TCN2,1.0,0.875,-0.125
RPS12P4,0.5,0.375,-0.125
ADAM19,0.5,0.375,-0.125
R3HDM4,0.5,0.375,-0.125
ENSG00000286781,0.5,0.375,-0.125
ABHD18,0.5,0.375,-0.125
COPS7A,0.5,0.375,-0.125
JOSD1,0.5,0.375,-0.125
DUSP22,0.5,0.375,-0.125
ADA2,2.0,1.875,-0.125
CHMP4A,0.5,0.375,-0.125
RPS2P48,0.5,0.375,-0.125
ENSG00000290399,0.5,0.375,-0.125
NBPF13P,0.5,0.375,-0.125
RBM22,0.5,0.375,-0.125
MAFF,0.5,0.375,-0.125
ENSG00000243445,0.5,0.375,-0.125
MARCHF2,0.5,0.375,-0.125
KCNMB3,0.5,0.375,-0.125
TCTN2,0.5,0.375,-0.125
ACADM,0.5,0.375,-0.125
SCRN2,0.5,0.375,-0.125
RBPMS,0.5,0.375,-0.125
SLC25A25,0.5,0.375,-0.125
DISP1,0.5,0.375,-0.125
ENSG00000288065,0.5,0.375,-0.125
AASDH,0.5,0.375,-0.125
WDR43,0.5,0.375,-0.125
UBAC2,1.0,0.875,-0.125
RBBP7,1.0,0.875,-0.125
MAP3K13,1.0,0.875,-0.125
PAK2,1.5,1.375,-0.125
MICU3,0.5,0.375,-0.125
P3H4,0.5,0.375,-0.125
CHMP7,0.5,0.375,-0.125
RAD51AP1,0.5,0.375,-0.125
RBM48,0.5,0.375,-0.125
RAB8B,0.5,0.375,-0.125
TRAPPC3,0.5,0.375,-0.125
ADAMTS9-AS1,0.5,0.375,-0.125
DMD,0.5,0.375,-0.125
MRPS9,0.5,0.375,-0.125
RAB4B,0.5,0.375,-0.125
S100PBP,0.5,0.375,-0.125
ENSG00000290469,0.5,0.375,-0.125
JAK2,0.5,0.375,-0.125
UBE2Q2P1,0.5,0.375,-0.125
COPG2IT1,0.5,0.375,-0.125
ENSG00000245025,1.0,0.875,-0.125
MAP1S,0.5,0.375,-0.125
MACORIS,0.5,0.375,-0.125
B3GALT9,0.5,0.375,-0.125
PTPRN2,0.5,0.375,-0.125
NPHP3-ACAD11,0.5,0.375,-0.125
ENSG00000216316,0.5,0.375,-0.125
CTNNB1,1.0,0.875,-0.125
VTI1B,0.5,0.375,-0.125
CCR4,0.5,0.375,-0.125
ENSG00000218426,0.5,0.375,-0.125
USP13,0.5,0.375,-0.125
SLC8A1-AS1,0.5,0.375,-0.125
ZNF439,0.5,0.375,-0.125
SOCS4,0.5,0.375,-0.125
DERL1,0.5,0.375,-0.125
GOLPH3,0.5,0.375,-0.125
BEST1,0.5,0.375,-0.125
GOLT1B,0.5,0.375,-0.125
ENSG00000269918,1.0,0.875,-0.125
SAMD9,0.5,0.375,-0.125
ARRB1,0.5,0.375,-0.125
YIPF6,1.0,0.875,-0.125
GPATCH11,0.5,0.375,-0.125
ENSG00000259375,0.5,0.375,-0.125
OBSL1,0.5,0.375,-0.125
PLPP5,0.5,0.375,-0.125
SFMBT2,1.0,0.875,-0.125
ASAH2B,0.5,0.375,-0.125
SAFB2,0.5,0.375,-0.125
COL14A1,0.5,0.375,-0.125
IFITM1,0.5,0.375,-0.125
POLB,0.5,0.375,-0.125
XPNPEP3,3.0,2.875,-0.125
TTBK2,0.5,0.375,-0.125
SAP30-DT,0.5,0.375,-0.125
PPIF,0.5,0.375,-0.125
KLHL9,0.5,0.375,-0.125
SBF1,1.0,0.875,-0.125
NOB1,0.5,0.375,-0.125
GAPDHP65,0.5,0.375,-0.125
IFI30,0.5,0.375,-0.125
LINC01857,0.5,0.375,-0.125
ENSG00000272980,0.5,0.375,-0.125
CD300E,0.5,0.375,-0.125
POMT1,1.0,0.875,-0.125
PDGFRL,0.5,0.375,-0.125
RN7SL233P,0.5,0.375,-0.125
SPATS2L,1.0,0.875,-0.125
ZNF480,0.5,0.375,-0.125
BHLHE40-AS1,0.5,0.375,-0.125
GIPC2,0.5,0.375,-0.125
USP28,0.5,0.375,-0.125
ENSG00000272181,0.5,0.375,-0.125
ARHGEF40,1.0,0.875,-0.125
USP22,1.0,0.875,-0.125
ASB13,0.5,0.375,-0.125
TNFRSF12A,0.5,0.375,-0.125
GRAMD1B,1.0,0.875,-0.125
ASCC1,0.5,0.375,-0.125
ENSG00000264895,1.0,0.875,-0.125
PGM2L1,2.0,1.875,-0.125
SNAPC4,0.5,0.375,-0.125
SMARCAD1,1.0,0.875,-0.125
ENSG00000264058,0.5,0.375,-0.125
MTO1,1.5,1.375,-0.125
UBXN7,1.5,1.375,-0.125
SMYD3-IT1,0.5,0.375,-0.125
HECA,0.5,0.375,-0.125
LAMA3,0.5,0.375,-0.125
HECTD4,0.5,0.375,-0.125
PIGO,0.5,0.375,-0.125
PIGH,1.0,0.875,-0.125
ATXN1L,0.5,0.375,-0.125
ENSG00000260997,0.5,0.375,-0.125
RUFY3,2.0,1.875,-0.125
MTREX,0.5,0.375,-0.125
RNF38,0.5,0.375,-0.125
NUP155,1.0,0.875,-0.125
LARP1,1.0,0.875,-0.125
ZNF254,0.5,0.375,-0.125
RNFT1,0.5,0.375,-0.125
TMOD3,2.0,1.875,-0.125
CBL,1.0,0.875,-0.125
NTN1,0.5,0.375,-0.125
HNRNPD,0.5,0.375,-0.125
ENSG00000267082,0.5,0.375,-0.125
UNK,0.5,0.375,-0.125
PERP,0.5,0.375,-0.125
PLEKHA2,0.5,0.375,-0.125
GS1-24F4.2,0.5,0.375,-0.125
GSDMB,0.5,0.375,-0.125
CAT,0.5,0.375,-0.125
RND3,0.5,0.375,-0.125
CNTRL,0.5,0.375,-0.125
HOXA3,0.5,0.375,-0.125
GTPBP2,0.5,0.375,-0.125
HOMER1,0.5,0.375,-0.125
LIG1,0.5,0.375,-0.125
ZNF366,0.5,0.375,-0.125
NSUN3,0.5,0.375,-0.125
ENSG00000266993,0.5,0.375,-0.125
SMAD5,2.0,1.875,-0.125
H1-12P,0.5,0.375,-0.125
CUL3,1.0,0.875,-0.125
MLLT3,0.5,0.375,-0.125
NT5DC3,0.5,0.375,-0.125
ZNF217,1.0,0.875,-0.125
H2BC21,0.5,0.375,-0.125
GALNT10,1.0,0.875,-0.125
OLA1,0.5,0.375,-0.125
OLFM1,0.5,0.375,-0.125
NEK9,0.5,0.375,-0.125
BTN2A1,0.5,0.375,-0.125
TUBGCP3,0.5,0.375,-0.125
NEDD4,0.5,0.375,-0.125
INPP4B,1.5,1.375,-0.125
LRP2BP,1.0,0.875,-0.125
INPP4A,0.5,0.375,-0.125
NEGR1,0.5,0.375,-0.125
STIM1,1.0,0.875,-0.125
DAPK1,0.5,0.375,-0.125
NEK1,1.5,1.375,-0.125
FAM241A,0.5,0.375,-0.125
BTF3,0.5,0.375,-0.125
FAM149A,0.5,0.375,-0.125
FAM86EP,0.5,0.375,-0.125
STARD4-AS1,1.0,0.875,-0.125
PCDHB11,0.5,0.375,-0.125
RPL7AP62,0.5,0.375,-0.125
SLC30A4,1.5,1.375,-0.125
DAB2,0.5,0.375,-0.125
CAPRIN2,0.5,0.375,-0.125
TOMM70,0.5,0.375,-0.125
DHX15,0.5,0.375,-0.125
MIR1915HG,0.5,0.375,-0.125
FBXO30,0.5,0.375,-0.125
COMMD2,0.5,0.375,-0.125
FAM13A,0.5,0.375,-0.125
WAPL,0.5,0.375,-0.125
ENSG00000253227,0.5,0.375,-0.125
PTPRA,0.5,0.375,-0.125
VAV3,0.5,0.375,-0.125
ESAM,0.5,0.375,-0.125
ENSG00000285103,0.5,0.375,-0.125
ESRP1,0.5,0.375,-0.125
ESRRG,0.5,0.375,-0.125
ENSG00000253200,0.5,0.375,-0.125
MCU,0.5,0.375,-0.125
STXBP5,0.5,0.375,-0.125
EXD2,0.5,0.375,-0.125
BZW2,0.5,0.375,-0.125
TP53,1.0,0.875,-0.125
SLC28A2-AS1,0.5,0.375,-0.125
STX18-AS1,0.5,0.375,-0.125
CREB1,1.5,1.375,-0.125
MRPL4,0.5,0.375,-0.125
CEP97,0.5,0.375,-0.125
UGP2,0.5,0.375,-0.125
DIPK1B,0.5,0.375,-0.125
USPL1,0.5,0.375,-0.125
STON2,1.0,0.875,-0.125
AHDC1,0.5,0.375,-0.125
ZNF721,0.5,0.375,-0.125
TUG1,1.0,0.875,-0.125
ENSG00000279432,0.5,0.375,-0.125
CRNKL1,0.5,0.375,-0.125
TICAM2,0.5,0.375,-0.125
TLCD3A,0.5,0.375,-0.125
ANKS1A,0.5,0.375,-0.125
SEMA6B,0.5,0.375,-0.125
MRE11,1.0,0.875,-0.125
MYBBP1A,0.5,0.375,-0.125
CSDE1,0.5,0.375,-0.125
CDC73,1.0,0.875,-0.125
IGKV1-17,1.0,0.875,-0.125
FOXO1,0.5,0.375,-0.125
TTC3,2.5,2.375,-0.125
FOXRED1,0.5,0.375,-0.125
FLJ42393,0.5,0.375,-0.125
PPP2R2D,1.5,1.375,-0.125
TLN1,0.5,0.375,-0.125
ZNF566,0.5,0.375,-0.125
FRZB,0.5,0.375,-0.125
AP4E1,0.5,0.375,-0.125
FTOP1,0.5,0.375,-0.125
SEPTIN11,0.5,0.375,-0.125
FZD7,0.5,0.375,-0.125
VPS37C,1.0,0.875,-0.125
PCNX2,0.5,0.375,-0.125
PRANCR,0.5,0.375,-0.125
FLI1,1.0,0.875,-0.125
SLC35E2B,1.0,0.875,-0.125
EIF3H,0.5,0.375,-0.125
RIC8B,0.5,0.375,-0.125
ZMYM2,1.0,0.875,-0.125
ENSG00000255328,0.5,0.375,-0.125
ZNF610,0.5,0.375,-0.125
WSB1,1.5,1.375,-0.125
ENSG00000278931,1.0,0.875,-0.125
RPL19P14,0.5,0.375,-0.125
DHRS7B,0.5,0.375,-0.125
SRRM1,0.5,0.375,-0.125
SLC38A2,0.5,0.375,-0.125
WTIP,0.5,0.375,-0.125
SRPX2,0.5,0.375,-0.125
ANKRD46,0.5,0.375,-0.125
EIF4G1,0.5,0.375,-0.125
LRPAP1,2.1666666666666665,2.0,-0.16666666666666652
ATXN3,2.1666666666666665,2.0,-0.16666666666666652
RAP1B,2.6666666666666665,2.5,-0.16666666666666652
AHI1,2.6666666666666665,2.5,-0.16666666666666652
TNC,2.1666666666666665,2.0,-0.16666666666666652
DEPDC5,0.6666666666666666,0.5,-0.16666666666666663
MCM3AP,0.6666666666666666,0.5,-0.16666666666666663
CST3,0.6666666666666666,0.5,-0.16666666666666663
UBXN11,0.6666666666666666,0.5,-0.16666666666666663
METAP1,0.6666666666666666,0.5,-0.16666666666666663
ME3,0.6666666666666666,0.5,-0.16666666666666663
USP33,0.6666666666666666,0.5,-0.16666666666666663
CMTM3,0.6666666666666666,0.5,-0.16666666666666663
RPS4XP2,0.6666666666666666,0.5,-0.16666666666666663
RPUSD3,0.6666666666666666,0.5,-0.16666666666666663
VGLL4,0.6666666666666666,0.5,-0.16666666666666663
DCUN1D3,0.6666666666666666,0.5,-0.16666666666666663
MIS18BP1,0.6666666666666666,0.5,-0.16666666666666663
RTCB,0.6666666666666666,0.5,-0.16666666666666663
UGCG,0.6666666666666666,0.5,-0.16666666666666663
MTG1,0.6666666666666666,0.5,-0.16666666666666663
MED29,0.6666666666666666,0.5,-0.16666666666666663
CNN3,0.6666666666666666,0.5,-0.16666666666666663
MIR30DHG,0.6666666666666666,0.5,-0.16666666666666663
WASHC2C,0.6666666666666666,0.5,-0.16666666666666663
METTL23,0.6666666666666666,0.5,-0.16666666666666663
RPS6P26,0.6666666666666666,0.5,-0.16666666666666663
EIF4E,0.6666666666666666,0.5,-0.16666666666666663
PFKFB2,0.6666666666666666,0.5,-0.16666666666666663
NOP9,0.6666666666666666,0.5,-0.16666666666666663
INO80D,0.6666666666666666,0.5,-0.16666666666666663
ENSG00000225113,0.6666666666666666,0.5,-0.16666666666666663
RPL32P18,0.6666666666666666,0.5,-0.16666666666666663
SLC2A4RG,0.6666666666666666,0.5,-0.16666666666666663
NR4A3,0.6666666666666666,0.5,-0.16666666666666663
STIMATE-MUSTN1,0.6666666666666666,0.5,-0.16666666666666663
PMAIP1,0.6666666666666666,0.5,-0.16666666666666663
ZNF717,0.6666666666666666,0.5,-0.16666666666666663
TSPAN18,0.6666666666666666,0.5,-0.16666666666666663
RPL36P14,0.6666666666666666,0.5,-0.16666666666666663
ENSG00000254777,0.6666666666666666,0.5,-0.16666666666666663
TEX10,0.6666666666666666,0.5,-0.16666666666666663
CD163L1,0.6666666666666666,0.5,-0.16666666666666663
NOP53,0.6666666666666666,0.5,-0.16666666666666663
NFE2L1-DT,0.6666666666666666,0.5,-0.16666666666666663
ENSG00000284634,0.6666666666666666,0.5,-0.16666666666666663
SUCLA2,0.6666666666666666,0.5,-0.16666666666666663
ROR1,0.6666666666666666,0.5,-0.16666666666666663
CDC14B,0.6666666666666666,0.5,-0.16666666666666663
TNS4,0.6666666666666666,0.5,-0.16666666666666663
SNRPA1,0.6666666666666666,0.5,-0.16666666666666663
TMEM242,0.6666666666666666,0.5,-0.16666666666666663
ELAPOR1,0.6666666666666666,0.5,-0.16666666666666663
HAUS2,0.6666666666666666,0.5,-0.16666666666666663
SNAP23,0.6666666666666666,0.5,-0.16666666666666663
EIF3D,0.6666666666666666,0.5,-0.16666666666666663
LMBRD1,0.6666666666666666,0.5,-0.16666666666666663
LMCD1,0.6666666666666666,0.5,-0.16666666666666663
PCAT19,0.6666666666666666,0.5,-0.16666666666666663
PRR5,0.6666666666666666,0.5,-0.16666666666666663
TP53BP1,0.6666666666666666,0.5,-0.16666666666666663
CCDC171,0.6666666666666666,0.5,-0.16666666666666663
ENSG00000240103,0.6666666666666666,0.5,-0.16666666666666663
SPG21,0.6666666666666666,0.5,-0.16666666666666663
KIRREL1,0.6666666666666666,0.5,-0.16666666666666663
GALNT13,0.6666666666666666,0.5,-0.16666666666666663
PPIH,0.6666666666666666,0.5,-0.16666666666666663
SPOP,0.6666666666666666,0.5,-0.16666666666666663
SPG11,0.6666666666666666,0.5,-0.16666666666666663
GABPB1,0.6666666666666666,0.5,-0.16666666666666663
GCFC2,0.6666666666666666,0.5,-0.16666666666666663
KPNA5,0.6666666666666666,0.5,-0.16666666666666663
KATNAL2,0.6666666666666666,0.5,-0.16666666666666663
TM2D1,0.6666666666666666,0.5,-0.16666666666666663
ARHGEF11,0.6666666666666666,0.5,-0.16666666666666663
FOXRED2,0.6666666666666666,0.5,-0.16666666666666663
JMY,0.6666666666666666,0.5,-0.16666666666666663
NUPR1,0.6666666666666666,0.5,-0.16666666666666663
ITGB5,0.6666666666666666,0.5,-0.16666666666666663
FMO3,0.6666666666666666,0.5,-0.16666666666666663
SP2,0.6666666666666666,0.5,-0.16666666666666663
ANKS3,0.6666666666666666,0.5,-0.16666666666666663
RIMKLBP2,0.6666666666666666,0.5,-0.16666666666666663
CCDC137,0.6666666666666666,0.5,-0.16666666666666663
C11orf54,0.6666666666666666,0.5,-0.16666666666666663
ST6GAL1,0.6666666666666666,0.5,-0.16666666666666663
GMPPB,0.6666666666666666,0.5,-0.16666666666666663
ZNF662,0.6666666666666666,0.5,-0.16666666666666663
RPGR,0.6666666666666666,0.5,-0.16666666666666663
EIF2D,0.6666666666666666,0.5,-0.16666666666666663
SPIN1,0.6666666666666666,0.5,-0.16666666666666663
DMAC1,0.6666666666666666,0.5,-0.16666666666666663
RAB40B,0.6666666666666666,0.5,-0.16666666666666663
IARS1,0.6666666666666666,0.5,-0.16666666666666663
ENSG00000286894,0.6666666666666666,0.5,-0.16666666666666663
HERPUD1,0.6666666666666666,0.5,-0.16666666666666663
TUBGCP4,0.6666666666666666,0.5,-0.16666666666666663
CHEK1,0.6666666666666666,0.5,-0.16666666666666663
RABGAP1L,0.6666666666666666,0.5,-0.16666666666666663
SCRN1,0.6666666666666666,0.5,-0.16666666666666663
ZNFX1,0.6666666666666666,0.5,-0.16666666666666663
TUSC1,0.6666666666666666,0.5,-0.16666666666666663
RAC2,0.6666666666666666,0.5,-0.16666666666666663
ECI2,0.6666666666666666,0.5,-0.16666666666666663
RAD18,0.6666666666666666,0.5,-0.16666666666666663
RAPGEF6,0.6666666666666666,0.5,-0.16666666666666663
RAPGEF1,0.6666666666666666,0.5,-0.16666666666666663
WDR5B-DT,0.6666666666666666,0.5,-0.16666666666666663
SLC4A1AP,0.6666666666666666,0.5,-0.16666666666666663
CERS4,0.6666666666666666,0.5,-0.16666666666666663
HSPA12B,0.6666666666666666,0.5,-0.16666666666666663
ACADSB,0.6666666666666666,0.5,-0.16666666666666663
ENSG00000289520,0.6666666666666666,0.5,-0.16666666666666663
SMG7,0.6666666666666666,0.5,-0.16666666666666663
TBCB,0.6666666666666666,0.5,-0.16666666666666663
HM13,0.6666666666666666,0.5,-0.16666666666666663
CHMP2A,0.6666666666666666,0.5,-0.16666666666666663
NDC1,0.6666666666666666,0.5,-0.16666666666666663
DNM1,0.6666666666666666,0.5,-0.16666666666666663
ACTG1P9,0.6666666666666666,0.5,-0.16666666666666663
HEATR5B,0.6666666666666666,0.5,-0.16666666666666663
TMEM63A,0.6666666666666666,0.5,-0.16666666666666663
ENSG00000263244,0.6666666666666666,0.5,-0.16666666666666663
ATP5IF1,0.6666666666666666,0.5,-0.16666666666666663
BMF,0.6666666666666666,0.5,-0.16666666666666663
SMAGP,0.6666666666666666,0.5,-0.16666666666666663
TNIK,0.6666666666666666,0.5,-0.16666666666666663
ENSG00000289145,0.6666666666666666,0.5,-0.16666666666666663
RAB11FIP2,0.6666666666666666,0.5,-0.16666666666666663
RNU2-10P,0.16666666666666666,0.0,-0.16666666666666666
RN7SL513P,0.16666666666666666,0.0,-0.16666666666666666
PGD,0.16666666666666666,0.0,-0.16666666666666666
ARHGAP18,0.16666666666666666,0.0,-0.16666666666666666
PGBD4,0.16666666666666666,0.0,-0.16666666666666666
RN7SL49P,0.16666666666666666,0.0,-0.16666666666666666
PHF19,0.16666666666666666,0.0,-0.16666666666666666
PGAP4,0.16666666666666666,0.0,-0.16666666666666666
PPAN-P2RY11,0.16666666666666666,0.0,-0.16666666666666666
ARHGEF6,0.16666666666666666,0.0,-0.16666666666666666
ARG2,0.16666666666666666,0.0,-0.16666666666666666
ARID3B,0.16666666666666666,0.0,-0.16666666666666666
ARHGAP26-AS1,0.16666666666666666,0.0,-0.16666666666666666
ARIH2,0.16666666666666666,0.0,-0.16666666666666666
POM121L9P,0.16666666666666666,0.0,-0.16666666666666666
ZNF473CR,0.16666666666666666,0.0,-0.16666666666666666
PHF14,0.16666666666666666,0.0,-0.16666666666666666
RNPEPL1,0.16666666666666666,0.0,-0.16666666666666666
ARHGAP44,0.16666666666666666,0.0,-0.16666666666666666
RN7SL242P,0.16666666666666666,0.0,-0.16666666666666666
RN7SL306P,0.16666666666666666,0.0,-0.16666666666666666
RN7SL130P,0.16666666666666666,0.0,-0.16666666666666666
ARHGAP27P1-BPTFP1-KPNA2P3,0.16666666666666666,0.0,-0.16666666666666666
CNOT9,0.16666666666666666,0.0,-0.16666666666666666
ARL13B,0.16666666666666666,0.0,-0.16666666666666666
PGM2,0.16666666666666666,0.0,-0.16666666666666666
ARHGEF17-AS1,0.16666666666666666,0.0,-0.16666666666666666
ZNF474,0.16666666666666666,0.0,-0.16666666666666666
ZNF230,0.16666666666666666,0.0,-0.16666666666666666
POU2AF1,0.16666666666666666,0.0,-0.16666666666666666
RNU1-149P,0.16666666666666666,0.0,-0.16666666666666666
ARHGAP26-IT1,0.16666666666666666,0.0,-0.16666666666666666
BAALC-AS1,0.16666666666666666,0.0,-0.16666666666666666
ARHGEF18-AS1,0.16666666666666666,0.0,-0.16666666666666666
RN7SL362P,0.16666666666666666,0.0,-0.16666666666666666
RN7SL414P,0.16666666666666666,0.0,-0.16666666666666666
ATP5F1E,0.16666666666666666,0.0,-0.16666666666666666
ARMC2-AS1,0.16666666666666666,0.0,-0.16666666666666666
ARL14EPP1,0.16666666666666666,0.0,-0.16666666666666666
PLCD4,0.16666666666666666,0.0,-0.16666666666666666
RNF19B,0.16666666666666666,0.0,-0.16666666666666666
ARFIP2,0.16666666666666666,0.0,-0.16666666666666666
ZNF420,0.16666666666666666,0.0,-0.16666666666666666
ZNF300,0.16666666666666666,0.0,-0.16666666666666666
ZNF415,0.16666666666666666,0.0,-0.16666666666666666
ASGR1,0.16666666666666666,0.0,-0.16666666666666666
ATP5MC1P4,0.16666666666666666,0.0,-0.16666666666666666
ASLP1,0.16666666666666666,0.0,-0.16666666666666666
ZNF391,0.16666666666666666,0.0,-0.16666666666666666
ASXL3,0.16666666666666666,0.0,-0.16666666666666666
POC1A,0.16666666666666666,0.0,-0.16666666666666666
PLA2G7,0.16666666666666666,0.0,-0.16666666666666666
PLA2G4E-AS1,0.16666666666666666,0.0,-0.16666666666666666
CNTNAP1,0.16666666666666666,0.0,-0.16666666666666666
PKNOX2,0.16666666666666666,0.0,-0.16666666666666666
PKN3,0.16666666666666666,0.0,-0.16666666666666666
ZNF345,0.16666666666666666,0.0,-0.16666666666666666
PKD2L2,0.16666666666666666,0.0,-0.16666666666666666
ATP1B3-AS1,0.16666666666666666,0.0,-0.16666666666666666
ATP5F1D,0.16666666666666666,0.0,-0.16666666666666666
RNA5SP353,0.16666666666666666,0.0,-0.16666666666666666
RNA5SP194,0.16666666666666666,0.0,-0.16666666666666666
ARRDC3-AS1,0.16666666666666666,0.0,-0.16666666666666666
ATXN7L3,0.16666666666666666,0.0,-0.16666666666666666
PNPO,0.16666666666666666,0.0,-0.16666666666666666
PHF5GP,0.16666666666666666,0.0,-0.16666666666666666
B4GALNT1,0.16666666666666666,0.0,-0.16666666666666666
MTMR14,0.16666666666666666,0.0,-0.16666666666666666
ZNF25,0.16666666666666666,0.0,-0.16666666666666666
B3GALNT1,0.16666666666666666,0.0,-0.16666666666666666
RN7SL697P,0.16666666666666666,0.0,-0.16666666666666666
ARMC7,0.16666666666666666,0.0,-0.16666666666666666
RN7SL738P,0.16666666666666666,0.0,-0.16666666666666666
PMS1,0.16666666666666666,0.0,-0.16666666666666666
RN7SL74P,0.16666666666666666,0.0,-0.16666666666666666
RN7SL756P,0.16666666666666666,0.0,-0.16666666666666666
AURKAP1,0.16666666666666666,0.0,-0.16666666666666666
RN7SL760P,0.16666666666666666,0.0,-0.16666666666666666
PLXNB1,0.16666666666666666,0.0,-0.16666666666666666
MTMR9LP,0.16666666666666666,0.0,-0.16666666666666666
PLXNA1,0.16666666666666666,0.0,-0.16666666666666666
AUP1,0.16666666666666666,0.0,-0.16666666666666666
RNA5SP150,0.16666666666666666,0.0,-0.16666666666666666
ARSK,0.16666666666666666,0.0,-0.16666666666666666
CHRM5,0.16666666666666666,0.0,-0.16666666666666666
MTFR1,0.16666666666666666,0.0,-0.16666666666666666
ACTG2,0.16666666666666666,0.0,-0.16666666666666666
ACTR3C,0.16666666666666666,0.0,-0.16666666666666666
RAB24,0.16666666666666666,0.0,-0.16666666666666666
RCN1P2,0.16666666666666666,0.0,-0.16666666666666666
RPSAP16,0.16666666666666666,0.0,-0.16666666666666666
ADAM3B,0.16666666666666666,0.0,-0.16666666666666666
ADAMDEC1,0.16666666666666666,0.0,-0.16666666666666666
ZNF829,0.16666666666666666,0.0,-0.16666666666666666
ADAMTS18,0.16666666666666666,0.0,-0.16666666666666666
QPCTL,0.16666666666666666,0.0,-0.16666666666666666
ZNF815P,0.16666666666666666,0.0,-0.16666666666666666
PXDNL,0.16666666666666666,0.0,-0.16666666666666666
ZNF792,0.16666666666666666,0.0,-0.16666666666666666
ADGRB1,0.16666666666666666,0.0,-0.16666666666666666
ZNF790,0.16666666666666666,0.0,-0.16666666666666666
COPB2-DT,0.16666666666666666,0.0,-0.16666666666666666
ADGRV1,0.16666666666666666,0.0,-0.16666666666666666
ADIRF,0.16666666666666666,0.0,-0.16666666666666666
PTPRN,0.16666666666666666,0.0,-0.16666666666666666
RERE-AS1,0.16666666666666666,0.0,-0.16666666666666666
ADORA2A,0.16666666666666666,0.0,-0.16666666666666666
ADORA2B,0.16666666666666666,0.0,-0.16666666666666666
PTPRCAP,0.16666666666666666,0.0,-0.16666666666666666
RETSAT,0.16666666666666666,0.0,-0.16666666666666666
PTPN2P2,0.16666666666666666,0.0,-0.16666666666666666
MTATP6P27,0.16666666666666666,0.0,-0.16666666666666666
PTPN23-DT,0.16666666666666666,0.0,-0.16666666666666666
ADSL,0.16666666666666666,0.0,-0.16666666666666666
ACTR3-AS1,0.16666666666666666,0.0,-0.16666666666666666
ACTG1P25,0.16666666666666666,0.0,-0.16666666666666666
ADSS2,0.16666666666666666,0.0,-0.16666666666666666
RAB40A,0.16666666666666666,0.0,-0.16666666666666666
AARD,0.16666666666666666,0.0,-0.16666666666666666
ZSCAN9,0.16666666666666666,0.0,-0.16666666666666666
COQ9,0.16666666666666666,0.0,-0.16666666666666666
ZSCAN5A,0.16666666666666666,0.0,-0.16666666666666666
RASL12,0.16666666666666666,0.0,-0.16666666666666666
RASGRF2-AS1,0.16666666666666666,0.0,-0.16666666666666666
ZSCAN20,0.16666666666666666,0.0,-0.16666666666666666
RARB,0.16666666666666666,0.0,-0.16666666666666666
COQ2,0.16666666666666666,0.0,-0.16666666666666666
VASH1-AS1,0.16666666666666666,0.0,-0.16666666666666666
ABCG5,0.16666666666666666,0.0,-0.16666666666666666
ABHD11,0.16666666666666666,0.0,-0.16666666666666666
ABHD17A,0.16666666666666666,0.0,-0.16666666666666666
ABI3,0.16666666666666666,0.0,-0.16666666666666666
RAMACL,0.16666666666666666,0.0,-0.16666666666666666
RBM25-AS1,0.16666666666666666,0.0,-0.16666666666666666
RAD51AP2,0.16666666666666666,0.0,-0.16666666666666666
RAD51AP1P1,0.16666666666666666,0.0,-0.16666666666666666
COPS8-DT,0.16666666666666666,0.0,-0.16666666666666666
RAD21L1,0.16666666666666666,0.0,-0.16666666666666666
RABL6,0.16666666666666666,0.0,-0.16666666666666666
RBMS3-AS1,0.16666666666666666,0.0,-0.16666666666666666
RBMX,0.16666666666666666,0.0,-0.16666666666666666
ACSBG1,0.16666666666666666,0.0,-0.16666666666666666
RBP5,0.16666666666666666,0.0,-0.16666666666666666
COPS2,0.16666666666666666,0.0,-0.16666666666666666
ACSM3,0.16666666666666666,0.0,-0.16666666666666666
PTPMT1,0.16666666666666666,0.0,-0.16666666666666666
PTMAP9,0.16666666666666666,0.0,-0.16666666666666666
ARFGEF3,0.16666666666666666,0.0,-0.16666666666666666
ANKLE1,0.16666666666666666,0.0,-0.16666666666666666
PRELID3A,0.16666666666666666,0.0,-0.16666666666666666
PRDM10,0.16666666666666666,0.0,-0.16666666666666666
ANP32BP1,0.16666666666666666,0.0,-0.16666666666666666
PRAM1,0.16666666666666666,0.0,-0.16666666666666666
ZNF581,0.16666666666666666,0.0,-0.16666666666666666
PPRC1,0.16666666666666666,0.0,-0.16666666666666666
ANXA2R,0.16666666666666666,0.0,-0.16666666666666666
BBS5,0.16666666666666666,0.0,-0.16666666666666666
ZNF571-AS1,0.16666666666666666,0.0,-0.16666666666666666
PPP2R3C,0.16666666666666666,0.0,-0.16666666666666666
AP2S1,0.16666666666666666,0.0,-0.16666666666666666
VDAC3,0.16666666666666666,0.0,-0.16666666666666666
VEGFC,0.16666666666666666,0.0,-0.16666666666666666
ZNF563,0.16666666666666666,0.0,-0.16666666666666666
PPP1R27,0.16666666666666666,0.0,-0.16666666666666666
APC2,0.16666666666666666,0.0,-0.16666666666666666
APCDD1L-DT,0.16666666666666666,0.0,-0.16666666666666666
APH1B,0.16666666666666666,0.0,-0.16666666666666666
APIP,0.16666666666666666,0.0,-0.16666666666666666
COL4A2-AS2,0.16666666666666666,0.0,-0.16666666666666666
RN7SKP187,0.16666666666666666,0.0,-0.16666666666666666
ZNF517,0.16666666666666666,0.0,-0.16666666666666666
RN7SKP258,0.16666666666666666,0.0,-0.16666666666666666
RN7SKP48,0.16666666666666666,0.0,-0.16666666666666666
PPFIA2,0.16666666666666666,0.0,-0.16666666666666666
ZNF513,0.16666666666666666,0.0,-0.16666666666666666
PPDPF,0.16666666666666666,0.0,-0.16666666666666666
ANKRD42-DT,0.16666666666666666,0.0,-0.16666666666666666
ZNF620,0.16666666666666666,0.0,-0.16666666666666666
AFF3,0.16666666666666666,0.0,-0.16666666666666666
MTCYBP3,0.16666666666666666,0.0,-0.16666666666666666
ZNF75BP,0.16666666666666666,0.0,-0.16666666666666666
AGGF1P2,0.16666666666666666,0.0,-0.16666666666666666
COMMD8,0.16666666666666666,0.0,-0.16666666666666666
COMMD4,0.16666666666666666,0.0,-0.16666666666666666
PTCH2,0.16666666666666666,0.0,-0.16666666666666666
AIMP1P1,0.16666666666666666,0.0,-0.16666666666666666
ZNF705EP,0.16666666666666666,0.0,-0.16666666666666666
PSMD11,0.16666666666666666,0.0,-0.16666666666666666
ZNF703,0.16666666666666666,0.0,-0.16666666666666666
AKIRIN1,0.16666666666666666,0.0,-0.16666666666666666
RGPD8,0.16666666666666666,0.0,-0.16666666666666666
PRUNE1,0.16666666666666666,0.0,-0.16666666666666666
PRSS51,0.16666666666666666,0.0,-0.16666666666666666
RGS20,0.16666666666666666,0.0,-0.16666666666666666
RGS4,0.16666666666666666,0.0,-0.16666666666666666
MTCO2P12,0.16666666666666666,0.0,-0.16666666666666666
PRR7-AS1,0.16666666666666666,0.0,-0.16666666666666666
RHBDD2,0.16666666666666666,0.0,-0.16666666666666666
COLEC11,0.16666666666666666,0.0,-0.16666666666666666
PRR19,0.16666666666666666,0.0,-0.16666666666666666
PRR16,0.16666666666666666,0.0,-0.16666666666666666
PRR13,0.16666666666666666,0.0,-0.16666666666666666
RHEBP1,0.16666666666666666,0.0,-0.16666666666666666
ALX3,0.16666666666666666,0.0,-0.16666666666666666
RHOBTB1,0.16666666666666666,0.0,-0.16666666666666666
RHOC,0.16666666666666666,0.0,-0.16666666666666666
PRKN,0.16666666666666666,0.0,-0.16666666666666666
AP1B1,0.16666666666666666,0.0,-0.16666666666666666
BHLHE22,0.16666666666666666,0.0,-0.16666666666666666
RNU2-50P,0.16666666666666666,0.0,-0.16666666666666666
NLE1,0.16666666666666666,0.0,-0.16666666666666666
MYOM3,0.16666666666666666,0.0,-0.16666666666666666
NR4A1AS,0.16666666666666666,0.0,-0.16666666666666666
YIPF1,0.16666666666666666,0.0,-0.16666666666666666
NQO2,0.16666666666666666,0.0,-0.16666666666666666
CCND2-AS1,0.16666666666666666,0.0,-0.16666666666666666
RPL35AP34,0.16666666666666666,0.0,-0.16666666666666666
CCNJL,0.16666666666666666,0.0,-0.16666666666666666
NPRL3,0.16666666666666666,0.0,-0.16666666666666666
CCNYL7,0.16666666666666666,0.0,-0.16666666666666666
NPM1P11,0.16666666666666666,0.0,-0.16666666666666666
NPHP3-AS1,0.16666666666666666,0.0,-0.16666666666666666
CCT8P1,0.16666666666666666,0.0,-0.16666666666666666
NPDC1,0.16666666666666666,0.0,-0.16666666666666666
NPAS2-AS1,0.16666666666666666,0.0,-0.16666666666666666
RPL36P4,0.16666666666666666,0.0,-0.16666666666666666
YAF2,0.16666666666666666,0.0,-0.16666666666666666
CD2AP-DT,0.16666666666666666,0.0,-0.16666666666666666
XRN2,0.16666666666666666,0.0,-0.16666666666666666
RPL39,0.16666666666666666,0.0,-0.16666666666666666
XRCC1,0.16666666666666666,0.0,-0.16666666666666666
NOCT,0.16666666666666666,0.0,-0.16666666666666666
CD70,0.16666666666666666,0.0,-0.16666666666666666
NMNAT2,0.16666666666666666,0.0,-0.16666666666666666
CDC20B,0.16666666666666666,0.0,-0.16666666666666666
NLRP3P1,0.16666666666666666,0.0,-0.16666666666666666
XKR8,0.16666666666666666,0.0,-0.16666666666666666
RPS24P6,0.16666666666666666,0.0,-0.16666666666666666
RPL5,0.16666666666666666,0.0,-0.16666666666666666
XKR6,0.16666666666666666,0.0,-0.16666666666666666
CCDC89,0.16666666666666666,0.0,-0.16666666666666666
CLDN14,0.16666666666666666,0.0,-0.16666666666666666
RPL31P20,0.16666666666666666,0.0,-0.16666666666666666
NUDT15,0.16666666666666666,0.0,-0.16666666666666666
RPL23AP23,0.16666666666666666,0.0,-0.16666666666666666
RPL23AP37,0.16666666666666666,0.0,-0.16666666666666666
NUP62CL,0.16666666666666666,0.0,-0.16666666666666666
ZBTB18,0.16666666666666666,0.0,-0.16666666666666666
CBX3P2,0.16666666666666666,0.0,-0.16666666666666666
NUP37,0.16666666666666666,0.0,-0.16666666666666666
ZBTB17,0.16666666666666666,0.0,-0.16666666666666666
NUP210L,0.16666666666666666,0.0,-0.16666666666666666
CBX8,0.16666666666666666,0.0,-0.16666666666666666
NUDT9,0.16666666666666666,0.0,-0.16666666666666666
RPL26P19,0.16666666666666666,0.0,-0.16666666666666666
RPL26P35,0.16666666666666666,0.0,-0.16666666666666666
RPL26P9,0.16666666666666666,0.0,-0.16666666666666666
MYO3B,0.16666666666666666,0.0,-0.16666666666666666
YWHAQP5,0.16666666666666666,0.0,-0.16666666666666666
RPL29,0.16666666666666666,0.0,-0.16666666666666666
NUDC,0.16666666666666666,0.0,-0.16666666666666666
CLDN22,0.16666666666666666,0.0,-0.16666666666666666
CCDC144A,0.16666666666666666,0.0,-0.16666666666666666
CCDC144CP,0.16666666666666666,0.0,-0.16666666666666666
CCDC144NL,0.16666666666666666,0.0,-0.16666666666666666
CCDC148,0.16666666666666666,0.0,-0.16666666666666666
ZAP70,0.16666666666666666,0.0,-0.16666666666666666
CCDC169,0.16666666666666666,0.0,-0.16666666666666666
CCDC175,0.16666666666666666,0.0,-0.16666666666666666
CCDC191,0.16666666666666666,0.0,-0.16666666666666666
YWHAZP3,0.16666666666666666,0.0,-0.16666666666666666
CCDC28A-AS1,0.16666666666666666,0.0,-0.16666666666666666
CDC25C,0.16666666666666666,0.0,-0.16666666666666666
CKAP5,0.16666666666666666,0.0,-0.16666666666666666
CAVIN4,0.16666666666666666,0.0,-0.16666666666666666
XIAPP2,0.16666666666666666,0.0,-0.16666666666666666
NDUFS3,0.16666666666666666,0.0,-0.16666666666666666
CIAO2A,0.16666666666666666,0.0,-0.16666666666666666
NDUFB9P2,0.16666666666666666,0.0,-0.16666666666666666
NDUFB4P8,0.16666666666666666,0.0,-0.16666666666666666
CERS3-AS1,0.16666666666666666,0.0,-0.16666666666666666
CFAP298,0.16666666666666666,0.0,-0.16666666666666666
NDST1-AS1,0.16666666666666666,0.0,-0.16666666666666666
CFAP418-AS1,0.16666666666666666,0.0,-0.16666666666666666
CFAP58-DT,0.16666666666666666,0.0,-0.16666666666666666
CFAP70,0.16666666666666666,0.0,-0.16666666666666666
CFAP73,0.16666666666666666,0.0,-0.16666666666666666
CFAP92,0.16666666666666666,0.0,-0.16666666666666666
CFTR,0.16666666666666666,0.0,-0.16666666666666666
CHAMP1,0.16666666666666666,0.0,-0.16666666666666666
NALF2,0.16666666666666666,0.0,-0.16666666666666666
CHCHD2P11,0.16666666666666666,0.0,-0.16666666666666666
NCKIPSD,0.16666666666666666,0.0,-0.16666666666666666
NCBP2AS2,0.16666666666666666,0.0,-0.16666666666666666
NAMA,0.16666666666666666,0.0,-0.16666666666666666
NCAM2,0.16666666666666666,0.0,-0.16666666666666666
CHI3L2,0.16666666666666666,0.0,-0.16666666666666666
NAMPTP1,0.16666666666666666,0.0,-0.16666666666666666
CHMP3-AS1,0.16666666666666666,0.0,-0.16666666666666666
NAV2-AS3,0.16666666666666666,0.0,-0.16666666666666666
NAV2-AS1,0.16666666666666666,0.0,-0.16666666666666666
RPS15P5,0.16666666666666666,0.0,-0.16666666666666666
NAT8B,0.16666666666666666,0.0,-0.16666666666666666
WDR11-DT,0.16666666666666666,0.0,-0.16666666666666666
RPS17P2,0.16666666666666666,0.0,-0.16666666666666666
RPS20P10,0.16666666666666666,0.0,-0.16666666666666666
CIBAR1P1,0.16666666666666666,0.0,-0.16666666666666666
WDR90,0.16666666666666666,0.0,-0.16666666666666666
CEACAM3,0.16666666666666666,0.0,-0.16666666666666666
XDH,0.16666666666666666,0.0,-0.16666666666666666
NKAPD1,0.16666666666666666,0.0,-0.16666666666666666
CDCA2,0.16666666666666666,0.0,-0.16666666666666666
NIPAL4-DT,0.16666666666666666,0.0,-0.16666666666666666
NIM1K,0.16666666666666666,0.0,-0.16666666666666666
NGRN,0.16666666666666666,0.0,-0.16666666666666666
NFYC-AS1,0.16666666666666666,0.0,-0.16666666666666666
RPL7,0.16666666666666666,0.0,-0.16666666666666666
NFX1,0.16666666666666666,0.0,-0.16666666666666666
NFU1,0.16666666666666666,0.0,-0.16666666666666666
RPL7AP2,0.16666666666666666,0.0,-0.16666666666666666
NAA40,0.16666666666666666,0.0,-0.16666666666666666
CISD1P1,0.16666666666666666,0.0,-0.16666666666666666
CILP2,0.16666666666666666,0.0,-0.16666666666666666
NDUFV2-AS1,0.16666666666666666,0.0,-0.16666666666666666
CEBPA-DT,0.16666666666666666,0.0,-0.16666666666666666
CECR2,0.16666666666666666,0.0,-0.16666666666666666
WNK3,0.16666666666666666,0.0,-0.16666666666666666
NEMP1,0.16666666666666666,0.0,-0.16666666666666666
CENPK,0.16666666666666666,0.0,-0.16666666666666666
RPL7P26,0.16666666666666666,0.0,-0.16666666666666666
CENPS,0.16666666666666666,0.0,-0.16666666666666666
CENPS-CORT,0.16666666666666666,0.0,-0.16666666666666666
WASF4P,0.16666666666666666,0.0,-0.16666666666666666
CENPT,0.16666666666666666,0.0,-0.16666666666666666
WFDC3,0.16666666666666666,0.0,-0.16666666666666666
NEDD1,0.16666666666666666,0.0,-0.16666666666666666
WFDC1,0.16666666666666666,0.0,-0.16666666666666666
RPL23AP18,0.16666666666666666,0.0,-0.16666666666666666
ZBTB26,0.16666666666666666,0.0,-0.16666666666666666
PFDN4,0.16666666666666666,0.0,-0.16666666666666666
RP1L1,0.16666666666666666,0.0,-0.16666666666666666
ZNF133,0.16666666666666666,0.0,-0.16666666666666666
RNU6ATAC39P,0.16666666666666666,0.0,-0.16666666666666666
BMP8B,0.16666666666666666,0.0,-0.16666666666666666
BMPER,0.16666666666666666,0.0,-0.16666666666666666
MXD3,0.16666666666666666,0.0,-0.16666666666666666
CORO1B,0.16666666666666666,0.0,-0.16666666666666666
ZNF132-DT,0.16666666666666666,0.0,-0.16666666666666666
ZNF132,0.16666666666666666,0.0,-0.16666666666666666
RNVU1-1,0.16666666666666666,0.0,-0.16666666666666666
BNIP1,0.16666666666666666,0.0,-0.16666666666666666
RPS3AP10,0.16666666666666666,0.0,-0.16666666666666666
RNVU1-24,0.16666666666666666,0.0,-0.16666666666666666
BNIP3P11,0.16666666666666666,0.0,-0.16666666666666666
RPS3A,0.16666666666666666,0.0,-0.16666666666666666
BNIP3P42,0.16666666666666666,0.0,-0.16666666666666666
BOLA2P2,0.16666666666666666,0.0,-0.16666666666666666
BOLA3,0.16666666666666666,0.0,-0.16666666666666666
PCLAF,0.16666666666666666,0.0,-0.16666666666666666
ZMYM1,0.16666666666666666,0.0,-0.16666666666666666
PCED1B,0.16666666666666666,0.0,-0.16666666666666666
ZKSCAN7-AS1,0.16666666666666666,0.0,-0.16666666666666666
CMA1,0.16666666666666666,0.0,-0.16666666666666666
ZKSCAN2,0.16666666666666666,0.0,-0.16666666666666666
BRPF1,0.16666666666666666,0.0,-0.16666666666666666
BSN,0.16666666666666666,0.0,-0.16666666666666666
PCDHB7,0.16666666666666666,0.0,-0.16666666666666666
BTBD3-AS1,0.16666666666666666,0.0,-0.16666666666666666
PCDHB3,0.16666666666666666,0.0,-0.16666666666666666
RP1,0.16666666666666666,0.0,-0.16666666666666666
PDCL,0.16666666666666666,0.0,-0.16666666666666666
PDCL3P5,0.16666666666666666,0.0,-0.16666666666666666
RPS3AP47,0.16666666666666666,0.0,-0.16666666666666666
BEND7,0.16666666666666666,0.0,-0.16666666666666666
BCCIP,0.16666666666666666,0.0,-0.16666666666666666
BCDIN3D,0.16666666666666666,0.0,-0.16666666666666666
RNU4-89P,0.16666666666666666,0.0,-0.16666666666666666
BCHE,0.16666666666666666,0.0,-0.16666666666666666
ZNF20,0.16666666666666666,0.0,-0.16666666666666666
RNU6-1093P,0.16666666666666666,0.0,-0.16666666666666666
RNU6-1231P,0.16666666666666666,0.0,-0.16666666666666666
ZNF19,0.16666666666666666,0.0,-0.16666666666666666
RPS4XP16,0.16666666666666666,0.0,-0.16666666666666666
PELP1-DT,0.16666666666666666,0.0,-0.16666666666666666
PELO,0.16666666666666666,0.0,-0.16666666666666666
RNU6-151P,0.16666666666666666,0.0,-0.16666666666666666
RNU6-288P,0.16666666666666666,0.0,-0.16666666666666666
PDSS1P1,0.16666666666666666,0.0,-0.16666666666666666
RNU6-824P,0.16666666666666666,0.0,-0.16666666666666666
ZNF174,0.16666666666666666,0.0,-0.16666666666666666
BET1P1,0.16666666666666666,0.0,-0.16666666666666666
PDRG1,0.16666666666666666,0.0,-0.16666666666666666
BEX3,0.16666666666666666,0.0,-0.16666666666666666
RNU6-432P,0.16666666666666666,0.0,-0.16666666666666666
VN1R1,0.16666666666666666,0.0,-0.16666666666666666
PDP1,0.16666666666666666,0.0,-0.16666666666666666
CNEP1R1,0.16666666666666666,0.0,-0.16666666666666666
RNU6-589P,0.16666666666666666,0.0,-0.16666666666666666
ZNF146,0.16666666666666666,0.0,-0.16666666666666666
ZNF142,0.16666666666666666,0.0,-0.16666666666666666
RNU6-708P,0.16666666666666666,0.0,-0.16666666666666666
BLACAT1,0.16666666666666666,0.0,-0.16666666666666666
BTC,0.16666666666666666,0.0,-0.16666666666666666
BTF3P5,0.16666666666666666,0.0,-0.16666666666666666
OAZ3,0.16666666666666666,0.0,-0.16666666666666666
PCDH1,0.16666666666666666,0.0,-0.16666666666666666
OXR1-AS1,0.16666666666666666,0.0,-0.16666666666666666
C9orf24,0.16666666666666666,0.0,-0.16666666666666666
CA3,0.16666666666666666,0.0,-0.16666666666666666
RPL17,0.16666666666666666,0.0,-0.16666666666666666
CABYR,0.16666666666666666,0.0,-0.16666666666666666
RPL17P37,0.16666666666666666,0.0,-0.16666666666666666
CACTIN,0.16666666666666666,0.0,-0.16666666666666666
ZC3HAV1L,0.16666666666666666,0.0,-0.16666666666666666
CAHM,0.16666666666666666,0.0,-0.16666666666666666
ORC5,0.16666666666666666,0.0,-0.16666666666666666
CAMK2A,0.16666666666666666,0.0,-0.16666666666666666
OR52H1,0.16666666666666666,0.0,-0.16666666666666666
CAND2,0.16666666666666666,0.0,-0.16666666666666666
OR1N2,0.16666666666666666,0.0,-0.16666666666666666
RPL21P10,0.16666666666666666,0.0,-0.16666666666666666
CAPN10,0.16666666666666666,0.0,-0.16666666666666666
CAPN5,0.16666666666666666,0.0,-0.16666666666666666
RPL21P135,0.16666666666666666,0.0,-0.16666666666666666
CARD6,0.16666666666666666,0.0,-0.16666666666666666
VPS37D,0.16666666666666666,0.0,-0.16666666666666666
CARNMT1,0.16666666666666666,0.0,-0.16666666666666666
ODF3L2,0.16666666666666666,0.0,-0.16666666666666666
RPS27AP17,0.16666666666666666,0.0,-0.16666666666666666
ODF3L1,0.16666666666666666,0.0,-0.16666666666666666
CASC19,0.16666666666666666,0.0,-0.16666666666666666
ODCP,0.16666666666666666,0.0,-0.16666666666666666
CASD1,0.16666666666666666,0.0,-0.16666666666666666
ODAD3,0.16666666666666666,0.0,-0.16666666666666666
ZBTB39,0.16666666666666666,0.0,-0.16666666666666666
P2RY14,0.16666666666666666,0.0,-0.16666666666666666
MYL12AP1,0.16666666666666666,0.0,-0.16666666666666666
MYL12-AS1,0.16666666666666666,0.0,-0.16666666666666666
C1GALT1C1,0.16666666666666666,0.0,-0.16666666666666666
RP2,0.16666666666666666,0.0,-0.16666666666666666
PCBP4,0.16666666666666666,0.0,-0.16666666666666666
PBX4,0.16666666666666666,0.0,-0.16666666666666666
C11orf21,0.16666666666666666,0.0,-0.16666666666666666
CLTA,0.16666666666666666,0.0,-0.16666666666666666
PAX6,0.16666666666666666,0.0,-0.16666666666666666
PAX5,0.16666666666666666,0.0,-0.16666666666666666
PAX1,0.16666666666666666,0.0,-0.16666666666666666
C16orf91,0.16666666666666666,0.0,-0.16666666666666666
PARTICL,0.16666666666666666,0.0,-0.16666666666666666
C18orf21,0.16666666666666666,0.0,-0.16666666666666666
PARK7P1,0.16666666666666666,0.0,-0.16666666666666666
RPL12P12,0.16666666666666666,0.0,-0.16666666666666666
C1S,0.16666666666666666,0.0,-0.16666666666666666
CLNS1A,0.16666666666666666,0.0,-0.16666666666666666
PAPOLG,0.16666666666666666,0.0,-0.16666666666666666
RPL12P29,0.16666666666666666,0.0,-0.16666666666666666
ZFAND1,0.16666666666666666,0.0,-0.16666666666666666
C2CD4A,0.16666666666666666,0.0,-0.16666666666666666
ZDHHC20-IT1,0.16666666666666666,0.0,-0.16666666666666666
RPL13AP3,0.16666666666666666,0.0,-0.16666666666666666
C3orf14,0.16666666666666666,0.0,-0.16666666666666666
RPL13P5,0.16666666666666666,0.0,-0.16666666666666666
ZDHHC16,0.16666666666666666,0.0,-0.16666666666666666
ZDHHC12-DT,0.16666666666666666,0.0,-0.16666666666666666
RPL14P1,0.16666666666666666,0.0,-0.16666666666666666
RPL14P3,0.16666666666666666,0.0,-0.16666666666666666
RPS2P46,0.16666666666666666,0.0,-0.16666666666666666
PDCD5,0.16666666666666666,0.0,-0.16666666666666666
ENSG00000288904,0.16666666666666666,0.0,-0.16666666666666666
RPSAP3,0.16666666666666666,0.0,-0.16666666666666666
ENSG00000259732,0.16666666666666666,0.0,-0.16666666666666666
ENSG00000259972,0.16666666666666666,0.0,-0.16666666666666666
ENSG00000259969,0.16666666666666666,0.0,-0.16666666666666666
ENSG00000259959,0.16666666666666666,0.0,-0.16666666666666666
ENSG00000259924,0.16666666666666666,0.0,-0.16666666666666666
ENSG00000259921,0.16666666666666666,0.0,-0.16666666666666666
ENSG00000259753,0.16666666666666666,0.0,-0.16666666666666666
HRAT17,0.16666666666666666,0.0,-0.16666666666666666
ENSG00000259744,0.16666666666666666,0.0,-0.16666666666666666
HRK,0.16666666666666666,0.0,-0.16666666666666666
ENSG00000259661,0.16666666666666666,0.0,-0.16666666666666666
HMGB3P22,0.16666666666666666,0.0,-0.16666666666666666
HSD11B1-AS1,0.16666666666666666,0.0,-0.16666666666666666
HSD17B1,0.16666666666666666,0.0,-0.16666666666666666
HSD17B1-AS1,0.16666666666666666,0.0,-0.16666666666666666
ENSG00000259621,0.16666666666666666,0.0,-0.16666666666666666
ENSG00000259617,0.16666666666666666,0.0,-0.16666666666666666
ENSG00000259598,0.16666666666666666,0.0,-0.16666666666666666
HSF2,0.16666666666666666,0.0,-0.16666666666666666
ENSG00000259408,0.16666666666666666,0.0,-0.16666666666666666
SLC9A3-AS1,0.16666666666666666,0.0,-0.16666666666666666
TNFRSF10C,0.16666666666666666,0.0,-0.16666666666666666
SLITRK4,0.16666666666666666,0.0,-0.16666666666666666
ENSG00000260012,0.16666666666666666,0.0,-0.16666666666666666
HOXC5,0.16666666666666666,0.0,-0.16666666666666666
ENSG00000260772,0.16666666666666666,0.0,-0.16666666666666666
ENSG00000260744,0.16666666666666666,0.0,-0.16666666666666666
SMARCAL1-AS1,0.16666666666666666,0.0,-0.16666666666666666
ENSG00000260695,0.16666666666666666,0.0,-0.16666666666666666
ENSG00000260693,0.16666666666666666,0.0,-0.16666666666666666
ENSG00000260661,0.16666666666666666,0.0,-0.16666666666666666
HNRNPA1P29,0.16666666666666666,0.0,-0.16666666666666666
ENSG00000260601,0.16666666666666666,0.0,-0.16666666666666666
HNRNPA1P5,0.16666666666666666,0.0,-0.16666666666666666
HNRNPA1P76,0.16666666666666666,0.0,-0.16666666666666666
ENSG00000260482,0.16666666666666666,0.0,-0.16666666666666666
HNRNPH1P1,0.16666666666666666,0.0,-0.16666666666666666
ENSG00000260379,0.16666666666666666,0.0,-0.16666666666666666
ENSG00000260350,0.16666666666666666,0.0,-0.16666666666666666
HOMER3,0.16666666666666666,0.0,-0.16666666666666666
TNFAIP8L2,0.16666666666666666,0.0,-0.16666666666666666
HOXB-AS1,0.16666666666666666,0.0,-0.16666666666666666
ENSG00000260183,0.16666666666666666,0.0,-0.16666666666666666
HOXC10,0.16666666666666666,0.0,-0.16666666666666666
ENSG00000259294,0.16666666666666666,0.0,-0.16666666666666666
ENSG00000259287,0.16666666666666666,0.0,-0.16666666666666666
ENSG00000259238,0.16666666666666666,0.0,-0.16666666666666666
ENSG00000257252,0.16666666666666666,0.0,-0.16666666666666666
ENSG00000256894,0.16666666666666666,0.0,-0.16666666666666666
IGHG4,0.16666666666666666,0.0,-0.16666666666666666
IGHJ6,0.16666666666666666,0.0,-0.16666666666666666
IGHV1-69D,0.16666666666666666,0.0,-0.16666666666666666
ENSG00000256588,0.16666666666666666,0.0,-0.16666666666666666
ENSG00000256552,0.16666666666666666,0.0,-0.16666666666666666
ENSG00000256482,0.16666666666666666,0.0,-0.16666666666666666
SLC39A4,0.16666666666666666,0.0,-0.16666666666666666
ENSG00000256250,0.16666666666666666,0.0,-0.16666666666666666
ENSG00000256199,0.16666666666666666,0.0,-0.16666666666666666
ENSG00000256152,0.16666666666666666,0.0,-0.16666666666666666
SLC38A4,0.16666666666666666,0.0,-0.16666666666666666
IGLL3P,0.16666666666666666,0.0,-0.16666666666666666
TNS1-AS1,0.16666666666666666,0.0,-0.16666666666666666
ENSG00000255439,0.16666666666666666,0.0,-0.16666666666666666
ENSG00000255342,0.16666666666666666,0.0,-0.16666666666666666
ENSG00000255330,0.16666666666666666,0.0,-0.16666666666666666
ENSG00000255314,0.16666666666666666,0.0,-0.16666666666666666
ENSG00000255237,0.16666666666666666,0.0,-0.16666666666666666
IGFL2-AS1,0.16666666666666666,0.0,-0.16666666666666666
IFT57,0.16666666666666666,0.0,-0.16666666666666666
ENSG00000259118,0.16666666666666666,0.0,-0.16666666666666666
ENSG00000257767,0.16666666666666666,0.0,-0.16666666666666666
HTR2B,0.16666666666666666,0.0,-0.16666666666666666
SLC7A2-IT1,0.16666666666666666,0.0,-0.16666666666666666
SLC7A11,0.16666666666666666,0.0,-0.16666666666666666
ENSG00000259003,0.16666666666666666,0.0,-0.16666666666666666
ENSG00000258983,0.16666666666666666,0.0,-0.16666666666666666
ENSG00000258945,0.16666666666666666,0.0,-0.16666666666666666
TNFRSF4,0.16666666666666666,0.0,-0.16666666666666666
ENSG00000258904,0.16666666666666666,0.0,-0.16666666666666666
ENSG00000258803,0.16666666666666666,0.0,-0.16666666666666666
ENSG00000258749,0.16666666666666666,0.0,-0.16666666666666666
ENSG00000258578,0.16666666666666666,0.0,-0.16666666666666666
ENSG00000258559,0.16666666666666666,0.0,-0.16666666666666666
SLC5A12,0.16666666666666666,0.0,-0.16666666666666666
IFI16,0.16666666666666666,0.0,-0.16666666666666666
ENSG00000258461,0.16666666666666666,0.0,-0.16666666666666666
ENSG00000258400,0.16666666666666666,0.0,-0.16666666666666666
IFITM3P4,0.16666666666666666,0.0,-0.16666666666666666
ENSG00000258035,0.16666666666666666,0.0,-0.16666666666666666
IFNE,0.16666666666666666,0.0,-0.16666666666666666
ENSG00000260788,0.16666666666666666,0.0,-0.16666666666666666
ENSG00000260832,0.16666666666666666,0.0,-0.16666666666666666
ENSG00000268987,0.16666666666666666,0.0,-0.16666666666666666
TMEM30BP1,0.16666666666666666,0.0,-0.16666666666666666
ENSG00000267317,0.16666666666666666,0.0,-0.16666666666666666
ENSG00000267234,0.16666666666666666,0.0,-0.16666666666666666
SNORC,0.16666666666666666,0.0,-0.16666666666666666
SNORA75,0.16666666666666666,0.0,-0.16666666666666666
ENSG00000267102,0.16666666666666666,0.0,-0.16666666666666666
GTF3C2,0.16666666666666666,0.0,-0.16666666666666666
GTF3C2-AS2,0.16666666666666666,0.0,-0.16666666666666666
ENSG00000267090,0.16666666666666666,0.0,-0.16666666666666666
GTPBP8,0.16666666666666666,0.0,-0.16666666666666666
GUCY2C-AS1,0.16666666666666666,0.0,-0.16666666666666666
ENSG00000260855,0.16666666666666666,0.0,-0.16666666666666666
GUCY2D,0.16666666666666666,0.0,-0.16666666666666666
SNORA16B,0.16666666666666666,0.0,-0.16666666666666666
ENSG00000266872,0.16666666666666666,0.0,-0.16666666666666666
ENSG00000266717,0.16666666666666666,0.0,-0.16666666666666666
ENSG00000266709,0.16666666666666666,0.0,-0.16666666666666666
ENSG00000266538,0.16666666666666666,0.0,-0.16666666666666666
ENSG00000266490,0.16666666666666666,0.0,-0.16666666666666666
ENSG00000266401,0.16666666666666666,0.0,-0.16666666666666666
ENSG00000266171,0.16666666666666666,0.0,-0.16666666666666666
GSTM1,0.16666666666666666,0.0,-0.16666666666666666
GSPT2,0.16666666666666666,0.0,-0.16666666666666666
ENSG00000267529,0.16666666666666666,0.0,-0.16666666666666666
GRPR,0.16666666666666666,0.0,-0.16666666666666666
GPR37L1,0.16666666666666666,0.0,-0.16666666666666666
SNRPEP2,0.16666666666666666,0.0,-0.16666666666666666
ENSG00000268614,0.16666666666666666,0.0,-0.16666666666666666
TMEM234,0.16666666666666666,0.0,-0.16666666666666666
GPRC5C,0.16666666666666666,0.0,-0.16666666666666666
GPRC5D-AS1,0.16666666666666666,0.0,-0.16666666666666666
ENSG00000268555,0.16666666666666666,0.0,-0.16666666666666666
ENSG00000268530,0.16666666666666666,0.0,-0.16666666666666666
ENSG00000268379,0.16666666666666666,0.0,-0.16666666666666666
TMEM238,0.16666666666666666,0.0,-0.16666666666666666
ENSG00000268163,0.16666666666666666,0.0,-0.16666666666666666
SNRPC,0.16666666666666666,0.0,-0.16666666666666666
GRB2,0.16666666666666666,0.0,-0.16666666666666666
GREM1,0.16666666666666666,0.0,-0.16666666666666666
GRID1,0.16666666666666666,0.0,-0.16666666666666666
TMEM255A,0.16666666666666666,0.0,-0.16666666666666666
ENSG00000267734,0.16666666666666666,0.0,-0.16666666666666666
GRK3,0.16666666666666666,0.0,-0.16666666666666666
GRM6,0.16666666666666666,0.0,-0.16666666666666666
H2AJ,0.16666666666666666,0.0,-0.16666666666666666
ENSG00000265791,0.16666666666666666,0.0,-0.16666666666666666
ENSG00000265750,0.16666666666666666,0.0,-0.16666666666666666
ENSG00000261889,0.16666666666666666,0.0,-0.16666666666666666
ENSG00000261864,0.16666666666666666,0.0,-0.16666666666666666
ENSG00000261692,0.16666666666666666,0.0,-0.16666666666666666
ENSG00000261668,0.16666666666666666,0.0,-0.16666666666666666
HIBADH,0.16666666666666666,0.0,-0.16666666666666666
HID1,0.16666666666666666,0.0,-0.16666666666666666
SMIM15-AS1,0.16666666666666666,0.0,-0.16666666666666666
ENSG00000261544,0.16666666666666666,0.0,-0.16666666666666666
ENSG00000261535,0.16666666666666666,0.0,-0.16666666666666666
SMIM10L2B,0.16666666666666666,0.0,-0.16666666666666666
ENSG00000261349,0.16666666666666666,0.0,-0.16666666666666666
ENSG00000261276,0.16666666666666666,0.0,-0.16666666666666666
ENSG00000261222,0.16666666666666666,0.0,-0.16666666666666666
ENSG00000261207,0.16666666666666666,0.0,-0.16666666666666666
ENSG00000261167,0.16666666666666666,0.0,-0.16666666666666666
ENSG00000261117,0.16666666666666666,0.0,-0.16666666666666666
ENSG00000261061,0.16666666666666666,0.0,-0.16666666666666666
HMBS,0.16666666666666666,0.0,-0.16666666666666666
SMCO2,0.16666666666666666,0.0,-0.16666666666666666
ENSG00000260914,0.16666666666666666,0.0,-0.16666666666666666
ENSG00000261888,0.16666666666666666,0.0,-0.16666666666666666
SMOC2,0.16666666666666666,0.0,-0.16666666666666666
ENSG00000265625,0.16666666666666666,0.0,-0.16666666666666666
TMEM86A,0.16666666666666666,0.0,-0.16666666666666666
ENSG00000265496,0.16666666666666666,0.0,-0.16666666666666666
H2BP2,0.16666666666666666,0.0,-0.16666666666666666
H3-7,0.16666666666666666,0.0,-0.16666666666666666
ENSG00000265094,0.16666666666666666,0.0,-0.16666666666666666
HACL1,0.16666666666666666,0.0,-0.16666666666666666
ENSG00000264666,0.16666666666666666,0.0,-0.16666666666666666
ENSG00000264150,0.16666666666666666,0.0,-0.16666666666666666
ENSG00000263990,0.16666666666666666,0.0,-0.16666666666666666
ENSG00000263859,0.16666666666666666,0.0,-0.16666666666666666
HBP1,0.16666666666666666,0.0,-0.16666666666666666
HCCS-DT,0.16666666666666666,0.0,-0.16666666666666666
HCFC2,0.16666666666666666,0.0,-0.16666666666666666
TMEM59L,0.16666666666666666,0.0,-0.16666666666666666
ENSG00000262966,0.16666666666666666,0.0,-0.16666666666666666
ENSG00000262652,0.16666666666666666,0.0,-0.16666666666666666
ENSG00000262633,0.16666666666666666,0.0,-0.16666666666666666
ENSG00000262580,0.16666666666666666,0.0,-0.16666666666666666
SMYD2,0.16666666666666666,0.0,-0.16666666666666666
ENSG00000262147,0.16666666666666666,0.0,-0.16666666666666666
IL12RB1,0.16666666666666666,0.0,-0.16666666666666666
ENSG00000255097,0.16666666666666666,0.0,-0.16666666666666666
ENSG00000254990,0.16666666666666666,0.0,-0.16666666666666666
ENSG00000232696,0.16666666666666666,0.0,-0.16666666666666666
SIRPB2,0.16666666666666666,0.0,-0.16666666666666666
ENSG00000234206,0.16666666666666666,0.0,-0.16666666666666666
KLHL26,0.16666666666666666,0.0,-0.16666666666666666
ENSG00000233706,0.16666666666666666,0.0,-0.16666666666666666
ENSG00000233635,0.16666666666666666,0.0,-0.16666666666666666
ENSG00000233538,0.16666666666666666,0.0,-0.16666666666666666
ENSG00000233178,0.16666666666666666,0.0,-0.16666666666666666
SIN3B,0.16666666666666666,0.0,-0.16666666666666666
SIMC1,0.16666666666666666,0.0,-0.16666666666666666
TRIM23,0.16666666666666666,0.0,-0.16666666666666666
ENSG00000254943,0.16666666666666666,0.0,-0.16666666666666666
ENSG00000232295,0.16666666666666666,0.0,-0.16666666666666666
KNOP1P2,0.16666666666666666,0.0,-0.16666666666666666
ENSG00000231760,0.16666666666666666,0.0,-0.16666666666666666
ENSG00000231731,0.16666666666666666,0.0,-0.16666666666666666
KPNA2P3,0.16666666666666666,0.0,-0.16666666666666666
KRBOX4,0.16666666666666666,0.0,-0.16666666666666666
ENSG00000231412,0.16666666666666666,0.0,-0.16666666666666666
ENSG00000231236,0.16666666666666666,0.0,-0.16666666666666666
ENSG00000231138,0.16666666666666666,0.0,-0.16666666666666666
KLHL18,0.16666666666666666,0.0,-0.16666666666666666
ENSG00000234353,0.16666666666666666,0.0,-0.16666666666666666
ENSG00000234784,0.16666666666666666,0.0,-0.16666666666666666
SIX1,0.16666666666666666,0.0,-0.16666666666666666
ENSG00000238150,0.16666666666666666,0.0,-0.16666666666666666
ENSG00000238117,0.16666666666666666,0.0,-0.16666666666666666
KIAA0408,0.16666666666666666,0.0,-0.16666666666666666
ENSG00000237419,0.16666666666666666,0.0,-0.16666666666666666
KIAA1191,0.16666666666666666,0.0,-0.16666666666666666
SLAMF8,0.16666666666666666,0.0,-0.16666666666666666
ENSG00000236665,0.16666666666666666,0.0,-0.16666666666666666
ENSG00000236636,0.16666666666666666,0.0,-0.16666666666666666
ENSG00000236536,0.16666666666666666,0.0,-0.16666666666666666
ENSG00000236449,0.16666666666666666,0.0,-0.16666666666666666
ENSG00000236065,0.16666666666666666,0.0,-0.16666666666666666
KIF7,0.16666666666666666,0.0,-0.16666666666666666
ENSG00000235880,0.16666666666666666,0.0,-0.16666666666666666
ENSG00000235795,0.16666666666666666,0.0,-0.16666666666666666
KIRREL1-IT1,0.16666666666666666,0.0,-0.16666666666666666
KIZ,0.16666666666666666,0.0,-0.16666666666666666
ENSG00000235121,0.16666666666666666,0.0,-0.16666666666666666
KLC2,0.16666666666666666,0.0,-0.16666666666666666
ENSG00000235020,0.16666666666666666,0.0,-0.16666666666666666
SIGLEC12,0.16666666666666666,0.0,-0.16666666666666666
KRT16P2,0.16666666666666666,0.0,-0.16666666666666666
KRT16P3,0.16666666666666666,0.0,-0.16666666666666666
TRIM9,0.16666666666666666,0.0,-0.16666666666666666
SH3PXD2A-AS1,0.16666666666666666,0.0,-0.16666666666666666
ENSG00000228113,0.16666666666666666,0.0,-0.16666666666666666
ENSG00000228073,0.16666666666666666,0.0,-0.16666666666666666
ENSG00000228061,0.16666666666666666,0.0,-0.16666666666666666
LDLRAD4-AS1,0.16666666666666666,0.0,-0.16666666666666666
ENSG00000227733,0.16666666666666666,0.0,-0.16666666666666666
ENSG00000227706,0.16666666666666666,0.0,-0.16666666666666666
ENSG00000227700,0.16666666666666666,0.0,-0.16666666666666666
ENSG00000227496,0.16666666666666666,0.0,-0.16666666666666666
ENSG00000227304,0.16666666666666666,0.0,-0.16666666666666666
ENSG00000227189,0.16666666666666666,0.0,-0.16666666666666666
ENSG00000226599,0.16666666666666666,0.0,-0.16666666666666666
ENSG00000225854,0.16666666666666666,0.0,-0.16666666666666666
ENSG00000225840,0.16666666666666666,0.0,-0.16666666666666666
ENSG00000225711,0.16666666666666666,0.0,-0.16666666666666666
LIN7B,0.16666666666666666,0.0,-0.16666666666666666
ENSG00000225498,0.16666666666666666,0.0,-0.16666666666666666
ENSG00000225486,0.16666666666666666,0.0,-0.16666666666666666
TRPV4,0.16666666666666666,0.0,-0.16666666666666666
LCMT1-AS2,0.16666666666666666,0.0,-0.16666666666666666
ENSG00000228487,0.16666666666666666,0.0,-0.16666666666666666
KRT18,0.16666666666666666,0.0,-0.16666666666666666
LBX2-AS1,0.16666666666666666,0.0,-0.16666666666666666
ENSG00000230894,0.16666666666666666,0.0,-0.16666666666666666
ENSG00000230684,0.16666666666666666,0.0,-0.16666666666666666
ENSG00000230623,0.16666666666666666,0.0,-0.16666666666666666
ENSG00000230202,0.16666666666666666,0.0,-0.16666666666666666
SHQ1,0.16666666666666666,0.0,-0.16666666666666666
KYAT3,0.16666666666666666,0.0,-0.16666666666666666
ENSG00000229519,0.16666666666666666,0.0,-0.16666666666666666
ENSG00000229206,0.16666666666666666,0.0,-0.16666666666666666
SHISA2,0.16666666666666666,0.0,-0.16666666666666666
LAMB2P1,0.16666666666666666,0.0,-0.16666666666666666
LAMC1-AS1,0.16666666666666666,0.0,-0.16666666666666666
ENSG00000229065,0.16666666666666666,0.0,-0.16666666666666666
ENSG00000229052,0.16666666666666666,0.0,-0.16666666666666666
ENSG00000229019,0.16666666666666666,0.0,-0.16666666666666666
LAMTOR4,0.16666666666666666,0.0,-0.16666666666666666
ENSG00000228877,0.16666666666666666,0.0,-0.16666666666666666
ENSG00000228729,0.16666666666666666,0.0,-0.16666666666666666
ENSG00000228667,0.16666666666666666,0.0,-0.16666666666666666
ENSG00000228550,0.16666666666666666,0.0,-0.16666666666666666
KHDC1,0.16666666666666666,0.0,-0.16666666666666666
ENSG00000238260,0.16666666666666666,0.0,-0.16666666666666666
ENSG00000238273,0.16666666666666666,0.0,-0.16666666666666666
INS-IGF2,0.16666666666666666,0.0,-0.16666666666666666
ENSG00000253667,0.16666666666666666,0.0,-0.16666666666666666
SLC28A3,0.16666666666666666,0.0,-0.16666666666666666
IPO13,0.16666666666666666,0.0,-0.16666666666666666
TP53INP2,0.16666666666666666,0.0,-0.16666666666666666
ENSG00000253174,0.16666666666666666,0.0,-0.16666666666666666
ENSG00000253105,0.16666666666666666,0.0,-0.16666666666666666
IQCA1,0.16666666666666666,0.0,-0.16666666666666666
ENSG00000251455,0.16666666666666666,0.0,-0.16666666666666666
ENSG00000251417,0.16666666666666666,0.0,-0.16666666666666666
ENSG00000251330,0.16666666666666666,0.0,-0.16666666666666666
IQGAP3,0.16666666666666666,0.0,-0.16666666666666666
IQUB,0.16666666666666666,0.0,-0.16666666666666666
TPD52L2,0.16666666666666666,0.0,-0.16666666666666666
ENSG00000251143,0.16666666666666666,0.0,-0.16666666666666666
ENSG00000251139,0.16666666666666666,0.0,-0.16666666666666666
ENSG00000251023,0.16666666666666666,0.0,-0.16666666666666666
IRF5,0.16666666666666666,0.0,-0.16666666666666666
ENSG00000250685,0.16666666666666666,0.0,-0.16666666666666666
ENSG00000250614,0.16666666666666666,0.0,-0.16666666666666666
INSL3,0.16666666666666666,0.0,-0.16666666666666666
ENSG00000253811,0.16666666666666666,0.0,-0.16666666666666666
IRX4,0.16666666666666666,0.0,-0.16666666666666666
SLC2A3P1,0.16666666666666666,0.0,-0.16666666666666666
ENSG00000254915,0.16666666666666666,0.0,-0.16666666666666666
SLC35A4,0.16666666666666666,0.0,-0.16666666666666666
IL21R-AS1,0.16666666666666666,0.0,-0.16666666666666666
ENSG00000254648,0.16666666666666666,0.0,-0.16666666666666666
ENSG00000254631,0.16666666666666666,0.0,-0.16666666666666666
ENSG00000254595,0.16666666666666666,0.0,-0.16666666666666666
ENSG00000254571,0.16666666666666666,0.0,-0.16666666666666666
ENSG00000254568,0.16666666666666666,0.0,-0.16666666666666666
ENSG00000254556,0.16666666666666666,0.0,-0.16666666666666666
IL4I1,0.16666666666666666,0.0,-0.16666666666666666
ENSG00000254485,0.16666666666666666,0.0,-0.16666666666666666
ENSG00000254459,0.16666666666666666,0.0,-0.16666666666666666
ENSG00000254263,0.16666666666666666,0.0,-0.16666666666666666
IMPDH2,0.16666666666666666,0.0,-0.16666666666666666
ENSG00000254162,0.16666666666666666,0.0,-0.16666666666666666
ENSG00000253980,0.16666666666666666,0.0,-0.16666666666666666
ENSG00000253932,0.16666666666666666,0.0,-0.16666666666666666
INHBA,0.16666666666666666,0.0,-0.16666666666666666
ENSG00000253908,0.16666666666666666,0.0,-0.16666666666666666
ENSG00000250592,0.16666666666666666,0.0,-0.16666666666666666
ENSG00000250274,0.16666666666666666,0.0,-0.16666666666666666
ENSG00000239415,0.16666666666666666,0.0,-0.16666666666666666
ENSG00000243230,0.16666666666666666,0.0,-0.16666666666666666
KBTBD6,0.16666666666666666,0.0,-0.16666666666666666
ENSG00000243004,0.16666666666666666,0.0,-0.16666666666666666
KCMF1,0.16666666666666666,0.0,-0.16666666666666666
KCNAB3,0.16666666666666666,0.0,-0.16666666666666666
KCNIP4,0.16666666666666666,0.0,-0.16666666666666666
KCNK13,0.16666666666666666,0.0,-0.16666666666666666
KCNK15,0.16666666666666666,0.0,-0.16666666666666666
ENSG00000242073,0.16666666666666666,0.0,-0.16666666666666666
ENSG00000241720,0.16666666666666666,0.0,-0.16666666666666666
ENSG00000241525,0.16666666666666666,0.0,-0.16666666666666666
ENSG00000241411,0.16666666666666666,0.0,-0.16666666666666666
KCTD1,0.16666666666666666,0.0,-0.16666666666666666
TRAPPC11,0.16666666666666666,0.0,-0.16666666666666666
ENSG00000240731,0.16666666666666666,0.0,-0.16666666666666666
KCTD6,0.16666666666666666,0.0,-0.16666666666666666
ENSG00000240527,0.16666666666666666,0.0,-0.16666666666666666
ENSG00000240497,0.16666666666666666,0.0,-0.16666666666666666
SLC15A1,0.16666666666666666,0.0,-0.16666666666666666
KDM5C,0.16666666666666666,0.0,-0.16666666666666666
ENSG00000243107,0.16666666666666666,0.0,-0.16666666666666666
ENSG00000243305,0.16666666666666666,0.0,-0.16666666666666666
ENSG00000250240,0.16666666666666666,0.0,-0.16666666666666666
KATNB1,0.16666666666666666,0.0,-0.16666666666666666
ENSG00000250189,0.16666666666666666,0.0,-0.16666666666666666
ENSG00000249772,0.16666666666666666,0.0,-0.16666666666666666
ENSG00000249691,0.16666666666666666,0.0,-0.16666666666666666
ENSG00000249655,0.16666666666666666,0.0,-0.16666666666666666
ENSG00000249049,0.16666666666666666,0.0,-0.16666666666666666
ENSG00000248896,0.16666666666666666,0.0,-0.16666666666666666
ENSG00000248803,0.16666666666666666,0.0,-0.16666666666666666
ENSG00000248491,0.16666666666666666,0.0,-0.16666666666666666
SLC23A3,0.16666666666666666,0.0,-0.16666666666666666
ENSG00000247324,0.16666666666666666,0.0,-0.16666666666666666
ENSG00000246596,0.16666666666666666,0.0,-0.16666666666666666
JKAMP,0.16666666666666666,0.0,-0.16666666666666666
JMJD1C-AS1,0.16666666666666666,0.0,-0.16666666666666666
JMJD6,0.16666666666666666,0.0,-0.16666666666666666
JMJD7,0.16666666666666666,0.0,-0.16666666666666666
JMJD7-PLA2G4B,0.16666666666666666,0.0,-0.16666666666666666
JUNB,0.16666666666666666,0.0,-0.16666666666666666
ENSG00000244266,0.16666666666666666,0.0,-0.16666666666666666
ENSG00000244245,0.16666666666666666,0.0,-0.16666666666666666
GPR199P,0.16666666666666666,0.0,-0.16666666666666666
ENSG00000269066,0.16666666666666666,0.0,-0.16666666666666666
ENSG00000225243,0.16666666666666666,0.0,-0.16666666666666666
ENSG00000285257,0.16666666666666666,0.0,-0.16666666666666666
ENSG00000285621,0.16666666666666666,0.0,-0.16666666666666666
EPS15L1,0.16666666666666666,0.0,-0.16666666666666666
ENSG00000285595,0.16666666666666666,0.0,-0.16666666666666666
ENSG00000285583,0.16666666666666666,0.0,-0.16666666666666666
ENSG00000285570,0.16666666666666666,0.0,-0.16666666666666666
ENSG00000285330,0.16666666666666666,0.0,-0.16666666666666666
ENSG00000285329,0.16666666666666666,0.0,-0.16666666666666666
ENSG00000285283,0.16666666666666666,0.0,-0.16666666666666666
ERI2,0.16666666666666666,0.0,-0.16666666666666666
TERF1P7,0.16666666666666666,0.0,-0.16666666666666666
ENSG00000286423,0.16666666666666666,0.0,-0.16666666666666666
TERLR1,0.16666666666666666,0.0,-0.16666666666666666
ERP27,0.16666666666666666,0.0,-0.16666666666666666
SUGT1P2,0.16666666666666666,0.0,-0.16666666666666666
ENSG00000285155,0.16666666666666666,0.0,-0.16666666666666666
ENSG00000285090,0.16666666666666666,0.0,-0.16666666666666666
ENSG00000284882,0.16666666666666666,0.0,-0.16666666666666666
ENSG00000284874,0.16666666666666666,0.0,-0.16666666666666666
STXBP5-AS1,0.16666666666666666,0.0,-0.16666666666666666
EVI2A,0.16666666666666666,0.0,-0.16666666666666666
TENM4,0.16666666666666666,0.0,-0.16666666666666666
ENSG00000285734,0.16666666666666666,0.0,-0.16666666666666666
ENSG00000285744,0.16666666666666666,0.0,-0.16666666666666666
SUSD2,0.16666666666666666,0.0,-0.16666666666666666
ENSG00000290999,0.16666666666666666,0.0,-0.16666666666666666
ENSG00000291075,0.16666666666666666,0.0,-0.16666666666666666
ENSG00000286264,0.16666666666666666,0.0,-0.16666666666666666
ENSG00000291099,0.16666666666666666,0.0,-0.16666666666666666
ENSG00000291101,0.16666666666666666,0.0,-0.16666666666666666
ENSG00000291121,0.16666666666666666,0.0,-0.16666666666666666
ENSG00000286181,0.16666666666666666,0.0,-0.16666666666666666
ENSG00000291168,0.16666666666666666,0.0,-0.16666666666666666
ENSG00000286015,0.16666666666666666,0.0,-0.16666666666666666
ENSG00000291230,0.16666666666666666,0.0,-0.16666666666666666
ENSG00000285968,0.16666666666666666,0.0,-0.16666666666666666
ENSG00000285884,0.16666666666666666,0.0,-0.16666666666666666
ENSG00000285881,0.16666666666666666,0.0,-0.16666666666666666
ENSG00000285878,0.16666666666666666,0.0,-0.16666666666666666
EOGT-DT,0.16666666666666666,0.0,-0.16666666666666666
ENSG00000285801,0.16666666666666666,0.0,-0.16666666666666666
TELO2,0.16666666666666666,0.0,-0.16666666666666666
ENSG00000285791,0.16666666666666666,0.0,-0.16666666666666666
EPB41L5,0.16666666666666666,0.0,-0.16666666666666666
TESMIN,0.16666666666666666,0.0,-0.16666666666666666
ENSG00000284657,0.16666666666666666,0.0,-0.16666666666666666
EXTL3,0.16666666666666666,0.0,-0.16666666666666666
FAM161B,0.16666666666666666,0.0,-0.16666666666666666
FAM162B,0.16666666666666666,0.0,-0.16666666666666666
ENSG00000280334,0.16666666666666666,0.0,-0.16666666666666666
ENSG00000280291,0.16666666666666666,0.0,-0.16666666666666666
TFE3,0.16666666666666666,0.0,-0.16666666666666666
STK3,0.16666666666666666,0.0,-0.16666666666666666
FAM177B,0.16666666666666666,0.0,-0.16666666666666666
ENSG00000280269,0.16666666666666666,0.0,-0.16666666666666666
ENSG00000280255,0.16666666666666666,0.0,-0.16666666666666666
FAM185BP,0.16666666666666666,0.0,-0.16666666666666666
ENSG00000280216,0.16666666666666666,0.0,-0.16666666666666666
ENSG00000280214,0.16666666666666666,0.0,-0.16666666666666666
ENSG00000280211,0.16666666666666666,0.0,-0.16666666666666666
FAM228A,0.16666666666666666,0.0,-0.16666666666666666
ENSG00000280166,0.16666666666666666,0.0,-0.16666666666666666
FAM32A,0.16666666666666666,0.0,-0.16666666666666666
ENSG00000280129,0.16666666666666666,0.0,-0.16666666666666666
ENSG00000280117,0.16666666666666666,0.0,-0.16666666666666666
ENSG00000280110,0.16666666666666666,0.0,-0.16666666666666666
TGFA,0.16666666666666666,0.0,-0.16666666666666666
STK33,0.16666666666666666,0.0,-0.16666666666666666
FAM151A,0.16666666666666666,0.0,-0.16666666666666666
EXTL3-AS1,0.16666666666666666,0.0,-0.16666666666666666
ENSG00000280388,0.16666666666666666,0.0,-0.16666666666666666
TEX21P,0.16666666666666666,0.0,-0.16666666666666666
ENSG00000283549,0.16666666666666666,0.0,-0.16666666666666666
EYA4,0.16666666666666666,0.0,-0.16666666666666666
ENSG00000283480,0.16666666666666666,0.0,-0.16666666666666666
F10,0.16666666666666666,0.0,-0.16666666666666666
STS,0.16666666666666666,0.0,-0.16666666666666666
FAAH2,0.16666666666666666,0.0,-0.16666666666666666
FABP5,0.16666666666666666,0.0,-0.16666666666666666
STPG4,0.16666666666666666,0.0,-0.16666666666666666
ENSG00000282917,0.16666666666666666,0.0,-0.16666666666666666
ENSG00000282890,0.16666666666666666,0.0,-0.16666666666666666
ENSG00000282849,0.16666666666666666,0.0,-0.16666666666666666
STOML2,0.16666666666666666,0.0,-0.16666666666666666
FAM104B,0.16666666666666666,0.0,-0.16666666666666666
FAM114A2,0.16666666666666666,0.0,-0.16666666666666666
FAM120A,0.16666666666666666,0.0,-0.16666666666666666
STMN1P1,0.16666666666666666,0.0,-0.16666666666666666
ENSG00000280404,0.16666666666666666,0.0,-0.16666666666666666
ENSG00000280392,0.16666666666666666,0.0,-0.16666666666666666
SYT15-AS1,0.16666666666666666,0.0,-0.16666666666666666
SYT2,0.16666666666666666,0.0,-0.16666666666666666
GPR137C,0.16666666666666666,0.0,-0.16666666666666666
ENSG00000287840,0.16666666666666666,0.0,-0.16666666666666666
ENSG00000288156,0.16666666666666666,0.0,-0.16666666666666666
TBC1D24,0.16666666666666666,0.0,-0.16666666666666666
ENSG00000288050,0.16666666666666666,0.0,-0.16666666666666666
ENSG00000288048,0.16666666666666666,0.0,-0.16666666666666666
ENSG00000289280,0.16666666666666666,0.0,-0.16666666666666666
ENSG00000289288,0.16666666666666666,0.0,-0.16666666666666666
TAGLN2,0.16666666666666666,0.0,-0.16666666666666666
ENSG00000289306,0.16666666666666666,0.0,-0.16666666666666666
ENSG00000287936,0.16666666666666666,0.0,-0.16666666666666666
ENSG00000289371,0.16666666666666666,0.0,-0.16666666666666666
ENSG00000286442,0.16666666666666666,0.0,-0.16666666666666666
ENSG00000289409,0.16666666666666666,0.0,-0.16666666666666666
ENSG00000289433,0.16666666666666666,0.0,-0.16666666666666666
ENSG00000289437,0.16666666666666666,0.0,-0.16666666666666666
ENSG00000287714,0.16666666666666666,0.0,-0.16666666666666666
ENSG00000289463,0.16666666666666666,0.0,-0.16666666666666666
TBCEL-TECTA,0.16666666666666666,0.0,-0.16666666666666666
ENSG00000289488,0.16666666666666666,0.0,-0.16666666666666666
ENSG00000287590,0.16666666666666666,0.0,-0.16666666666666666
ENSG00000287574,0.16666666666666666,0.0,-0.16666666666666666
ENSG00000288271,0.16666666666666666,0.0,-0.16666666666666666
ENSG00000288555,0.16666666666666666,0.0,-0.16666666666666666
ENSG00000289160,0.16666666666666666,0.0,-0.16666666666666666
ENSG00000289159,0.16666666666666666,0.0,-0.16666666666666666
ENSG00000288881,0.16666666666666666,0.0,-0.16666666666666666
ENSG00000288877,0.16666666666666666,0.0,-0.16666666666666666
ENSG00000288871,0.16666666666666666,0.0,-0.16666666666666666
ENSG00000288966,0.16666666666666666,0.0,-0.16666666666666666
ENSG00000288971,0.16666666666666666,0.0,-0.16666666666666666
ENSG00000288975,0.16666666666666666,0.0,-0.16666666666666666
ENSG00000288793,0.16666666666666666,0.0,-0.16666666666666666
ENSG00000288994,0.16666666666666666,0.0,-0.16666666666666666
TASL,0.16666666666666666,0.0,-0.16666666666666666
ENSG00000289019,0.16666666666666666,0.0,-0.16666666666666666
ENSG00000288770,0.16666666666666666,0.0,-0.16666666666666666
ENSG00000289028,0.16666666666666666,0.0,-0.16666666666666666
TAS2R4,0.16666666666666666,0.0,-0.16666666666666666
ENSG00000288721,0.16666666666666666,0.0,-0.16666666666666666
ENSG00000288707,0.16666666666666666,0.0,-0.16666666666666666
ENSG00000288658,0.16666666666666666,0.0,-0.16666666666666666
ENSG00000289119,0.16666666666666666,0.0,-0.16666666666666666
ENSG00000288591,0.16666666666666666,0.0,-0.16666666666666666
ENSG00000289142,0.16666666666666666,0.0,-0.16666666666666666
ENSG00000289550,0.16666666666666666,0.0,-0.16666666666666666
ENSG00000289558,0.16666666666666666,0.0,-0.16666666666666666
ENSG00000289560,0.16666666666666666,0.0,-0.16666666666666666
ENSG00000290043,0.16666666666666666,0.0,-0.16666666666666666
ENSG00000290059,0.16666666666666666,0.0,-0.16666666666666666
ENSG00000290093,0.16666666666666666,0.0,-0.16666666666666666
ENSG00000286760,0.16666666666666666,0.0,-0.16666666666666666
ENSG00000290315,0.16666666666666666,0.0,-0.16666666666666666
ENSG00000290441,0.16666666666666666,0.0,-0.16666666666666666
ENSG00000286724,0.16666666666666666,0.0,-0.16666666666666666
ENSG00000286670,0.16666666666666666,0.0,-0.16666666666666666
ENSG00000286656,0.16666666666666666,0.0,-0.16666666666666666
ENSG00000290588,0.16666666666666666,0.0,-0.16666666666666666
ENSG00000290597,0.16666666666666666,0.0,-0.16666666666666666
ENSG00000286627,0.16666666666666666,0.0,-0.16666666666666666
ENSG00000286626,0.16666666666666666,0.0,-0.16666666666666666
ENSG00000290674,0.16666666666666666,0.0,-0.16666666666666666
ENSG00000290735,0.16666666666666666,0.0,-0.16666666666666666
ENSG00000290769,0.16666666666666666,0.0,-0.16666666666666666
ENSG00000286504,0.16666666666666666,0.0,-0.16666666666666666
ENSG00000290796,0.16666666666666666,0.0,-0.16666666666666666
ENSG00000286497,0.16666666666666666,0.0,-0.16666666666666666
ENSG00000290913,0.16666666666666666,0.0,-0.16666666666666666
TCEA1,0.16666666666666666,0.0,-0.16666666666666666
ENSG00000286874,0.16666666666666666,0.0,-0.16666666666666666
ENSG00000289563,0.16666666666666666,0.0,-0.16666666666666666
ENSG00000290012,0.16666666666666666,0.0,-0.16666666666666666
ENSG00000287489,0.16666666666666666,0.0,-0.16666666666666666
ENSG00000287470,0.16666666666666666,0.0,-0.16666666666666666
ENSG00000287456,0.16666666666666666,0.0,-0.16666666666666666
ENSG00000287419,0.16666666666666666,0.0,-0.16666666666666666
ENSG00000287403,0.16666666666666666,0.0,-0.16666666666666666
ENSG00000289698,0.16666666666666666,0.0,-0.16666666666666666
ENSG00000289704,0.16666666666666666,0.0,-0.16666666666666666
TADA3,0.16666666666666666,0.0,-0.16666666666666666
ENSG00000287338,0.16666666666666666,0.0,-0.16666666666666666
ENSG00000287303,0.16666666666666666,0.0,-0.16666666666666666
ENSG00000287299,0.16666666666666666,0.0,-0.16666666666666666
ENSG00000289884,0.16666666666666666,0.0,-0.16666666666666666
TBX18-AS1,0.16666666666666666,0.0,-0.16666666666666666
ENSG00000287096,0.16666666666666666,0.0,-0.16666666666666666
ENSG00000289924,0.16666666666666666,0.0,-0.16666666666666666
ENSG00000287044,0.16666666666666666,0.0,-0.16666666666666666
ENSG00000286977,0.16666666666666666,0.0,-0.16666666666666666
ENSG00000286951,0.16666666666666666,0.0,-0.16666666666666666
ENSG00000289996,0.16666666666666666,0.0,-0.16666666666666666
ENSG00000280054,0.16666666666666666,0.0,-0.16666666666666666
FAM78B,0.16666666666666666,0.0,-0.16666666666666666
ENSG00000280025,0.16666666666666666,0.0,-0.16666666666666666
ENSG00000272406,0.16666666666666666,0.0,-0.16666666666666666
ENSG00000272831,0.16666666666666666,0.0,-0.16666666666666666
ENSG00000272788,0.16666666666666666,0.0,-0.16666666666666666
GCNT7,0.16666666666666666,0.0,-0.16666666666666666
ENSG00000272754,0.16666666666666666,0.0,-0.16666666666666666
ENSG00000272720,0.16666666666666666,0.0,-0.16666666666666666
ENSG00000272689,0.16666666666666666,0.0,-0.16666666666666666
GDF5-AS1,0.16666666666666666,0.0,-0.16666666666666666
ENSG00000272558,0.16666666666666666,0.0,-0.16666666666666666
ENSG00000272434,0.16666666666666666,0.0,-0.16666666666666666
GGN,0.16666666666666666,0.0,-0.16666666666666666
ENSG00000279989,0.16666666666666666,0.0,-0.16666666666666666
ENSG00000272382,0.16666666666666666,0.0,-0.16666666666666666
ENSG00000272374,0.16666666666666666,0.0,-0.16666666666666666
GHRHR,0.16666666666666666,0.0,-0.16666666666666666
ENSG00000272345,0.16666666666666666,0.0,-0.16666666666666666
SPANXA2-OT1,0.16666666666666666,0.0,-0.16666666666666666
GINS1,0.16666666666666666,0.0,-0.16666666666666666
ENSG00000272219,0.16666666666666666,0.0,-0.16666666666666666
SPACA9,0.16666666666666666,0.0,-0.16666666666666666
SPAAR,0.16666666666666666,0.0,-0.16666666666666666
SPDYE18,0.16666666666666666,0.0,-0.16666666666666666
SPDYE3,0.16666666666666666,0.0,-0.16666666666666666
ENSG00000272854,0.16666666666666666,0.0,-0.16666666666666666
ENSG00000272905,0.16666666666666666,0.0,-0.16666666666666666
ENSG00000273791,0.16666666666666666,0.0,-0.16666666666666666
GABRP,0.16666666666666666,0.0,-0.16666666666666666
GADD45A,0.16666666666666666,0.0,-0.16666666666666666
ENSG00000273771,0.16666666666666666,0.0,-0.16666666666666666
ENSG00000273584,0.16666666666666666,0.0,-0.16666666666666666
ENSG00000273474,0.16666666666666666,0.0,-0.16666666666666666
ENSG00000273449,0.16666666666666666,0.0,-0.16666666666666666
ENSG00000273447,0.16666666666666666,0.0,-0.16666666666666666
ENSG00000273233,0.16666666666666666,0.0,-0.16666666666666666
GAPDHP59,0.16666666666666666,0.0,-0.16666666666666666
ENSG00000273230,0.16666666666666666,0.0,-0.16666666666666666
ENSG00000273179,0.16666666666666666,0.0,-0.16666666666666666
SPIN2A,0.16666666666666666,0.0,-0.16666666666666666
ENSG00000273066,0.16666666666666666,0.0,-0.16666666666666666
ENSG00000273049,0.16666666666666666,0.0,-0.16666666666666666
ENSG00000273046,0.16666666666666666,0.0,-0.16666666666666666
ENSG00000273014,0.16666666666666666,0.0,-0.16666666666666666
ENSG00000272979,0.16666666666666666,0.0,-0.16666666666666666
ENSG00000272912,0.16666666666666666,0.0,-0.16666666666666666
ENSG00000272144,0.16666666666666666,0.0,-0.16666666666666666
ENSG00000272129,0.16666666666666666,0.0,-0.16666666666666666
GLCE,0.16666666666666666,0.0,-0.16666666666666666
ENSG00000270739,0.16666666666666666,0.0,-0.16666666666666666
ENSG00000270175,0.16666666666666666,0.0,-0.16666666666666666
ENSG00000270116,0.16666666666666666,0.0,-0.16666666666666666
GOLGA6L10,0.16666666666666666,0.0,-0.16666666666666666
GOLGA8H,0.16666666666666666,0.0,-0.16666666666666666
ENSG00000270059,0.16666666666666666,0.0,-0.16666666666666666
ENSG00000269997,0.16666666666666666,0.0,-0.16666666666666666
SNX6P1,0.16666666666666666,0.0,-0.16666666666666666
ENSG00000269950,0.16666666666666666,0.0,-0.16666666666666666
ENSG00000269940,0.16666666666666666,0.0,-0.16666666666666666
ENSG00000269910,0.16666666666666666,0.0,-0.16666666666666666
ENSG00000269867,0.16666666666666666,0.0,-0.16666666666666666
TMEM200B,0.16666666666666666,0.0,-0.16666666666666666
ENSG00000269813,0.16666666666666666,0.0,-0.16666666666666666
ENSG00000269755,0.16666666666666666,0.0,-0.16666666666666666
ENSG00000269737,0.16666666666666666,0.0,-0.16666666666666666
ENSG00000269590,0.16666666666666666,0.0,-0.16666666666666666
ENSG00000269578,0.16666666666666666,0.0,-0.16666666666666666
SNW1,0.16666666666666666,0.0,-0.16666666666666666
GPR135,0.16666666666666666,0.0,-0.16666666666666666
ENSG00000270477,0.16666666666666666,0.0,-0.16666666666666666
GNB1L,0.16666666666666666,0.0,-0.16666666666666666
ENSG00000272106,0.16666666666666666,0.0,-0.16666666666666666
ENSG00000271283,0.16666666666666666,0.0,-0.16666666666666666
SOX9-AS1,0.16666666666666666,0.0,-0.16666666666666666
ENSG00000272100,0.16666666666666666,0.0,-0.16666666666666666
GLIPR2,0.16666666666666666,0.0,-0.16666666666666666
GLIS1,0.16666666666666666,0.0,-0.16666666666666666
ENSG00000272092,0.16666666666666666,0.0,-0.16666666666666666
GLMN,0.16666666666666666,0.0,-0.16666666666666666
SOX21-AS1,0.16666666666666666,0.0,-0.16666666666666666
SOX18,0.16666666666666666,0.0,-0.16666666666666666
TMEM14B,0.16666666666666666,0.0,-0.16666666666666666
ENSG00000271857,0.16666666666666666,0.0,-0.16666666666666666
ENSG00000271851,0.16666666666666666,0.0,-0.16666666666666666
ENSG00000271828,0.16666666666666666,0.0,-0.16666666666666666
ENSG00000271811,0.16666666666666666,0.0,-0.16666666666666666
ENSG00000271797,0.16666666666666666,0.0,-0.16666666666666666
ENSG00000271789,0.16666666666666666,0.0,-0.16666666666666666
ENSG00000271788,0.16666666666666666,0.0,-0.16666666666666666
ENSG00000271725,0.16666666666666666,0.0,-0.16666666666666666
ENSG00000271670,0.16666666666666666,0.0,-0.16666666666666666
TMEM167B-DT,0.16666666666666666,0.0,-0.16666666666666666
GABARAPL2,0.16666666666666666,0.0,-0.16666666666666666
ENSG00000273980,0.16666666666666666,0.0,-0.16666666666666666
ENSG00000274184,0.16666666666666666,0.0,-0.16666666666666666
THRAP3P3,0.16666666666666666,0.0,-0.16666666666666666
FBXO48,0.16666666666666666,0.0,-0.16666666666666666
FBXO5,0.16666666666666666,0.0,-0.16666666666666666
ENSG00000279337,0.16666666666666666,0.0,-0.16666666666666666
ENSG00000279332,0.16666666666666666,0.0,-0.16666666666666666
ENSG00000279330,0.16666666666666666,0.0,-0.16666666666666666
ENSG00000279319,0.16666666666666666,0.0,-0.16666666666666666
FCHO1,0.16666666666666666,0.0,-0.16666666666666666
ENSG00000279299,0.16666666666666666,0.0,-0.16666666666666666
TICRR,0.16666666666666666,0.0,-0.16666666666666666
ENSG00000279275,0.16666666666666666,0.0,-0.16666666666666666
ENSG00000279204,0.16666666666666666,0.0,-0.16666666666666666
TIGD2,0.16666666666666666,0.0,-0.16666666666666666
ENSG00000279103,0.16666666666666666,0.0,-0.16666666666666666
TIMM17B,0.16666666666666666,0.0,-0.16666666666666666
ENSG00000279040,0.16666666666666666,0.0,-0.16666666666666666
ENSG00000279033,0.16666666666666666,0.0,-0.16666666666666666
FH,0.16666666666666666,0.0,-0.16666666666666666
SRRM3,0.16666666666666666,0.0,-0.16666666666666666
FIGN,0.16666666666666666,0.0,-0.16666666666666666
ENSG00000279412,0.16666666666666666,0.0,-0.16666666666666666
ENSG00000279488,0.16666666666666666,0.0,-0.16666666666666666
TIMM8B,0.16666666666666666,0.0,-0.16666666666666666
ENSG00000279499,0.16666666666666666,0.0,-0.16666666666666666
ENSG00000279985,0.16666666666666666,0.0,-0.16666666666666666
ENSG00000279977,0.16666666666666666,0.0,-0.16666666666666666
ENSG00000279960,0.16666666666666666,0.0,-0.16666666666666666
ENSG00000279900,0.16666666666666666,0.0,-0.16666666666666666
ENSG00000279809,0.16666666666666666,0.0,-0.16666666666666666
ENSG00000279791,0.16666666666666666,0.0,-0.16666666666666666
ENSG00000279752,0.16666666666666666,0.0,-0.16666666666666666
FANK1,0.16666666666666666,0.0,-0.16666666666666666
STAM-DT,0.16666666666666666,0.0,-0.16666666666666666
FARS2,0.16666666666666666,0.0,-0.16666666666666666
ENSG00000279722,0.16666666666666666,0.0,-0.16666666666666666
ENSG00000279670,0.16666666666666666,0.0,-0.16666666666666666
FAXDC2,0.16666666666666666,0.0,-0.16666666666666666
ENSG00000279658,0.16666666666666666,0.0,-0.16666666666666666
FBN2,0.16666666666666666,0.0,-0.16666666666666666
FBRSL1,0.16666666666666666,0.0,-0.16666666666666666
ENSG00000279589,0.16666666666666666,0.0,-0.16666666666666666
ST3GAL1-DT,0.16666666666666666,0.0,-0.16666666666666666
ENSG00000279519,0.16666666666666666,0.0,-0.16666666666666666
ENSG00000278920,0.16666666666666666,0.0,-0.16666666666666666
ENSG00000278896,0.16666666666666666,0.0,-0.16666666666666666
ENSG00000274292,0.16666666666666666,0.0,-0.16666666666666666
FOXL1,0.16666666666666666,0.0,-0.16666666666666666
FOXS1,0.16666666666666666,0.0,-0.16666666666666666
ENSG00000276259,0.16666666666666666,0.0,-0.16666666666666666
TLR10,0.16666666666666666,0.0,-0.16666666666666666
ENSG00000275956,0.16666666666666666,0.0,-0.16666666666666666
FRY-AS1,0.16666666666666666,0.0,-0.16666666666666666
ENSG00000275632,0.16666666666666666,0.0,-0.16666666666666666
ENSG00000275580,0.16666666666666666,0.0,-0.16666666666666666
TM4SF19-AS1,0.16666666666666666,0.0,-0.16666666666666666
FTH1P12,0.16666666666666666,0.0,-0.16666666666666666
ENSG00000275180,0.16666666666666666,0.0,-0.16666666666666666
ENSG00000275139,0.16666666666666666,0.0,-0.16666666666666666
FTLP14,0.16666666666666666,0.0,-0.16666666666666666
ENSG00000275092,0.16666666666666666,0.0,-0.16666666666666666
ENSG00000274817,0.16666666666666666,0.0,-0.16666666666666666
ENSG00000274654,0.16666666666666666,0.0,-0.16666666666666666
ENSG00000274471,0.16666666666666666,0.0,-0.16666666666666666
ENSG00000274460,0.16666666666666666,0.0,-0.16666666666666666
SPRR3,0.16666666666666666,0.0,-0.16666666666666666
ENSG00000274340,0.16666666666666666,0.0,-0.16666666666666666
FOXP1-AS1,0.16666666666666666,0.0,-0.16666666666666666
ENSG00000276698,0.16666666666666666,0.0,-0.16666666666666666
FKBP3,0.16666666666666666,0.0,-0.16666666666666666
ENSG00000276809,0.16666666666666666,0.0,-0.16666666666666666
FLACC1,0.16666666666666666,0.0,-0.16666666666666666
FLAD1,0.16666666666666666,0.0,-0.16666666666666666
TINAGL1,0.16666666666666666,0.0,-0.16666666666666666
FLJ20021,0.16666666666666666,0.0,-0.16666666666666666
ENSG00000278351,0.16666666666666666,0.0,-0.16666666666666666
ENSG00000278202,0.16666666666666666,0.0,-0.16666666666666666
ENSG00000278107,0.16666666666666666,0.0,-0.16666666666666666
TJAP1,0.16666666666666666,0.0,-0.16666666666666666
ENSG00000277938,0.16666666666666666,0.0,-0.16666666666666666
ENSG00000277840,0.16666666666666666,0.0,-0.16666666666666666
ENSG00000277806,0.16666666666666666,0.0,-0.16666666666666666
ENSG00000277621,0.16666666666666666,0.0,-0.16666666666666666
SRGAP2B,0.16666666666666666,0.0,-0.16666666666666666
SRFBP1,0.16666666666666666,0.0,-0.16666666666666666
FOLH1,0.16666666666666666,0.0,-0.16666666666666666
ENSG00000277342,0.16666666666666666,0.0,-0.16666666666666666
TK1,0.16666666666666666,0.0,-0.16666666666666666
FOXC2,0.16666666666666666,0.0,-0.16666666666666666
FOXF2,0.16666666666666666,0.0,-0.16666666666666666
LINC00304,0.16666666666666666,0.0,-0.16666666666666666
ENSG00000258490,0.16666666666666666,0.0,-0.16666666666666666
UBXN10,0.16666666666666666,0.0,-0.16666666666666666
LINC03048,0.16666666666666666,0.0,-0.16666666666666666
MIGA1,0.16666666666666666,0.0,-0.16666666666666666
DAPK1-IT1,0.16666666666666666,0.0,-0.16666666666666666
ENSG00000203635,0.16666666666666666,0.0,-0.16666666666666666
ENSG00000204894,0.16666666666666666,0.0,-0.16666666666666666
MIR1285-1,0.16666666666666666,0.0,-0.16666666666666666
ENSG00000205537,0.16666666666666666,0.0,-0.16666666666666666
ULBP2,0.16666666666666666,0.0,-0.16666666666666666
LINC03041,0.16666666666666666,0.0,-0.16666666666666666
CYTL1,0.16666666666666666,0.0,-0.16666666666666666
LINC01635,0.16666666666666666,0.0,-0.16666666666666666
LINC01605,0.16666666666666666,0.0,-0.16666666666666666
LINC01583,0.16666666666666666,0.0,-0.16666666666666666
ENSG00000207751,0.16666666666666666,0.0,-0.16666666666666666
LYRM9,0.16666666666666666,0.0,-0.16666666666666666
DUS3L,0.16666666666666666,0.0,-0.16666666666666666
ENSG00000212338,0.16666666666666666,0.0,-0.16666666666666666
DUSP23,0.16666666666666666,0.0,-0.16666666666666666
DUSP3,0.16666666666666666,0.0,-0.16666666666666666
DBNDD2,0.16666666666666666,0.0,-0.16666666666666666
DCAF15,0.16666666666666666,0.0,-0.16666666666666666
ENSG00000212461,0.16666666666666666,0.0,-0.16666666666666666
LINC01711,0.16666666666666666,0.0,-0.16666666666666666
ENSG00000176868,0.16666666666666666,0.0,-0.16666666666666666
MFFP1,0.16666666666666666,0.0,-0.16666666666666666
DDX12P,0.16666666666666666,0.0,-0.16666666666666666
SALL4,0.16666666666666666,0.0,-0.16666666666666666
MAGI1-AS1,0.16666666666666666,0.0,-0.16666666666666666
DDX10P1,0.16666666666666666,0.0,-0.16666666666666666
UFL1,0.16666666666666666,0.0,-0.16666666666666666
MFSD9,0.16666666666666666,0.0,-0.16666666666666666
TYSND1,0.16666666666666666,0.0,-0.16666666666666666
DTX2,0.16666666666666666,0.0,-0.16666666666666666
TSPYL6,0.16666666666666666,0.0,-0.16666666666666666
LZTS1-AS1,0.16666666666666666,0.0,-0.16666666666666666
LINC03025,0.16666666666666666,0.0,-0.16666666666666666
S100Z,0.16666666666666666,0.0,-0.16666666666666666
LINC01664,0.16666666666666666,0.0,-0.16666666666666666
DCHS1,0.16666666666666666,0.0,-0.16666666666666666
DCAF5,0.16666666666666666,0.0,-0.16666666666666666
ENSG00000203327,0.16666666666666666,0.0,-0.16666666666666666
EIF4BP6,0.16666666666666666,0.0,-0.16666666666666666
RYKP1,0.16666666666666666,0.0,-0.16666666666666666
MIR920,0.16666666666666666,0.0,-0.16666666666666666
MIR548AT,0.16666666666666666,0.0,-0.16666666666666666
ENSG00000215014,0.16666666666666666,0.0,-0.16666666666666666
DYNLRB2,0.16666666666666666,0.0,-0.16666666666666666
LSM1P1,0.16666666666666666,0.0,-0.16666666666666666
TWNK,0.16666666666666666,0.0,-0.16666666666666666
SELENOW,0.16666666666666666,0.0,-0.16666666666666666
LINC01270,0.16666666666666666,0.0,-0.16666666666666666
E2F8,0.16666666666666666,0.0,-0.16666666666666666
MIR548AA2,0.16666666666666666,0.0,-0.16666666666666666
MIR548D2,0.16666666666666666,0.0,-0.16666666666666666
TSPAN33,0.16666666666666666,0.0,-0.16666666666666666
TWIST1,0.16666666666666666,0.0,-0.16666666666666666
ENSG00000215840,0.16666666666666666,0.0,-0.16666666666666666
LINC01232,0.16666666666666666,0.0,-0.16666666666666666
ENSG00000216548,0.16666666666666666,0.0,-0.16666666666666666
UNC5C-AS1,0.16666666666666666,0.0,-0.16666666666666666
CYB561D1,0.16666666666666666,0.0,-0.16666666666666666
ENSG00000216718,0.16666666666666666,0.0,-0.16666666666666666
MIR7844,0.16666666666666666,0.0,-0.16666666666666666
MIR4733HG,0.16666666666666666,0.0,-0.16666666666666666
EIF3EP1,0.16666666666666666,0.0,-0.16666666666666666
DUXAP7,0.16666666666666666,0.0,-0.16666666666666666
MIR3677HG,0.16666666666666666,0.0,-0.16666666666666666
LINC01482,0.16666666666666666,0.0,-0.16666666666666666
LURAP1,0.16666666666666666,0.0,-0.16666666666666666
LINC01476,0.16666666666666666,0.0,-0.16666666666666666
MIR3147HG,0.16666666666666666,0.0,-0.16666666666666666
DYNC1I2P1,0.16666666666666666,0.0,-0.16666666666666666
SERPINI1,0.16666666666666666,0.0,-0.16666666666666666
EIF4A1P4,0.16666666666666666,0.0,-0.16666666666666666
MIR3652,0.16666666666666666,0.0,-0.16666666666666666
TSPAN9-IT1,0.16666666666666666,0.0,-0.16666666666666666
TSPAN6,0.16666666666666666,0.0,-0.16666666666666666
EIF3K,0.16666666666666666,0.0,-0.16666666666666666
LINC01433,0.16666666666666666,0.0,-0.16666666666666666
SDHAF2,0.16666666666666666,0.0,-0.16666666666666666
LIX1L,0.16666666666666666,0.0,-0.16666666666666666
TSPAN7,0.16666666666666666,0.0,-0.16666666666666666
MIR3936,0.16666666666666666,0.0,-0.16666666666666666
MIR4512,0.16666666666666666,0.0,-0.16666666666666666
DYNLL1,0.16666666666666666,0.0,-0.16666666666666666
DPRXP3,0.16666666666666666,0.0,-0.16666666666666666
DDX41,0.16666666666666666,0.0,-0.16666666666666666
ENSG00000173867,0.16666666666666666,0.0,-0.16666666666666666
EML5,0.16666666666666666,0.0,-0.16666666666666666
DNAJC19P8,0.16666666666666666,0.0,-0.16666666666666666
MCUB,0.16666666666666666,0.0,-0.16666666666666666
LINC02454,0.16666666666666666,0.0,-0.16666666666666666
TTC3P1,0.16666666666666666,0.0,-0.16666666666666666
EMILIN1,0.16666666666666666,0.0,-0.16666666666666666
LINC02397,0.16666666666666666,0.0,-0.16666666666666666
LINC02832,0.16666666666666666,0.0,-0.16666666666666666
MDH1B,0.16666666666666666,0.0,-0.16666666666666666
LINC02345,0.16666666666666666,0.0,-0.16666666666666666
SCN1A-AS1,0.16666666666666666,0.0,-0.16666666666666666
LINC02894,0.16666666666666666,0.0,-0.16666666666666666
MAP6,0.16666666666666666,0.0,-0.16666666666666666
SEPTIN5,0.16666666666666666,0.0,-0.16666666666666666
MAP4K1,0.16666666666666666,0.0,-0.16666666666666666
LINC02334,0.16666666666666666,0.0,-0.16666666666666666
LINC02915,0.16666666666666666,0.0,-0.16666666666666666
LINC02928,0.16666666666666666,0.0,-0.16666666666666666
LINC02284,0.16666666666666666,0.0,-0.16666666666666666
MCPH1-AS1,0.16666666666666666,0.0,-0.16666666666666666
LINC02481,0.16666666666666666,0.0,-0.16666666666666666
ENSG00000167774,0.16666666666666666,0.0,-0.16666666666666666
ELOCP27,0.16666666666666666,0.0,-0.16666666666666666
SCFD2,0.16666666666666666,0.0,-0.16666666666666666
DNAAF4,0.16666666666666666,0.0,-0.16666666666666666
MAST3,0.16666666666666666,0.0,-0.16666666666666666
MAST3-AS1,0.16666666666666666,0.0,-0.16666666666666666
ELOA-AS1,0.16666666666666666,0.0,-0.16666666666666666
LINC02687,0.16666666666666666,0.0,-0.16666666666666666
DLX4,0.16666666666666666,0.0,-0.16666666666666666
TTC36-AS1,0.16666666666666666,0.0,-0.16666666666666666
MARCOL,0.16666666666666666,0.0,-0.16666666666666666
LINC02532,0.16666666666666666,0.0,-0.16666666666666666
MBLAC2,0.16666666666666666,0.0,-0.16666666666666666
LINC02637,0.16666666666666666,0.0,-0.16666666666666666
LINC02611,0.16666666666666666,0.0,-0.16666666666666666
LINC02694,0.16666666666666666,0.0,-0.16666666666666666
DNAH7,0.16666666666666666,0.0,-0.16666666666666666
DNAI7,0.16666666666666666,0.0,-0.16666666666666666
DNAJB7,0.16666666666666666,0.0,-0.16666666666666666
ELL3,0.16666666666666666,0.0,-0.16666666666666666
SEPTIN7P10,0.16666666666666666,0.0,-0.16666666666666666
MAP3K5-AS2,0.16666666666666666,0.0,-0.16666666666666666
EN1,0.16666666666666666,0.0,-0.16666666666666666
DDX56,0.16666666666666666,0.0,-0.16666666666666666
EIF4H,0.16666666666666666,0.0,-0.16666666666666666
LINC01993,0.16666666666666666,0.0,-0.16666666666666666
METTL14-DT,0.16666666666666666,0.0,-0.16666666666666666
DEFB109D,0.16666666666666666,0.0,-0.16666666666666666
DEFB1,0.16666666666666666,0.0,-0.16666666666666666
MALINC1,0.16666666666666666,0.0,-0.16666666666666666
MAL2-AS1,0.16666666666666666,0.0,-0.16666666666666666
LINC01948,0.16666666666666666,0.0,-0.16666666666666666
LINC02986,0.16666666666666666,0.0,-0.16666666666666666
DOC2A,0.16666666666666666,0.0,-0.16666666666666666
ENSG00000142539,0.16666666666666666,0.0,-0.16666666666666666
UCHL3,0.16666666666666666,0.0,-0.16666666666666666
MAL2,0.16666666666666666,0.0,-0.16666666666666666
METTL9,0.16666666666666666,0.0,-0.16666666666666666
UCHL5,0.16666666666666666,0.0,-0.16666666666666666
MFAP1P1,0.16666666666666666,0.0,-0.16666666666666666
LINC01915,0.16666666666666666,0.0,-0.16666666666666666
U4,0.16666666666666666,0.0,-0.16666666666666666
MERTK,0.16666666666666666,0.0,-0.16666666666666666
ENPP5,0.16666666666666666,0.0,-0.16666666666666666
LINC02033,0.16666666666666666,0.0,-0.16666666666666666
MEN1,0.16666666666666666,0.0,-0.16666666666666666
MED20,0.16666666666666666,0.0,-0.16666666666666666
LINC02974,0.16666666666666666,0.0,-0.16666666666666666
MED25,0.16666666666666666,0.0,-0.16666666666666666
LINC02211,0.16666666666666666,0.0,-0.16666666666666666
ENDOG,0.16666666666666666,0.0,-0.16666666666666666
SCNM1,0.16666666666666666,0.0,-0.16666666666666666
DOK4,0.16666666666666666,0.0,-0.16666666666666666
DHRS1,0.16666666666666666,0.0,-0.16666666666666666
EIF5A2,0.16666666666666666,0.0,-0.16666666666666666
DOLPP1,0.16666666666666666,0.0,-0.16666666666666666
LINC02126,0.16666666666666666,0.0,-0.16666666666666666
ENOX2,0.16666666666666666,0.0,-0.16666666666666666
MANF,0.16666666666666666,0.0,-0.16666666666666666
SAPCD2,0.16666666666666666,0.0,-0.16666666666666666
UBQLN4,0.16666666666666666,0.0,-0.16666666666666666
SCPEP1,0.16666666666666666,0.0,-0.16666666666666666
DOP1A,0.16666666666666666,0.0,-0.16666666666666666
ENSG00000217195,0.16666666666666666,0.0,-0.16666666666666666
MIR31HG,0.16666666666666666,0.0,-0.16666666666666666
CXCL5,0.16666666666666666,0.0,-0.16666666666666666
ENSG00000224593,0.16666666666666666,0.0,-0.16666666666666666
MPPED2,0.16666666666666666,0.0,-0.16666666666666666
MPST,0.16666666666666666,0.0,-0.16666666666666666
MPV17,0.16666666666666666,0.0,-0.16666666666666666
ENSG00000223947,0.16666666666666666,0.0,-0.16666666666666666
EEF1A1P25,0.16666666666666666,0.0,-0.16666666666666666
EEF1A1P8,0.16666666666666666,0.0,-0.16666666666666666
SEC62-AS1,0.16666666666666666,0.0,-0.16666666666666666
LRP5L,0.16666666666666666,0.0,-0.16666666666666666
CRPPA-AS1,0.16666666666666666,0.0,-0.16666666666666666
ENSG00000224155,0.16666666666666666,0.0,-0.16666666666666666
LRP4-AS1,0.16666666666666666,0.0,-0.16666666666666666
MRPL11,0.16666666666666666,0.0,-0.16666666666666666
EEF1AKMT4,0.16666666666666666,0.0,-0.16666666666666666
USP51,0.16666666666666666,0.0,-0.16666666666666666
ENSG00000224431,0.16666666666666666,0.0,-0.16666666666666666
LINC00877,0.16666666666666666,0.0,-0.16666666666666666
RSPO4,0.16666666666666666,0.0,-0.16666666666666666
EEF1A1P1,0.16666666666666666,0.0,-0.16666666666666666
CTHRC1,0.16666666666666666,0.0,-0.16666666666666666
MMP24,0.16666666666666666,0.0,-0.16666666666666666
LRRC37A17P,0.16666666666666666,0.0,-0.16666666666666666
USP12-AS1,0.16666666666666666,0.0,-0.16666666666666666
SELENOF,0.16666666666666666,0.0,-0.16666666666666666
ENSG00000223492,0.16666666666666666,0.0,-0.16666666666666666
LRRC34,0.16666666666666666,0.0,-0.16666666666666666
LRRC3,0.16666666666666666,0.0,-0.16666666666666666
MPLKIP,0.16666666666666666,0.0,-0.16666666666666666
MOB1B,0.16666666666666666,0.0,-0.16666666666666666
CT75,0.16666666666666666,0.0,-0.16666666666666666
MORC4,0.16666666666666666,0.0,-0.16666666666666666
EED,0.16666666666666666,0.0,-0.16666666666666666
SEC11A,0.16666666666666666,0.0,-0.16666666666666666
LINC00887,0.16666666666666666,0.0,-0.16666666666666666
EEF1AKMT4-ECE2,0.16666666666666666,0.0,-0.16666666666666666
EGFLAM-AS4,0.16666666666666666,0.0,-0.16666666666666666
TSNAXIP1,0.16666666666666666,0.0,-0.16666666666666666
MRPL43,0.16666666666666666,0.0,-0.16666666666666666
CPEB2-DT,0.16666666666666666,0.0,-0.16666666666666666
ENSG00000224988,0.16666666666666666,0.0,-0.16666666666666666
VAC14-AS1,0.16666666666666666,0.0,-0.16666666666666666
ENSG00000225075,0.16666666666666666,0.0,-0.16666666666666666
SEC24C,0.16666666666666666,0.0,-0.16666666666666666
MSL3P1,0.16666666666666666,0.0,-0.16666666666666666
COX16,0.16666666666666666,0.0,-0.16666666666666666
COX15,0.16666666666666666,0.0,-0.16666666666666666
ENSG00000225078,0.16666666666666666,0.0,-0.16666666666666666
TUBB1,0.16666666666666666,0.0,-0.16666666666666666
ENSG00000225187,0.16666666666666666,0.0,-0.16666666666666666
RPSAP41,0.16666666666666666,0.0,-0.16666666666666666
EFCAB14-AS1,0.16666666666666666,0.0,-0.16666666666666666
MSRA-DT,0.16666666666666666,0.0,-0.16666666666666666
CORO2B,0.16666666666666666,0.0,-0.16666666666666666
RPUSD2,0.16666666666666666,0.0,-0.16666666666666666
ENSG00000224967,0.16666666666666666,0.0,-0.16666666666666666
CPHXL2,0.16666666666666666,0.0,-0.16666666666666666
SEC22A,0.16666666666666666,0.0,-0.16666666666666666
MRPL53,0.16666666666666666,0.0,-0.16666666666666666
MRPL57,0.16666666666666666,0.0,-0.16666666666666666
SGCB,0.16666666666666666,0.0,-0.16666666666666666
LRIG2-DT,0.16666666666666666,0.0,-0.16666666666666666
LINC00607,0.16666666666666666,0.0,-0.16666666666666666
LINC00582,0.16666666666666666,0.0,-0.16666666666666666
MRPS15P1,0.16666666666666666,0.0,-0.16666666666666666
TUBBP5,0.16666666666666666,0.0,-0.16666666666666666
RRM2,0.16666666666666666,0.0,-0.16666666666666666
MRPS35,0.16666666666666666,0.0,-0.16666666666666666
EEF1DP2,0.16666666666666666,0.0,-0.16666666666666666
MRPS5,0.16666666666666666,0.0,-0.16666666666666666
ENSG00000224818,0.16666666666666666,0.0,-0.16666666666666666
ENSG00000224848,0.16666666666666666,0.0,-0.16666666666666666
LRRC4,0.16666666666666666,0.0,-0.16666666666666666
TSLP,0.16666666666666666,0.0,-0.16666666666666666
LINC01176,0.16666666666666666,0.0,-0.16666666666666666
RTRAFP1,0.16666666666666666,0.0,-0.16666666666666666
MISP,0.16666666666666666,0.0,-0.16666666666666666
LNCSRLR,0.16666666666666666,0.0,-0.16666666666666666
SETD4-AS1,0.16666666666666666,0.0,-0.16666666666666666
CUL7,0.16666666666666666,0.0,-0.16666666666666666
TSPAN13,0.16666666666666666,0.0,-0.16666666666666666
CWH43,0.16666666666666666,0.0,-0.16666666666666666
ENSG00000219329,0.16666666666666666,0.0,-0.16666666666666666
LINC01203,0.16666666666666666,0.0,-0.16666666666666666
LRRC7,0.16666666666666666,0.0,-0.16666666666666666
LRRC61,0.16666666666666666,0.0,-0.16666666666666666
URI1,0.16666666666666666,0.0,-0.16666666666666666
ENSG00000218631,0.16666666666666666,0.0,-0.16666666666666666
ENSG00000217825,0.16666666666666666,0.0,-0.16666666666666666
LRRC8E,0.16666666666666666,0.0,-0.16666666666666666
ENSG00000220506,0.16666666666666666,0.0,-0.16666666666666666
EBF4,0.16666666666666666,0.0,-0.16666666666666666
LINC01089,0.16666666666666666,0.0,-0.16666666666666666
SETP14,0.16666666666666666,0.0,-0.16666666666666666
EIF2B5-DT,0.16666666666666666,0.0,-0.16666666666666666
SETMAR,0.16666666666666666,0.0,-0.16666666666666666
LNCRNA-IUR,0.16666666666666666,0.0,-0.16666666666666666
UQCRFS1P1,0.16666666666666666,0.0,-0.16666666666666666
ENSG00000220739,0.16666666666666666,0.0,-0.16666666666666666
MMP2-AS1,0.16666666666666666,0.0,-0.16666666666666666
EIF1P5,0.16666666666666666,0.0,-0.16666666666666666
USP37,1.1666666666666667,1.0,-0.16666666666666674
MTAP,1.6666666666666667,1.5,-0.16666666666666674
TPST2,1.1666666666666667,1.0,-0.16666666666666674
NHSL2,1.1666666666666667,1.0,-0.16666666666666674
TMEM170A,1.6666666666666667,1.5,-0.16666666666666674
ERP44,1.1666666666666667,1.0,-0.16666666666666674
OIP5-AS1,1.6666666666666667,1.5,-0.16666666666666674
WDR37,1.1666666666666667,1.0,-0.16666666666666674
RPL30-AS1,1.1666666666666667,1.0,-0.16666666666666674
DPY19L2,1.1666666666666667,1.0,-0.16666666666666674
MIS12,1.1666666666666667,1.0,-0.16666666666666674
ITGB1,1.1666666666666667,1.0,-0.16666666666666674
LCOR,1.1666666666666667,1.0,-0.16666666666666674
THADA,1.6666666666666667,1.5,-0.16666666666666674
CNTLN,1.1666666666666667,1.0,-0.16666666666666674
ENSG00000271793,1.1666666666666667,1.0,-0.16666666666666674
LNPEP,1.1666666666666667,1.0,-0.16666666666666674
SRP54,1.1666666666666667,1.0,-0.16666666666666674
SS18,1.1666666666666667,1.0,-0.16666666666666674
TTC5,1.1666666666666667,1.0,-0.16666666666666674
ZCCHC24,1.6666666666666667,1.5,-0.16666666666666674
HOMER2,1.1666666666666667,1.0,-0.16666666666666674
ZNF652,1.6666666666666667,1.5,-0.16666666666666674
TES,1.1666666666666667,1.0,-0.16666666666666674
CCDC18-AS1,1.6666666666666667,1.5,-0.16666666666666674
RABEP1,1.6666666666666667,1.5,-0.16666666666666674
MIR205HG,1.6666666666666667,1.5,-0.16666666666666674
GATC,1.1666666666666667,1.0,-0.16666666666666674
SCAI,1.1666666666666667,1.0,-0.16666666666666674
SLC35E1,1.1666666666666667,1.0,-0.16666666666666674
CDKAL1,1.1666666666666667,1.0,-0.16666666666666674
CEBPZOS,1.1666666666666667,1.0,-0.16666666666666674
SCAF11,1.1666666666666667,1.0,-0.16666666666666674
VPS37A,1.1666666666666667,1.0,-0.16666666666666674
AGRN,1.1666666666666667,1.0,-0.16666666666666674
ZNF407-AS1,1.1666666666666667,1.0,-0.16666666666666674
OAZ1,1.6666666666666667,1.5,-0.16666666666666674
KATNBL1,1.3333333333333333,1.125,-0.20833333333333326
ZNF609,1.3333333333333333,1.125,-0.20833333333333326
MTMR9,1.3333333333333333,1.125,-0.20833333333333326
MYLK,1.3333333333333333,1.125,-0.20833333333333326
SH3BP5-AS1,1.3333333333333333,1.125,-0.20833333333333326
CD79A,1.3333333333333333,1.125,-0.20833333333333326
PARVB,1.8333333333333333,1.625,-0.20833333333333326
TBK1,1.3333333333333333,1.125,-0.20833333333333326
INO80,1.3333333333333333,1.125,-0.20833333333333326
DENND4C,1.3333333333333333,1.125,-0.20833333333333326
NBN,1.3333333333333333,1.125,-0.20833333333333326
PTBP2,1.3333333333333333,1.125,-0.20833333333333326
CERT1,1.3333333333333333,1.125,-0.20833333333333326
SUPT20H,1.3333333333333333,1.125,-0.20833333333333326
LPCAT2,1.3333333333333333,1.125,-0.20833333333333326
CD36,1.3333333333333333,1.125,-0.20833333333333326
PSMB2,1.3333333333333333,1.125,-0.20833333333333326
ZDHHC20,1.3333333333333333,1.125,-0.20833333333333326
CGAS,1.8333333333333333,1.625,-0.20833333333333326
HNRNPH1,1.3333333333333333,1.125,-0.20833333333333326
ENSG00000288684,1.3333333333333333,1.125,-0.20833333333333326
NCKAP1,1.8333333333333333,1.625,-0.20833333333333326
CPZ,1.3333333333333333,1.125,-0.20833333333333326
GIMAP2,0.3333333333333333,0.125,-0.20833333333333331
ATAD3C,0.3333333333333333,0.125,-0.20833333333333331
ENSG00000261670,0.3333333333333333,0.125,-0.20833333333333331
ENSG00000273319,0.3333333333333333,0.125,-0.20833333333333331
ENSG00000261386,0.3333333333333333,0.125,-0.20833333333333331
SMIM19,0.3333333333333333,0.125,-0.20833333333333331
ENSG00000272240,0.3333333333333333,0.125,-0.20833333333333331
CHMP1B,0.3333333333333333,0.125,-0.20833333333333331
GINS2,0.3333333333333333,0.125,-0.20833333333333331
PHLPP1,0.3333333333333333,0.125,-0.20833333333333331
RNF6,0.3333333333333333,0.125,-0.20833333333333331
EBAG9,0.3333333333333333,0.125,-0.20833333333333331
POLR1C,0.3333333333333333,0.125,-0.20833333333333331
ENSG00000267022,0.3333333333333333,0.125,-0.20833333333333331
NBPF10,0.3333333333333333,0.125,-0.20833333333333331
SNORA64,0.3333333333333333,0.125,-0.20833333333333331
ZNF512B,0.3333333333333333,0.125,-0.20833333333333331
TMEM126B,0.3333333333333333,0.125,-0.20833333333333331
ARHGAP28-AS1,0.3333333333333333,0.125,-0.20833333333333331
ENSG00000261430,0.3333333333333333,0.125,-0.20833333333333331
DNAJB9,0.3333333333333333,0.125,-0.20833333333333331
TMIGD3,0.3333333333333333,0.125,-0.20833333333333331
ENSG00000272936,0.3333333333333333,0.125,-0.20833333333333331
ENSG00000261474,0.3333333333333333,0.125,-0.20833333333333331
POSTN,0.3333333333333333,0.125,-0.20833333333333331
DNAJB2,0.3333333333333333,0.125,-0.20833333333333331
NEK11,0.3333333333333333,0.125,-0.20833333333333331
MAPK13,0.3333333333333333,0.125,-0.20833333333333331
ARFRP1,0.3333333333333333,0.125,-0.20833333333333331
SNORA33,0.3333333333333333,0.125,-0.20833333333333331
GTF2B,0.3333333333333333,0.125,-0.20833333333333331
ASPHD2,0.3333333333333333,0.125,-0.20833333333333331
PLD2,0.3333333333333333,0.125,-0.20833333333333331
ENSG00000272821,0.3333333333333333,0.125,-0.20833333333333331
NBDY,0.3333333333333333,0.125,-0.20833333333333331
RNF40,0.3333333333333333,0.125,-0.20833333333333331
ENSG00000267262,0.3333333333333333,0.125,-0.20833333333333331
GCSHP3,0.3333333333333333,0.125,-0.20833333333333331
GSTO1,0.3333333333333333,0.125,-0.20833333333333331
GARNL3,0.3333333333333333,0.125,-0.20833333333333331
ENSG00000267026,0.3333333333333333,0.125,-0.20833333333333331
GSKIP,0.3333333333333333,0.125,-0.20833333333333331
SNORA68B,0.3333333333333333,0.125,-0.20833333333333331
ARHGAP8,0.3333333333333333,0.125,-0.20833333333333331
GDPGP1,0.3333333333333333,0.125,-0.20833333333333331
ZNF274,0.3333333333333333,0.125,-0.20833333333333331
ENSG00000265800,0.3333333333333333,0.125,-0.20833333333333331
GJA4,0.3333333333333333,0.125,-0.20833333333333331
SOCS5P4,0.3333333333333333,0.125,-0.20833333333333331
SNX17,0.3333333333333333,0.125,-0.20833333333333331
NDUFA12,0.3333333333333333,0.125,-0.20833333333333331
TYRO3,0.3333333333333333,0.125,-0.20833333333333331
SDC4,0.3333333333333333,0.125,-0.20833333333333331
PINX1,0.3333333333333333,0.125,-0.20833333333333331
MAFB,0.3333333333333333,0.125,-0.20833333333333331
DPY19L3-DT,0.3333333333333333,0.125,-0.20833333333333331
CGRRF1,0.3333333333333333,0.125,-0.20833333333333331
GPT2,0.3333333333333333,0.125,-0.20833333333333331
PMS2P1,0.3333333333333333,0.125,-0.20833333333333331
PIM3,0.3333333333333333,0.125,-0.20833333333333331
HCLS1,0.3333333333333333,0.125,-0.20833333333333331
ENSG00000270409,0.3333333333333333,0.125,-0.20833333333333331
CEP170B,0.3333333333333333,0.125,-0.20833333333333331
GALNT8,0.3333333333333333,0.125,-0.20833333333333331
PIK3R4,0.3333333333333333,0.125,-0.20833333333333331
GPBAR1,0.3333333333333333,0.125,-0.20833333333333331
GPM6B,0.3333333333333333,0.125,-0.20833333333333331
MAP2K4,0.3333333333333333,0.125,-0.20833333333333331
ENSG00000265254,0.3333333333333333,0.125,-0.20833333333333331
GPR183,0.3333333333333333,0.125,-0.20833333333333331
ENSG00000265678,0.3333333333333333,0.125,-0.20833333333333331
ENSG00000268983,0.3333333333333333,0.125,-0.20833333333333331
TXNP6,0.3333333333333333,0.125,-0.20833333333333331
EDN1,0.3333333333333333,0.125,-0.20833333333333331
ATP13A2,0.3333333333333333,0.125,-0.20833333333333331
PLPP4,0.3333333333333333,0.125,-0.20833333333333331
H3C3,0.3333333333333333,0.125,-0.20833333333333331
PLS3,0.3333333333333333,0.125,-0.20833333333333331
ENSG00000269110,0.3333333333333333,0.125,-0.20833333333333331
CFDP1,0.3333333333333333,0.125,-0.20833333333333331
TXN,0.3333333333333333,0.125,-0.20833333333333331
ENSG00000265091,0.3333333333333333,0.125,-0.20833333333333331
ENSG00000266076,0.3333333333333333,0.125,-0.20833333333333331
LRRC4B,0.3333333333333333,0.125,-0.20833333333333331
H1-2,0.3333333333333333,0.125,-0.20833333333333331
ENSG00000266521,0.3333333333333333,0.125,-0.20833333333333331
SNAI3,0.3333333333333333,0.125,-0.20833333333333331
WDR48,0.3333333333333333,0.125,-0.20833333333333331
LRP11,0.3333333333333333,0.125,-0.20833333333333331
ENSG00000261997,0.3333333333333333,0.125,-0.20833333333333331
ATP6V0E2-AS1,0.3333333333333333,0.125,-0.20833333333333331
GLT8D2,0.3333333333333333,0.125,-0.20833333333333331
SOX10,0.3333333333333333,0.125,-0.20833333333333331
DPAGT1,0.3333333333333333,0.125,-0.20833333333333331
ATP6V1A,0.3333333333333333,0.125,-0.20833333333333331
ATP6V1B2,0.3333333333333333,0.125,-0.20833333333333331
TMEM86B,0.3333333333333333,0.125,-0.20833333333333331
SORBS2-AS1,0.3333333333333333,0.125,-0.20833333333333331
POLD3,0.3333333333333333,0.125,-0.20833333333333331
NDUFB4,0.3333333333333333,0.125,-0.20833333333333331
ZNF277,0.3333333333333333,0.125,-0.20833333333333331
HEXB,0.3333333333333333,0.125,-0.20833333333333331
PLD5P1,0.3333333333333333,0.125,-0.20833333333333331
UBA2,0.3333333333333333,0.125,-0.20833333333333331
ATPAF2,0.3333333333333333,0.125,-0.20833333333333331
DPF3,0.3333333333333333,0.125,-0.20833333333333331
PODXL2,0.3333333333333333,0.125,-0.20833333333333331
DPM1,0.3333333333333333,0.125,-0.20833333333333331
DYNC2I1,0.3333333333333333,0.125,-0.20833333333333331
ZNF319,0.3333333333333333,0.125,-0.20833333333333331
HDHD2,0.3333333333333333,0.125,-0.20833333333333331
LRRC1,0.3333333333333333,0.125,-0.20833333333333331
SCUBE1,0.3333333333333333,0.125,-0.20833333333333331
ASB7,0.3333333333333333,0.125,-0.20833333333333331
RNF123,0.3333333333333333,0.125,-0.20833333333333331
PLA2G4E,0.3333333333333333,0.125,-0.20833333333333331
GMDS,0.3333333333333333,0.125,-0.20833333333333331
GRAMD1C,0.3333333333333333,0.125,-0.20833333333333331
CETN4P,0.3333333333333333,0.125,-0.20833333333333331
ENSG00000266978,0.3333333333333333,0.125,-0.20833333333333331
RNF20,0.3333333333333333,0.125,-0.20833333333333331
ENSG00000271833,0.3333333333333333,0.125,-0.20833333333333331
ATF2,0.3333333333333333,0.125,-0.20833333333333331
ZNF461,0.3333333333333333,0.125,-0.20833333333333331
ENSG00000273350,0.3333333333333333,0.125,-0.20833333333333331
TSC22D4,0.3333333333333333,0.125,-0.20833333333333331
AREG,0.3333333333333333,0.125,-0.20833333333333331
CNTN4,0.3333333333333333,0.125,-0.20833333333333331
ENSG00000285848,0.3333333333333333,0.125,-0.20833333333333331
ENSG00000285863,0.3333333333333333,0.125,-0.20833333333333331
CXCL14,0.3333333333333333,0.125,-0.20833333333333331
PYCR2,0.3333333333333333,0.125,-0.20833333333333331
ENSG00000285943,0.3333333333333333,0.125,-0.20833333333333331
SYDE2,0.3333333333333333,0.125,-0.20833333333333331
ENSG00000286070,0.3333333333333333,0.125,-0.20833333333333331
TDRD9,0.3333333333333333,0.125,-0.20833333333333331
ZNF818P,0.3333333333333333,0.125,-0.20833333333333331
SYNGR2,0.3333333333333333,0.125,-0.20833333333333331
ENSG00000291131,0.3333333333333333,0.125,-0.20833333333333331
ENSG00000291126,0.3333333333333333,0.125,-0.20833333333333331
ENSG00000286313,0.3333333333333333,0.125,-0.20833333333333331
COILP1,0.3333333333333333,0.125,-0.20833333333333331
ADAM15,0.3333333333333333,0.125,-0.20833333333333331
CNTNAP3P2,0.3333333333333333,0.125,-0.20833333333333331
SYS1,0.3333333333333333,0.125,-0.20833333333333331
ACY1,0.3333333333333333,0.125,-0.20833333333333331
RAB17-DT,0.3333333333333333,0.125,-0.20833333333333331
COA6,0.3333333333333333,0.125,-0.20833333333333331
ENSG00000286485,0.3333333333333333,0.125,-0.20833333333333331
ACTR10,0.3333333333333333,0.125,-0.20833333333333331
TCF7L1,0.3333333333333333,0.125,-0.20833333333333331
ENSG00000286535,0.3333333333333333,0.125,-0.20833333333333331
TCF20,0.3333333333333333,0.125,-0.20833333333333331
USP12,0.3333333333333333,0.125,-0.20833333333333331
ENSG00000285827,0.3333333333333333,0.125,-0.20833333333333331
ENSG00000285807,0.3333333333333333,0.125,-0.20833333333333331
SURF1,0.3333333333333333,0.125,-0.20833333333333331
ENSG00000285693,0.3333333333333333,0.125,-0.20833333333333331
EVI2B,0.3333333333333333,0.125,-0.20833333333333331
MIR3615,0.3333333333333333,0.125,-0.20833333333333331
AFAP1L1,0.3333333333333333,0.125,-0.20833333333333331
ENSG00000284952,0.3333333333333333,0.125,-0.20833333333333331
ETF1P3,0.3333333333333333,0.125,-0.20833333333333331
ENSG00000284989,0.3333333333333333,0.125,-0.20833333333333331
ENSG00000285000,0.3333333333333333,0.125,-0.20833333333333331
ADRB2,0.3333333333333333,0.125,-0.20833333333333331
ENSG00000285091,0.3333333333333333,0.125,-0.20833333333333331
MIR4480,0.3333333333333333,0.125,-0.20833333333333331
VN1R108P,0.3333333333333333,0.125,-0.20833333333333331
ERICH6B,0.3333333333333333,0.125,-0.20833333333333331
ERICH6-AS1,0.3333333333333333,0.125,-0.20833333333333331
MUSTN1,0.3333333333333333,0.125,-0.20833333333333331
RERG,0.3333333333333333,0.125,-0.20833333333333331
ENSG00000285269,0.3333333333333333,0.125,-0.20833333333333331
ENSG00000285280,0.3333333333333333,0.125,-0.20833333333333331
MIR497HG,0.3333333333333333,0.125,-0.20833333333333331
MIR503HG,0.3333333333333333,0.125,-0.20833333333333331
REPS2,0.3333333333333333,0.125,-0.20833333333333331
SULT2B1,0.3333333333333333,0.125,-0.20833333333333331
ENSG00000285520,0.3333333333333333,0.125,-0.20833333333333331
CNNM1,0.3333333333333333,0.125,-0.20833333333333331
ENSG00000285624,0.3333333333333333,0.125,-0.20833333333333331
ENSG00000285639,0.3333333333333333,0.125,-0.20833333333333331
SYT9-AS1,0.3333333333333333,0.125,-0.20833333333333331
MTMR1,0.3333333333333333,0.125,-0.20833333333333331
PTK6,0.3333333333333333,0.125,-0.20833333333333331
RASA3,0.3333333333333333,0.125,-0.20833333333333331
RRP15,0.3333333333333333,0.125,-0.20833333333333331
ENSG00000287839,0.3333333333333333,0.125,-0.20833333333333331
ENSG00000287892,0.3333333333333333,0.125,-0.20833333333333331
TBC1D8B,0.3333333333333333,0.125,-0.20833333333333331
ENSG00000289295,0.3333333333333333,0.125,-0.20833333333333331
ABHD4,0.3333333333333333,0.125,-0.20833333333333331
RRN3P3,0.3333333333333333,0.125,-0.20833333333333331
ENSG00000288075,0.3333333333333333,0.125,-0.20833333333333331
RAPGEF4,0.3333333333333333,0.125,-0.20833333333333331
ENSG00000288076,0.3333333333333333,0.125,-0.20833333333333331
ENSG00000289227,0.3333333333333333,0.125,-0.20833333333333331
ENSG00000289189,0.3333333333333333,0.125,-0.20833333333333331
MRPS9-AS1,0.3333333333333333,0.125,-0.20833333333333331
ENSG00000290459,0.3333333333333333,0.125,-0.20833333333333331
ABCB10,0.3333333333333333,0.125,-0.20833333333333331
RBCK1,0.3333333333333333,0.125,-0.20833333333333331
ENSG00000288710,0.3333333333333333,0.125,-0.20833333333333331
MS4A6A,0.3333333333333333,0.125,-0.20833333333333331
ZSCAN32,0.3333333333333333,0.125,-0.20833333333333331
COPZ2,0.3333333333333333,0.125,-0.20833333333333331
RASL11B,0.3333333333333333,0.125,-0.20833333333333331
VAMP2,0.3333333333333333,0.125,-0.20833333333333331
ENSG00000288982,0.3333333333333333,0.125,-0.20833333333333331
ENSG00000288804,0.3333333333333333,0.125,-0.20833333333333331
ENSG00000288942,0.3333333333333333,0.125,-0.20833333333333331
ENSG00000288934,0.3333333333333333,0.125,-0.20833333333333331
TBCA,0.3333333333333333,0.125,-0.20833333333333331
MRPL38,0.3333333333333333,0.125,-0.20833333333333331
USP9X,0.3333333333333333,0.125,-0.20833333333333331
ENSG00000289439,0.3333333333333333,0.125,-0.20833333333333331
RAB43,0.3333333333333333,0.125,-0.20833333333333331
ENSG00000290100,0.3333333333333333,0.125,-0.20833333333333331
ENSG00000290095,0.3333333333333333,0.125,-0.20833333333333331
ENSG00000290075,0.3333333333333333,0.125,-0.20833333333333331
RAB5C-AS1,0.3333333333333333,0.125,-0.20833333333333331
ENSG00000286863,0.3333333333333333,0.125,-0.20833333333333331
MORF4L1P1,0.3333333333333333,0.125,-0.20833333333333331
MPEG1,0.3333333333333333,0.125,-0.20833333333333331
ENSG00000287260,0.3333333333333333,0.125,-0.20833333333333331
ENSG00000289864,0.3333333333333333,0.125,-0.20833333333333331
ENSG00000287263,0.3333333333333333,0.125,-0.20833333333333331
ENSG00000289858,0.3333333333333333,0.125,-0.20833333333333331
ENSG00000287287,0.3333333333333333,0.125,-0.20833333333333331
MTERF3,0.3333333333333333,0.125,-0.20833333333333331
ENSG00000287319,0.3333333333333333,0.125,-0.20833333333333331
RSPO3,0.3333333333333333,0.125,-0.20833333333333331
ENSG00000287355,0.3333333333333333,0.125,-0.20833333333333331
ZNHIT1,0.3333333333333333,0.125,-0.20833333333333331
ENSG00000287430,0.3333333333333333,0.125,-0.20833333333333331
VDAC2,0.3333333333333333,0.125,-0.20833333333333331
ACAP3,0.3333333333333333,0.125,-0.20833333333333331
CRTAC1,0.3333333333333333,0.125,-0.20833333333333331
ENSG00000289557,0.3333333333333333,0.125,-0.20833333333333331
ENSG00000289554,0.3333333333333333,0.125,-0.20833333333333331
MRPL18,0.3333333333333333,0.125,-0.20833333333333331
ENSG00000284669,0.3333333333333333,0.125,-0.20833333333333331
STX1B,0.3333333333333333,0.125,-0.20833333333333331
GALNT6,0.3333333333333333,0.125,-0.20833333333333331
MED14,0.3333333333333333,0.125,-0.20833333333333331
RPS23P6,0.3333333333333333,0.125,-0.20833333333333331
SRGAP2C,0.3333333333333333,0.125,-0.20833333333333331
ENSG00000277654,0.3333333333333333,0.125,-0.20833333333333331
RPS23P8,0.3333333333333333,0.125,-0.20833333333333331
SRP14-DT,0.3333333333333333,0.125,-0.20833333333333331
SRP14P1,0.3333333333333333,0.125,-0.20833333333333331
ANOS1,0.3333333333333333,0.125,-0.20833333333333331
NAB1,0.3333333333333333,0.125,-0.20833333333333331
MED12L,0.3333333333333333,0.125,-0.20833333333333331
PRDM16-DT,0.3333333333333333,0.125,-0.20833333333333331
ENSG00000278126,0.3333333333333333,0.125,-0.20833333333333331
SRP9,0.3333333333333333,0.125,-0.20833333333333331
MED15,0.3333333333333333,0.125,-0.20833333333333331
RPS26,0.3333333333333333,0.125,-0.20833333333333331
PRELID3B,0.3333333333333333,0.125,-0.20833333333333331
FJX1,0.3333333333333333,0.125,-0.20833333333333331
MED30,0.3333333333333333,0.125,-0.20833333333333331
NAA16,0.3333333333333333,0.125,-0.20833333333333331
ANKRD22,0.3333333333333333,0.125,-0.20833333333333331
PRICKLE2-AS1,0.3333333333333333,0.125,-0.20833333333333331
FICD,0.3333333333333333,0.125,-0.20833333333333331
ENSG00000278948,0.3333333333333333,0.125,-0.20833333333333331
MED4,0.3333333333333333,0.125,-0.20833333333333331
SRSF2,0.3333333333333333,0.125,-0.20833333333333331
FGF7P3,0.3333333333333333,0.125,-0.20833333333333331
FER1L4,0.3333333333333333,0.125,-0.20833333333333331
ENSG00000277575,0.3333333333333333,0.125,-0.20833333333333331
FNDC4,0.3333333333333333,0.125,-0.20833333333333331
PPP6R3,0.3333333333333333,0.125,-0.20833333333333331
SREBF2-AS1,0.3333333333333333,0.125,-0.20833333333333331
ENSG00000273433,0.3333333333333333,0.125,-0.20833333333333331
PPID,0.3333333333333333,0.125,-0.20833333333333331
ENSG00000273816,0.3333333333333333,0.125,-0.20833333333333331
ENSG00000273987,0.3333333333333333,0.125,-0.20833333333333331
DLG5,0.3333333333333333,0.125,-0.20833333333333331
SCARA3,0.3333333333333333,0.125,-0.20833333333333331
ENSG00000274364,0.3333333333333333,0.125,-0.20833333333333331
ENSG00000274400,0.3333333333333333,0.125,-0.20833333333333331
FXR2,0.3333333333333333,0.125,-0.20833333333333331
SPSB2,0.3333333333333333,0.125,-0.20833333333333331
UBE2SP1,0.3333333333333333,0.125,-0.20833333333333331
FTH1P7,0.3333333333333333,0.125,-0.20833333333333331
FTH1P2,0.3333333333333333,0.125,-0.20833333333333331
ENSG00000275413,0.3333333333333333,0.125,-0.20833333333333331
NAIF1,0.3333333333333333,0.125,-0.20833333333333331
PPP1R3G,0.3333333333333333,0.125,-0.20833333333333331
ENSG00000276131,0.3333333333333333,0.125,-0.20833333333333331
ENSG00000276434,0.3333333333333333,0.125,-0.20833333333333331
RMDN2-AS1,0.3333333333333333,0.125,-0.20833333333333331
DIPK1A,0.3333333333333333,0.125,-0.20833333333333331
PPP3CB,0.3333333333333333,0.125,-0.20833333333333331
PPP3R1,0.3333333333333333,0.125,-0.20833333333333331
SAV1,0.3333333333333333,0.125,-0.20833333333333331
SASS6,0.3333333333333333,0.125,-0.20833333333333331
ENSG00000277324,0.3333333333333333,0.125,-0.20833333333333331
ENSG00000279262,0.3333333333333333,0.125,-0.20833333333333331
MEIS3,0.3333333333333333,0.125,-0.20833333333333331
ENSG00000283886,0.3333333333333333,0.125,-0.20833333333333331
ENSG00000281920,0.3333333333333333,0.125,-0.20833333333333331
VPS36,0.3333333333333333,0.125,-0.20833333333333331
RPS29P3,0.3333333333333333,0.125,-0.20833333333333331
ENSG00000280239,0.3333333333333333,0.125,-0.20833333333333331
ENSG00000280254,0.3333333333333333,0.125,-0.20833333333333331
RPS2P17,0.3333333333333333,0.125,-0.20833333333333331
PSMD5,0.3333333333333333,0.125,-0.20833333333333331
MYH7B,0.3333333333333333,0.125,-0.20833333333333331
AKAP1-DT,0.3333333333333333,0.125,-0.20833333333333331
PSMD6-AS2,0.3333333333333333,0.125,-0.20833333333333331
TFAP2C,0.3333333333333333,0.125,-0.20833333333333331
MIDEAS-AS1,0.3333333333333333,0.125,-0.20833333333333331
FAM120B,0.3333333333333333,0.125,-0.20833333333333331
FAF1,0.3333333333333333,0.125,-0.20833333333333331
RHOBTB2,0.3333333333333333,0.125,-0.20833333333333331
TEX56P,0.3333333333333333,0.125,-0.20833333333333331
FABP6,0.3333333333333333,0.125,-0.20833333333333331
FABP5P8,0.3333333333333333,0.125,-0.20833333333333331
VPREB1,0.3333333333333333,0.125,-0.20833333333333331
AGPAT2,0.3333333333333333,0.125,-0.20833333333333331
AGO4,0.3333333333333333,0.125,-0.20833333333333331
RFXAP,0.3333333333333333,0.125,-0.20833333333333331
ENSG00000283294,0.3333333333333333,0.125,-0.20833333333333331
PTGES3,0.3333333333333333,0.125,-0.20833333333333331
RFX3-DT,0.3333333333333333,0.125,-0.20833333333333331
MIR28,0.3333333333333333,0.125,-0.20833333333333331
ZNF750,0.3333333333333333,0.125,-0.20833333333333331
ZNF702P,0.3333333333333333,0.125,-0.20833333333333331
FAM219B,0.3333333333333333,0.125,-0.20833333333333331
FAM229B,0.3333333333333333,0.125,-0.20833333333333331
ENSG00000280153,0.3333333333333333,0.125,-0.20833333333333331
ENSG00000279406,0.3333333333333333,0.125,-0.20833333333333331
ENSG00000279410,0.3333333333333333,0.125,-0.20833333333333331
B3GNT2,0.3333333333333333,0.125,-0.20833333333333331
SSR4P1,0.3333333333333333,0.125,-0.20833333333333331
FBXO31,0.3333333333333333,0.125,-0.20833333333333331
CLDN15,0.3333333333333333,0.125,-0.20833333333333331
ALOX15B,0.3333333333333333,0.125,-0.20833333333333331
ALOX12P2,0.3333333333333333,0.125,-0.20833333333333331
FBRS,0.3333333333333333,0.125,-0.20833333333333331
THBS3-AS1,0.3333333333333333,0.125,-0.20833333333333331
DDX52,0.3333333333333333,0.125,-0.20833333333333331
SAMD13,0.3333333333333333,0.125,-0.20833333333333331
ALKBH1,0.3333333333333333,0.125,-0.20833333333333331
STARD3,0.3333333333333333,0.125,-0.20833333333333331
FAM8A1,0.3333333333333333,0.125,-0.20833333333333331
ALG14,0.3333333333333333,0.125,-0.20833333333333331
FAM86C1P,0.3333333333333333,0.125,-0.20833333333333331
ALG12,0.3333333333333333,0.125,-0.20833333333333331
PRTFDC1,0.3333333333333333,0.125,-0.20833333333333331
ENSG00000280002,0.3333333333333333,0.125,-0.20833333333333331
ZNF682,0.3333333333333333,0.125,-0.20833333333333331
TGFB3,0.3333333333333333,0.125,-0.20833333333333331
TGFB1I1,0.3333333333333333,0.125,-0.20833333333333331
SAA2-SAA4,0.3333333333333333,0.125,-0.20833333333333331
ENSG00000280121,0.3333333333333333,0.125,-0.20833333333333331
SEC22B,0.3333333333333333,0.125,-0.20833333333333331
ENSG00000289499,0.3333333333333333,0.125,-0.20833333333333331
RPL7P27,0.3333333333333333,0.125,-0.20833333333333331
TNFSF14,0.3333333333333333,0.125,-0.20833333333333331
ENSG00000240591,0.3333333333333333,0.125,-0.20833333333333331
RNU6-757P,0.3333333333333333,0.125,-0.20833333333333331
SEMA4B,0.3333333333333333,0.125,-0.20833333333333331
IDH3B-DT,0.3333333333333333,0.125,-0.20833333333333331
SLC66A3,0.3333333333333333,0.125,-0.20833333333333331
IDE,0.3333333333333333,0.125,-0.20833333333333331
BIN1,0.3333333333333333,0.125,-0.20833333333333331
LINC03007,0.3333333333333333,0.125,-0.20833333333333331
CA3-AS1,0.3333333333333333,0.125,-0.20833333333333331
ENSG00000239593,0.3333333333333333,0.125,-0.20833333333333331
CA5BP1,0.3333333333333333,0.125,-0.20833333333333331
KDM6B,0.3333333333333333,0.125,-0.20833333333333331
ENSG00000239291,0.3333333333333333,0.125,-0.20833333333333331
TSPEAR-AS2,0.3333333333333333,0.125,-0.20833333333333331
ENSG00000238246,0.3333333333333333,0.125,-0.20833333333333331
RPL6P27,0.3333333333333333,0.125,-0.20833333333333331
LINC01431,0.3333333333333333,0.125,-0.20833333333333331
CDK2,0.3333333333333333,0.125,-0.20833333333333331
CD177,0.3333333333333333,0.125,-0.20833333333333331
BHMT2,0.3333333333333333,0.125,-0.20833333333333331
ENSG00000258465,0.3333333333333333,0.125,-0.20833333333333331
ENSG00000243696,0.3333333333333333,0.125,-0.20833333333333331
BMP1,0.3333333333333333,0.125,-0.20833333333333331
LINC01666,0.3333333333333333,0.125,-0.20833333333333331
KBTBD2,0.3333333333333333,0.125,-0.20833333333333331
C4orf33,0.3333333333333333,0.125,-0.20833333333333331
NIFK-AS1,0.3333333333333333,0.125,-0.20833333333333331
BMERB1,0.3333333333333333,0.125,-0.20833333333333331
LINC01618,0.3333333333333333,0.125,-0.20833333333333331
ENSG00000242477,0.3333333333333333,0.125,-0.20833333333333331
RPL37AP8,0.3333333333333333,0.125,-0.20833333333333331
ENSG00000205959,0.3333333333333333,0.125,-0.20833333333333331
C7orf25,0.3333333333333333,0.125,-0.20833333333333331
KCNS3,0.3333333333333333,0.125,-0.20833333333333331
ENSG00000258424,0.3333333333333333,0.125,-0.20833333333333331
SLC16A2,0.3333333333333333,0.125,-0.20833333333333331
BLK,0.3333333333333333,0.125,-0.20833333333333331
EIF4HP2,0.3333333333333333,0.125,-0.20833333333333331
OSBPL7,0.3333333333333333,0.125,-0.20833333333333331
ENSG00000237186,0.3333333333333333,0.125,-0.20833333333333331
CARD8-AS1,0.3333333333333333,0.125,-0.20833333333333331
ENSG00000234902,0.3333333333333333,0.125,-0.20833333333333331
SLC9A3R1,0.3333333333333333,0.125,-0.20833333333333331
SLC9A3R1-AS1,0.3333333333333333,0.125,-0.20833333333333331
RPL21,0.3333333333333333,0.125,-0.20833333333333331
ENSG00000259370,0.3333333333333333,0.125,-0.20833333333333331
SIRPG,0.3333333333333333,0.125,-0.20833333333333331
CCR5AS,0.3333333333333333,0.125,-0.20833333333333331
RPL21P136,0.3333333333333333,0.125,-0.20833333333333331
RPL21P16,0.3333333333333333,0.125,-0.20833333333333331
EIF4BP5,0.3333333333333333,0.125,-0.20833333333333331
OLFML2B,0.3333333333333333,0.125,-0.20833333333333331
TTLL1-AS1,0.3333333333333333,0.125,-0.20833333333333331
HSD17B7P2,0.3333333333333333,0.125,-0.20833333333333331
HSD17B13,0.3333333333333333,0.125,-0.20833333333333331
PELI1,0.3333333333333333,0.125,-0.20833333333333331
LIPT2,0.3333333333333333,0.125,-0.20833333333333331
OGG1,0.3333333333333333,0.125,-0.20833333333333331
ENSG00000220105,0.3333333333333333,0.125,-0.20833333333333331
ENSG00000288899,0.3333333333333333,0.125,-0.20833333333333331
ENSG00000235007,0.3333333333333333,0.125,-0.20833333333333331
BHLHE41,0.3333333333333333,0.125,-0.20833333333333331
KLB,0.3333333333333333,0.125,-0.20833333333333331
KIF18B,0.3333333333333333,0.125,-0.20833333333333331
KIF23-AS1,0.3333333333333333,0.125,-0.20833333333333331
PDLIM7,0.3333333333333333,0.125,-0.20833333333333331
ORC3,0.3333333333333333,0.125,-0.20833333333333331
LINC03016,0.3333333333333333,0.125,-0.20833333333333331
CALHM6,0.3333333333333333,0.125,-0.20833333333333331
ENSG00000236069,0.3333333333333333,0.125,-0.20833333333333331
TRDC,0.3333333333333333,0.125,-0.20833333333333331
CCT6P3,0.3333333333333333,0.125,-0.20833333333333331
NGFR,0.3333333333333333,0.125,-0.20833333333333331
KIFAP3,0.3333333333333333,0.125,-0.20833333333333331
RPL6P6,0.3333333333333333,0.125,-0.20833333333333331
HTR2A,0.3333333333333333,0.125,-0.20833333333333331
RPL36AP19,0.3333333333333333,0.125,-0.20833333333333331
ENSG00000259103,0.3333333333333333,0.125,-0.20833333333333331
ENSG00000215154,0.3333333333333333,0.125,-0.20833333333333331
TTI2,0.3333333333333333,0.125,-0.20833333333333331
ENSG00000257181,0.3333333333333333,0.125,-0.20833333333333331
ENSG00000243830,0.3333333333333333,0.125,-0.20833333333333331
ENSG00000244535,0.3333333333333333,0.125,-0.20833333333333331
BST2,0.3333333333333333,0.125,-0.20833333333333331
ENSG00000254551,0.3333333333333333,0.125,-0.20833333333333331
LINC02470,0.3333333333333333,0.125,-0.20833333333333331
ZFYVE9,0.3333333333333333,0.125,-0.20833333333333331
LINC02560,0.3333333333333333,0.125,-0.20833333333333331
ENPEP,0.3333333333333333,0.125,-0.20833333333333331
LINC02603,0.3333333333333333,0.125,-0.20833333333333331
ZFP69B,0.3333333333333333,0.125,-0.20833333333333331
CDC42EP3,0.3333333333333333,0.125,-0.20833333333333331
SLC35A1,0.3333333333333333,0.125,-0.20833333333333331
ENSG00000254690,0.3333333333333333,0.125,-0.20833333333333331
TOMM22,0.3333333333333333,0.125,-0.20833333333333331
PCDHGB6,0.3333333333333333,0.125,-0.20833333333333331
BRD7P3,0.3333333333333333,0.125,-0.20833333333333331
NKD1,0.3333333333333333,0.125,-0.20833333333333331
ENSG00000250280,0.3333333333333333,0.125,-0.20833333333333331
LINC02615,0.3333333333333333,0.125,-0.20833333333333331
IL17D,0.3333333333333333,0.125,-0.20833333333333331
ZFP91-CNTF,0.3333333333333333,0.125,-0.20833333333333331
RPL10AP6,0.3333333333333333,0.125,-0.20833333333333331
IGFN1,0.3333333333333333,0.125,-0.20833333333333331
PCDHGA10,0.3333333333333333,0.125,-0.20833333333333331
BTN3A3,0.3333333333333333,0.125,-0.20833333333333331
PCBP2,0.3333333333333333,0.125,-0.20833333333333331
INO80E,0.3333333333333333,0.125,-0.20833333333333331
TOR3A,0.3333333333333333,0.125,-0.20833333333333331
LINC02323,0.3333333333333333,0.125,-0.20833333333333331
TP53BP2,0.3333333333333333,0.125,-0.20833333333333331
IPO11,0.3333333333333333,0.125,-0.20833333333333331
LINC02207,0.3333333333333333,0.125,-0.20833333333333331
ENSG00000253144,0.3333333333333333,0.125,-0.20833333333333331
C11orf98,0.3333333333333333,0.125,-0.20833333333333331
LINC02195,0.3333333333333333,0.125,-0.20833333333333331
LINC02362,0.3333333333333333,0.125,-0.20833333333333331
IMPDH1,0.3333333333333333,0.125,-0.20833333333333331
IMPACT,0.3333333333333333,0.125,-0.20833333333333331
PCDHB16,0.3333333333333333,0.125,-0.20833333333333331
NLGN4X,0.3333333333333333,0.125,-0.20833333333333331
BTBD19,0.3333333333333333,0.125,-0.20833333333333331
ITFG2-AS1,0.3333333333333333,0.125,-0.20833333333333331
ITGA2B,0.3333333333333333,0.125,-0.20833333333333331
ENSG00000255092,0.3333333333333333,0.125,-0.20833333333333331
NISCH,0.3333333333333333,0.125,-0.20833333333333331
C21orf58,0.3333333333333333,0.125,-0.20833333333333331
RPL12P44,0.3333333333333333,0.125,-0.20833333333333331
ENSG00000256325,0.3333333333333333,0.125,-0.20833333333333331
ZDHHC5,0.3333333333333333,0.125,-0.20833333333333331
ELF4,0.3333333333333333,0.125,-0.20833333333333331
CD37,0.3333333333333333,0.125,-0.20833333333333331
ENSG00000246477,0.3333333333333333,0.125,-0.20833333333333331
LINC02864,0.3333333333333333,0.125,-0.20833333333333331
NOLC1,0.3333333333333333,0.125,-0.20833333333333331
ENSG00000256591,0.3333333333333333,0.125,-0.20833333333333331
ENSG00000256646,0.3333333333333333,0.125,-0.20833333333333331
JPT1,0.3333333333333333,0.125,-0.20833333333333331
CDH6,0.3333333333333333,0.125,-0.20833333333333331
LINC01709,0.3333333333333333,0.125,-0.20833333333333331
LINC02908,0.3333333333333333,0.125,-0.20833333333333331
IGHA2,0.3333333333333333,0.125,-0.20833333333333331
TPTEP1,0.3333333333333333,0.125,-0.20833333333333331
ENSG00000247679,0.3333333333333333,0.125,-0.20833333333333331
SLC38A7,0.3333333333333333,0.125,-0.20833333333333331
C1orf52,0.3333333333333333,0.125,-0.20833333333333331
ENSG00000255537,0.3333333333333333,0.125,-0.20833333333333331
ZMYM4,0.3333333333333333,0.125,-0.20833333333333331
ENSG00000249617,0.3333333333333333,0.125,-0.20833333333333331
IK,0.3333333333333333,0.125,-0.20833333333333331
PCMT1,0.3333333333333333,0.125,-0.20833333333333331
CDCA8,0.3333333333333333,0.125,-0.20833333333333331
ITGB4,0.3333333333333333,0.125,-0.20833333333333331
SLC25A17,0.3333333333333333,0.125,-0.20833333333333331
ENSG00000255585,0.3333333333333333,0.125,-0.20833333333333331
ENSG00000248378,0.3333333333333333,0.125,-0.20833333333333331
SLC37A4,0.3333333333333333,0.125,-0.20833333333333331
ROCK1,0.3333333333333333,0.125,-0.20833333333333331
ENSG00000248968,0.3333333333333333,0.125,-0.20833333333333331
SLC25A11,0.3333333333333333,0.125,-0.20833333333333331
NIPBL-DT,0.3333333333333333,0.125,-0.20833333333333331
ELMOD3,0.3333333333333333,0.125,-0.20833333333333331
SLC24A3,0.3333333333333333,0.125,-0.20833333333333331
SLFN12,0.3333333333333333,0.125,-0.20833333333333331
SLC29A3,0.3333333333333333,0.125,-0.20833333333333331
ZBTB46-AS2,0.3333333333333333,0.125,-0.20833333333333331
WHRN,0.3333333333333333,0.125,-0.20833333333333331
SIAH2,0.3333333333333333,0.125,-0.20833333333333331
HMOX1,0.3333333333333333,0.125,-0.20833333333333331
HOMEZ,0.3333333333333333,0.125,-0.20833333333333331
LOXL1-AS1,0.3333333333333333,0.125,-0.20833333333333331
SMARCAL1,0.3333333333333333,0.125,-0.20833333333333331
ZBED8,0.3333333333333333,0.125,-0.20833333333333331
CCDC106,0.3333333333333333,0.125,-0.20833333333333331
ENSG00000230552,0.3333333333333333,0.125,-0.20833333333333331
CCDC122,0.3333333333333333,0.125,-0.20833333333333331
EGFR-AS1,0.3333333333333333,0.125,-0.20833333333333331
ENSG00000260289,0.3333333333333333,0.125,-0.20833333333333331
SELENOS,0.3333333333333333,0.125,-0.20833333333333331
SMC1A,0.3333333333333333,0.125,-0.20833333333333331
SGCA,0.3333333333333333,0.125,-0.20833333333333331
BACH1-IT2,0.3333333333333333,0.125,-0.20833333333333331
ENSG00000227914,0.3333333333333333,0.125,-0.20833333333333331
SF1-DT,0.3333333333333333,0.125,-0.20833333333333331
ENSG00000260108,0.3333333333333333,0.125,-0.20833333333333331
LNCTAM34A,0.3333333333333333,0.125,-0.20833333333333331
BCAS2P2,0.3333333333333333,0.125,-0.20833333333333331
SETP17,0.3333333333333333,0.125,-0.20833333333333331
PEX5L,0.3333333333333333,0.125,-0.20833333333333331
TRIML2,0.3333333333333333,0.125,-0.20833333333333331
BANF1P1,0.3333333333333333,0.125,-0.20833333333333331
PGM5P2,0.3333333333333333,0.125,-0.20833333333333331
PFN1P1,0.3333333333333333,0.125,-0.20833333333333331
ENSG00000229337,0.3333333333333333,0.125,-0.20833333333333331
ENSG00000260465,0.3333333333333333,0.125,-0.20833333333333331
CEBPZ,0.3333333333333333,0.125,-0.20833333333333331
LINC00886,0.3333333333333333,0.125,-0.20833333333333331
BBOX1-AS1,0.3333333333333333,0.125,-0.20833333333333331
L1TD1,0.3333333333333333,0.125,-0.20833333333333331
ENSG00000260304,0.3333333333333333,0.125,-0.20833333333333331
ENSG00000260466,0.3333333333333333,0.125,-0.20833333333333331
PGLYRP3,0.3333333333333333,0.125,-0.20833333333333331
LINC00840,0.3333333333333333,0.125,-0.20833333333333331
SFR1,0.3333333333333333,0.125,-0.20833333333333331
CBX3,0.3333333333333333,0.125,-0.20833333333333331
EGR1,0.3333333333333333,0.125,-0.20833333333333331
LAMP1,0.3333333333333333,0.125,-0.20833333333333331
CAVIN3,0.3333333333333333,0.125,-0.20833333333333331
SHE,0.3333333333333333,0.125,-0.20833333333333331
ZBTB14,0.3333333333333333,0.125,-0.20833333333333331
LAPTM4A,0.3333333333333333,0.125,-0.20833333333333331
NRBF2P4,0.3333333333333333,0.125,-0.20833333333333331
PFN2,0.3333333333333333,0.125,-0.20833333333333331
PGM5,0.3333333333333333,0.125,-0.20833333333333331
ENSG00000231128,0.3333333333333333,0.125,-0.20833333333333331
OAT,0.3333333333333333,0.125,-0.20833333333333331
EIF2B2,0.3333333333333333,0.125,-0.20833333333333331
ODR4,0.3333333333333333,0.125,-0.20833333333333331
EIF2S2P6,0.3333333333333333,0.125,-0.20833333333333331
PHF12,0.3333333333333333,0.125,-0.20833333333333331
LEPROTL1,0.3333333333333333,0.125,-0.20833333333333331
EIF3A,0.3333333333333333,0.125,-0.20833333333333331
NR1D1,0.3333333333333333,0.125,-0.20833333333333331
RNU5F-1,0.3333333333333333,0.125,-0.20833333333333331
EGFLAM,0.3333333333333333,0.125,-0.20833333333333331
OGDH,0.3333333333333333,0.125,-0.20833333333333331
ENSG00000222043,0.3333333333333333,0.125,-0.20833333333333331
ENSG00000226842,0.3333333333333333,0.125,-0.20833333333333331
ENSG00000226465,0.3333333333333333,0.125,-0.20833333333333331
ENSG00000226149,0.3333333333333333,0.125,-0.20833333333333331
CCDC3,0.3333333333333333,0.125,-0.20833333333333331
BCL3,0.3333333333333333,0.125,-0.20833333333333331
EFNB2,0.3333333333333333,0.125,-0.20833333333333331
ENSG00000225420,0.3333333333333333,0.125,-0.20833333333333331
NUDCD1,0.3333333333333333,0.125,-0.20833333333333331
TRNP1,0.3333333333333333,0.125,-0.20833333333333331
ENSG00000229368,0.3333333333333333,0.125,-0.20833333333333331
ENSG00000259802,0.3333333333333333,0.125,-0.20833333333333331
PHETA2,0.3333333333333333,0.125,-0.20833333333333331
KREMEN1,0.3333333333333333,0.125,-0.20833333333333331
CCDC141,0.3333333333333333,0.125,-0.20833333333333331
TTLL4,0.3333333333333333,0.125,-0.20833333333333331
ENSG00000260798,0.3333333333333333,0.125,-0.20833333333333331
RPL7P15,0.3333333333333333,0.125,-0.20833333333333331
INIP,0.8333333333333334,0.625,-0.20833333333333337
CEP112,0.8333333333333334,0.625,-0.20833333333333337
MYO6,0.8333333333333334,0.625,-0.20833333333333337
MGRN1,0.8333333333333334,0.625,-0.20833333333333337
UBE2W,0.8333333333333334,0.625,-0.20833333333333337
FHL5,0.8333333333333334,0.625,-0.20833333333333337
ITGA6,0.8333333333333334,0.625,-0.20833333333333337
SLC46A3,0.8333333333333334,0.625,-0.20833333333333337
NAA15,0.8333333333333334,0.625,-0.20833333333333337
S1PR1,0.8333333333333334,0.625,-0.20833333333333337
ME2,0.8333333333333334,0.625,-0.20833333333333337
DLGAP4,0.8333333333333334,0.625,-0.20833333333333337
NAALAD2,0.8333333333333334,0.625,-0.20833333333333337
UBN1,0.8333333333333334,0.625,-0.20833333333333337
FN3K,0.8333333333333334,0.625,-0.20833333333333337
DAP3,0.8333333333333334,0.625,-0.20833333333333337
ENSG00000227775,0.8333333333333334,0.625,-0.20833333333333337
PHLDB3,0.8333333333333334,0.625,-0.20833333333333337
SP1,0.8333333333333334,0.625,-0.20833333333333337
PRECSIT,0.8333333333333334,0.625,-0.20833333333333337
RUBCN,0.8333333333333334,0.625,-0.20833333333333337
RBM18,0.8333333333333334,0.625,-0.20833333333333337
ENSG00000151303,0.8333333333333334,0.625,-0.20833333333333337
ANGPTL4,0.8333333333333334,0.625,-0.20833333333333337
THSD7A,0.8333333333333334,0.625,-0.20833333333333337
RGS3,0.8333333333333334,0.625,-0.20833333333333337
RPL34P23,0.8333333333333334,0.625,-0.20833333333333337
WBP2,0.8333333333333334,0.625,-0.20833333333333337
ATR,0.8333333333333334,0.625,-0.20833333333333337
FBXW11,0.8333333333333334,0.625,-0.20833333333333337
TIAM1,0.8333333333333334,0.625,-0.20833333333333337
TARS3,0.8333333333333334,0.625,-0.20833333333333337
ZNF30,0.8333333333333334,0.625,-0.20833333333333337
DNAAF1,0.8333333333333334,0.625,-0.20833333333333337
ZNRF3,0.8333333333333334,0.625,-0.20833333333333337
SMYD3,0.8333333333333334,0.625,-0.20833333333333337
SLC39A10,0.8333333333333334,0.625,-0.20833333333333337
DNAJC7,0.8333333333333334,0.625,-0.20833333333333337
STAG3,0.8333333333333334,0.625,-0.20833333333333337
RNF187,0.8333333333333334,0.625,-0.20833333333333337
AP2B1,0.8333333333333334,0.625,-0.20833333333333337
TMEM41B,0.8333333333333334,0.625,-0.20833333333333337
POMP,0.8333333333333334,0.625,-0.20833333333333337
CRNDE,0.8333333333333334,0.625,-0.20833333333333337
RPL3P7,0.8333333333333334,0.625,-0.20833333333333337
ZNF770,0.8333333333333334,0.625,-0.20833333333333337
AGPAT5,0.8333333333333334,0.625,-0.20833333333333337
ENSG00000219951,0.8333333333333334,0.625,-0.20833333333333337
SDCBP2-AS1,0.8333333333333334,0.625,-0.20833333333333337
CASP9,0.8333333333333334,0.625,-0.20833333333333337
WDR41,0.8333333333333334,0.625,-0.20833333333333337
KRR1,0.8333333333333334,0.625,-0.20833333333333337
TSPAN31,0.8333333333333334,0.625,-0.20833333333333337
ADGRE2,0.8333333333333334,0.625,-0.20833333333333337
ENSG00000220472,0.8333333333333334,0.625,-0.20833333333333337
KIAA0586,0.8333333333333334,0.625,-0.20833333333333337
CMTM6,0.8333333333333334,0.625,-0.20833333333333337
TEP1,0.8333333333333334,0.625,-0.20833333333333337
PDIA3P1,0.8333333333333334,0.625,-0.20833333333333337
TNFRSF9,0.8333333333333334,0.625,-0.20833333333333337
ENSG00000233406,0.8333333333333334,0.625,-0.20833333333333337
RDX,0.8333333333333334,0.625,-0.20833333333333337
STX2,0.8333333333333334,0.625,-0.20833333333333337
TDG,0.8333333333333334,0.625,-0.20833333333333337
RNF146,0.8333333333333334,0.625,-0.20833333333333337
SLFN11,0.8333333333333334,0.625,-0.20833333333333337
SELP,0.8333333333333334,0.625,-0.20833333333333337
VHL,2.3333333333333335,2.125,-0.20833333333333348
SLC25A26,2.3333333333333335,2.125,-0.20833333333333348
SORBS2,2.8333333333333335,2.625,-0.20833333333333348
NAV2,2.8333333333333335,2.625,-0.20833333333333348
DENND3,2.3333333333333335,2.125,-0.20833333333333348
KLHDC7B,0.5,0.25,-0.25
CLCN3,0.5,0.25,-0.25
ENSG00000251034,0.5,0.25,-0.25
DET1,0.5,0.25,-0.25
ENC1,0.5,0.25,-0.25
KLF5,0.5,0.25,-0.25
ADD1,1.5,1.25,-0.25
INTU,0.5,0.25,-0.25
MZF1,0.5,0.25,-0.25
SGCD,1.0,0.75,-0.25
ZBTB5,0.5,0.25,-0.25
ENSG00000251131,0.5,0.25,-0.25
TRIT1,0.5,0.25,-0.25
IREB2,0.5,0.25,-0.25
MRPS16,1.0,0.75,-0.25
NUBP2,0.5,0.25,-0.25
WASF2,0.5,0.25,-0.25
XPO5,0.5,0.25,-0.25
PRO1804,0.5,0.25,-0.25
AMN,0.5,0.25,-0.25
ENSG00000235351,0.5,0.25,-0.25
PARK7,0.5,0.25,-0.25
ENSG00000289253,0.5,0.25,-0.25
ST3GAL3,1.0,0.75,-0.25
C18orf25,1.5,1.25,-0.25
ACTN1,1.5,1.25,-0.25
NSMAF,0.5,0.25,-0.25
SGPP2,0.5,0.25,-0.25
ENSG00000125695,0.5,0.25,-0.25
ENSG00000285704,0.5,0.25,-0.25
CD82,0.5,0.25,-0.25
ISG15,0.5,0.25,-0.25
MED13,0.5,0.25,-0.25
PVRIG,0.5,0.25,-0.25
CCDC91,0.5,0.25,-0.25
ENSA,0.5,0.25,-0.25
RAB21,3.0,2.75,-0.25
CTTNBP2NL,1.0,0.75,-0.25
MEIS2,1.0,0.75,-0.25
ZNF638,1.5,1.25,-0.25
CPOX,1.0,0.75,-0.25
ENSG00000279148,0.5,0.25,-0.25
IRAG2,1.0,0.75,-0.25
TMPPE,0.5,0.25,-0.25
TRPC4AP,0.5,0.25,-0.25
VKORC1L1,0.5,0.25,-0.25
ZACN,0.5,0.25,-0.25
ENSG00000286245,0.5,0.25,-0.25
FIBIN,0.5,0.25,-0.25
TBC1D10B,0.5,0.25,-0.25
NT5C2,1.0,0.75,-0.25
CUL9,0.5,0.25,-0.25
BUB3,0.5,0.25,-0.25
ABCA10,1.0,0.75,-0.25
CDAN1,0.5,0.25,-0.25
NSA2,0.5,0.25,-0.25
ZNF808,0.5,0.25,-0.25
SERBP1,1.0,0.75,-0.25
FKTN,1.0,0.75,-0.25
ENSG00000286112,0.5,0.25,-0.25
NSUN4,0.5,0.25,-0.25
ANKRD54,0.5,0.25,-0.25
TIMM50,1.0,0.75,-0.25
TIMM23B,1.0,0.75,-0.25
ANKRD50,0.5,0.25,-0.25
TRIM14,0.5,0.25,-0.25
KMT2D,1.0,0.75,-0.25
KLHL13,0.5,0.25,-0.25
ENSG00000279108,0.5,0.25,-0.25
RAB14,0.5,0.25,-0.25
DGAT1,0.5,0.25,-0.25
MKLN1,0.5,0.25,-0.25
ANKH,1.5,1.25,-0.25
CX3CL1,0.5,0.25,-0.25
ENSG00000279089,0.5,0.25,-0.25
PYGB,0.5,0.25,-0.25
UTRN,1.5,1.25,-0.25
TECPR2,0.5,0.25,-0.25
ENSG00000291046,0.5,0.25,-0.25
MMAA,0.5,0.25,-0.25
LINC00342,0.5,0.25,-0.25
LIG3,1.0,0.75,-0.25
ENSG00000226334,0.5,0.25,-0.25
NT5E,0.5,0.25,-0.25
URGCP,1.0,0.75,-0.25
CNOT4,1.0,0.75,-0.25
CALHM2,0.5,0.25,-0.25
ALMS1,0.5,0.25,-0.25
LAMB3,0.5,0.25,-0.25
CYTH2,0.5,0.25,-0.25
PSMD4,0.5,0.25,-0.25
C9orf64,0.5,0.25,-0.25
DCTN5,0.5,0.25,-0.25
S1PR2,0.5,0.25,-0.25
USP34-DT,0.5,0.25,-0.25
CYSTM1,0.5,0.25,-0.25
DCUN1D1,1.0,0.75,-0.25
AKAP7,0.5,0.25,-0.25
TRAPPC4,1.0,0.75,-0.25
UMAD1,1.0,0.75,-0.25
ENSG00000244480,0.5,0.25,-0.25
CCN1,0.5,0.25,-0.25
STEEP1,0.5,0.25,-0.25
KRT8P36,0.5,0.25,-0.25
RPS6P15,1.0,0.75,-0.25
CRTC1,0.5,0.25,-0.25
USP49,0.5,0.25,-0.25
CTBP1-DT,0.5,0.25,-0.25
RRP8,0.5,0.25,-0.25
RPL23P5,0.5,0.25,-0.25
SERPING1,0.5,0.25,-0.25
SERPINB8,0.5,0.25,-0.25
ERCC6L2,1.0,0.75,-0.25
TFCP2,0.5,0.25,-0.25
ENSG00000229273,0.5,0.25,-0.25
ENSG00000287286,0.5,0.25,-0.25
ENSG00000283208,0.5,0.25,-0.25
ENSG00000240652,0.5,0.25,-0.25
AGO3,2.0,1.75,-0.25
SF3B2,0.5,0.25,-0.25
DAG1,0.5,0.25,-0.25
USP36,2.5,2.25,-0.25
STRIP1,0.5,0.25,-0.25
DANT2,0.5,0.25,-0.25
AHSA1,1.0,0.75,-0.25
F8,0.5,0.25,-0.25
RPL34P33,1.0,0.75,-0.25
FAM110B,0.5,0.25,-0.25
P4HA1,0.5,0.25,-0.25
KCND3,0.5,0.25,-0.25
RPL37P2,0.5,0.25,-0.25
ENSG00000289755,0.5,0.25,-0.25
KCNAB2,0.5,0.25,-0.25
ACO2,1.0,0.75,-0.25
ENSG00000287100,0.5,0.25,-0.25
CRLS1,0.5,0.25,-0.25
XRCC6P2,0.5,0.25,-0.25
PSMA5,0.5,0.25,-0.25
NXPE3,0.5,0.25,-0.25
ENSG00000290453,0.5,0.25,-0.25
CADM3,0.5,0.25,-0.25
ENSG00000213598,0.5,0.25,-0.25
MFAP3,1.0,0.75,-0.25
CCN4,1.0,0.75,-0.25
ENSG00000288009,0.5,0.25,-0.25
MRPL9,0.5,0.25,-0.25
CYP27C1,0.5,0.25,-0.25
ENSG00000236817,0.5,0.25,-0.25
ERICH2,0.5,0.25,-0.25
C1QTNF3,0.5,0.25,-0.25
PRRG3,0.5,0.25,-0.25
CLEC12A,0.5,0.25,-0.25
ZRANB2,0.5,0.25,-0.25
DDX51,0.5,0.25,-0.25
ORMDL1,0.5,0.25,-0.25
ENSG00000288025,0.5,0.25,-0.25
KCTD18,0.5,0.25,-0.25
FASTKD1,0.5,0.25,-0.25
FAT2,1.5,1.25,-0.25
SF1,0.5,0.25,-0.25
TRIM59,1.0,0.75,-0.25
ENSG00000248544,0.5,0.25,-0.25
ENSG00000237214,0.5,0.25,-0.25
AFF4,1.0,0.75,-0.25
STAT3,1.5,1.25,-0.25
SERPINB1,1.0,0.75,-0.25
PTMA,0.5,0.25,-0.25
CD151,1.0,0.75,-0.25
LATS2,0.5,0.25,-0.25
CD40,0.5,0.25,-0.25
FAM76B,0.5,0.25,-0.25
NRBP1,0.5,0.25,-0.25
RPL34P27,0.5,0.25,-0.25
ENSG00000287825,0.5,0.25,-0.25
VIL1,0.5,0.25,-0.25
MFSD1P1,0.5,0.25,-0.25
ENSG00000286813,0.5,0.25,-0.25
CACNA1A,0.5,0.25,-0.25
ENSG00000178715,0.5,0.25,-0.25
JAG2,0.5,0.25,-0.25
ENSG00000253754,0.5,0.25,-0.25
TPT1,1.0,0.75,-0.25
UNC13D,0.5,0.25,-0.25
PTPN11,0.5,0.25,-0.25
UFSP2,0.5,0.25,-0.25
PLEKHO1,1.0,0.75,-0.25
SRP54-AS1,0.5,0.25,-0.25
ENSG00000267561,0.5,0.25,-0.25
GALNT2,2.0,1.75,-0.25
LSG1,1.0,0.75,-0.25
SELL,1.0,0.75,-0.25
BCL2L12,0.5,0.25,-0.25
CDCA7,1.0,0.75,-0.25
DZIP3,0.5,0.25,-0.25
SLC38A11,0.5,0.25,-0.25
LTA4H,0.5,0.25,-0.25
PCNX1,1.0,0.75,-0.25
NSL1,1.0,0.75,-0.25
BCL7C,0.5,0.25,-0.25
DYNC2I2,0.5,0.25,-0.25
RNASEH1-DT,0.5,0.25,-0.25
GRIA3,0.5,0.25,-0.25
TMEM241,0.5,0.25,-0.25
TXLNB,0.5,0.25,-0.25
HSP90AB4P,0.5,0.25,-0.25
PEAK3,0.5,0.25,-0.25
EAF1,0.5,0.25,-0.25
BCL10-AS1,0.5,0.25,-0.25
MAT2B,0.5,0.25,-0.25
LRRN1,0.5,0.25,-0.25
CHST11,1.0,0.75,-0.25
ECM2,0.5,0.25,-0.25
PKHD1L1,2.0,1.75,-0.25
APP,0.5,0.25,-0.25
CEP63,2.0,1.75,-0.25
CEBPB-AS1,0.5,0.25,-0.25
PPM1K,0.5,0.25,-0.25
BBS7,0.5,0.25,-0.25
APRG1,0.5,0.25,-0.25
SLX4IP,0.5,0.25,-0.25
ATF7,1.0,0.75,-0.25
GYPC,0.5,0.25,-0.25
LRRC8C-DT,1.0,0.75,-0.25
GABPB1-IT1,1.0,0.75,-0.25
WNT5A,0.5,0.25,-0.25
IKZF5,0.5,0.25,-0.25
CHRM3,0.5,0.25,-0.25
ZNF180,0.5,0.25,-0.25
DNAJC9,0.5,0.25,-0.25
ATL3,1.0,0.75,-0.25
ARL5A,0.5,0.25,-0.25
ICAM1,1.0,0.75,-0.25
GNG5,0.5,0.25,-0.25
DPT,0.5,0.25,-0.25
IFT172,0.5,0.25,-0.25
ICAM4-AS1,0.5,0.25,-0.25
SPAG7,0.5,0.25,-0.25
SON,0.5,0.25,-0.25
SCYL2,0.5,0.25,-0.25
ZNF14,0.5,0.25,-0.25
TXNDC11,0.5,0.25,-0.25
MAP2K5-DT,0.5,0.25,-0.25
ARL17B,0.5,0.25,-0.25
NID1,0.5,0.25,-0.25
CHKA,0.5,0.25,-0.25
ENSG00000258526,0.5,0.25,-0.25
GLRX5,0.5,0.25,-0.25
BLOC1S5,1.0,0.75,-0.25
ARID1A,0.5,0.25,-0.25
LINC02966,0.5,0.25,-0.25
TMEM132A,0.5,0.25,-0.25
DNM3,0.5,0.25,-0.25
SDAD1P1,0.5,0.25,-0.25
GCLC,0.5,0.25,-0.25
PLIN2,0.5,0.25,-0.25
CFAP418,0.5,0.25,-0.25
DUSP18,1.0,0.75,-0.25
ENSG00000268886,0.5,0.25,-0.25
HSPB1P2,0.5,0.25,-0.25
PLPP3,1.5,1.25,-0.25
ARSG,0.5,0.25,-0.25
ENSG00000269481,0.5,0.25,-0.25
IGFBP4,0.5,0.25,-0.25
ZNF429,1.5,1.25,-0.25
ZNF169,0.5,0.25,-0.25
TMEM127,0.5,0.25,-0.25
CFL2,0.5,0.25,-0.25
MAD2L1-DT,0.5,0.25,-0.25
NCOA7,0.5,0.25,-0.25
IAH1,1.0,0.75,-0.25
ENSG00000274383,0.5,0.25,-0.25
EIF2B1,0.5,0.25,-0.25
PKD2,0.5,0.25,-0.25
RNMT,0.5,0.25,-0.25
TMEM9,0.5,0.25,-0.25
ZNF234,0.5,0.25,-0.25
FOXN2,0.5,0.25,-0.25
FOXN3,1.0,0.75,-0.25
HMGCR,0.5,0.25,-0.25
FOXO3,1.0,0.75,-0.25
ENSG00000260793,0.5,0.25,-0.25
WIPF1,2.0,1.75,-0.25
TMEM94,0.5,0.25,-0.25
BAIAP2L1,0.5,0.25,-0.25
FPR1,0.5,0.25,-0.25
SBF2-AS1,0.5,0.25,-0.25
SMURF1,0.5,0.25,-0.25
ATP6V0B,0.5,0.25,-0.25
NECTIN1,0.5,0.25,-0.25
ATP5MGL,0.5,0.25,-0.25
PPP4R1L,0.5,0.25,-0.25
ANXA6,0.5,0.25,-0.25
ZNF552,0.5,0.25,-0.25
RPS20P22,0.5,0.25,-0.25
ZFYVE21,0.5,0.25,-0.25
TOPORS,0.5,0.25,-0.25
PHKB,0.5,0.25,-0.25
PRAG1,0.5,0.25,-0.25
EFCAB11,0.5,0.25,-0.25
SMG6,0.5,0.25,-0.25
LPAR6,0.5,0.25,-0.25
ING5,2.0,1.75,-0.25
HGF,0.5,0.25,-0.25
HMGB1P31,0.5,0.25,-0.25
ZNF267,0.5,0.25,-0.25
ENSG00000261616,0.5,0.25,-0.25
RLF,0.5,0.25,-0.25
PCDH7,0.5,0.25,-0.25
SMC5-DT,1.0,0.75,-0.25
DIABLO,1.0,0.75,-0.25
SEC63,0.5,0.25,-0.25
MAP1LC3B,1.0,0.75,-0.25
NEURL1,0.5,0.25,-0.25
APOBR,0.5,0.25,-0.25
CHST6,1.0,0.75,-0.25
ENSG00000274964,0.5,0.25,-0.25
NANS,0.5,0.25,-0.25
DLC1,1.0,0.75,-0.25
CDC42EP4,1.5,1.25,-0.25
MCM4,0.5,0.25,-0.25
LONRF1,0.5,0.25,-0.25
TMEM43,1.0,0.75,-0.25
CEP290,1.5,1.25,-0.25
MCMBP,0.5,0.25,-0.25
ATOSA,2.0,1.75,-0.25
SEL1L3,0.5,0.25,-0.25
DIXDC1,0.5,0.25,-0.25
EDRF1,0.5,0.25,-0.25
ENSG00000274422,0.5,0.25,-0.25
SETD5,2.6666666666666665,2.375,-0.2916666666666665
RC3H1,2.1666666666666665,1.875,-0.2916666666666665
CCDC149,0.6666666666666666,0.375,-0.29166666666666663
ESR1,0.6666666666666666,0.375,-0.29166666666666663
RPL17P51,0.6666666666666666,0.375,-0.29166666666666663
ENSG00000264514,0.6666666666666666,0.375,-0.29166666666666663
SLC12A2,0.6666666666666666,0.375,-0.29166666666666663
CORO1C,0.6666666666666666,0.375,-0.29166666666666663
LINC00899,0.6666666666666666,0.375,-0.29166666666666663
ZFYVE1,0.6666666666666666,0.375,-0.29166666666666663
ARID5B,0.6666666666666666,0.375,-0.29166666666666663
TUBGCP6,0.6666666666666666,0.375,-0.29166666666666663
RPL22P2,0.6666666666666666,0.375,-0.29166666666666663
ARMC9,0.6666666666666666,0.375,-0.29166666666666663
PMF1,0.6666666666666666,0.375,-0.29166666666666663
PNISR-AS1,0.6666666666666666,0.375,-0.29166666666666663
NCAPH2,0.6666666666666666,0.375,-0.29166666666666663
PISD,0.6666666666666666,0.375,-0.29166666666666663
ENSG00000261560,0.6666666666666666,0.375,-0.29166666666666663
DPH6,0.6666666666666666,0.375,-0.29166666666666663
MT-CO1,0.6666666666666666,0.375,-0.29166666666666663
COQ7,0.6666666666666666,0.375,-0.29166666666666663
KCTD9,0.6666666666666666,0.375,-0.29166666666666663
SLC16A1,0.6666666666666666,0.375,-0.29166666666666663
TMPO,0.6666666666666666,0.375,-0.29166666666666663
ZCCHC8,0.6666666666666666,0.375,-0.29166666666666663
CYTIP,0.6666666666666666,0.375,-0.29166666666666663
HMBOX1,0.6666666666666666,0.375,-0.29166666666666663
CCDC61,0.6666666666666666,0.375,-0.29166666666666663
LIN52,0.6666666666666666,0.375,-0.29166666666666663
CHD1-DT,0.6666666666666666,0.375,-0.29166666666666663
EXOSC3,0.6666666666666666,0.375,-0.29166666666666663
NDUFB5,0.6666666666666666,0.375,-0.29166666666666663
BICRA,0.6666666666666666,0.375,-0.29166666666666663
LIMS1,0.6666666666666666,0.375,-0.29166666666666663
KXD1,0.6666666666666666,0.375,-0.29166666666666663
CCDC146,0.6666666666666666,0.375,-0.29166666666666663
CCDC90B,0.6666666666666666,0.375,-0.29166666666666663
MNS1,0.6666666666666666,0.375,-0.29166666666666663
CALM2,0.6666666666666666,0.375,-0.29166666666666663
SIPA1L1,0.6666666666666666,0.375,-0.29166666666666663
LCP2,0.6666666666666666,0.375,-0.29166666666666663
TAGLN,0.6666666666666666,0.375,-0.29166666666666663
RNASEH1,0.6666666666666666,0.375,-0.29166666666666663
ENSG00000286104,0.6666666666666666,0.375,-0.29166666666666663
MMP14,0.6666666666666666,0.375,-0.29166666666666663
ENSG00000223969,0.6666666666666666,0.375,-0.29166666666666663
HEBP2,0.6666666666666666,0.375,-0.29166666666666663
BCL9,0.6666666666666666,0.375,-0.29166666666666663
TRIO,0.6666666666666666,0.375,-0.29166666666666663
KNTC1,0.6666666666666666,0.375,-0.29166666666666663
PLD3,0.6666666666666666,0.375,-0.29166666666666663
CEP192,0.6666666666666666,0.375,-0.29166666666666663
RALB,0.6666666666666666,0.375,-0.29166666666666663
LINC01058,0.6666666666666666,0.375,-0.29166666666666663
BCL2L2,0.6666666666666666,0.375,-0.29166666666666663
RAB11B-AS1,0.6666666666666666,0.375,-0.29166666666666663
NUMBL,0.6666666666666666,0.375,-0.29166666666666663
SYPL1,0.6666666666666666,0.375,-0.29166666666666663
HSD3B7,0.6666666666666666,0.375,-0.29166666666666663
CEPT1,0.6666666666666666,0.375,-0.29166666666666663
ENSG00000259891,0.6666666666666666,0.375,-0.29166666666666663
PHF11,0.6666666666666666,0.375,-0.29166666666666663
SNAPC2,0.6666666666666666,0.375,-0.29166666666666663
ZNF43,0.6666666666666666,0.375,-0.29166666666666663
YEATS2,0.6666666666666666,0.375,-0.29166666666666663
RCAN1,0.6666666666666666,0.375,-0.29166666666666663
RPL8,0.6666666666666666,0.375,-0.29166666666666663
ENSG00000289216,0.6666666666666666,0.375,-0.29166666666666663
NGDN,0.6666666666666666,0.375,-0.29166666666666663
ENSG00000289690,0.6666666666666666,0.375,-0.29166666666666663
DTYMK,0.6666666666666666,0.375,-0.29166666666666663
CSRP1,0.6666666666666666,0.375,-0.29166666666666663
KLHDC10,0.6666666666666666,0.375,-0.29166666666666663
CTNNA1,0.6666666666666666,0.375,-0.29166666666666663
MTSS1,0.6666666666666666,0.375,-0.29166666666666663
KLHDC2,0.6666666666666666,0.375,-0.29166666666666663
KLHDC4,0.6666666666666666,0.375,-0.29166666666666663
HES1,0.6666666666666666,0.375,-0.29166666666666663
TEX9,0.6666666666666666,0.375,-0.29166666666666663
ADCY7,0.6666666666666666,0.375,-0.29166666666666663
KLHL29,0.6666666666666666,0.375,-0.29166666666666663
ZNF608,0.6666666666666666,0.375,-0.29166666666666663
CLN3,0.6666666666666666,0.375,-0.29166666666666663
ZMYND8,0.6666666666666666,0.375,-0.29166666666666663
AKAP8,0.6666666666666666,0.375,-0.29166666666666663
ENDOV,0.6666666666666666,0.375,-0.29166666666666663
THEM4,0.6666666666666666,0.375,-0.29166666666666663
POMT2,0.6666666666666666,0.375,-0.29166666666666663
FILIP1,0.6666666666666666,0.375,-0.29166666666666663
ZNF696,0.6666666666666666,0.375,-0.29166666666666663
NBPF1,0.6666666666666666,0.375,-0.29166666666666663
JAML,0.6666666666666666,0.375,-0.29166666666666663
SPAST,0.6666666666666666,0.375,-0.29166666666666663
ZNF639,0.6666666666666666,0.375,-0.29166666666666663
PPP5C,0.6666666666666666,0.375,-0.29166666666666663
C2orf92,0.6666666666666666,0.375,-0.29166666666666663
ZMYM5,0.6666666666666666,0.375,-0.29166666666666663
TMEM119,0.6666666666666666,0.375,-0.29166666666666663
STAG3L5P,0.6666666666666666,0.375,-0.29166666666666663
PPIEL,0.6666666666666666,0.375,-0.29166666666666663
MIA2,0.6666666666666666,0.375,-0.29166666666666663
DICER1-AS1,0.6666666666666666,0.375,-0.29166666666666663
FAM199X,0.6666666666666666,0.375,-0.29166666666666663
PSMA7,0.6666666666666666,0.375,-0.29166666666666663
PPP2R1A,0.6666666666666666,0.375,-0.29166666666666663
C19orf44,0.6666666666666666,0.375,-0.29166666666666663
VSTM4,0.6666666666666666,0.375,-0.29166666666666663
ENSG00000272630,0.6666666666666666,0.375,-0.29166666666666663
STIMATE,0.6666666666666666,0.375,-0.29166666666666663
NBL1,0.6666666666666666,0.375,-0.29166666666666663
TMED2,0.6666666666666666,0.375,-0.29166666666666663
RPS19P3,0.6666666666666666,0.375,-0.29166666666666663
ZKSCAN5,0.6666666666666666,0.375,-0.29166666666666663
THAP7-AS1,0.6666666666666666,0.375,-0.29166666666666663
SRSF9,0.6666666666666666,0.375,-0.29166666666666663
PPP3CB-AS1,0.6666666666666666,0.375,-0.29166666666666663
PSMA3-AS1,0.6666666666666666,0.375,-0.29166666666666663
GATD1-DT,0.6666666666666666,0.375,-0.29166666666666663
TOGARAM2,0.6666666666666666,0.375,-0.29166666666666663
PCDH12,0.6666666666666666,0.375,-0.29166666666666663
UBA6-DT,0.6666666666666666,0.375,-0.29166666666666663
SPHK1,0.6666666666666666,0.375,-0.29166666666666663
ARF1,0.6666666666666666,0.375,-0.29166666666666663
SARNP,0.6666666666666666,0.375,-0.29166666666666663
INO80B-WBP1,0.6666666666666666,0.375,-0.29166666666666663
SLC1A1,0.6666666666666666,0.375,-0.29166666666666663
FAM118B,0.6666666666666666,0.375,-0.29166666666666663
PSPC1,0.6666666666666666,0.375,-0.29166666666666663
MECR,0.6666666666666666,0.375,-0.29166666666666663
ENSG00000249175,0.6666666666666666,0.375,-0.29166666666666663
VPS54,0.6666666666666666,0.375,-0.29166666666666663
FLVCR1,0.6666666666666666,0.375,-0.29166666666666663
SCHIP1,0.6666666666666666,0.375,-0.29166666666666663
POLG-DT,0.6666666666666666,0.375,-0.29166666666666663
ENAH,0.6666666666666666,0.375,-0.29166666666666663
G2E3,0.6666666666666666,0.375,-0.29166666666666663
APPL2,0.6666666666666666,0.375,-0.29166666666666663
GAREM1,0.6666666666666666,0.375,-0.29166666666666663
ENSG00000242327,0.6666666666666666,0.375,-0.29166666666666663
AMIGO2,0.6666666666666666,0.375,-0.29166666666666663
TTC7A,0.6666666666666666,0.375,-0.29166666666666663
C4orf3,0.6666666666666666,0.375,-0.29166666666666663
DHX40,0.6666666666666666,0.375,-0.29166666666666663
TMA16,0.6666666666666666,0.375,-0.29166666666666663
ZNF519,0.6666666666666666,0.375,-0.29166666666666663
ELMO2,0.6666666666666666,0.375,-0.29166666666666663
ZNF585A,0.6666666666666666,0.375,-0.29166666666666663
POM121C,0.6666666666666666,0.375,-0.29166666666666663
PRDX6-AS1,0.6666666666666666,0.375,-0.29166666666666663
ENSG00000284966,1.1666666666666667,0.875,-0.29166666666666674
EXOC5,1.1666666666666667,0.875,-0.29166666666666674
NLRC5,1.6666666666666667,1.375,-0.29166666666666674
AP1AR,1.1666666666666667,0.875,-0.29166666666666674
CNDP2,1.6666666666666667,1.375,-0.29166666666666674
CEP350,1.1666666666666667,0.875,-0.29166666666666674
PHF2,1.1666666666666667,0.875,-0.29166666666666674
HIF3A,1.1666666666666667,0.875,-0.29166666666666674
HSPA9,1.1666666666666667,0.875,-0.29166666666666674
DNASE1,1.6666666666666667,1.375,-0.29166666666666674
AP1M1,1.1666666666666667,0.875,-0.29166666666666674
RAB22A,1.1666666666666667,0.875,-0.29166666666666674
SH3KBP1,1.6666666666666667,1.375,-0.29166666666666674
FNTA,1.1666666666666667,0.875,-0.29166666666666674
SLC16A3,1.1666666666666667,0.875,-0.29166666666666674
BLTP1,1.1666666666666667,0.875,-0.29166666666666674
CD84,1.1666666666666667,0.875,-0.29166666666666674
LAMA2,1.6666666666666667,1.375,-0.29166666666666674
ENSG00000278730,1.1666666666666667,0.875,-0.29166666666666674
ARHGAP31,1.1666666666666667,0.875,-0.29166666666666674
PSMD1,1.1666666666666667,0.875,-0.29166666666666674
ATG12,1.6666666666666667,1.375,-0.29166666666666674
LINC01697,1.1666666666666667,0.875,-0.29166666666666674
TIAL1,1.6666666666666667,1.375,-0.29166666666666674
GFOD1,1.6666666666666667,1.375,-0.29166666666666674
SLC41A3,1.1666666666666667,0.875,-0.29166666666666674
IQSEC1,1.1666666666666667,0.875,-0.29166666666666674
UBE2G2,1.1666666666666667,0.875,-0.29166666666666674
REST,1.1666666666666667,0.875,-0.29166666666666674
EIF3I,1.1666666666666667,0.875,-0.29166666666666674
DNM2,1.1666666666666667,0.875,-0.29166666666666674
SNAP29,1.3333333333333333,1.0,-0.33333333333333326
PRKD3,1.8333333333333333,1.5,-0.33333333333333326
ZNF268,1.3333333333333333,1.0,-0.33333333333333326
CASP3,1.3333333333333333,1.0,-0.33333333333333326
DOCK6,1.3333333333333333,1.0,-0.33333333333333326
SMAD9,1.8333333333333333,1.5,-0.33333333333333326
CTIF,1.3333333333333333,1.0,-0.33333333333333326
ZNF273,1.3333333333333333,1.0,-0.33333333333333326
BISPR,1.3333333333333333,1.0,-0.33333333333333326
MACROH2A1,1.3333333333333333,1.0,-0.33333333333333326
ATF5,1.3333333333333333,1.0,-0.33333333333333326
GLIPR1,1.3333333333333333,1.0,-0.33333333333333326
TRRAP,1.3333333333333333,1.0,-0.33333333333333326
SDHD,1.3333333333333333,1.0,-0.33333333333333326
SSR1,1.8333333333333333,1.5,-0.33333333333333326
TIE1,0.3333333333333333,0.0,-0.3333333333333333
RPL23AP65,0.3333333333333333,0.0,-0.3333333333333333
SCAANT1,0.3333333333333333,0.0,-0.3333333333333333
RPL10P6,0.3333333333333333,0.0,-0.3333333333333333
RSF1-IT2,0.3333333333333333,0.0,-0.3333333333333333
ZNF214,0.3333333333333333,0.0,-0.3333333333333333
SHC3,0.3333333333333333,0.0,-0.3333333333333333
RHOB,0.3333333333333333,0.0,-0.3333333333333333
SLC25A39P1,0.3333333333333333,0.0,-0.3333333333333333
RNF175,0.3333333333333333,0.0,-0.3333333333333333
SELENOH,0.3333333333333333,0.0,-0.3333333333333333
RTCA,0.3333333333333333,0.0,-0.3333333333333333
RHO,0.3333333333333333,0.0,-0.3333333333333333
RBM4B,0.3333333333333333,0.0,-0.3333333333333333
SMAD7,0.3333333333333333,0.0,-0.3333333333333333
SNED1-AS1,0.3333333333333333,0.0,-0.3333333333333333
TAF1,0.3333333333333333,0.0,-0.3333333333333333
TM9SF4,0.3333333333333333,0.0,-0.3333333333333333
RHOQP1,0.3333333333333333,0.0,-0.3333333333333333
RBM6,0.3333333333333333,0.0,-0.3333333333333333
SHFL,0.3333333333333333,0.0,-0.3333333333333333
TMEM45B,0.3333333333333333,0.0,-0.3333333333333333
TM9SF5P,0.3333333333333333,0.0,-0.3333333333333333
SNAI3-AS1,0.3333333333333333,0.0,-0.3333333333333333
TAF1A-AS1,0.3333333333333333,0.0,-0.3333333333333333
SHCBP1L,0.3333333333333333,0.0,-0.3333333333333333
SAMD9L,0.3333333333333333,0.0,-0.3333333333333333
ZNF334,0.3333333333333333,0.0,-0.3333333333333333
RPS7P4,0.3333333333333333,0.0,-0.3333333333333333
TAF1A,0.3333333333333333,0.0,-0.3333333333333333
RBMS2P1,0.3333333333333333,0.0,-0.3333333333333333
RHOT1,0.3333333333333333,0.0,-0.3333333333333333
SMAD9-IT1,0.3333333333333333,0.0,-0.3333333333333333
SLC52A3,0.3333333333333333,0.0,-0.3333333333333333
SH3TC2-DT,0.3333333333333333,0.0,-0.3333333333333333
RPS25P3,0.3333333333333333,0.0,-0.3333333333333333
SMNDC1,0.3333333333333333,0.0,-0.3333333333333333
RPSAP15,0.3333333333333333,0.0,-0.3333333333333333
ZFP92,0.3333333333333333,0.0,-0.3333333333333333
TMEM88B,0.3333333333333333,0.0,-0.3333333333333333
SERBP1P1,0.3333333333333333,0.0,-0.3333333333333333
SLC2A9,0.3333333333333333,0.0,-0.3333333333333333
TBC1D22A-DT,0.3333333333333333,0.0,-0.3333333333333333
RBFOX3,0.3333333333333333,0.0,-0.3333333333333333
TUBG2,0.3333333333333333,0.0,-0.3333333333333333
RPGRIP1L,0.3333333333333333,0.0,-0.3333333333333333
RNF26,0.3333333333333333,0.0,-0.3333333333333333
TIMMDC1,0.3333333333333333,0.0,-0.3333333333333333
RPL7P46,0.3333333333333333,0.0,-0.3333333333333333
ZNF580,0.3333333333333333,0.0,-0.3333333333333333
TBC1D13,0.3333333333333333,0.0,-0.3333333333333333
RPS21P4,0.3333333333333333,0.0,-0.3333333333333333
RPL7P21,0.3333333333333333,0.0,-0.3333333333333333
RPL32P11,0.3333333333333333,0.0,-0.3333333333333333
TUBBP1,0.3333333333333333,0.0,-0.3333333333333333
ZNF236-DT,0.3333333333333333,0.0,-0.3333333333333333
TAS2R6P,0.3333333333333333,0.0,-0.3333333333333333
TMSB15B-AS1,0.3333333333333333,0.0,-0.3333333333333333
TMSB15B,0.3333333333333333,0.0,-0.3333333333333333
RIPOR3,0.3333333333333333,0.0,-0.3333333333333333
TMPRSS11F,0.3333333333333333,0.0,-0.3333333333333333
RPL31P17,0.3333333333333333,0.0,-0.3333333333333333
YTHDF2,0.3333333333333333,0.0,-0.3333333333333333
RPSAP28,0.3333333333333333,0.0,-0.3333333333333333
ZZZ3,0.3333333333333333,0.0,-0.3333333333333333
ZRANB2-DT,0.3333333333333333,0.0,-0.3333333333333333
SH3GLB2,0.3333333333333333,0.0,-0.3333333333333333
SMOC1,0.3333333333333333,0.0,-0.3333333333333333
TBCAP2,0.3333333333333333,0.0,-0.3333333333333333
TIGD6,0.3333333333333333,0.0,-0.3333333333333333
SFT2D1,0.3333333333333333,0.0,-0.3333333333333333
TM4SF19,0.3333333333333333,0.0,-0.3333333333333333
RBAK-RBAKDN,0.3333333333333333,0.0,-0.3333333333333333
SEC14L1P1,0.3333333333333333,0.0,-0.3333333333333333
SMARCA1,0.3333333333333333,0.0,-0.3333333333333333
SRXN1,0.3333333333333333,0.0,-0.3333333333333333
TBCEL,0.3333333333333333,0.0,-0.3333333333333333
TUBAP13,0.3333333333333333,0.0,-0.3333333333333333
VCAN-AS1,0.3333333333333333,0.0,-0.3333333333333333
SMYD5,0.3333333333333333,0.0,-0.3333333333333333
SFXN3,0.3333333333333333,0.0,-0.3333333333333333
USP9Y,0.3333333333333333,0.0,-0.3333333333333333
RIBC1,0.3333333333333333,0.0,-0.3333333333333333
SAR1B,0.3333333333333333,0.0,-0.3333333333333333
TAFAZZIN,0.3333333333333333,0.0,-0.3333333333333333
UBE2V1P1,0.3333333333333333,0.0,-0.3333333333333333
ZGLP1,0.3333333333333333,0.0,-0.3333333333333333
UST,0.3333333333333333,0.0,-0.3333333333333333
ZNF616,0.3333333333333333,0.0,-0.3333333333333333
ZNF613,0.3333333333333333,0.0,-0.3333333333333333
SMS,0.3333333333333333,0.0,-0.3333333333333333
ZNF567,0.3333333333333333,0.0,-0.3333333333333333
ZNF295-AS1,0.3333333333333333,0.0,-0.3333333333333333
RPL34P22,0.3333333333333333,0.0,-0.3333333333333333
RILPL2,0.3333333333333333,0.0,-0.3333333333333333
SMPD2,0.3333333333333333,0.0,-0.3333333333333333
SAR1AP2,0.3333333333333333,0.0,-0.3333333333333333
TRIM68,0.3333333333333333,0.0,-0.3333333333333333
RCE1,0.3333333333333333,0.0,-0.3333333333333333
TSSK3,0.3333333333333333,0.0,-0.3333333333333333
SUGT1-DT,0.3333333333333333,0.0,-0.3333333333333333
SLC6A7,0.3333333333333333,0.0,-0.3333333333333333
U2AF1,0.3333333333333333,0.0,-0.3333333333333333
RPL13AP5,0.3333333333333333,0.0,-0.3333333333333333
TMEM198B,0.3333333333333333,0.0,-0.3333333333333333
SLAMF9,0.3333333333333333,0.0,-0.3333333333333333
SOCAR,0.3333333333333333,0.0,-0.3333333333333333
SUGP2,0.3333333333333333,0.0,-0.3333333333333333
SNX2,0.3333333333333333,0.0,-0.3333333333333333
TMEM130,0.3333333333333333,0.0,-0.3333333333333333
SUGCT,0.3333333333333333,0.0,-0.3333333333333333
RNU6-530P,0.3333333333333333,0.0,-0.3333333333333333
SLC6A15,0.3333333333333333,0.0,-0.3333333333333333
SOCS6,0.3333333333333333,0.0,-0.3333333333333333
ZC3HC1,0.3333333333333333,0.0,-0.3333333333333333
RN7SL81P,0.3333333333333333,0.0,-0.3333333333333333
UNC5A,0.3333333333333333,0.0,-0.3333333333333333
TRIM61,0.3333333333333333,0.0,-0.3333333333333333
YBEY,0.3333333333333333,0.0,-0.3333333333333333
TENM2,0.3333333333333333,0.0,-0.3333333333333333
YBX1P2,0.3333333333333333,0.0,-0.3333333333333333
UBE2A,0.3333333333333333,0.0,-0.3333333333333333
SPCS2,0.3333333333333333,0.0,-0.3333333333333333
RNA5SP245,0.3333333333333333,0.0,-0.3333333333333333
TMEM214,0.3333333333333333,0.0,-0.3333333333333333
RNA5SP226,0.3333333333333333,0.0,-0.3333333333333333
ZC3H4,0.3333333333333333,0.0,-0.3333333333333333
STEAP1B,0.3333333333333333,0.0,-0.3333333333333333
TMEM204,0.3333333333333333,0.0,-0.3333333333333333
RN7SL269P,0.3333333333333333,0.0,-0.3333333333333333
SUMO2P8,0.3333333333333333,0.0,-0.3333333333333333
SLC6A8,0.3333333333333333,0.0,-0.3333333333333333
RPL18AP7,0.3333333333333333,0.0,-0.3333333333333333
RFC1,0.3333333333333333,0.0,-0.3333333333333333
SUCLG2-DT,0.3333333333333333,0.0,-0.3333333333333333
SLC12A4,0.3333333333333333,0.0,-0.3333333333333333
RGN,0.3333333333333333,0.0,-0.3333333333333333
RNU6-729P,0.3333333333333333,0.0,-0.3333333333333333
SLC15A3,0.3333333333333333,0.0,-0.3333333333333333
ZNF747-DT,0.3333333333333333,0.0,-0.3333333333333333
SLC4A8,0.3333333333333333,0.0,-0.3333333333333333
VPS29,0.3333333333333333,0.0,-0.3333333333333333
SLC66A1,0.3333333333333333,0.0,-0.3333333333333333
RN7SL526P,0.3333333333333333,0.0,-0.3333333333333333
RPL36P19,0.3333333333333333,0.0,-0.3333333333333333
RGL4,0.3333333333333333,0.0,-0.3333333333333333
TMEM147-AS1,0.3333333333333333,0.0,-0.3333333333333333
RPS15AP25,0.3333333333333333,0.0,-0.3333333333333333
TEX30,0.3333333333333333,0.0,-0.3333333333333333
ZNF137P,0.3333333333333333,0.0,-0.3333333333333333
RNU6-853P,0.3333333333333333,0.0,-0.3333333333333333
ZNF449,0.3333333333333333,0.0,-0.3333333333333333
UMODL1,0.3333333333333333,0.0,-0.3333333333333333
S100A16,0.3333333333333333,0.0,-0.3333333333333333
ZNF710,0.3333333333333333,0.0,-0.3333333333333333
TMEM132E,0.3333333333333333,0.0,-0.3333333333333333
TFAP4,0.3333333333333333,0.0,-0.3333333333333333
RN7SL359P,0.3333333333333333,0.0,-0.3333333333333333
RPL37P23,0.3333333333333333,0.0,-0.3333333333333333
ZNF154,0.3333333333333333,0.0,-0.3333333333333333
TSPYL5,0.3333333333333333,0.0,-0.3333333333333333
WTAPP1,0.3333333333333333,0.0,-0.3333333333333333
RPL13AP7,0.3333333333333333,0.0,-0.3333333333333333
TMEM18,0.3333333333333333,0.0,-0.3333333333333333
ZNF16,0.3333333333333333,0.0,-0.3333333333333333
RPL36P2,0.3333333333333333,0.0,-0.3333333333333333
WT1-AS,0.3333333333333333,0.0,-0.3333333333333333
STYK1,0.3333333333333333,0.0,-0.3333333333333333
TXNP4,0.3333333333333333,0.0,-0.3333333333333333
SURF2,0.3333333333333333,0.0,-0.3333333333333333
ZNF418,0.3333333333333333,0.0,-0.3333333333333333
SLC16A4-AS1,0.3333333333333333,0.0,-0.3333333333333333
TUBA8,0.3333333333333333,0.0,-0.3333333333333333
TSNAX-DISC1,0.3333333333333333,0.0,-0.3333333333333333
VIPR2,0.3333333333333333,0.0,-0.3333333333333333
WNT7A,0.3333333333333333,0.0,-0.3333333333333333
UBE2Q1,0.3333333333333333,0.0,-0.3333333333333333
SLIT3-AS2,0.3333333333333333,0.0,-0.3333333333333333
RNU4-9P,0.3333333333333333,0.0,-0.3333333333333333
SIKE1,0.3333333333333333,0.0,-0.3333333333333333
TCF7L1-IT1,0.3333333333333333,0.0,-0.3333333333333333
SLC25A21,0.3333333333333333,0.0,-0.3333333333333333
USO1,0.3333333333333333,0.0,-0.3333333333333333
RPL22L1,0.3333333333333333,0.0,-0.3333333333333333
SLC25A20,0.3333333333333333,0.0,-0.3333333333333333
SLC35E2A,0.3333333333333333,0.0,-0.3333333333333333
RPL12P11,0.3333333333333333,0.0,-0.3333333333333333
VSIG4,0.3333333333333333,0.0,-0.3333333333333333
VIPAS39,0.3333333333333333,0.0,-0.3333333333333333
SPOPL-DT,0.3333333333333333,0.0,-0.3333333333333333
RTN3,0.3333333333333333,0.0,-0.3333333333333333
TCEANC2,0.3333333333333333,0.0,-0.3333333333333333
RPL12P10,0.3333333333333333,0.0,-0.3333333333333333
SF3B1,0.3333333333333333,0.0,-0.3333333333333333
RHBDL2,0.3333333333333333,0.0,-0.3333333333333333
RPS6KB2-AS1,0.3333333333333333,0.0,-0.3333333333333333
RHCG,0.3333333333333333,0.0,-0.3333333333333333
SCAT1,0.3333333333333333,0.0,-0.3333333333333333
SSRP1,0.3333333333333333,0.0,-0.3333333333333333
TCEAL4P1,0.3333333333333333,0.0,-0.3333333333333333
RPLP0P6,0.3333333333333333,0.0,-0.3333333333333333
SDK1-AS1,0.3333333333333333,0.0,-0.3333333333333333
TMEM35B,0.3333333333333333,0.0,-0.3333333333333333
ZNF846,0.3333333333333333,0.0,-0.3333333333333333
RN7SKP42,0.3333333333333333,0.0,-0.3333333333333333
RUNDC3B,0.3333333333333333,0.0,-0.3333333333333333
RNU6-171P,0.3333333333333333,0.0,-0.3333333333333333
UFC1,0.3333333333333333,0.0,-0.3333333333333333
ZNF404,0.3333333333333333,0.0,-0.3333333333333333
RNVU1-19,0.3333333333333333,0.0,-0.3333333333333333
RNA5SP92,0.3333333333333333,0.0,-0.3333333333333333
SPDYE5,0.3333333333333333,0.0,-0.3333333333333333
ZNF410,0.3333333333333333,0.0,-0.3333333333333333
TNPO2,0.3333333333333333,0.0,-0.3333333333333333
STAG3L4,0.3333333333333333,0.0,-0.3333333333333333
RPL12P6,0.3333333333333333,0.0,-0.3333333333333333
UFM1P2,0.3333333333333333,0.0,-0.3333333333333333
RNU6-2,0.3333333333333333,0.0,-0.3333333333333333
RPS27AP20,0.3333333333333333,0.0,-0.3333333333333333
RPS15AP6,0.3333333333333333,0.0,-0.3333333333333333
ZNF415P1,0.3333333333333333,0.0,-0.3333333333333333
TMEM108,0.3333333333333333,0.0,-0.3333333333333333
ZNF497,0.3333333333333333,0.0,-0.3333333333333333
SYNCRIP,0.3333333333333333,0.0,-0.3333333333333333
TTC39A,0.3333333333333333,0.0,-0.3333333333333333
SLC38A5,0.3333333333333333,0.0,-0.3333333333333333
TRIM21,0.3333333333333333,0.0,-0.3333333333333333
SLIRP,0.3333333333333333,0.0,-0.3333333333333333
TMED6,0.3333333333333333,0.0,-0.3333333333333333
TPRG1L,0.3333333333333333,0.0,-0.3333333333333333
SNORD49B,0.3333333333333333,0.0,-0.3333333333333333
TXLNA,0.3333333333333333,0.0,-0.3333333333333333
TMED2-DT,0.3333333333333333,0.0,-0.3333333333333333
TMEM269,0.3333333333333333,0.0,-0.3333333333333333
ZNF835,0.3333333333333333,0.0,-0.3333333333333333
TCN1,0.3333333333333333,0.0,-0.3333333333333333
SPIRE1,0.3333333333333333,0.0,-0.3333333333333333
SIM1,0.3333333333333333,0.0,-0.3333333333333333
RN7SL757P,0.3333333333333333,0.0,-0.3333333333333333
5S_rRNA,0.3333333333333333,0.0,-0.3333333333333333
KNL1,0.3333333333333333,0.0,-0.3333333333333333
MAGEL2,0.3333333333333333,0.0,-0.3333333333333333
LYPD1,0.3333333333333333,0.0,-0.3333333333333333
FAM43A,0.3333333333333333,0.0,-0.3333333333333333
ENSG00000226266,0.3333333333333333,0.0,-0.3333333333333333
HTRA1,0.3333333333333333,0.0,-0.3333333333333333
C18orf54,0.3333333333333333,0.0,-0.3333333333333333
ENSG00000226946,0.3333333333333333,0.0,-0.3333333333333333
FAM43B,0.3333333333333333,0.0,-0.3333333333333333
NUP188,0.3333333333333333,0.0,-0.3333333333333333
LZTS1,0.3333333333333333,0.0,-0.3333333333333333
NUP160,0.3333333333333333,0.0,-0.3333333333333333
HSPD1P16,0.3333333333333333,0.0,-0.3333333333333333
ENSG00000227400,0.3333333333333333,0.0,-0.3333333333333333
FARS2-AS1,0.3333333333333333,0.0,-0.3333333333333333
MAGIX,0.3333333333333333,0.0,-0.3333333333333333
FAM86GP,0.3333333333333333,0.0,-0.3333333333333333
ENSG00000262766,0.3333333333333333,0.0,-0.3333333333333333
C1orf162,0.3333333333333333,0.0,-0.3333333333333333
ENSG00000227486,0.3333333333333333,0.0,-0.3333333333333333
ENSG00000227514,0.3333333333333333,0.0,-0.3333333333333333
FAM98B,0.3333333333333333,0.0,-0.3333333333333333
ENSG00000262141,0.3333333333333333,0.0,-0.3333333333333333
ENSG00000262133,0.3333333333333333,0.0,-0.3333333333333333
NUDT16-DT,0.3333333333333333,0.0,-0.3333333333333333
CST11,0.3333333333333333,0.0,-0.3333333333333333
FAM229A,0.3333333333333333,0.0,-0.3333333333333333
NUS1,0.3333333333333333,0.0,-0.3333333333333333
ENSG00000226239,0.3333333333333333,0.0,-0.3333333333333333
FAM227A,0.3333333333333333,0.0,-0.3333333333333333
OR7E128P,0.3333333333333333,0.0,-0.3333333333333333
BRPF3-AS1,0.3333333333333333,0.0,-0.3333333333333333
OR3A3,0.3333333333333333,0.0,-0.3333333333333333
FAM193B,0.3333333333333333,0.0,-0.3333333333333333
IARS2,0.3333333333333333,0.0,-0.3333333333333333
LSM11,0.3333333333333333,0.0,-0.3333333333333333
OPN4,0.3333333333333333,0.0,-0.3333333333333333
ENSG00000264112,0.3333333333333333,0.0,-0.3333333333333333
BTNL12P,0.3333333333333333,0.0,-0.3333333333333333
LSM3P5,0.3333333333333333,0.0,-0.3333333333333333
OOEP,0.3333333333333333,0.0,-0.3333333333333333
ENSG00000264007,0.3333333333333333,0.0,-0.3333333333333333
OMD,0.3333333333333333,0.0,-0.3333333333333333
C10orf95-AS1,0.3333333333333333,0.0,-0.3333333333333333
LSM4,0.3333333333333333,0.0,-0.3333333333333333
FAM216B,0.3333333333333333,0.0,-0.3333333333333333
C13orf46,0.3333333333333333,0.0,-0.3333333333333333
OGFOD2,0.3333333333333333,0.0,-0.3333333333333333
ENSG00000263531,0.3333333333333333,0.0,-0.3333333333333333
FAM222A-AS1,0.3333333333333333,0.0,-0.3333333333333333
CTD-2350J17.1,0.3333333333333333,0.0,-0.3333333333333333
ENSG00000226197,0.3333333333333333,0.0,-0.3333333333333333
OACYLP,0.3333333333333333,0.0,-0.3333333333333333
ENSG00000261799,0.3333333333333333,0.0,-0.3333333333333333
HSP90AA6P,0.3333333333333333,0.0,-0.3333333333333333
CYP4F35P,0.3333333333333333,0.0,-0.3333333333333333
FBXO38-DT,0.3333333333333333,0.0,-0.3333333333333333
CA13,0.3333333333333333,0.0,-0.3333333333333333
FBXL7,0.3333333333333333,0.0,-0.3333333333333333
CRB3,0.3333333333333333,0.0,-0.3333333333333333
NPIPB6,0.3333333333333333,0.0,-0.3333333333333333
CRADD-AS1,0.3333333333333333,0.0,-0.3333333333333333
CACNA2D3,0.3333333333333333,0.0,-0.3333333333333333
ENSG00000261312,0.3333333333333333,0.0,-0.3333333333333333
HOXA11-AS,0.3333333333333333,0.0,-0.3333333333333333
ENSG00000261218,0.3333333333333333,0.0,-0.3333333333333333
CPVL-AS1,0.3333333333333333,0.0,-0.3333333333333333
CAMK2N1,0.3333333333333333,0.0,-0.3333333333333333
ENSG00000228714,0.3333333333333333,0.0,-0.3333333333333333
ENSG00000261766,0.3333333333333333,0.0,-0.3333333333333333
ENSG00000229717,0.3333333333333333,0.0,-0.3333333333333333
HNRNPMP1,0.3333333333333333,0.0,-0.3333333333333333
FCGR1BP,0.3333333333333333,0.0,-0.3333333333333333
HNRNPKP2,0.3333333333333333,0.0,-0.3333333333333333
CAPNS2,0.3333333333333333,0.0,-0.3333333333333333
CARD14,0.3333333333333333,0.0,-0.3333333333333333
ENSG00000260948,0.3333333333333333,0.0,-0.3333333333333333
FGF1,0.3333333333333333,0.0,-0.3333333333333333
MBTPS2,0.3333333333333333,0.0,-0.3333333333333333
ENSG00000230479,0.3333333333333333,0.0,-0.3333333333333333
MCAT,0.3333333333333333,0.0,-0.3333333333333333
HOXC4,0.3333333333333333,0.0,-0.3333333333333333
ENSG00000261394,0.3333333333333333,0.0,-0.3333333333333333
HOXC8,0.3333333333333333,0.0,-0.3333333333333333
NPTX2,0.3333333333333333,0.0,-0.3333333333333333
CSRNP3,0.3333333333333333,0.0,-0.3333333333333333
NSRP1P1,0.3333333333333333,0.0,-0.3333333333333333
ENSG00000227531,0.3333333333333333,0.0,-0.3333333333333333
HSF1,0.3333333333333333,0.0,-0.3333333333333333
FASTK,0.3333333333333333,0.0,-0.3333333333333333
HSDL2-AS1,0.3333333333333333,0.0,-0.3333333333333333
NSA2P6,0.3333333333333333,0.0,-0.3333333333333333
HSDL1,0.3333333333333333,0.0,-0.3333333333333333
C2orf66,0.3333333333333333,0.0,-0.3333333333333333
ENSG00000261736,0.3333333333333333,0.0,-0.3333333333333333
CSMD3,0.3333333333333333,0.0,-0.3333333333333333
ENSG00000261527,0.3333333333333333,0.0,-0.3333333333333333
HSD3BP5,0.3333333333333333,0.0,-0.3333333333333333
ENSG00000261472,0.3333333333333333,0.0,-0.3333333333333333
C4orf47,0.3333333333333333,0.0,-0.3333333333333333
MAPK6P3,0.3333333333333333,0.0,-0.3333333333333333
MAPK7,0.3333333333333333,0.0,-0.3333333333333333
NR4A2,0.3333333333333333,0.0,-0.3333333333333333
ENSG00000261451,0.3333333333333333,0.0,-0.3333333333333333
ENSG00000261448,0.3333333333333333,0.0,-0.3333333333333333
HRH2,0.3333333333333333,0.0,-0.3333333333333333
C9orf163,0.3333333333333333,0.0,-0.3333333333333333
NR2C1,0.3333333333333333,0.0,-0.3333333333333333
OR7E12P,0.3333333333333333,0.0,-0.3333333333333333
FAM184A,0.3333333333333333,0.0,-0.3333333333333333
BRICD5,0.3333333333333333,0.0,-0.3333333333333333
ENSG00000268030,0.3333333333333333,0.0,-0.3333333333333333
ERCC3,0.3333333333333333,0.0,-0.3333333333333333
CYCSP10,0.3333333333333333,0.0,-0.3333333333333333
ENSG00000268683,0.3333333333333333,0.0,-0.3333333333333333
PDE1C,0.3333333333333333,0.0,-0.3333333333333333
ENSG00000268573,0.3333333333333333,0.0,-0.3333333333333333
ENSG00000213293,0.3333333333333333,0.0,-0.3333333333333333
PDCD6IP-DT,0.3333333333333333,0.0,-0.3333333333333333
B9D2,0.3333333333333333,0.0,-0.3333333333333333
BACE1-AS,0.3333333333333333,0.0,-0.3333333333333333
LIPT2-AS1,0.3333333333333333,0.0,-0.3333333333333333
ENSG00000268230,0.3333333333333333,0.0,-0.3333333333333333
ERLIN2,0.3333333333333333,0.0,-0.3333333333333333
LRRC37A,0.3333333333333333,0.0,-0.3333333333333333
ERMAP,0.3333333333333333,0.0,-0.3333333333333333
ENSG00000213669,0.3333333333333333,0.0,-0.3333333333333333
ENSG00000267904,0.3333333333333333,0.0,-0.3333333333333333
ENSG00000267762,0.3333333333333333,0.0,-0.3333333333333333
IGKV2-28,0.3333333333333333,0.0,-0.3333333333333333
ERVFRD-1,0.3333333333333333,0.0,-0.3333333333333333
LMOD1,0.3333333333333333,0.0,-0.3333333333333333
ENSG00000214770,0.3333333333333333,0.0,-0.3333333333333333
BCDIN3D-AS1,0.3333333333333333,0.0,-0.3333333333333333
BCKDHA,0.3333333333333333,0.0,-0.3333333333333333
ENSG00000223374,0.3333333333333333,0.0,-0.3333333333333333
PDE4DIPP6,0.3333333333333333,0.0,-0.3333333333333333
LIPE,0.3333333333333333,0.0,-0.3333333333333333
ENSG00000268707,0.3333333333333333,0.0,-0.3333333333333333
ENSG00000203546,0.3333333333333333,0.0,-0.3333333333333333
ENSG00000270130,0.3333333333333333,0.0,-0.3333333333333333
CYP46A1,0.3333333333333333,0.0,-0.3333333333333333
LINC02696,0.3333333333333333,0.0,-0.3333333333333333
LINC02751,0.3333333333333333,0.0,-0.3333333333333333
ENSG00000291288,0.3333333333333333,0.0,-0.3333333333333333
ENSG00000270071,0.3333333333333333,0.0,-0.3333333333333333
ENSG00000270055,0.3333333333333333,0.0,-0.3333333333333333
CYP27A1,0.3333333333333333,0.0,-0.3333333333333333
PENK,0.3333333333333333,0.0,-0.3333333333333333
ENSG00000270019,0.3333333333333333,0.0,-0.3333333333333333
ATRAID,0.3333333333333333,0.0,-0.3333333333333333
ENSG00000269895,0.3333333333333333,0.0,-0.3333333333333333
ENSG00000269376,0.3333333333333333,0.0,-0.3333333333333333
LINC02958,0.3333333333333333,0.0,-0.3333333333333333
AUH,0.3333333333333333,0.0,-0.3333333333333333
PDSS1,0.3333333333333333,0.0,-0.3333333333333333
ENSG00000269172,0.3333333333333333,0.0,-0.3333333333333333
ENSG00000268947,0.3333333333333333,0.0,-0.3333333333333333
CYP24A1,0.3333333333333333,0.0,-0.3333333333333333
AZIN2,0.3333333333333333,0.0,-0.3333333333333333
LINC02984,0.3333333333333333,0.0,-0.3333333333333333
ENSG00000268870,0.3333333333333333,0.0,-0.3333333333333333
ENSG00000268854,0.3333333333333333,0.0,-0.3333333333333333
IGKV1-33,0.3333333333333333,0.0,-0.3333333333333333
ENSG00000267598,0.3333333333333333,0.0,-0.3333333333333333
ENSG00000267547,0.3333333333333333,0.0,-0.3333333333333333
EYA2,0.3333333333333333,0.0,-0.3333333333333333
LPAR5,0.3333333333333333,0.0,-0.3333333333333333
ENSG00000224797,0.3333333333333333,0.0,-0.3333333333333333
EZH1,0.3333333333333333,0.0,-0.3333333333333333
F2R,0.3333333333333333,0.0,-0.3333333333333333
ENSG00000225057,0.3333333333333333,0.0,-0.3333333333333333
BNIP3P27,0.3333333333333333,0.0,-0.3333333333333333
F2RL3,0.3333333333333333,0.0,-0.3333333333333333
ENSG00000266953,0.3333333333333333,0.0,-0.3333333333333333
CXCL13,0.3333333333333333,0.0,-0.3333333333333333
FADS2,0.3333333333333333,0.0,-0.3333333333333333
ENSG00000265912,0.3333333333333333,0.0,-0.3333333333333333
ENSG00000265801,0.3333333333333333,0.0,-0.3333333333333333
PAEP,0.3333333333333333,0.0,-0.3333333333333333
PACERR,0.3333333333333333,0.0,-0.3333333333333333
PABPC4L,0.3333333333333333,0.0,-0.3333333333333333
ENSG00000225116,0.3333333333333333,0.0,-0.3333333333333333
ENSG00000265298,0.3333333333333333,0.0,-0.3333333333333333
IFT74,0.3333333333333333,0.0,-0.3333333333333333
CTXN2-AS1,0.3333333333333333,0.0,-0.3333333333333333
OVCH1,0.3333333333333333,0.0,-0.3333333333333333
ENSG00000225216,0.3333333333333333,0.0,-0.3333333333333333
OTUD6B,0.3333333333333333,0.0,-0.3333333333333333
LRRC2,0.3333333333333333,0.0,-0.3333333333333333
BMP5,0.3333333333333333,0.0,-0.3333333333333333
ENSG00000224621,0.3333333333333333,0.0,-0.3333333333333333
ENSG00000223697,0.3333333333333333,0.0,-0.3333333333333333
EYA1,0.3333333333333333,0.0,-0.3333333333333333
ENSG00000223861,0.3333333333333333,0.0,-0.3333333333333333
ENSG00000267484,0.3333333333333333,0.0,-0.3333333333333333
ENSG00000267412,0.3333333333333333,0.0,-0.3333333333333333
EVI5L,0.3333333333333333,0.0,-0.3333333333333333
LONP1,0.3333333333333333,0.0,-0.3333333333333333
EXO5-DT,0.3333333333333333,0.0,-0.3333333333333333
ENSG00000267298,0.3333333333333333,0.0,-0.3333333333333333
PCBP1,0.3333333333333333,0.0,-0.3333333333333333
EXOC1,0.3333333333333333,0.0,-0.3333333333333333
ENSG00000267271,0.3333333333333333,0.0,-0.3333333333333333
BDNF,0.3333333333333333,0.0,-0.3333333333333333
CYB5D2,0.3333333333333333,0.0,-0.3333333333333333
PAXBP1-AS1,0.3333333333333333,0.0,-0.3333333333333333
PAX9,0.3333333333333333,0.0,-0.3333333333333333
ENSG00000224282,0.3333333333333333,0.0,-0.3333333333333333
IGKJ3,0.3333333333333333,0.0,-0.3333333333333333
ENSG00000224412,0.3333333333333333,0.0,-0.3333333333333333
ENSG00000267058,0.3333333333333333,0.0,-0.3333333333333333
BICDL2,0.3333333333333333,0.0,-0.3333333333333333
CYB561,0.3333333333333333,0.0,-0.3333333333333333
PART1,0.3333333333333333,0.0,-0.3333333333333333
BLMH,0.3333333333333333,0.0,-0.3333333333333333
PARP2,0.3333333333333333,0.0,-0.3333333333333333
NME2P3,0.3333333333333333,0.0,-0.3333333333333333
ENSG00000230829,0.3333333333333333,0.0,-0.3333333333333333
HMGN1P8,0.3333333333333333,0.0,-0.3333333333333333
ENSG00000250397,0.3333333333333333,0.0,-0.3333333333333333
H2BC17,0.3333333333333333,0.0,-0.3333333333333333
MYH3,0.3333333333333333,0.0,-0.3333333333333333
GLIPR1L1,0.3333333333333333,0.0,-0.3333333333333333
MIR302CHG,0.3333333333333333,0.0,-0.3333333333333333
ENSG00000251144,0.3333333333333333,0.0,-0.3333333333333333
MXRA5Y,0.3333333333333333,0.0,-0.3333333333333333
MIR3680-2,0.3333333333333333,0.0,-0.3333333333333333
GLO1,0.3333333333333333,0.0,-0.3333333333333333
H2BC16P,0.3333333333333333,0.0,-0.3333333333333333
MUSK,0.3333333333333333,0.0,-0.3333333333333333
ENSG00000250424,0.3333333333333333,0.0,-0.3333333333333333
H1-1,0.3333333333333333,0.0,-0.3333333333333333
HAPLN1,0.3333333333333333,0.0,-0.3333333333333333
H1-0,0.3333333333333333,0.0,-0.3333333333333333
MTX1,0.3333333333333333,0.0,-0.3333333333333333
MIR605,0.3333333333333333,0.0,-0.3333333333333333
MIR650,0.3333333333333333,0.0,-0.3333333333333333
CLCN4,0.3333333333333333,0.0,-0.3333333333333333
GMIP,0.3333333333333333,0.0,-0.3333333333333333
ENSG00000236391,0.3333333333333333,0.0,-0.3333333333333333
GYG2,0.3333333333333333,0.0,-0.3333333333333333
ENSG00000249852,0.3333333333333333,0.0,-0.3333333333333333
ENSG00000236478,0.3333333333333333,0.0,-0.3333333333333333
ENSG00000249621,0.3333333333333333,0.0,-0.3333333333333333
MIR2110,0.3333333333333333,0.0,-0.3333333333333333
ENSG00000251229,0.3333333333333333,0.0,-0.3333333333333333
ENSG00000251409,0.3333333333333333,0.0,-0.3333333333333333
ENSG00000251600,0.3333333333333333,0.0,-0.3333333333333333
ENSG00000235128,0.3333333333333333,0.0,-0.3333333333333333
HADHAP1,0.3333333333333333,0.0,-0.3333333333333333
MICOS10,0.3333333333333333,0.0,-0.3333333333333333
MICOS10-NBL1,0.3333333333333333,0.0,-0.3333333333333333
ENSG00000253507,0.3333333333333333,0.0,-0.3333333333333333
CDC42P6,0.3333333333333333,0.0,-0.3333333333333333
ENSG00000253372,0.3333333333333333,0.0,-0.3333333333333333
ENSG00000253370,0.3333333333333333,0.0,-0.3333333333333333
ENSG00000235237,0.3333333333333333,0.0,-0.3333333333333333
ENSG00000235241,0.3333333333333333,0.0,-0.3333333333333333
MILR1,0.3333333333333333,0.0,-0.3333333333333333
CDH13,0.3333333333333333,0.0,-0.3333333333333333
ENSG00000253335,0.3333333333333333,0.0,-0.3333333333333333
HABP4,0.3333333333333333,0.0,-0.3333333333333333
CDK20,0.3333333333333333,0.0,-0.3333333333333333
GIMAP1-GIMAP5,0.3333333333333333,0.0,-0.3333333333333333
CDK5R1,0.3333333333333333,0.0,-0.3333333333333333
GJA5,0.3333333333333333,0.0,-0.3333333333333333
ENSG00000253106,0.3333333333333333,0.0,-0.3333333333333333
GK,0.3333333333333333,0.0,-0.3333333333333333
ENSG00000252992,0.3333333333333333,0.0,-0.3333333333333333
MIR181A1HG,0.3333333333333333,0.0,-0.3333333333333333
MYL12BP1,0.3333333333333333,0.0,-0.3333333333333333
ENSG00000249098,0.3333333333333333,0.0,-0.3333333333333333
MTND5P2,0.3333333333333333,0.0,-0.3333333333333333
MTND4P7,0.3333333333333333,0.0,-0.3333333333333333
CIP2A,0.3333333333333333,0.0,-0.3333333333333333
ENSG00000243314,0.3333333333333333,0.0,-0.3333333333333333
ENSG00000243179,0.3333333333333333,0.0,-0.3333333333333333
GSTO3P,0.3333333333333333,0.0,-0.3333333333333333
ENSG00000242951,0.3333333333333333,0.0,-0.3333333333333333
CHCHD2P6,0.3333333333333333,0.0,-0.3333333333333333
ENSG00000242628,0.3333333333333333,0.0,-0.3333333333333333
ENSG00000237870,0.3333333333333333,0.0,-0.3333333333333333
ENSG00000237903,0.3333333333333333,0.0,-0.3333333333333333
MPHOSPH10P1,0.3333333333333333,0.0,-0.3333333333333333
GPR22,0.3333333333333333,0.0,-0.3333333333333333
MRPL39,0.3333333333333333,0.0,-0.3333333333333333
MPND,0.3333333333333333,0.0,-0.3333333333333333
CHN2-AS1,0.3333333333333333,0.0,-0.3333333333333333
CHTF8,0.3333333333333333,0.0,-0.3333333333333333
MROH7-TTC4,0.3333333333333333,0.0,-0.3333333333333333
ENSG00000240898,0.3333333333333333,0.0,-0.3333333333333333
GPR87,0.3333333333333333,0.0,-0.3333333333333333
CHPF2,0.3333333333333333,0.0,-0.3333333333333333
GPX7,0.3333333333333333,0.0,-0.3333333333333333
MRFAP1L1,0.3333333333333333,0.0,-0.3333333333333333
ENSG00000240739,0.3333333333333333,0.0,-0.3333333333333333
GRASLND,0.3333333333333333,0.0,-0.3333333333333333
GRK6P1,0.3333333333333333,0.0,-0.3333333333333333
GTF2A1L,0.3333333333333333,0.0,-0.3333333333333333
ENSG00000244675,0.3333333333333333,0.0,-0.3333333333333333
GNA15-DT,0.3333333333333333,0.0,-0.3333333333333333
MSC,0.3333333333333333,0.0,-0.3333333333333333
MTND1P10,0.3333333333333333,0.0,-0.3333333333333333
ENSG00000248863,0.3333333333333333,0.0,-0.3333333333333333
GNG8,0.3333333333333333,0.0,-0.3333333333333333
CENPX,0.3333333333333333,0.0,-0.3333333333333333
ENSG00000248840,0.3333333333333333,0.0,-0.3333333333333333
MTHFD1L,0.3333333333333333,0.0,-0.3333333333333333
GUSBP1,0.3333333333333333,0.0,-0.3333333333333333
MMADHC-DT,0.3333333333333333,0.0,-0.3333333333333333
GUCY1B1,0.3333333333333333,0.0,-0.3333333333333333
MTCH2,0.3333333333333333,0.0,-0.3333333333333333
MTBP,0.3333333333333333,0.0,-0.3333333333333333
ENSG00000237596,0.3333333333333333,0.0,-0.3333333333333333
GOLGA5,0.3333333333333333,0.0,-0.3333333333333333
CEP85,0.3333333333333333,0.0,-0.3333333333333333
CITED1,0.3333333333333333,0.0,-0.3333333333333333
MT-TL2,0.3333333333333333,0.0,-0.3333333333333333
GOLM1,0.3333333333333333,0.0,-0.3333333333333333
GTPBP1,0.3333333333333333,0.0,-0.3333333333333333
GTF3C5,0.3333333333333333,0.0,-0.3333333333333333
ENSG00000237768,0.3333333333333333,0.0,-0.3333333333333333
GTF3C3,0.3333333333333333,0.0,-0.3333333333333333
GOSR1,0.3333333333333333,0.0,-0.3333333333333333
ENSG00000245156,0.3333333333333333,0.0,-0.3333333333333333
CDADC1,0.3333333333333333,0.0,-0.3333333333333333
ENSG00000253785,0.3333333333333333,0.0,-0.3333333333333333
ENSG00000260912,0.3333333333333333,0.0,-0.3333333333333333
HIGD1C,0.3333333333333333,0.0,-0.3333333333333333
FRMPD1,0.3333333333333333,0.0,-0.3333333333333333
FTH1P1,0.3333333333333333,0.0,-0.3333333333333333
ENSG00000231521,0.3333333333333333,0.0,-0.3333333333333333
ENSG00000258663,0.3333333333333333,0.0,-0.3333333333333333
HMCN2,0.3333333333333333,0.0,-0.3333333333333333
ENSG00000258172,0.3333333333333333,0.0,-0.3333333333333333
ENSG00000231703,0.3333333333333333,0.0,-0.3333333333333333
CCDC59,0.3333333333333333,0.0,-0.3333333333333333
ENSG00000231747,0.3333333333333333,0.0,-0.3333333333333333
NEK6,0.3333333333333333,0.0,-0.3333333333333333
ENSG00000231873,0.3333333333333333,0.0,-0.3333333333333333
ENSG00000232259,0.3333333333333333,0.0,-0.3333333333333333
GDPD2,0.3333333333333333,0.0,-0.3333333333333333
ENSG00000257732,0.3333333333333333,0.0,-0.3333333333333333
HEXD-IT1,0.3333333333333333,0.0,-0.3333333333333333
ENSG00000232821,0.3333333333333333,0.0,-0.3333333333333333
CCL11,0.3333333333333333,0.0,-0.3333333333333333
FUT8-AS1,0.3333333333333333,0.0,-0.3333333333333333
CCM2L,0.3333333333333333,0.0,-0.3333333333333333
HERC2P2,0.3333333333333333,0.0,-0.3333333333333333
ENSG00000257438,0.3333333333333333,0.0,-0.3333333333333333
CCN6,0.3333333333333333,0.0,-0.3333333333333333
FXYD7,0.3333333333333333,0.0,-0.3333333333333333
COL10A1,0.3333333333333333,0.0,-0.3333333333333333
ENSG00000259269,0.3333333333333333,0.0,-0.3333333333333333
ENSG00000231353,0.3333333333333333,0.0,-0.3333333333333333
ENSG00000259354,0.3333333333333333,0.0,-0.3333333333333333
MCTS2,0.3333333333333333,0.0,-0.3333333333333333
CASKIN1,0.3333333333333333,0.0,-0.3333333333333333
ENSG00000260884,0.3333333333333333,0.0,-0.3333333333333333
MCHR1,0.3333333333333333,0.0,-0.3333333333333333
HMGN1P37,0.3333333333333333,0.0,-0.3333333333333333
NLGN2,0.3333333333333333,0.0,-0.3333333333333333
ENSG00000230929,0.3333333333333333,0.0,-0.3333333333333333
CASTOR3P,0.3333333333333333,0.0,-0.3333333333333333
HMGN1P1,0.3333333333333333,0.0,-0.3333333333333333
FIG4,0.3333333333333333,0.0,-0.3333333333333333
MCOLN1,0.3333333333333333,0.0,-0.3333333333333333
CBX3P3,0.3333333333333333,0.0,-0.3333333333333333
ENSG00000260425,0.3333333333333333,0.0,-0.3333333333333333
FLRT3,0.3333333333333333,0.0,-0.3333333333333333
ENSG00000260401,0.3333333333333333,0.0,-0.3333333333333333
FMO4,0.3333333333333333,0.0,-0.3333333333333333
ENSG00000259986,0.3333333333333333,0.0,-0.3333333333333333
NHLH2,0.3333333333333333,0.0,-0.3333333333333333
COPS7B,0.3333333333333333,0.0,-0.3333333333333333
HMGB3P4,0.3333333333333333,0.0,-0.3333333333333333
NFYB,0.3333333333333333,0.0,-0.3333333333333333
ENSG00000259632,0.3333333333333333,0.0,-0.3333333333333333
ENSG00000259463,0.3333333333333333,0.0,-0.3333333333333333
HMGB1P5,0.3333333333333333,0.0,-0.3333333333333333
COA6-AS1,0.3333333333333333,0.0,-0.3333333333333333
NDUFAF8,0.3333333333333333,0.0,-0.3333333333333333
NDUFAF4P3,0.3333333333333333,0.0,-0.3333333333333333
NBR1,0.3333333333333333,0.0,-0.3333333333333333
NBPF15,0.3333333333333333,0.0,-0.3333333333333333
ENSG00000255455,0.3333333333333333,0.0,-0.3333333333333333
ENSG00000234156,0.3333333333333333,0.0,-0.3333333333333333
CD300C,0.3333333333333333,0.0,-0.3333333333333333
ENSG00000255114,0.3333333333333333,0.0,-0.3333333333333333
ENSG00000234428,0.3333333333333333,0.0,-0.3333333333333333
ENSG00000255060,0.3333333333333333,0.0,-0.3333333333333333
ENSG00000234459,0.3333333333333333,0.0,-0.3333333333333333
ENSG00000255031,0.3333333333333333,0.0,-0.3333333333333333
HBEGF,0.3333333333333333,0.0,-0.3333333333333333
GBAP1,0.3333333333333333,0.0,-0.3333333333333333
ENSG00000254721,0.3333333333333333,0.0,-0.3333333333333333
ENSG00000235085,0.3333333333333333,0.0,-0.3333333333333333
CD74,0.3333333333333333,0.0,-0.3333333333333333
ENSG00000254665,0.3333333333333333,0.0,-0.3333333333333333
ENSG00000254400,0.3333333333333333,0.0,-0.3333333333333333
CLEC9A,0.3333333333333333,0.0,-0.3333333333333333
HAS2-AS1,0.3333333333333333,0.0,-0.3333333333333333
GCC2-AS1,0.3333333333333333,0.0,-0.3333333333333333
CLEC5A,0.3333333333333333,0.0,-0.3333333333333333
ENSG00000253854,0.3333333333333333,0.0,-0.3333333333333333
GDF10,0.3333333333333333,0.0,-0.3333333333333333
GDNF,0.3333333333333333,0.0,-0.3333333333333333
MFSD14A,0.3333333333333333,0.0,-0.3333333333333333
CLTC,0.3333333333333333,0.0,-0.3333333333333333
NDUFAB1,0.3333333333333333,0.0,-0.3333333333333333
GAPDHP40,0.3333333333333333,0.0,-0.3333333333333333
NDUFA8,0.3333333333333333,0.0,-0.3333333333333333
FZD1,0.3333333333333333,0.0,-0.3333333333333333
CCNJ,0.3333333333333333,0.0,-0.3333333333333333
CCNL2,0.3333333333333333,0.0,-0.3333333333333333
CCNQ,0.3333333333333333,0.0,-0.3333333333333333
CNOT11,0.3333333333333333,0.0,-0.3333333333333333
HEPHL1,0.3333333333333333,0.0,-0.3333333333333333
ENSG00000257384,0.3333333333333333,0.0,-0.3333333333333333
ENSG00000257368,0.3333333333333333,0.0,-0.3333333333333333
METAP2,0.3333333333333333,0.0,-0.3333333333333333
ENSG00000257279,0.3333333333333333,0.0,-0.3333333333333333
GABRB2,0.3333333333333333,0.0,-0.3333333333333333
ENSG00000233339,0.3333333333333333,0.0,-0.3333333333333333
ENSG00000257207,0.3333333333333333,0.0,-0.3333333333333333
HEMK1,0.3333333333333333,0.0,-0.3333333333333333
ENSG00000257121,0.3333333333333333,0.0,-0.3333333333333333
CLYBL,0.3333333333333333,0.0,-0.3333333333333333
NCLP1,0.3333333333333333,0.0,-0.3333333333333333
ENSG00000256557,0.3333333333333333,0.0,-0.3333333333333333
NCKAP5L,0.3333333333333333,0.0,-0.3333333333333333
ENSG00000256204,0.3333333333333333,0.0,-0.3333333333333333
ENSG00000233388,0.3333333333333333,0.0,-0.3333333333333333
ENSG00000233478,0.3333333333333333,0.0,-0.3333333333333333
ENSG00000270299,0.3333333333333333,0.0,-0.3333333333333333
ESPL1,0.3333333333333333,0.0,-0.3333333333333333
ENSG00000288827,0.3333333333333333,0.0,-0.3333333333333333
QSOX2,0.3333333333333333,0.0,-0.3333333333333333
DNAJC13,0.3333333333333333,0.0,-0.3333333333333333
ENSG00000273674,0.3333333333333333,0.0,-0.3333333333333333
LINC00689,0.3333333333333333,0.0,-0.3333333333333333
ENSG00000288066,0.3333333333333333,0.0,-0.3333333333333333
ENSG00000280274,0.3333333333333333,0.0,-0.3333333333333333
ENSG00000288539,0.3333333333333333,0.0,-0.3333333333333333
JPH1,0.3333333333333333,0.0,-0.3333333333333333
PPP1R37,0.3333333333333333,0.0,-0.3333333333333333
ENSG00000276337,0.3333333333333333,0.0,-0.3333333333333333
ENSG00000273108,0.3333333333333333,0.0,-0.3333333333333333
EDC3,0.3333333333333333,0.0,-0.3333333333333333
EDNRB,0.3333333333333333,0.0,-0.3333333333333333
AGBL5-IT1,0.3333333333333333,0.0,-0.3333333333333333
PPM1F,0.3333333333333333,0.0,-0.3333333333333333
ENSG00000276412,0.3333333333333333,0.0,-0.3333333333333333
AP2A2,0.3333333333333333,0.0,-0.3333333333333333
ENSG00000280106,0.3333333333333333,0.0,-0.3333333333333333
PSD,0.3333333333333333,0.0,-0.3333333333333333
DNAJB14,0.3333333333333333,0.0,-0.3333333333333333
ENSG00000288049,0.3333333333333333,0.0,-0.3333333333333333
KIF4A,0.3333333333333333,0.0,-0.3333333333333333
LINC00265,0.3333333333333333,0.0,-0.3333333333333333
ENSG00000287691,0.3333333333333333,0.0,-0.3333333333333333
ENSG00000285560,0.3333333333333333,0.0,-0.3333333333333333
ENSG00000287782,0.3333333333333333,0.0,-0.3333333333333333
ENSG00000276261,0.3333333333333333,0.0,-0.3333333333333333
DESI2,0.3333333333333333,0.0,-0.3333333333333333
PXN-AS1,0.3333333333333333,0.0,-0.3333333333333333
ADAD2,0.3333333333333333,0.0,-0.3333333333333333
PRADX,0.3333333333333333,0.0,-0.3333333333333333
DERPC,0.3333333333333333,0.0,-0.3333333333333333
ENSG00000286185,0.3333333333333333,0.0,-0.3333333333333333
ENSG00000273035,0.3333333333333333,0.0,-0.3333333333333333
DNAJA1,0.3333333333333333,0.0,-0.3333333333333333
ENSG00000287965,0.3333333333333333,0.0,-0.3333333333333333
LINC00668,0.3333333333333333,0.0,-0.3333333333333333
PPP4R1,0.3333333333333333,0.0,-0.3333333333333333
ENSG00000288000,0.3333333333333333,0.0,-0.3333333333333333
ENSG00000288031,0.3333333333333333,0.0,-0.3333333333333333
ITM2C,0.3333333333333333,0.0,-0.3333333333333333
DEGS2,0.3333333333333333,0.0,-0.3333333333333333
ENSG00000288598,0.3333333333333333,0.0,-0.3333333333333333
ISY1-RAB43,0.3333333333333333,0.0,-0.3333333333333333
POLR3K,0.3333333333333333,0.0,-0.3333333333333333
ENSG00000279880,0.3333333333333333,0.0,-0.3333333333333333
APELA,0.3333333333333333,0.0,-0.3333333333333333
ENSG00000285751,0.3333333333333333,0.0,-0.3333333333333333
LINC01094,0.3333333333333333,0.0,-0.3333333333333333
ENSG00000279803,0.3333333333333333,0.0,-0.3333333333333333
LAMC2,0.3333333333333333,0.0,-0.3333333333333333
ENSG00000288835,0.3333333333333333,0.0,-0.3333333333333333
ENSG00000272588,0.3333333333333333,0.0,-0.3333333333333333
ACTA2,0.3333333333333333,0.0,-0.3333333333333333
RAB36,0.3333333333333333,0.0,-0.3333333333333333
ENSG00000289013,0.3333333333333333,0.0,-0.3333333333333333
LINC01116,0.3333333333333333,0.0,-0.3333333333333333
ENSG00000289026,0.3333333333333333,0.0,-0.3333333333333333
ENSG00000276593,0.3333333333333333,0.0,-0.3333333333333333
ENSG00000279742,0.3333333333333333,0.0,-0.3333333333333333
LAMB2,0.3333333333333333,0.0,-0.3333333333333333
POMGNT1,0.3333333333333333,0.0,-0.3333333333333333
ENSG00000288773,0.3333333333333333,0.0,-0.3333333333333333
ENSG00000272977,0.3333333333333333,0.0,-0.3333333333333333
ENSG00000273691,0.3333333333333333,0.0,-0.3333333333333333
DDX54,0.3333333333333333,0.0,-0.3333333333333333
PPIAP79,0.3333333333333333,0.0,-0.3333333333333333
ITGB3BP,0.3333333333333333,0.0,-0.3333333333333333
ENSG00000280048,0.3333333333333333,0.0,-0.3333333333333333
LAMTOR5-AS1,0.3333333333333333,0.0,-0.3333333333333333
ENSG00000272848,0.3333333333333333,0.0,-0.3333333333333333
EEF1AKMT2,0.3333333333333333,0.0,-0.3333333333333333
DDX28,0.3333333333333333,0.0,-0.3333333333333333
LAMP3,0.3333333333333333,0.0,-0.3333333333333333
RAB13,0.3333333333333333,0.0,-0.3333333333333333
ENSG00000272844,0.3333333333333333,0.0,-0.3333333333333333
RAB1A,0.3333333333333333,0.0,-0.3333333333333333
ENSG00000280011,0.3333333333333333,0.0,-0.3333333333333333
POU6F1,0.3333333333333333,0.0,-0.3333333333333333
ENSG00000280010,0.3333333333333333,0.0,-0.3333333333333333
DTX4,0.3333333333333333,0.0,-0.3333333333333333
ENSG00000272656,0.3333333333333333,0.0,-0.3333333333333333
ENSG00000287666,0.3333333333333333,0.0,-0.3333333333333333
ENSG00000273141,0.3333333333333333,0.0,-0.3333333333333333
DNASE1L1,0.3333333333333333,0.0,-0.3333333333333333
DGKQ,0.3333333333333333,0.0,-0.3333333333333333
PROSER2,0.3333333333333333,0.0,-0.3333333333333333
KCNJ2,0.3333333333333333,0.0,-0.3333333333333333
ENSG00000285216,0.3333333333333333,0.0,-0.3333333333333333
AGAP2,0.3333333333333333,0.0,-0.3333333333333333
PROM2,0.3333333333333333,0.0,-0.3333333333333333
DGUOK,0.3333333333333333,0.0,-0.3333333333333333
ADPRHL1,0.3333333333333333,0.0,-0.3333333333333333
LDLRAD2,0.3333333333333333,0.0,-0.3333333333333333
ENSG00000286729,0.3333333333333333,0.0,-0.3333333333333333
KBTBD3,0.3333333333333333,0.0,-0.3333333333333333
ENSG00000275454,0.3333333333333333,0.0,-0.3333333333333333
ENSG00000286757,0.3333333333333333,0.0,-0.3333333333333333
DUSP12,0.3333333333333333,0.0,-0.3333333333333333
ENSG00000275693,0.3333333333333333,0.0,-0.3333333333333333
ALKBH4,0.3333333333333333,0.0,-0.3333333333333333
KIF14,0.3333333333333333,0.0,-0.3333333333333333
ENSG00000284461,0.3333333333333333,0.0,-0.3333333333333333
ENSG00000286787,0.3333333333333333,0.0,-0.3333333333333333
ALG3,0.3333333333333333,0.0,-0.3333333333333333
ENSG00000286667,0.3333333333333333,0.0,-0.3333333333333333
PRPF38B,0.3333333333333333,0.0,-0.3333333333333333
ENSG00000286608,0.3333333333333333,0.0,-0.3333333333333333
PTP4A1P2,0.3333333333333333,0.0,-0.3333333333333333
ENSG00000286273,0.3333333333333333,0.0,-0.3333333333333333
ENSG00000286349,0.3333333333333333,0.0,-0.3333333333333333
KDM7A-DT,0.3333333333333333,0.0,-0.3333333333333333
ENSG00000286411,0.3333333333333333,0.0,-0.3333333333333333
LINC00310,0.3333333333333333,0.0,-0.3333333333333333
ALG1,0.3333333333333333,0.0,-0.3333333333333333
ENSG00000286457,0.3333333333333333,0.0,-0.3333333333333333
KHK,0.3333333333333333,0.0,-0.3333333333333333
LGALS2,0.3333333333333333,0.0,-0.3333333333333333
ENSG00000273338,0.3333333333333333,0.0,-0.3333333333333333
PRR11-AS1,0.3333333333333333,0.0,-0.3333333333333333
DUXA,0.3333333333333333,0.0,-0.3333333333333333
KIAA0087,0.3333333333333333,0.0,-0.3333333333333333
AFG3L2,0.3333333333333333,0.0,-0.3333333333333333
PRPH2,0.3333333333333333,0.0,-0.3333333333333333
ENSG00000286606,0.3333333333333333,0.0,-0.3333333333333333
ENSG00000286797,0.3333333333333333,0.0,-0.3333333333333333
ENSG00000273209,0.3333333333333333,0.0,-0.3333333333333333
LBP,0.3333333333333333,0.0,-0.3333333333333333
ENSG00000287133,0.3333333333333333,0.0,-0.3333333333333333
LINC00639,0.3333333333333333,0.0,-0.3333333333333333
ENSG00000273183,0.3333333333333333,0.0,-0.3333333333333333
ENSG00000287145,0.3333333333333333,0.0,-0.3333333333333333
ENSG00000287189,0.3333333333333333,0.0,-0.3333333333333333
DGCR6L,0.3333333333333333,0.0,-0.3333333333333333
KIF23,0.3333333333333333,0.0,-0.3333333333333333
ENSG00000287335,0.3333333333333333,0.0,-0.3333333333333333
ENSG00000287408,0.3333333333333333,0.0,-0.3333333333333333
ANKRD13C,0.3333333333333333,0.0,-0.3333333333333333
DNAAF5,0.3333333333333333,0.0,-0.3333333333333333
LINC00278,0.3333333333333333,0.0,-0.3333333333333333
ENSG00000287458,0.3333333333333333,0.0,-0.3333333333333333
KIF24,0.3333333333333333,0.0,-0.3333333333333333
PRELID1P4,0.3333333333333333,0.0,-0.3333333333333333
PRTG,0.3333333333333333,0.0,-0.3333333333333333
ENSG00000287575,0.3333333333333333,0.0,-0.3333333333333333
ENSG00000280381,0.3333333333333333,0.0,-0.3333333333333333
ENSG00000280383,0.3333333333333333,0.0,-0.3333333333333333
ENSG00000276248,0.3333333333333333,0.0,-0.3333333333333333
KCNE1,0.3333333333333333,0.0,-0.3333333333333333
AGBL2,0.3333333333333333,0.0,-0.3333333333333333
PRMT1P1,0.3333333333333333,0.0,-0.3333333333333333
LINC00571,0.3333333333333333,0.0,-0.3333333333333333
ENSG00000286938,0.3333333333333333,0.0,-0.3333333333333333
ENSG00000287040,0.3333333333333333,0.0,-0.3333333333333333
ENSG00000287077,0.3333333333333333,0.0,-0.3333333333333333
AMPH,0.3333333333333333,0.0,-0.3333333333333333
LINC00612,0.3333333333333333,0.0,-0.3333333333333333
DNA2,0.3333333333333333,0.0,-0.3333333333333333
ENSG00000283355,0.3333333333333333,0.0,-0.3333333333333333
ENSG00000275805,0.3333333333333333,0.0,-0.3333333333333333
PFKFB4,0.3333333333333333,0.0,-0.3333333333333333
PRKCE,0.3333333333333333,0.0,-0.3333333333333333
ANGPTL6,0.3333333333333333,0.0,-0.3333333333333333
LINC00630,0.3333333333333333,0.0,-0.3333333333333333
ENSG00000273471,0.3333333333333333,0.0,-0.3333333333333333
ADCY6,0.3333333333333333,0.0,-0.3333333333333333
ENSG00000276089,0.3333333333333333,0.0,-0.3333333333333333
KLF2,0.3333333333333333,0.0,-0.3333333333333333
LINC01144,0.3333333333333333,0.0,-0.3333333333333333
PTMAP12,0.3333333333333333,0.0,-0.3333333333333333
ASH1L-AS1,0.3333333333333333,0.0,-0.3333333333333333
ENSG00000274297,0.3333333333333333,0.0,-0.3333333333333333
ASAP3,0.3333333333333333,0.0,-0.3333333333333333
ASB8,0.3333333333333333,0.0,-0.3333333333333333
KLHL35,0.3333333333333333,0.0,-0.3333333333333333
DRG2,0.3333333333333333,0.0,-0.3333333333333333
DOCK8-AS2,0.3333333333333333,0.0,-0.3333333333333333
ELAPOR2,0.3333333333333333,0.0,-0.3333333333333333
ELOBP1,0.3333333333333333,0.0,-0.3333333333333333
ENSG00000279333,0.3333333333333333,0.0,-0.3333333333333333
ABCC11,0.3333333333333333,0.0,-0.3333333333333333
PIF1,0.3333333333333333,0.0,-0.3333333333333333
DPY30,0.3333333333333333,0.0,-0.3333333333333333
ENSG00000285909,0.3333333333333333,0.0,-0.3333333333333333
ENSG00000290316,0.3333333333333333,0.0,-0.3333333333333333
ENSG00000290577,0.3333333333333333,0.0,-0.3333333333333333
ENSG00000290653,0.3333333333333333,0.0,-0.3333333333333333
ENSG00000290733,0.3333333333333333,0.0,-0.3333333333333333
PIAS3,0.3333333333333333,0.0,-0.3333333333333333
ENSG00000290068,0.3333333333333333,0.0,-0.3333333333333333
RAMP3,0.3333333333333333,0.0,-0.3333333333333333
ASAH1-AS1,0.3333333333333333,0.0,-0.3333333333333333
AAR2,0.3333333333333333,0.0,-0.3333333333333333
ENSG00000272277,0.3333333333333333,0.0,-0.3333333333333333
INCA1,0.3333333333333333,0.0,-0.3333333333333333
ENSG00000289703,0.3333333333333333,0.0,-0.3333333333333333
ENSG00000289720,0.3333333333333333,0.0,-0.3333333333333333
ENSG00000289852,0.3333333333333333,0.0,-0.3333333333333333
PJA1,0.3333333333333333,0.0,-0.3333333333333333
RAET1E-AS1,0.3333333333333333,0.0,-0.3333333333333333
ENSG00000278518,0.3333333333333333,0.0,-0.3333333333333333
KRT223P,0.3333333333333333,0.0,-0.3333333333333333
ENSG00000289927,0.3333333333333333,0.0,-0.3333333333333333
ENSG00000279353,0.3333333333333333,0.0,-0.3333333333333333
ENSG00000271976,0.3333333333333333,0.0,-0.3333333333333333
ENSG00000290048,0.3333333333333333,0.0,-0.3333333333333333
ENSG00000278703,0.3333333333333333,0.0,-0.3333333333333333
ENSG00000271947,0.3333333333333333,0.0,-0.3333333333333333
LINC02160,0.3333333333333333,0.0,-0.3333333333333333
PILRA,0.3333333333333333,0.0,-0.3333333333333333
ASPSCR1,0.3333333333333333,0.0,-0.3333333333333333
ENSG00000279311,0.3333333333333333,0.0,-0.3333333333333333
DPP9,0.3333333333333333,0.0,-0.3333333333333333
KPNB1-DT,0.3333333333333333,0.0,-0.3333333333333333
ENSG00000279147,0.3333333333333333,0.0,-0.3333333333333333
ENSG00000270755,0.3333333333333333,0.0,-0.3333333333333333
RASD2,0.3333333333333333,0.0,-0.3333333333333333
ENSG00000291165,0.3333333333333333,0.0,-0.3333333333333333
ENSG00000270681,0.3333333333333333,0.0,-0.3333333333333333
KLK13,0.3333333333333333,0.0,-0.3333333333333333
A2M-AS1,0.3333333333333333,0.0,-0.3333333333333333
LINC02605,0.3333333333333333,0.0,-0.3333333333333333
ENSG00000285824,0.3333333333333333,0.0,-0.3333333333333333
ENSG00000270574,0.3333333333333333,0.0,-0.3333333333333333
KLKB1,0.3333333333333333,0.0,-0.3333333333333333
ENSG00000274415,0.3333333333333333,0.0,-0.3333333333333333
ATP5MFP5,0.3333333333333333,0.0,-0.3333333333333333
ENSG00000270426,0.3333333333333333,0.0,-0.3333333333333333
ATP5MK,0.3333333333333333,0.0,-0.3333333333333333
A1BG-AS1,0.3333333333333333,0.0,-0.3333333333333333
ENOX1-AS1,0.3333333333333333,0.0,-0.3333333333333333
PGS1,0.3333333333333333,0.0,-0.3333333333333333
ENSG00000278875,0.3333333333333333,0.0,-0.3333333333333333
IGSF9B,0.3333333333333333,0.0,-0.3333333333333333
DAB1,0.3333333333333333,0.0,-0.3333333333333333
ENSG00000290931,0.3333333333333333,0.0,-0.3333333333333333
DHX57,0.3333333333333333,0.0,-0.3333333333333333
PHOSPHO2,0.3333333333333333,0.0,-0.3333333333333333
DACH2,0.3333333333333333,0.0,-0.3333333333333333
ENSG00000285845,0.3333333333333333,0.0,-0.3333333333333333
LINC02371,0.3333333333333333,0.0,-0.3333333333333333
ENSG00000290989,0.3333333333333333,0.0,-0.3333333333333333
ENSG00000279277,0.3333333333333333,0.0,-0.3333333333333333
ENSG00000291003,0.3333333333333333,0.0,-0.3333333333333333
LINC02392,0.3333333333333333,0.0,-0.3333333333333333
ENSG00000291054,0.3333333333333333,0.0,-0.3333333333333333
ENSG00000271741,0.3333333333333333,0.0,-0.3333333333333333
ENSG00000271452,0.3333333333333333,0.0,-0.3333333333333333
ENSG00000270792,0.3333333333333333,0.0,-0.3333333333333333
ENSG00000274425,0.3333333333333333,0.0,-0.3333333333333333
ENSG00000279259,0.3333333333333333,0.0,-0.3333333333333333
ENSG00000285708,0.3333333333333333,0.0,-0.3333333333333333
ENSG00000279393,0.3333333333333333,0.0,-0.3333333333333333
ARMC2,0.3333333333333333,0.0,-0.3333333333333333
APOE,0.3333333333333333,0.0,-0.3333333333333333
ARHGAP15,0.3333333333333333,0.0,-0.3333333333333333
KLHL17,0.3333333333333333,0.0,-0.3333333333333333
ACKR3,0.3333333333333333,0.0,-0.3333333333333333
ENSG00000272416,0.3333333333333333,0.0,-0.3333333333333333
ENSG00000274024,0.3333333333333333,0.0,-0.3333333333333333
IRAK1,0.3333333333333333,0.0,-0.3333333333333333
KRT8P47,0.3333333333333333,0.0,-0.3333333333333333
PLXNA3,0.3333333333333333,0.0,-0.3333333333333333
ENSG00000272402,0.3333333333333333,0.0,-0.3333333333333333
ACKR1,0.3333333333333333,0.0,-0.3333333333333333
PKP4-AS1,0.3333333333333333,0.0,-0.3333333333333333
ENSG00000289269,0.3333333333333333,0.0,-0.3333333333333333
IQSEC3,0.3333333333333333,0.0,-0.3333333333333333
KRT8P29,0.3333333333333333,0.0,-0.3333333333333333
ENSG00000279594,0.3333333333333333,0.0,-0.3333333333333333
ENSG00000272368,0.3333333333333333,0.0,-0.3333333333333333
ACAD9-DT,0.3333333333333333,0.0,-0.3333333333333333
ENSG00000289296,0.3333333333333333,0.0,-0.3333333333333333
ENSG00000289304,0.3333333333333333,0.0,-0.3333333333333333
EHD3,0.3333333333333333,0.0,-0.3333333333333333
IRGM,0.3333333333333333,0.0,-0.3333333333333333
ENSG00000279649,0.3333333333333333,0.0,-0.3333333333333333
ENSG00000289208,0.3333333333333333,0.0,-0.3333333333333333
ENSG00000279739,0.3333333333333333,0.0,-0.3333333333333333
DDX11,0.3333333333333333,0.0,-0.3333333333333333
ENSG00000273828,0.3333333333333333,0.0,-0.3333333333333333
ACP2,0.3333333333333333,0.0,-0.3333333333333333
LINC00222,0.3333333333333333,0.0,-0.3333333333333333
KLF7-IT1,0.3333333333333333,0.0,-0.3333333333333333
ENSG00000289075,0.3333333333333333,0.0,-0.3333333333333333
PNRC1,0.3333333333333333,0.0,-0.3333333333333333
IRX2-DT,0.3333333333333333,0.0,-0.3333333333333333
ENSG00000289137,0.3333333333333333,0.0,-0.3333333333333333
ENSG00000272498,0.3333333333333333,0.0,-0.3333333333333333
ENSG00000289156,0.3333333333333333,0.0,-0.3333333333333333
ENSG00000279692,0.3333333333333333,0.0,-0.3333333333333333
EHBP1,0.3333333333333333,0.0,-0.3333333333333333
RAB9A,0.3333333333333333,0.0,-0.3333333333333333
ENSG00000289164,0.3333333333333333,0.0,-0.3333333333333333
ENSG00000279663,0.3333333333333333,0.0,-0.3333333333333333
DYNLT4,0.3333333333333333,0.0,-0.3333333333333333
ENSG00000289317,0.3333333333333333,0.0,-0.3333333333333333
DHRSX,0.3333333333333333,0.0,-0.3333333333333333
ENSG00000274220,0.3333333333333333,0.0,-0.3333333333333333
ENSG00000289515,0.3333333333333333,0.0,-0.3333333333333333
INSRR,0.3333333333333333,0.0,-0.3333333333333333
ENSG00000272335,0.3333333333333333,0.0,-0.3333333333333333
ABHD12B,0.3333333333333333,0.0,-0.3333333333333333
EIF2B3,0.3333333333333333,0.0,-0.3333333333333333
PLBD1,0.3333333333333333,0.0,-0.3333333333333333
ABCD1,0.3333333333333333,0.0,-0.3333333333333333
ENSG00000289611,0.3333333333333333,0.0,-0.3333333333333333
ENSG00000289618,0.3333333333333333,0.0,-0.3333333333333333
LINC01788,0.3333333333333333,0.0,-0.3333333333333333
PLA2G6,0.3333333333333333,0.0,-0.3333333333333333
ENSG00000285636,0.3333333333333333,0.0,-0.3333333333333333
ENSG00000279500,0.3333333333333333,0.0,-0.3333333333333333
ENSG00000279481,0.3333333333333333,0.0,-0.3333333333333333
EIF2S2P3,0.3333333333333333,0.0,-0.3333333333333333
DOCK4-AS1,0.3333333333333333,0.0,-0.3333333333333333
INO80B,0.3333333333333333,0.0,-0.3333333333333333
ENSG00000289470,0.3333333333333333,0.0,-0.3333333333333333
ENSG00000289443,0.3333333333333333,0.0,-0.3333333333333333
IQSEC2,0.3333333333333333,0.0,-0.3333333333333333
AIFM1,0.3333333333333333,0.0,-0.3333333333333333
DYNLT5,0.3333333333333333,0.0,-0.3333333333333333
KRT81,0.3333333333333333,0.0,-0.3333333333333333
IQCB1,0.3333333333333333,0.0,-0.3333333333333333
ARHGAP39,0.3333333333333333,0.0,-0.3333333333333333
EIF1,0.3333333333333333,0.0,-0.3333333333333333
ENSG00000279573,0.3333333333333333,0.0,-0.3333333333333333
LINC01560,0.3333333333333333,0.0,-0.3333333333333333
ENSG00000278017,0.3333333333333333,0.0,-0.3333333333333333
ABHD14A-ACY1,0.3333333333333333,0.0,-0.3333333333333333
ENSG00000279528,0.3333333333333333,0.0,-0.3333333333333333
LINC01681,0.3333333333333333,0.0,-0.3333333333333333
ENSG00000289365,0.3333333333333333,0.0,-0.3333333333333333
ARHGEF16,0.3333333333333333,0.0,-0.3333333333333333
DHX30,0.3333333333333333,0.0,-0.3333333333333333
KLHL22,0.3333333333333333,0.0,-0.3333333333333333
INSYN2B,0.3333333333333333,0.0,-0.3333333333333333
ENSG00000289397,0.3333333333333333,0.0,-0.3333333333333333
DISC1-IT1,0.3333333333333333,0.0,-0.3333333333333333
SFXN5,0.8333333333333334,0.5,-0.33333333333333337
LDLRAP1,0.8333333333333334,0.5,-0.33333333333333337
SNN,0.8333333333333334,0.5,-0.33333333333333337
SNRNP48,0.8333333333333334,0.5,-0.33333333333333337
MRFAP1,0.8333333333333334,0.5,-0.33333333333333337
CHMP2B,0.8333333333333334,0.5,-0.33333333333333337
AAAS,0.8333333333333334,0.5,-0.33333333333333337
TRAP1,0.8333333333333334,0.5,-0.33333333333333337
SNTB2,0.8333333333333334,0.5,-0.33333333333333337
CHD9,0.8333333333333334,0.5,-0.33333333333333337
RAP1A,0.8333333333333334,0.5,-0.33333333333333337
DOCK2,0.8333333333333334,0.5,-0.33333333333333337
MMS19,0.8333333333333334,0.5,-0.33333333333333337
ZRANB3,0.8333333333333334,0.5,-0.33333333333333337
GUCY1A2,0.8333333333333334,0.5,-0.33333333333333337
CEP41,0.8333333333333334,0.5,-0.33333333333333337
CLCN2,0.8333333333333334,0.5,-0.33333333333333337
HAPLN3,0.8333333333333334,0.5,-0.33333333333333337
CENPBD2P,0.8333333333333334,0.5,-0.33333333333333337
DTD1,0.8333333333333334,0.5,-0.33333333333333337
ACSL1,0.8333333333333334,0.5,-0.33333333333333337
ENSG00000279885,0.8333333333333334,0.5,-0.33333333333333337
LANCL1,0.8333333333333334,0.5,-0.33333333333333337
GIMAP5,0.8333333333333334,0.5,-0.33333333333333337
CLDN23,0.8333333333333334,0.5,-0.33333333333333337
ADA,0.8333333333333334,0.5,-0.33333333333333337
RECK,0.8333333333333334,0.5,-0.33333333333333337
GFOD2,0.8333333333333334,0.5,-0.33333333333333337
GET1,0.8333333333333334,0.5,-0.33333333333333337
ADAMTS10,0.8333333333333334,0.5,-0.33333333333333337
NACA,0.8333333333333334,0.5,-0.33333333333333337
MEPCE,0.8333333333333334,0.5,-0.33333333333333337
WBP2NL,0.8333333333333334,0.5,-0.33333333333333337
LINC00513,0.8333333333333334,0.5,-0.33333333333333337
C19orf48,0.8333333333333334,0.5,-0.33333333333333337
BRWD3,0.8333333333333334,0.5,-0.33333333333333337
ZNF551,0.8333333333333334,0.5,-0.33333333333333337
ARPC3,0.8333333333333334,0.5,-0.33333333333333337
FER,0.8333333333333334,0.5,-0.33333333333333337
PITRM1-AS1,0.8333333333333334,0.5,-0.33333333333333337
SLC7A6,0.8333333333333334,0.5,-0.33333333333333337
ENSG00000265188,0.8333333333333334,0.5,-0.33333333333333337
ENSG00000225200,0.8333333333333334,0.5,-0.33333333333333337
ZFP36L2,0.8333333333333334,0.5,-0.33333333333333337
ROR1-AS1,0.8333333333333334,0.5,-0.33333333333333337
TTF2,0.8333333333333334,0.5,-0.33333333333333337
ZNF211,0.8333333333333334,0.5,-0.33333333333333337
ASCC3,0.8333333333333334,0.5,-0.33333333333333337
SPRED2,0.8333333333333334,0.5,-0.33333333333333337
ZDHHC6,0.8333333333333334,0.5,-0.33333333333333337
CALML4,0.8333333333333334,0.5,-0.33333333333333337
ENSG00000265490,0.8333333333333334,0.5,-0.33333333333333337
MCM9,0.8333333333333334,0.5,-0.33333333333333337
RNF126,0.8333333333333334,0.5,-0.33333333333333337
SEC23A,0.8333333333333334,0.5,-0.33333333333333337
STAC2,0.8333333333333334,0.5,-0.33333333333333337
PALLD,0.8333333333333334,0.5,-0.33333333333333337
IGHEP2,0.8333333333333334,0.5,-0.33333333333333337
PACS1,0.8333333333333334,0.5,-0.33333333333333337
MAP2K1,0.8333333333333334,0.5,-0.33333333333333337
INTS10,0.8333333333333334,0.5,-0.33333333333333337
LPGAT1,0.8333333333333334,0.5,-0.33333333333333337
ZNF460-AS1,0.8333333333333334,0.5,-0.33333333333333337
DERL2,0.8333333333333334,0.5,-0.33333333333333337
ENSG00000228477,0.8333333333333334,0.5,-0.33333333333333337
PRAL,0.8333333333333334,0.5,-0.33333333333333337
LINC01004,0.8333333333333334,0.5,-0.33333333333333337
ZCCHC14,0.8333333333333334,0.5,-0.33333333333333337
SECISBP2,0.8333333333333334,0.5,-0.33333333333333337
ENSG00000271880,0.8333333333333334,0.5,-0.33333333333333337
TRMO,0.8333333333333334,0.5,-0.33333333333333337
SEMA6D,0.8333333333333334,0.5,-0.33333333333333337
ATP8B1,0.8333333333333334,0.5,-0.33333333333333337
EML2,0.8333333333333334,0.5,-0.33333333333333337
ENSG00000189316,0.8333333333333334,0.5,-0.33333333333333337
VCPKMT,0.8333333333333334,0.5,-0.33333333333333337
EGLN1P1,0.8333333333333334,0.5,-0.33333333333333337
C14orf132,0.8333333333333334,0.5,-0.33333333333333337
ATP11B,0.8333333333333334,0.5,-0.33333333333333337
LINC01235,0.8333333333333334,0.5,-0.33333333333333337
SPRY1,0.8333333333333334,0.5,-0.33333333333333337
ARAP3,0.8333333333333334,0.5,-0.33333333333333337
TCF7L2,0.8333333333333334,0.5,-0.33333333333333337
FRA10AC1,0.8333333333333334,0.5,-0.33333333333333337
ENSG00000225963,0.8333333333333334,0.5,-0.33333333333333337
PGLS-DT,0.8333333333333334,0.5,-0.33333333333333337
ALG8,0.8333333333333334,0.5,-0.33333333333333337
FAM184B,0.8333333333333334,0.5,-0.33333333333333337
EMILIN2,0.8333333333333334,0.5,-0.33333333333333337
ENSG00000291265,0.8333333333333334,0.5,-0.33333333333333337
HERC1,0.8333333333333334,0.5,-0.33333333333333337
APOBEC3D,0.8333333333333334,0.5,-0.33333333333333337
ZNF736,0.8333333333333334,0.5,-0.33333333333333337
USP10,0.8333333333333334,0.5,-0.33333333333333337
EMB,0.8333333333333334,0.5,-0.33333333333333337
ENSG00000170846,0.8333333333333334,0.5,-0.33333333333333337
ENSG00000260669,0.8333333333333334,0.5,-0.33333333333333337
SLC35D1,0.8333333333333334,0.5,-0.33333333333333337
ZNF141,3.3333333333333335,3.0,-0.3333333333333335
ZBTB20,2.8333333333333335,2.5,-0.3333333333333335
KRBA2,2.8333333333333335,2.5,-0.3333333333333335
GAS7,2.3333333333333335,2.0,-0.3333333333333335
ADAMTS4,2.3333333333333335,2.0,-0.3333333333333335
ENSG00000237115,0.5,0.125,-0.375
UQCRQ,0.5,0.125,-0.375
KSR1,0.5,0.125,-0.375
IGF1,0.5,0.125,-0.375
MKKS,0.5,0.125,-0.375
DSCC1,0.5,0.125,-0.375
LRRC59,0.5,0.125,-0.375
KLHL21,1.5,1.125,-0.375
SERPINF1,0.5,0.125,-0.375
WAC-AS1,0.5,0.125,-0.375
ENSG00000225313,0.5,0.125,-0.375
LRRC37A16P,0.5,0.125,-0.375
DHX9,0.5,0.125,-0.375
ENSG00000237126,0.5,0.125,-0.375
SLC45A4,0.5,0.125,-0.375
ENSG00000184441,0.5,0.125,-0.375
TTBK2-AS1,0.5,0.125,-0.375
SIK2,0.5,0.125,-0.375
GRPEL2,0.5,0.125,-0.375
DPH5-DT,0.5,0.125,-0.375
ENSG00000196826,0.5,0.125,-0.375
ULBP3,0.5,0.125,-0.375
GSDME,0.5,0.125,-0.375
CYP26B1,0.5,0.125,-0.375
SLC38A10,0.5,0.125,-0.375
ENSG00000213287,1.0,0.625,-0.375
WASL,0.5,0.125,-0.375
LINC02328,0.5,0.125,-0.375
LLPH,0.5,0.125,-0.375
GSTM3,1.0,0.625,-0.375
GSTM4,0.5,0.125,-0.375
TTC9C,0.5,0.125,-0.375
RSPH1,0.5,0.125,-0.375
ILKAP,0.5,0.125,-0.375
SERINC1,0.5,0.125,-0.375
GTF2H1,1.0,0.625,-0.375
ENSG00000223901,0.5,0.125,-0.375
LONRF2,0.5,0.125,-0.375
SNORA73,0.5,0.125,-0.375
LOX,0.5,0.125,-0.375
TSHZ3,0.5,0.125,-0.375
INPP5D,2.0,1.625,-0.375
CXCL9,0.5,0.125,-0.375
SLC27A1,0.5,0.125,-0.375
CTNS,1.5,1.125,-0.375
HUS1,1.0,0.625,-0.375
SHOC1,0.5,0.125,-0.375
DDIT3,1.0,0.625,-0.375
KIAA0513,0.5,0.125,-0.375
COQ10B,0.5,0.125,-0.375
DUSP28,1.0,0.625,-0.375
SMC3,1.0,0.625,-0.375
ENSG00000230955,0.5,0.125,-0.375
DUSP19,1.0,0.625,-0.375
COQ8B,1.0,0.625,-0.375
MCM6,0.5,0.125,-0.375
DGKE,2.0,1.625,-0.375
HMMR,0.5,0.125,-0.375
COX17P1,1.0,0.625,-0.375
HAPSTR1,1.5,1.125,-0.375
HNRNPA3,0.5,0.125,-0.375
SLAIN2,1.0,0.625,-0.375
LARS2,0.5,0.125,-0.375
MBTD1,0.5,0.125,-0.375
KCNA1,0.5,0.125,-0.375
DUX4L50,0.5,0.125,-0.375
KCNN4,0.5,0.125,-0.375
ENSG00000231329,1.0,0.625,-0.375
MED11,0.5,0.125,-0.375
SH2B1,0.5,0.125,-0.375
DHX32,0.5,0.125,-0.375
KDELR2,0.5,0.125,-0.375
DIP2C-AS1,0.5,0.125,-0.375
CMKLR2,1.0,0.625,-0.375
ENSG00000232611,0.5,0.125,-0.375
TRIM3,0.5,0.125,-0.375
METTL5,0.5,0.125,-0.375
COLGALT2,0.5,0.125,-0.375
KDM5B,2.5,2.125,-0.375
MED10,0.5,0.125,-0.375
DHCR7,0.5,0.125,-0.375
SAT2,0.5,0.125,-0.375
KCTD12,1.0,0.625,-0.375
DVL2,1.0,0.625,-0.375
ENSG00000233558,2.0,1.625,-0.375
DNAAF11,0.5,0.125,-0.375
HNRNPF,0.5,0.125,-0.375
HNRNPH3,0.5,0.125,-0.375
DNAJC16,0.5,0.125,-0.375
EEF1B2P2,0.5,0.125,-0.375
HSPA8P16,0.5,0.125,-0.375
EFCAB13,1.0,0.625,-0.375
MIR29B2CHG,0.5,0.125,-0.375
EFEMP2,0.5,0.125,-0.375
LYPD6,0.5,0.125,-0.375
SETD4,0.5,0.125,-0.375
ENSG00000235749,0.5,0.125,-0.375
DDX43,0.5,0.125,-0.375
LSMEM1,1.0,0.625,-0.375
LINC01121,0.5,0.125,-0.375
ENSG00000235945,0.5,0.125,-0.375
DTNBP1,0.5,0.125,-0.375
SETD1B,0.5,0.125,-0.375
DDR2,0.5,0.125,-0.375
ISM1,0.5,0.125,-0.375
MAK16,0.5,0.125,-0.375
ITPR3,1.5,1.125,-0.375
CLEC2D,1.5,1.125,-0.375
SND1-IT1,0.5,0.125,-0.375
HOOK1,0.5,0.125,-0.375
SLC1A4,0.5,0.125,-0.375
LINC00649,0.5,0.125,-0.375
MICU2,0.5,0.125,-0.375
HOXA13,0.5,0.125,-0.375
MARCHF5,0.5,0.125,-0.375
DFFA,2.0,1.625,-0.375
HS2ST1,1.0,0.625,-0.375
SLC25A1,0.5,0.125,-0.375
KAT8,0.5,0.125,-0.375
TUT4,1.5,1.125,-0.375
MAP7D3,0.5,0.125,-0.375
ENSG00000235381,0.5,0.125,-0.375
MAP1LC3B2,0.5,0.125,-0.375
DENND6A,1.0,0.625,-0.375
CSNK1G3,0.5,0.125,-0.375
SLC36A1,0.5,0.125,-0.375
ENSG00000279030,0.5,0.125,-0.375
GPS1,0.5,0.125,-0.375
BACE2,1.0,0.625,-0.375
SVEP1,2.0,1.625,-0.375
ATRN,0.5,0.125,-0.375
AVEN,0.5,0.125,-0.375
ENSG00000269356,0.5,0.125,-0.375
AZI2,0.5,0.125,-0.375
SUPT4H1,0.5,0.125,-0.375
PDGFRB,1.0,0.625,-0.375
ENSG00000268836,0.5,0.125,-0.375
ENSG00000267934,0.5,0.125,-0.375
STUM,0.5,0.125,-0.375
BCAR1,0.5,0.125,-0.375
BCLAF3,0.5,0.125,-0.375
EVA1A,0.5,0.125,-0.375
PCBP3,0.5,0.125,-0.375
EXOC4,1.0,0.625,-0.375
BFSP1,0.5,0.125,-0.375
ENSG00000267251,0.5,0.125,-0.375
RPL10AP2,0.5,0.125,-0.375
RNU6-105P,0.5,0.125,-0.375
ATP6V0E1P1,0.5,0.125,-0.375
SYCP3,0.5,0.125,-0.375
PEX13,0.5,0.125,-0.375
ARID4B,1.0,0.625,-0.375
ARL6,0.5,0.125,-0.375
ARL6IP4,0.5,0.125,-0.375
ENSG00000289695,0.5,0.125,-0.375
RNF14,0.5,0.125,-0.375
SZRD1,0.5,0.125,-0.375
PIGP,0.5,0.125,-0.375
PIGL,1.0,0.625,-0.375
ENSG00000290102,0.5,0.125,-0.375
PI4KA,0.5,0.125,-0.375
ENSG00000290957,0.5,0.125,-0.375
TMEM158,0.5,0.125,-0.375
ATG9A,0.5,0.125,-0.375
ATP10D,0.5,0.125,-0.375
SYNGR1,0.5,0.125,-0.375
PFKM,0.5,0.125,-0.375
ENSG00000291207,0.5,0.125,-0.375
PARVG,0.5,0.125,-0.375
PAQR8,0.5,0.125,-0.375
ENSG00000289396,1.0,0.625,-0.375
STAB1,0.5,0.125,-0.375
C1QTNF2,0.5,0.125,-0.375
TMEM64,0.5,0.125,-0.375
ENSG00000262370,1.0,0.625,-0.375
RPL26P30,1.5,1.125,-0.375
ZEB2,1.0,0.625,-0.375
ENSG00000261845,0.5,0.125,-0.375
C20orf96,0.5,0.125,-0.375
NT5DC2,0.5,0.125,-0.375
C2orf49-DT,0.5,0.125,-0.375
PAQR5,0.5,0.125,-0.375
ENSG00000261707,0.5,0.125,-0.375
C3orf62,0.5,0.125,-0.375
FBH1,1.0,0.625,-0.375
NRCAM,0.5,0.125,-0.375
NRARP,0.5,0.125,-0.375
ST6GALNAC2,0.5,0.125,-0.375
ST3GAL6,0.5,0.125,-0.375
TMOD2,0.5,0.125,-0.375
C19orf18,0.5,0.125,-0.375
ZFP3,0.5,0.125,-0.375
ZFP30,0.5,0.125,-0.375
NUP98,1.0,0.625,-0.375
STRN4,0.5,0.125,-0.375
BRCA1,0.5,0.125,-0.375
FAM120AOS,1.0,0.625,-0.375
FAM180A,1.0,0.625,-0.375
STK17B,0.5,0.125,-0.375
OTUD4,1.0,0.625,-0.375
OSGEPL1,0.5,0.125,-0.375
FAM185A,0.5,0.125,-0.375
FAM204A,1.0,0.625,-0.375
ENSG00000264290,0.5,0.125,-0.375
BUB1B,0.5,0.125,-0.375
C11orf24,0.5,0.125,-0.375
STAU2,1.0,0.625,-0.375
ODF2,0.5,0.125,-0.375
OCEL1,1.0,0.625,-0.375
NUTM2B-AS1,1.5,1.125,-0.375
ENSG00000262979,0.5,0.125,-0.375
ARID3A,0.5,0.125,-0.375
PLEKHA8,0.5,0.125,-0.375
FBXO17,0.5,0.125,-0.375
PTPN9,0.5,0.125,-0.375
PXK,0.5,0.125,-0.375
REL,2.0,1.625,-0.375
ENSG00000281195,0.5,0.125,-0.375
ENSG00000283064,0.5,0.125,-0.375
ENSG00000284052,1.0,0.625,-0.375
PTPRM,1.0,0.625,-0.375
RERE,1.0,0.625,-0.375
PTPRE,2.0,1.625,-0.375
PTPN7,0.5,0.125,-0.375
RFT1,0.5,0.125,-0.375
ADTRP,0.5,0.125,-0.375
RETREG3,0.5,0.125,-0.375
ENSG00000284773,0.5,0.125,-0.375
PTPN2,0.5,0.125,-0.375
ENSG00000285253,1.0,0.625,-0.375
REXO4,0.5,0.125,-0.375
TEPSIN,0.5,0.125,-0.375
ZNF75A,0.5,0.125,-0.375
PXMP2,0.5,0.125,-0.375
PYROXD2,1.0,0.625,-0.375
QPRT,0.5,0.125,-0.375
QSER1,0.5,0.125,-0.375
RASA1,0.5,0.125,-0.375
ENSG00000278769,0.5,0.125,-0.375
THY1,1.0,0.625,-0.375
RAP1BL,0.5,0.125,-0.375
ENSG00000279502,0.5,0.125,-0.375
RAD51B,0.5,0.125,-0.375
THBS4,0.5,0.125,-0.375
RACK1,1.5,1.125,-0.375
ENSG00000277511,0.5,0.125,-0.375
ENSG00000277491,0.5,0.125,-0.375
RABEP2,0.5,0.125,-0.375
ENSG00000279707,0.5,0.125,-0.375
RAB3IL1,1.0,0.625,-0.375
ZNF875,1.5,1.125,-0.375
ENSG00000279933,0.5,0.125,-0.375
TGFBR2,1.0,0.625,-0.375
ENSG00000280046,1.0,0.625,-0.375
ENSG00000285625,0.5,0.125,-0.375
ENSG00000285897,0.5,0.125,-0.375
ARHGEF10L,0.5,0.125,-0.375
POLA1,1.0,0.625,-0.375
PPP1R13L,0.5,0.125,-0.375
AP2A1,1.0,0.625,-0.375
AP2M1,1.0,0.625,-0.375
AP4S1,0.5,0.125,-0.375
ZNF559-ZNF177,0.5,0.125,-0.375
PPAN,0.5,0.125,-0.375
ENSG00000288984,0.5,0.125,-0.375
ZNF528-AS1,0.5,0.125,-0.375
ENSG00000289045,0.5,0.125,-0.375
ENSG00000285973,0.5,0.125,-0.375
AQP7,0.5,0.125,-0.375
PNPLA6,0.5,0.125,-0.375
PMPCB,0.5,0.125,-0.375
TARS1,1.0,0.625,-0.375
ZNF507,0.5,0.125,-0.375
ENSG00000289251,0.5,0.125,-0.375
ENSG00000289276,0.5,0.125,-0.375
ARHGAP32,0.5,0.125,-0.375
ENSG00000288582,0.5,0.125,-0.375
TMEM107,1.0,0.625,-0.375
ANKRD39,0.5,0.125,-0.375
TMEM104,0.5,0.125,-0.375
PSME4,1.5,1.125,-0.375
ENSG00000286078,1.0,0.625,-0.375
TCTN1,0.5,0.125,-0.375
ENSG00000286221,0.5,0.125,-0.375
ENSG00000286242,0.5,0.125,-0.375
ENSG00000286360,0.5,0.125,-0.375
ENSG00000286548,0.5,0.125,-0.375
TCF12,1.5,1.125,-0.375
TCEA2,0.5,0.125,-0.375
PRKRIP1,0.5,0.125,-0.375
ANGPT1,0.5,0.125,-0.375
ENSG00000287081,0.5,0.125,-0.375
TBX2-AS1,0.5,0.125,-0.375
ENSG00000287305,0.5,0.125,-0.375
RIN2,1.0,0.625,-0.375
ENSG00000287466,0.5,0.125,-0.375
ENSG00000287608,0.5,0.125,-0.375
ENSG00000261338,0.5,0.125,-0.375
NFAT5,1.0,0.625,-0.375
NPIPB14P,0.5,0.125,-0.375
NAB2,0.5,0.125,-0.375
ENSG00000259807,0.5,0.125,-0.375
GMEB2,0.5,0.125,-0.375
ENSG00000253671,0.5,0.125,-0.375
CELSR2,0.5,0.125,-0.375
SRGAP3,0.5,0.125,-0.375
CEMIP2,1.0,0.625,-0.375
CDC123,0.5,0.125,-0.375
RPLP0,0.5,0.125,-0.375
FLVCR1-DT,0.5,0.125,-0.375
XPNPEP1,0.5,0.125,-0.375
FGF12,0.5,0.125,-0.375
CD99L2,0.5,0.125,-0.375
NIPSNAP3A,0.5,0.125,-0.375
XPO1,2.5,2.125,-0.375
GNPDA2,1.0,0.625,-0.375
CEP19,1.0,0.625,-0.375
NLN,1.0,0.625,-0.375
MTF1,0.5,0.125,-0.375
GOLGA4,0.5,0.125,-0.375
RPS8,0.5,0.125,-0.375
ENSG00000250186,0.5,0.125,-0.375
SPATA6L,1.0,0.625,-0.375
NEB,0.5,0.125,-0.375
TPK1,0.5,0.125,-0.375
NEK3,0.5,0.125,-0.375
GGPS1,0.5,0.125,-0.375
MYORG,0.5,0.125,-0.375
FUT10,1.0,0.625,-0.375
ENSG00000251867,0.5,0.125,-0.375
CCDC71L,1.0,0.625,-0.375
YPEL5P2,0.5,0.125,-0.375
CDKN2B-AS1,0.5,0.125,-0.375
CDC42BPB,0.5,0.125,-0.375
FUT1,0.5,0.125,-0.375
FUBP3,0.5,0.125,-0.375
MYCBP2-AS1,0.5,0.125,-0.375
ENSG00000258529,0.5,0.125,-0.375
CDKN2C,0.5,0.125,-0.375
KMT2A,2.0,1.625,-0.375
MVP,0.5,0.125,-0.375
CCDC15,0.5,0.125,-0.375
ZBED3-AS1,1.0,0.625,-0.375
NECAP2,1.0,0.625,-0.375
RPS10P16,0.5,0.125,-0.375
SRRD,0.5,0.125,-0.375
FERMT2,1.0,0.625,-0.375
CANT1,1.0,0.625,-0.375
GAPDHP69,0.5,0.125,-0.375
GASK1A,0.5,0.125,-0.375
NOP2,0.5,0.125,-0.375
MRPS15,0.5,0.125,-0.375
ENSG00000242318,0.5,0.125,-0.375
ENSG00000248664,0.5,0.125,-0.375
MRPS23,0.5,0.125,-0.375
CD27,0.5,0.125,-0.375
XRCC3,0.5,0.125,-0.375
CAPN2,1.5,1.125,-0.375
FGD5,0.5,0.125,-0.375
CD160,0.5,0.125,-0.375
NNT-AS1,0.5,0.125,-0.375
MRPL37,0.5,0.125,-0.375
FGF10-AS1,0.5,0.125,-0.375
SPRED1,1.0,0.625,-0.375
GOLGA6L9,0.5,0.125,-0.375
GOLM2,0.5,0.125,-0.375
NAGA,0.5,0.125,-0.375
RPSAP36,0.5,0.125,-0.375
GANC,0.5,0.125,-0.375
ENSG00000247228,0.5,0.125,-0.375
CD163,1.0,0.625,-0.375
GPR82,0.5,0.125,-0.375
ZC3H7B,1.5,1.125,-0.375
ENSG00000254936,0.5,0.125,-0.375
ZC3H15,0.5,0.125,-0.375
PTGFRN,2.1666666666666665,1.75,-0.4166666666666665
PINK1-AS,2.1666666666666665,1.75,-0.4166666666666665
CACNB4,2.1666666666666665,1.75,-0.4166666666666665
DCP1A,0.6666666666666666,0.25,-0.41666666666666663
GAPDHP44,0.6666666666666666,0.25,-0.41666666666666663
CLSTN3,0.6666666666666666,0.25,-0.41666666666666663
SERINC2,0.6666666666666666,0.25,-0.41666666666666663
PPM1L,0.6666666666666666,0.25,-0.41666666666666663
AP4B1,0.6666666666666666,0.25,-0.41666666666666663
EEA1,0.6666666666666666,0.25,-0.41666666666666663
ENSG00000272916,0.6666666666666666,0.25,-0.41666666666666663
PLA2G2A,0.6666666666666666,0.25,-0.41666666666666663
ARFGEF1,0.6666666666666666,0.25,-0.41666666666666663
PPAT,0.6666666666666666,0.25,-0.41666666666666663
ENSG00000289027,0.6666666666666666,0.25,-0.41666666666666663
NADSYN1,0.6666666666666666,0.25,-0.41666666666666663
XPO7,0.6666666666666666,0.25,-0.41666666666666663
MYO5C,0.6666666666666666,0.25,-0.41666666666666663
UGDH-AS1,0.6666666666666666,0.25,-0.41666666666666663
TANC2,0.6666666666666666,0.25,-0.41666666666666663
ZNF490,0.6666666666666666,0.25,-0.41666666666666663
HDAC5,0.6666666666666666,0.25,-0.41666666666666663
ENSG00000253736,0.6666666666666666,0.25,-0.41666666666666663
POLN,0.6666666666666666,0.25,-0.41666666666666663
PPARGC1A,0.6666666666666666,0.25,-0.41666666666666663
DDB2,0.6666666666666666,0.25,-0.41666666666666663
ARHGEF15,0.6666666666666666,0.25,-0.41666666666666663
POLR3G,0.6666666666666666,0.25,-0.41666666666666663
VPS37B,0.6666666666666666,0.25,-0.41666666666666663
ENSG00000272750,0.6666666666666666,0.25,-0.41666666666666663
ZNF554,0.6666666666666666,0.25,-0.41666666666666663
N4BP2,0.6666666666666666,0.25,-0.41666666666666663
ENSG00000289528,0.6666666666666666,0.25,-0.41666666666666663
PPP1R2,0.6666666666666666,0.25,-0.41666666666666663
SNHG18,0.6666666666666666,0.25,-0.41666666666666663
PPP2R2A,0.6666666666666666,0.25,-0.41666666666666663
MMP24OS,0.6666666666666666,0.25,-0.41666666666666663
WARS2-AS1,0.6666666666666666,0.25,-0.41666666666666663
ENSG00000280285,0.6666666666666666,0.25,-0.41666666666666663
ENSG00000246090,0.6666666666666666,0.25,-0.41666666666666663
LAMTOR5,0.6666666666666666,0.25,-0.41666666666666663
MS4A7,0.6666666666666666,0.25,-0.41666666666666663
TRABD,0.6666666666666666,0.25,-0.41666666666666663
DTX3L,0.6666666666666666,0.25,-0.41666666666666663
RAB3IP,0.6666666666666666,0.25,-0.41666666666666663
UBAP2L,0.6666666666666666,0.25,-0.41666666666666663
WASHC4,0.6666666666666666,0.25,-0.41666666666666663
MORN4,0.6666666666666666,0.25,-0.41666666666666663
ENSG00000277954,0.6666666666666666,0.25,-0.41666666666666663
ACLY,0.6666666666666666,0.25,-0.41666666666666663
MRPS18CP7,0.6666666666666666,0.25,-0.41666666666666663
GPR155,0.6666666666666666,0.25,-0.41666666666666663
KLHL3,0.6666666666666666,0.25,-0.41666666666666663
ENSG00000279434,0.6666666666666666,0.25,-0.41666666666666663
ENSG00000279364,0.6666666666666666,0.25,-0.41666666666666663
SIGLEC1,0.6666666666666666,0.25,-0.41666666666666663
RAP1GDS1,0.6666666666666666,0.25,-0.41666666666666663
KRR1P1,0.6666666666666666,0.25,-0.41666666666666663
RAP2C-AS1,0.6666666666666666,0.25,-0.41666666666666663
ENSG00000279161,0.6666666666666666,0.25,-0.41666666666666663
ZXDC,0.6666666666666666,0.25,-0.41666666666666663
KNOP1,0.6666666666666666,0.25,-0.41666666666666663
MTARC2,0.6666666666666666,0.25,-0.41666666666666663
CKMT2-AS1,0.6666666666666666,0.25,-0.41666666666666663
ANXA5,0.6666666666666666,0.25,-0.41666666666666663
ENSG00000285238,0.6666666666666666,0.25,-0.41666666666666663
ANKRD6,0.6666666666666666,0.25,-0.41666666666666663
CDK14,0.6666666666666666,0.25,-0.41666666666666663
CDKN2B,0.6666666666666666,0.25,-0.41666666666666663
GLIDR,0.6666666666666666,0.25,-0.41666666666666663
ZNF619,0.6666666666666666,0.25,-0.41666666666666663
PRKCH,0.6666666666666666,0.25,-0.41666666666666663
ENSG00000286872,0.6666666666666666,0.25,-0.41666666666666663
ENSG00000235609,0.6666666666666666,0.25,-0.41666666666666663
TCERG1,0.6666666666666666,0.25,-0.41666666666666663
EBLN2,0.6666666666666666,0.25,-0.41666666666666663
ENSG00000286431,0.6666666666666666,0.25,-0.41666666666666663
RWDD2B,0.6666666666666666,0.25,-0.41666666666666663
LINC00294,0.6666666666666666,0.25,-0.41666666666666663
ENSG00000250379,0.6666666666666666,0.25,-0.41666666666666663
CELF1,0.6666666666666666,0.25,-0.41666666666666663
KCTD15,0.6666666666666666,0.25,-0.41666666666666663
CELSR1,0.6666666666666666,0.25,-0.41666666666666663
ENSG00000274322,0.6666666666666666,0.25,-0.41666666666666663
RFTN1,0.6666666666666666,0.25,-0.41666666666666663
LHFPL6,0.6666666666666666,0.25,-0.41666666666666663
ENSG00000249679,0.6666666666666666,0.25,-0.41666666666666663
DVL3,0.6666666666666666,0.25,-0.41666666666666663
VWA1,0.6666666666666666,0.25,-0.41666666666666663
TERF1,0.6666666666666666,0.25,-0.41666666666666663
AGAP11,0.6666666666666666,0.25,-0.41666666666666663
TACC3,0.6666666666666666,0.25,-0.41666666666666663
ARL4C,0.6666666666666666,0.25,-0.41666666666666663
EIF4B,0.6666666666666666,0.25,-0.41666666666666663
SC5D,0.6666666666666666,0.25,-0.41666666666666663
CBX1,0.6666666666666666,0.25,-0.41666666666666663
BTLA,0.6666666666666666,0.25,-0.41666666666666663
IDH3A,0.6666666666666666,0.25,-0.41666666666666663
ZHX2,0.6666666666666666,0.25,-0.41666666666666663
IDUA,0.6666666666666666,0.25,-0.41666666666666663
IER5L,0.6666666666666666,0.25,-0.41666666666666663
OTUD6B-AS1,0.6666666666666666,0.25,-0.41666666666666663
ENSG00000265073,0.6666666666666666,0.25,-0.41666666666666663
ENSG00000259363,0.6666666666666666,0.25,-0.41666666666666663
ZNF417,0.6666666666666666,0.25,-0.41666666666666663
ENSG00000265967,0.6666666666666666,0.25,-0.41666666666666663
FAAP24,0.6666666666666666,0.25,-0.41666666666666663
SEC24D,0.6666666666666666,0.25,-0.41666666666666663
PARD6G-AS1,0.6666666666666666,0.25,-0.41666666666666663
SEC61A2,0.6666666666666666,0.25,-0.41666666666666663
STX17,0.6666666666666666,0.25,-0.41666666666666663
EXOC6,0.6666666666666666,0.25,-0.41666666666666663
SELE,0.6666666666666666,0.25,-0.41666666666666663
CYB5R2,0.6666666666666666,0.25,-0.41666666666666663
ENSG00000267303,0.6666666666666666,0.25,-0.41666666666666663
NEK8,0.6666666666666666,0.25,-0.41666666666666663
BCL6B,0.6666666666666666,0.25,-0.41666666666666663
ETAA1,0.6666666666666666,0.25,-0.41666666666666663
ESF1,0.6666666666666666,0.25,-0.41666666666666663
ROGDI,0.6666666666666666,0.25,-0.41666666666666663
FKBP11,0.6666666666666666,0.25,-0.41666666666666663
SRRT,0.6666666666666666,0.25,-0.41666666666666663
LMF1,0.6666666666666666,0.25,-0.41666666666666663
ZFP62,0.6666666666666666,0.25,-0.41666666666666663
NPNT,0.6666666666666666,0.25,-0.41666666666666663
MAPK8,0.6666666666666666,0.25,-0.41666666666666663
FBXO42,0.6666666666666666,0.25,-0.41666666666666663
CRYZL1,0.6666666666666666,0.25,-0.41666666666666663
CSGALNACT2-DT,0.6666666666666666,0.25,-0.41666666666666663
SSNA1,0.6666666666666666,0.25,-0.41666666666666663
TMSB4X,0.6666666666666666,0.25,-0.41666666666666663
C2orf74-DT,0.6666666666666666,0.25,-0.41666666666666663
C2orf27A,0.6666666666666666,0.25,-0.41666666666666663
RPL31,0.6666666666666666,0.25,-0.41666666666666663
ENSG00000230387,0.6666666666666666,0.25,-0.41666666666666663
RPL38P2,0.6666666666666666,0.25,-0.41666666666666663
SLC9A8,0.6666666666666666,0.25,-0.41666666666666663
FGF10,0.6666666666666666,0.25,-0.41666666666666663
SCAND1,0.6666666666666666,0.25,-0.41666666666666663
FAM78A,0.6666666666666666,0.25,-0.41666666666666663
CSTF3,0.6666666666666666,0.25,-0.41666666666666663
NUP133,0.6666666666666666,0.25,-0.41666666666666663
NMRAL2P,0.6666666666666666,0.25,-0.41666666666666663
MAGED1,0.6666666666666666,0.25,-0.41666666666666663
CTC-338M12.4,0.6666666666666666,0.25,-0.41666666666666663
ZBTB46,0.6666666666666666,0.25,-0.41666666666666663
ZFHX3,0.6666666666666666,0.25,-0.41666666666666663
ZFHX4,0.6666666666666666,0.25,-0.41666666666666663
NLRC3,0.6666666666666666,0.25,-0.41666666666666663
NEIL1,0.6666666666666666,0.25,-0.41666666666666663
CCDC12,0.6666666666666666,0.25,-0.41666666666666663
RPS10-NUDT3,0.6666666666666666,0.25,-0.41666666666666663
EPHX1,0.6666666666666666,0.25,-0.41666666666666663
LINC02981,0.6666666666666666,0.25,-0.41666666666666663
RPL9,0.6666666666666666,0.25,-0.41666666666666663
ATXN2L,0.6666666666666666,0.25,-0.41666666666666663
VENTXP7,0.6666666666666666,0.25,-0.41666666666666663
RPLP1,0.6666666666666666,0.25,-0.41666666666666663
ENSG00000291239,0.6666666666666666,0.25,-0.41666666666666663
FZD3,0.6666666666666666,0.25,-0.41666666666666663
ZNF3,0.6666666666666666,0.25,-0.41666666666666663
CYRIA,0.6666666666666666,0.25,-0.41666666666666663
PFDN5,0.6666666666666666,0.25,-0.41666666666666663
ATP5MC2P1,0.6666666666666666,0.25,-0.41666666666666663
TMEM176B,0.6666666666666666,0.25,-0.41666666666666663
SLC35G1,0.6666666666666666,0.25,-0.41666666666666663
TNKS2,0.6666666666666666,0.25,-0.41666666666666663
SPON2,0.6666666666666666,0.25,-0.41666666666666663
PHLPP2,0.6666666666666666,0.25,-0.41666666666666663
SEPTIN4,0.6666666666666666,0.25,-0.41666666666666663
VPS11,0.6666666666666666,0.25,-0.41666666666666663
ELP4,0.6666666666666666,0.25,-0.41666666666666663
HES4,0.6666666666666666,0.25,-0.41666666666666663
EXTL2,0.6666666666666666,0.25,-0.41666666666666663
YPEL3,0.6666666666666666,0.25,-0.41666666666666663
MED7,0.6666666666666666,0.25,-0.41666666666666663
LINGO1,0.6666666666666666,0.25,-0.41666666666666663
B4GALT6,0.6666666666666666,0.25,-0.41666666666666663
RETREG2,1.1666666666666667,0.75,-0.41666666666666674
C2orf49,1.1666666666666667,0.75,-0.41666666666666674
TSPAN9,1.1666666666666667,0.75,-0.41666666666666674
CCND2,1.6666666666666667,1.25,-0.41666666666666674
MRPS27,1.1666666666666667,0.75,-0.41666666666666674
NUDCD2,1.1666666666666667,0.75,-0.41666666666666674
LETMD1,1.1666666666666667,0.75,-0.41666666666666674
MYO10,1.1666666666666667,0.75,-0.41666666666666674
GPBP1L1,1.6666666666666667,1.25,-0.41666666666666674
TSPAN2,1.1666666666666667,0.75,-0.41666666666666674
ITGA4,1.1666666666666667,0.75,-0.41666666666666674
RBM47,1.6666666666666667,1.25,-0.41666666666666674
GNPTG,1.6666666666666667,1.25,-0.41666666666666674
ENSG00000248787,1.1666666666666667,0.75,-0.41666666666666674
GTF2A1,1.1666666666666667,0.75,-0.41666666666666674
CEP57L1,1.1666666666666667,0.75,-0.41666666666666674
DMXL1,1.1666666666666667,0.75,-0.41666666666666674
SKAP2,1.1666666666666667,0.75,-0.41666666666666674
ZNF790-AS1,1.1666666666666667,0.75,-0.41666666666666674
WDR1,1.6666666666666667,1.25,-0.41666666666666674
H6PD,1.6666666666666667,1.25,-0.41666666666666674
RAB3D,1.1666666666666667,0.75,-0.41666666666666674
PPP2R3A,1.1666666666666667,0.75,-0.41666666666666674
RPL23P10,1.6666666666666667,1.25,-0.41666666666666674
EEF1A1P38,1.6666666666666667,1.25,-0.41666666666666674
APOL6,1.1666666666666667,0.75,-0.41666666666666674
RUNX1,1.1666666666666667,0.75,-0.41666666666666674
HNRNPR,1.1666666666666667,0.75,-0.41666666666666674
TBC1D1,1.1666666666666667,0.75,-0.41666666666666674
ZNF618,1.6666666666666667,1.25,-0.41666666666666674
PALS1,1.1666666666666667,0.75,-0.41666666666666674
POLR3A,1.1666666666666667,0.75,-0.41666666666666674
NCOA3,1.1666666666666667,0.75,-0.41666666666666674
STRADA,1.6666666666666667,1.25,-0.41666666666666674
MAPK1,1.1666666666666667,0.75,-0.41666666666666674
LRBA,1.1666666666666667,0.75,-0.41666666666666674
SLC2A1,1.1666666666666667,0.75,-0.41666666666666674
ZNF542P,1.1666666666666667,0.75,-0.41666666666666674
TTC19,1.1666666666666667,0.75,-0.41666666666666674
TEAD1,1.6666666666666667,1.25,-0.41666666666666674
OXA1L,1.6666666666666667,1.25,-0.41666666666666674
ZNF713,1.1666666666666667,0.75,-0.41666666666666674
CTTN-DT,1.1666666666666667,0.75,-0.41666666666666674
CSAD,1.1666666666666667,0.75,-0.41666666666666674
CYFIP1,1.6666666666666667,1.25,-0.41666666666666674
MDM4,4.833333333333333,4.375,-0.45833333333333304
MAP9,1.3333333333333333,0.875,-0.45833333333333326
MYO9A,1.3333333333333333,0.875,-0.45833333333333326
ENSG00000290928,1.3333333333333333,0.875,-0.45833333333333326
THAP12,1.3333333333333333,0.875,-0.45833333333333326
ZYG11B,1.8333333333333333,1.375,-0.45833333333333326
EIF2AK3,1.3333333333333333,0.875,-0.45833333333333326
HPS1,1.8333333333333333,1.375,-0.45833333333333326
RNF217,1.3333333333333333,0.875,-0.45833333333333326
RSRC2,1.3333333333333333,0.875,-0.45833333333333326
ZNF91,1.3333333333333333,0.875,-0.45833333333333326
METTL22,1.3333333333333333,0.875,-0.45833333333333326
COX11,1.3333333333333333,0.875,-0.45833333333333326
CATSPERE,1.3333333333333333,0.875,-0.45833333333333326
KATNAL1,1.3333333333333333,0.875,-0.45833333333333326
FLYWCH1,1.3333333333333333,0.875,-0.45833333333333326
MTUS1,1.8333333333333333,1.375,-0.45833333333333326
YPEL2,1.3333333333333333,0.875,-0.45833333333333326
BRD7,1.8333333333333333,1.375,-0.45833333333333326
APPBP2,1.3333333333333333,0.875,-0.45833333333333326
FAM193A,1.3333333333333333,0.875,-0.45833333333333326
PROSER1,1.3333333333333333,0.875,-0.45833333333333326
RIPK2-DT,1.3333333333333333,0.875,-0.45833333333333326
IFITM3P2,1.3333333333333333,0.875,-0.45833333333333326
ENSG00000260007,1.3333333333333333,0.875,-0.45833333333333326
KIF1C,1.3333333333333333,0.875,-0.45833333333333326
CARHSP1,1.8333333333333333,1.375,-0.45833333333333326
HTT,1.3333333333333333,0.875,-0.45833333333333326
ERCC1,1.3333333333333333,0.875,-0.45833333333333326
GON4L,1.3333333333333333,0.875,-0.45833333333333326
PARD3B,1.3333333333333333,0.875,-0.45833333333333326
SIN3A,0.8333333333333334,0.375,-0.45833333333333337
TIMM10B,0.8333333333333334,0.375,-0.45833333333333337
IL10RB-DT,0.8333333333333334,0.375,-0.45833333333333337
ENSG00000256056,0.8333333333333334,0.375,-0.45833333333333337
EXOC7,0.8333333333333334,0.375,-0.45833333333333337
ST3GAL4,0.8333333333333334,0.375,-0.45833333333333337
FSD1L,0.8333333333333334,0.375,-0.45833333333333337
ST7,0.8333333333333334,0.375,-0.45833333333333337
GALNT15,0.8333333333333334,0.375,-0.45833333333333337
ENSG00000279175,0.8333333333333334,0.375,-0.45833333333333337
SLC8B1,0.8333333333333334,0.375,-0.45833333333333337
SLC25A30,0.8333333333333334,0.375,-0.45833333333333337
ENSG00000290890,0.8333333333333334,0.375,-0.45833333333333337
ENSG00000264635,0.8333333333333334,0.375,-0.45833333333333337
KDM4B,0.8333333333333334,0.375,-0.45833333333333337
ENSG00000280069,0.8333333333333334,0.375,-0.45833333333333337
GAS6-AS1,0.8333333333333334,0.375,-0.45833333333333337
ENSG00000249476,0.8333333333333334,0.375,-0.45833333333333337
TRIB1,0.8333333333333334,0.375,-0.45833333333333337
ENSG00000248994,0.8333333333333334,0.375,-0.45833333333333337
THAP9,0.8333333333333334,0.375,-0.45833333333333337
TMEM106A,0.8333333333333334,0.375,-0.45833333333333337
TMEM223,0.8333333333333334,0.375,-0.45833333333333337
JPX,0.8333333333333334,0.375,-0.45833333333333337
SNX21,0.8333333333333334,0.375,-0.45833333333333337
TMEM167A,0.8333333333333334,0.375,-0.45833333333333337
GIGYF2,0.8333333333333334,0.375,-0.45833333333333337
SULT1C4,0.8333333333333334,0.375,-0.45833333333333337
DKC1,0.8333333333333334,0.375,-0.45833333333333337
MTURN,0.8333333333333334,0.375,-0.45833333333333337
MCTS1,0.8333333333333334,0.375,-0.45833333333333337
RPS27AP9,0.8333333333333334,0.375,-0.45833333333333337
PLPP6,0.8333333333333334,0.375,-0.45833333333333337
AHI1-DT,0.8333333333333334,0.375,-0.45833333333333337
PABIR1,0.8333333333333334,0.375,-0.45833333333333337
LINC01730,0.8333333333333334,0.375,-0.45833333333333337
NAT9,0.8333333333333334,0.375,-0.45833333333333337
RGMA,0.8333333333333334,0.375,-0.45833333333333337
PLEKHA1,0.8333333333333334,0.375,-0.45833333333333337
ACVR2A,0.8333333333333334,0.375,-0.45833333333333337
MBIP,0.8333333333333334,0.375,-0.45833333333333337
NOSIP,0.8333333333333334,0.375,-0.45833333333333337
VAPB,0.8333333333333334,0.375,-0.45833333333333337
RPAP2,0.8333333333333334,0.375,-0.45833333333333337
CUBN,0.8333333333333334,0.375,-0.45833333333333337
BMAL2,0.8333333333333334,0.375,-0.45833333333333337
PARP16,0.8333333333333334,0.375,-0.45833333333333337
MRC1,0.8333333333333334,0.375,-0.45833333333333337
RMI1,0.8333333333333334,0.375,-0.45833333333333337
ZNF189,0.8333333333333334,0.375,-0.45833333333333337
MPDZ,0.8333333333333334,0.375,-0.45833333333333337
PCCB,0.8333333333333334,0.375,-0.45833333333333337
NKIRAS2,0.8333333333333334,0.375,-0.45833333333333337
BCO2,0.8333333333333334,0.375,-0.45833333333333337
BDKRB2,0.8333333333333334,0.375,-0.45833333333333337
SERPINB5,0.8333333333333334,0.375,-0.45833333333333337
CDK5RAP2,0.8333333333333334,0.375,-0.45833333333333337
ZDHHC13,0.8333333333333334,0.375,-0.45833333333333337
SFRP1,0.8333333333333334,0.375,-0.45833333333333337
MTX3,0.8333333333333334,0.375,-0.45833333333333337
WIPI2,0.8333333333333334,0.375,-0.45833333333333337
RPL27,0.8333333333333334,0.375,-0.45833333333333337
ZNF813,0.8333333333333334,0.375,-0.45833333333333337
RFX1,0.8333333333333334,0.375,-0.45833333333333337
NRG1,0.8333333333333334,0.375,-0.45833333333333337
CCP110,0.8333333333333334,0.375,-0.45833333333333337
ANKRD27,0.8333333333333334,0.375,-0.45833333333333337
RCOR1,0.8333333333333334,0.375,-0.45833333333333337
NUDT5,0.8333333333333334,0.375,-0.45833333333333337
USP3,0.8333333333333334,0.375,-0.45833333333333337
PNO1,0.8333333333333334,0.375,-0.45833333333333337
ZNF71,0.8333333333333334,0.375,-0.45833333333333337
NREP,0.8333333333333334,0.375,-0.45833333333333337
CLEC16A,0.8333333333333334,0.375,-0.45833333333333337
MAGEF1,0.8333333333333334,0.375,-0.45833333333333337
RPL24,0.8333333333333334,0.375,-0.45833333333333337
ALDH4A1,0.8333333333333334,0.375,-0.45833333333333337
CTCF,0.8333333333333334,0.375,-0.45833333333333337
PINK1,0.8333333333333334,0.375,-0.45833333333333337
L3MBTL1,0.8333333333333334,0.375,-0.45833333333333337
AZGP1,0.8333333333333334,0.375,-0.45833333333333337
DAAM1,0.8333333333333334,0.375,-0.45833333333333337
LOXL1,0.8333333333333334,0.375,-0.45833333333333337
MRPL42,2.8333333333333335,2.375,-0.4583333333333335
SERPINB6,3.3333333333333335,2.875,-0.4583333333333335
NEAT1,3.3333333333333335,2.875,-0.4583333333333335
SMARCE1,2.3333333333333335,1.875,-0.4583333333333335
RHOXF1,0.5,0.0,-0.5
RPS12P31,0.5,0.0,-0.5
TBX15,0.5,0.0,-0.5
ENSG00000287146,0.5,0.0,-0.5
CDK5RAP3,1.0,0.5,-0.5
MYL6,1.0,0.5,-0.5
CDK9,0.5,0.0,-0.5
TPBG,0.5,0.0,-0.5
MYCT1,0.5,0.0,-0.5
RIMKLB,0.5,0.0,-0.5
ENSG00000250790,0.5,0.0,-0.5
GLOD4,0.5,0.0,-0.5
TPI1P1,0.5,0.0,-0.5
RHOBTB3,1.5,1.0,-0.5
MUL1,0.5,0.0,-0.5
SOX11,0.5,0.0,-0.5
GJB6,0.5,0.0,-0.5
ENSG00000257239,0.5,0.0,-0.5
YBX1P1,0.5,0.0,-0.5
NDRG3,0.5,0.0,-0.5
CCT3,0.5,0.0,-0.5
ENSG00000257390,0.5,0.0,-0.5
RPS10P2,0.5,0.0,-0.5
FZD10-AS1,1.0,0.5,-0.5
CCNDBP1,0.5,0.0,-0.5
CCNC,1.0,0.5,-0.5
RPLP0P10,0.5,0.0,-0.5
FXYD6,0.5,0.0,-0.5
CEBPB,0.5,0.0,-0.5
ANKEF1,0.5,0.0,-0.5
ZNF655,1.0,0.5,-0.5
XPC,1.5,1.0,-0.5
ENSG00000256566,0.5,0.0,-0.5
RPS4XP4,0.5,0.0,-0.5
GEMIN8,0.5,0.0,-0.5
NAGPA,0.5,0.0,-0.5
ENSG00000253558,1.0,0.5,-0.5
MZT1,0.5,0.0,-0.5
ENSG00000287070,0.5,0.0,-0.5
ENSG00000254680,0.5,0.0,-0.5
MZF1-AS1,0.5,0.0,-0.5
TOMM20P4,0.5,0.0,-0.5
ENSG00000253420,0.5,0.0,-0.5
GGA1,0.5,0.0,-0.5
SPATA18,0.5,0.0,-0.5
MYOZ2,0.5,0.0,-0.5
ENSG00000254765,0.5,0.0,-0.5
RPS18P6,0.5,0.0,-0.5
ENSG00000286883,0.5,0.0,-0.5
ANKAR,0.5,0.0,-0.5
GHRLOS,0.5,0.0,-0.5
CD34,1.5,1.0,-0.5
WWOX,1.0,0.5,-0.5
ENSG00000255629,0.5,0.0,-0.5
RILPL1,2.5,2.0,-0.5
YAE1,0.5,0.0,-0.5
MYL9,0.5,0.0,-0.5
SPINK6,0.5,0.0,-0.5
NCKAP1L,1.0,0.5,-0.5
ENSG00000253194,0.5,0.0,-0.5
ENSG00000286947,0.5,0.0,-0.5
DPH2,0.5,0.0,-0.5
RPS4XP8,0.5,0.0,-0.5
MMP13,0.5,0.0,-0.5
MIR583HG,0.5,0.0,-0.5
SNHG30,0.5,0.0,-0.5
RUNX2,0.5,0.0,-0.5
ENSG00000285932,0.5,0.0,-0.5
MIRLET7BHG,1.0,0.5,-0.5
ENSG00000237070,2.0,1.5,-0.5
ZNF710-AS1,0.5,0.0,-0.5
ENSG00000286004,0.5,0.0,-0.5
GUCA1B,0.5,0.0,-0.5
VSNL1,0.5,0.0,-0.5
WAPL-DT,0.5,0.0,-0.5
PSMD13,2.5,2.0,-0.5
MMUT,0.5,0.0,-0.5
GTF2F2P1,0.5,0.0,-0.5
ENSG00000237774,0.5,0.0,-0.5
ENSG00000286093,0.5,0.0,-0.5
CIDECP1,0.5,0.0,-0.5
MORC3,0.5,0.0,-0.5
PTEN,1.0,0.5,-0.5
H2AX,0.5,0.0,-0.5
CIB2,0.5,0.0,-0.5
ENSG00000285748,0.5,0.0,-0.5
VN1R81P,0.5,0.0,-0.5
HELQ,0.5,0.0,-0.5
CLUAP1,1.0,0.5,-0.5
ENSG00000285658,0.5,0.0,-0.5
VPS26C,1.0,0.5,-0.5
HEATR4,0.5,0.0,-0.5
VPS35,0.5,0.0,-0.5
TENM3-AS1,0.5,0.0,-0.5
MGA,1.0,0.5,-0.5
CLDN18,0.5,0.0,-0.5
HAS3,0.5,0.0,-0.5
ENSG00000285770,0.5,0.0,-0.5
ZNF737,1.0,0.5,-0.5
S100A2,0.5,0.0,-0.5
AGTPBP1,0.5,0.0,-0.5
MID2,0.5,0.0,-0.5
MIR148B,0.5,0.0,-0.5
MIR23B,0.5,0.0,-0.5
ENSG00000273797,0.5,0.0,-0.5
MOV10,0.5,0.0,-0.5
MTPAP,0.5,0.0,-0.5
RIOK1,0.5,0.0,-0.5
ENSG00000243099,0.5,0.0,-0.5
RNFT2,0.5,0.0,-0.5
GPAT4,0.5,0.0,-0.5
ALDH3B2,0.5,0.0,-0.5
CERNA2,0.5,0.0,-0.5
SNX30,0.5,0.0,-0.5
GORAB-AS1,0.5,0.0,-0.5
ZNF684,0.5,0.0,-0.5
RPSAP53,0.5,0.0,-0.5
MRPS33,0.5,0.0,-0.5
ENSG00000248367,0.5,0.0,-0.5
PRRG1,0.5,0.0,-0.5
WDR86,0.5,0.0,-0.5
ENSG00000286512,0.5,0.0,-0.5
ENSG00000273320,0.5,0.0,-0.5
MTND1P23,0.5,0.0,-0.5
MTND6P6,0.5,0.0,-0.5
PRPF4B,1.0,0.5,-0.5
CFL1P2,0.5,0.0,-0.5
WDR31,0.5,0.0,-0.5
WASL-DT,0.5,0.0,-0.5
CHRAC1,0.5,0.0,-0.5
ENSG00000286136,0.5,0.0,-0.5
CHST15,1.0,0.5,-0.5
ENSG00000240291,0.5,0.0,-0.5
GRIK1,0.5,0.0,-0.5
SNRNP35,1.5,1.0,-0.5
ENSG00000240695,0.5,0.0,-0.5
CHRNB1,0.5,0.0,-0.5
ENSG00000286138,0.5,0.0,-0.5
MRM3,0.5,0.0,-0.5
ENSG00000242588,3.0,2.5,-0.5
WDR25,0.5,0.0,-0.5
ALDH1B1,0.5,0.0,-0.5
MRPS17,0.5,0.0,-0.5
ENSG00000242262,0.5,0.0,-0.5
GPNMB,2.0,1.5,-0.5
RGS17,0.5,0.0,-0.5
GPLD1,0.5,0.0,-0.5
ENSG00000242488,0.5,0.0,-0.5
ENSG00000247033,0.5,0.0,-0.5
CCDC142,0.5,0.0,-0.5
SPRYD7,0.5,0.0,-0.5
RPL10AP1,0.5,0.0,-0.5
RNASEL,0.5,0.0,-0.5
ENSG00000289534,0.5,0.0,-0.5
ENSG00000289574,0.5,0.0,-0.5
ENSG00000266718,0.5,0.0,-0.5
F8A1,0.5,0.0,-0.5
BLOC1S4,0.5,0.0,-0.5
ENSG00000267248,0.5,0.0,-0.5
ENSG00000267249,0.5,0.0,-0.5
EXOSC1,0.5,0.0,-0.5
FALEC,0.5,0.0,-0.5
BET1L,1.0,0.5,-0.5
ZNF175,1.0,0.5,-0.5
ZNF177,0.5,0.0,-0.5
ENSG00000267283,0.5,0.0,-0.5
ENSG00000289629,0.5,0.0,-0.5
RPA3,1.0,0.5,-0.5
ENSG00000289691,0.5,0.0,-0.5
PLA1A,0.5,0.0,-0.5
TAFA5,0.5,0.0,-0.5
BPTF,1.0,0.5,-0.5
ARMT1,0.5,0.0,-0.5
OR55B1P,0.5,0.0,-0.5
TAPT1-AS1,0.5,0.0,-0.5
RPL21P90,0.5,0.0,-0.5
ARFGAP2,0.5,0.0,-0.5
ENSG00000264067,0.5,0.0,-0.5
ENSG00000264083,0.5,0.0,-0.5
BTN2A3P,0.5,0.0,-0.5
RN7SL800P,0.5,0.0,-0.5
BTBD2,1.0,0.5,-0.5
ENSG00000264472,0.5,0.0,-0.5
ENSG00000289353,0.5,0.0,-0.5
ORC4,0.5,0.0,-0.5
ENSG00000289268,0.5,0.0,-0.5
PLXNA2,1.0,0.5,-0.5
FAM174B,1.0,0.5,-0.5
ENSG00000289272,0.5,0.0,-0.5
PLPPR4,0.5,0.0,-0.5
RNA5SP319,0.5,0.0,-0.5
PLPP2,0.5,0.0,-0.5
ENSG00000272175,0.5,0.0,-0.5
ENSG00000267694,0.5,0.0,-0.5
NELFCD,1.0,0.5,-0.5
ENSG00000291201,0.5,0.0,-0.5
PDZRN3,0.5,0.0,-0.5
PIH1D1,0.5,0.0,-0.5
RNU6-1176P,0.5,0.0,-0.5
ZNF398,0.5,0.0,-0.5
SYBU,0.5,0.0,-0.5
ENSG00000291232,0.5,0.0,-0.5
PEX19,0.5,0.0,-0.5
ENSG00000271855,0.5,0.0,-0.5
ZNF383,0.5,0.0,-0.5
B3GLCT,1.0,0.5,-0.5
SYN3,0.5,0.0,-0.5
PI3,0.5,0.0,-0.5
ATAD1,0.5,0.0,-0.5
ENSG00000271533,0.5,0.0,-0.5
ATE1OSP,0.5,0.0,-0.5
ENSG00000291130,0.5,0.0,-0.5
ENSG00000271732,0.5,0.0,-0.5
ENSG00000291067,1.5,1.0,-0.5
AVIL,0.5,0.0,-0.5
SUPT5H,1.5,1.0,-0.5
RORA-AS1,1.0,0.5,-0.5
ENSG00000268069,0.5,0.0,-0.5
BCL2L13,1.0,0.5,-0.5
ESD,0.5,0.0,-0.5
ENSG00000289727,0.5,0.0,-0.5
BASP1-AS1,0.5,0.0,-0.5
ENSG00000267919,0.5,0.0,-0.5
ZNF438,0.5,0.0,-0.5
ENSG00000267986,0.5,0.0,-0.5
ARRDC4,1.0,0.5,-0.5
ENSG00000268087,0.5,0.0,-0.5
PDGFRL2P,0.5,0.0,-0.5
BAHCC1,0.5,0.0,-0.5
ARSL,0.5,0.0,-0.5
TMEM147,0.5,0.0,-0.5
ENSG00000268583,0.5,0.0,-0.5
PIP4P2,0.5,0.0,-0.5
B4GALT2,0.5,0.0,-0.5
B3GNTL1,0.5,0.0,-0.5
TMEM219,0.5,0.0,-0.5
ENSG00000289183,0.5,0.0,-0.5
ZFP37,0.5,0.0,-0.5
ARFGAP1,0.5,0.0,-0.5
NIPSNAP3B,0.5,0.0,-0.5
ENSG00000287837,0.5,0.0,-0.5
CC2D2A,1.0,0.5,-0.5
ENSG00000287917,0.5,0.0,-0.5
ENSG00000260162,0.5,0.0,-0.5
RPL6P19,1.0,0.5,-0.5
RPL6P13,0.5,0.0,-0.5
ENSG00000287986,0.5,0.0,-0.5
FLNC,0.5,0.0,-0.5
NKAPP1,0.5,0.0,-0.5
ENSG00000259735,0.5,0.0,-0.5
FHOD3,0.5,0.0,-0.5
ENSG00000260751,1.0,0.5,-0.5
ENSG00000260755,0.5,0.0,-0.5
ANTKMT,0.5,0.0,-0.5
ENSG00000260862,0.5,0.0,-0.5
CASK,0.5,0.0,-0.5
TBC1D2B,0.5,0.0,-0.5
FGD6,1.0,0.5,-0.5
SRGAP2,1.0,0.5,-0.5
FNDC1-IT1,0.5,0.0,-0.5
RN7SL750P,0.5,0.0,-0.5
RPL7AP36,1.0,0.5,-0.5
ANKRD17,0.5,0.0,-0.5
ENSG00000287613,0.5,0.0,-0.5
ENSG00000287629,0.5,0.0,-0.5
TBCE,1.0,0.5,-0.5
ENSG00000258691,0.5,0.0,-0.5
ENSG00000287778,1.0,0.5,-0.5
CCDC152,1.0,0.5,-0.5
ENSG00000258768,0.5,0.0,-0.5
FRMD3,0.5,0.0,-0.5
ENSG00000259659,0.5,0.0,-0.5
COL27A1,1.0,0.5,-0.5
ANKRD28,1.5,1.0,-0.5
FOXP1,2.0,1.5,-0.5
PRDM1,0.5,0.0,-0.5
RPL7AP16,0.5,0.0,-0.5
FOXJ2,0.5,0.0,-0.5
FOXF1,1.0,0.5,-0.5
ZBED5-AS1,0.5,0.0,-0.5
SSB,0.5,0.0,-0.5
ZBTB6,0.5,0.0,-0.5
CARD18,0.5,0.0,-0.5
NUDT12,0.5,0.0,-0.5
APOA1-AS,0.5,0.0,-0.5
ENSG00000288890,0.5,0.0,-0.5
TMEM92,0.5,0.0,-0.5
RN7SL338P,0.5,0.0,-0.5
RPL31P46,0.5,0.0,-0.5
FARSB,0.5,0.0,-0.5
TMEM8B,0.5,0.0,-0.5
ENSG00000261790,0.5,0.0,-0.5
FAP,0.5,0.0,-0.5
TMSB4XP2,0.5,0.0,-0.5
NUDT13,0.5,0.0,-0.5
FANCF,0.5,0.0,-0.5
ENSG00000262362,0.5,0.0,-0.5
ENSG00000262420,0.5,0.0,-0.5
PNMA2,0.5,0.0,-0.5
NUDT7,0.5,0.0,-0.5
NUF2,0.5,0.0,-0.5
C1R,0.5,0.0,-0.5
POLR3B,0.5,0.0,-0.5
ZCRB1,1.0,0.5,-0.5
ZNF549,0.5,0.0,-0.5
ENSG00000272732,0.5,0.0,-0.5
ENSG00000288398,0.5,0.0,-0.5
AP1S1,0.5,0.0,-0.5
NOVA1,0.5,0.0,-0.5
RMND5A,0.5,0.0,-0.5
TMPRSS4,0.5,0.0,-0.5
ENSG00000288612,0.5,0.0,-0.5
AP5B1,0.5,0.0,-0.5
SSR4,0.5,0.0,-0.5
FBXO32,1.0,0.5,-0.5
TMPRSS12,0.5,0.0,-0.5
NPEPL1,0.5,0.0,-0.5
ENSG00000261248,0.5,0.0,-0.5
ENSG00000261327,0.5,0.0,-0.5
CABIN1,0.5,0.0,-0.5
FBXO11,1.0,0.5,-0.5
NPM1P4,1.0,0.5,-0.5
FBXL22,0.5,0.0,-0.5
SMOX,0.5,0.0,-0.5
ATF3,0.5,0.0,-0.5
RFTN2,0.5,0.0,-0.5
UNC5C,0.5,0.0,-0.5
SEPTIN7P13,0.5,0.0,-0.5
EMC8,0.5,0.0,-0.5
ENSG00000276517,1.0,0.5,-0.5
LINC02680,0.5,0.0,-0.5
SLC37A2,1.0,0.5,-0.5
LINC02762,0.5,0.0,-0.5
TLCD4,0.5,0.0,-0.5
ELOC,0.5,0.0,-0.5
ENSG00000280079,0.5,0.0,-0.5
ENSG00000213942,0.5,0.0,-0.5
LMO7,1.0,0.5,-0.5
ENSG00000217455,0.5,0.0,-0.5
IGKV1-39,0.5,0.0,-0.5
SELENON,1.0,0.5,-0.5
LINC02256,0.5,0.0,-0.5
ELL,1.0,0.5,-0.5
HSBP1P2,0.5,0.0,-0.5
ACSL5,0.5,0.0,-0.5
LINC01705,0.5,0.0,-0.5
SLC29A4,0.5,0.0,-0.5
RCAN3AS,0.5,0.0,-0.5
SLC2A10,0.5,0.0,-0.5
INPP5F,0.5,0.0,-0.5
LINC01929,0.5,0.0,-0.5
EIF3F,1.5,1.0,-0.5
DAGLB,1.5,1.0,-0.5
EIF4A1P2,0.5,0.0,-0.5
LINC02019,0.5,0.0,-0.5
SLC30A6,0.5,0.0,-0.5
ENSG00000279806,0.5,0.0,-0.5
ENSG00000279834,0.5,0.0,-0.5
EIF5,1.5,1.0,-0.5
CYB5R3,1.0,0.5,-0.5
SELENOI,0.5,0.0,-0.5
LNX2,0.5,0.0,-0.5
MAGOHB,0.5,0.0,-0.5
HYCC1,2.5,2.0,-0.5
HYAL1,0.5,0.0,-0.5
ENSG00000226624,0.5,0.0,-0.5
MACROH2A2,0.5,0.0,-0.5
TRMT9B,1.5,1.0,-0.5
PVT1,3.0,2.5,-0.5
TRMT2A,0.5,0.0,-0.5
SECTM1,0.5,0.0,-0.5
TRMT12,0.5,0.0,-0.5
TRMT10A,0.5,0.0,-0.5
ENSG00000276101,0.5,0.0,-0.5
HSP90AB3P,1.0,0.5,-0.5
CSPG4,0.5,0.0,-0.5
SCOC,1.0,0.5,-0.5
TRPM4,1.5,1.0,-0.5
CTDSP1,0.5,0.0,-0.5
ENSG00000225616,0.5,0.0,-0.5
ENSG00000225505,0.5,0.0,-0.5
USP2-AS1,0.5,0.0,-0.5
ENSG00000276334,0.5,0.0,-0.5
LRRC17,0.5,0.0,-0.5
CTSZ,1.0,0.5,-0.5
ENSG00000280326,0.5,0.0,-0.5
UROD,0.5,0.0,-0.5
ENSG00000280304,0.5,0.0,-0.5
ZNF84-DT,0.5,0.0,-0.5
CUEDC2,0.5,0.0,-0.5
ENSG00000280143,1.0,0.5,-0.5
LPCAT3,0.5,0.0,-0.5
CXXC1,0.5,0.0,-0.5
IGKJ1,1.0,0.5,-0.5
INTS8,1.0,0.5,-0.5
RAB42,0.5,0.0,-0.5
LINC01655,0.5,0.0,-0.5
DIRC3,0.5,0.0,-0.5
ENSG00000279344,0.5,0.0,-0.5
LEAP2,0.5,0.0,-0.5
SLC12A1,0.5,0.0,-0.5
RAP1BP1,0.5,0.0,-0.5
AASS,0.5,0.0,-0.5
ENSG00000279357,0.5,0.0,-0.5
TXLNGY,0.5,0.0,-0.5
KCNK3,0.5,0.0,-0.5
DIAPH1-AS1,0.5,0.0,-0.5
ZSCAN29,0.5,0.0,-0.5
DZIP1L,0.5,0.0,-0.5
LINC00115,1.0,0.5,-0.5
SGO1,0.5,0.0,-0.5
EAF1-AS1,0.5,0.0,-0.5
RAP2A,0.5,0.0,-0.5
KIF22,0.5,0.0,-0.5
DNAH17,0.5,0.0,-0.5
KIF26B-AS1,0.5,0.0,-0.5
RBL2,0.5,0.0,-0.5
LAMP2,1.5,1.0,-0.5
DNAJC30,0.5,0.0,-0.5
SKA3,0.5,0.0,-0.5
LACTB2,0.5,0.0,-0.5
SIX3,0.5,0.0,-0.5
SIRT3,0.5,0.0,-0.5
KRTCAP2,1.0,0.5,-0.5
A2ML1-AS1,0.5,0.0,-0.5
ENSG00000278989,0.5,0.0,-0.5
ENSG00000278999,0.5,0.0,-0.5
UBA52P6,0.5,0.0,-0.5
DOP1B,0.5,0.0,-0.5
KCNK9,0.5,0.0,-0.5
EARS2,1.0,0.5,-0.5
LINC01524,0.5,0.0,-0.5
RBMS3-AS2,0.5,0.0,-0.5
ACAT2,0.5,0.0,-0.5
EEF1DP1,0.5,0.0,-0.5
LINC01063,0.5,0.0,-0.5
EFCAB6,0.5,0.0,-0.5
RABGEF1,0.5,0.0,-0.5
SETD6,1.5,1.0,-0.5
ISLR,1.0,0.5,-0.5
LINC00467,0.5,0.0,-0.5
LINC01355,0.5,0.0,-0.5
SERTAD2,0.5,0.0,-0.5
UFSP1,0.5,0.0,-0.5
LINC01503,0.5,0.0,-0.5
IQCH,0.5,0.0,-0.5
SERPINE2,0.5,0.0,-0.5
ENSG00000279598,0.5,0.0,-0.5
THEMIS2,0.5,0.0,-0.5
UBTFL11,0.5,0.0,-0.5
ENSG00000277978,0.5,0.0,-0.5
SLC22A4,0.5,0.0,-0.5
ECM1,0.5,0.0,-0.5
ECHDC2,0.5,0.0,-0.5
ECHDC1,1.0,0.5,-0.5
RAE1,0.5,0.0,-0.5
SFSWAP,0.5,0.0,-0.5
SFTPD-AS1,0.5,0.0,-0.5
LINC00638,0.5,0.0,-0.5
KCNB1,0.5,0.0,-0.5
RBM33-DT,0.5,0.0,-0.5
KCNH1,0.5,0.0,-0.5
KCNJ12,0.5,0.0,-0.5
DGUOK-AS1,0.5,0.0,-0.5
ENSG00000228150,0.5,0.0,-0.5
LINC02577,0.5,0.0,-0.5
ENSG00000284691,0.5,0.0,-0.5
HOXB5,0.5,0.0,-0.5
VCPIP1,0.5,0.0,-0.5
SMIM7,1.5,1.0,-0.5
ADPGK-AS1,0.5,0.0,-0.5
HMGN2,0.5,0.0,-0.5
SCAMP1-AS1,0.5,0.0,-0.5
ENSG00000275216,0.5,0.0,-0.5
ENSG00000231829,0.5,0.0,-0.5
COL5A1-AS1,0.5,0.0,-0.5
ENSG00000283445,0.5,0.0,-0.5
ENSG00000228692,1.0,0.5,-0.5
CRCT1,0.5,0.0,-0.5
REXO2,0.5,0.0,-0.5
PTMAP4,0.5,0.0,-0.5
CRACD,0.5,0.0,-0.5
PTPN4,1.0,0.5,-0.5
ADO,0.5,0.0,-0.5
HINFP,1.5,1.0,-0.5
COX4I1,0.5,0.0,-0.5
UTP6,0.5,0.0,-0.5
COX5BP7,0.5,0.0,-0.5
MED17,1.5,1.0,-0.5
ENSG00000275024,0.5,0.0,-0.5
ENSG00000232220,0.5,0.0,-0.5
TRIM32,0.5,0.0,-0.5
COX6A1P2,0.5,0.0,-0.5
ADM2,0.5,0.0,-0.5
ENSG00000229278,0.5,0.0,-0.5
COX7A2P2,0.5,0.0,-0.5
SMARCE1P1,0.5,0.0,-0.5
TRIM63,0.5,0.0,-0.5
MDM2,1.0,0.5,-0.5
COQ7-DT,0.5,0.0,-0.5
ENSG00000275393,0.5,0.0,-0.5
ENSG00000230979,0.5,0.0,-0.5
ENSG00000232294,0.5,0.0,-0.5
ADIPOR1,0.5,0.0,-0.5
CORIN,0.5,0.0,-0.5
HMGA2,0.5,0.0,-0.5
VEGFB,0.5,0.0,-0.5
SLFNL1-AS1,0.5,0.0,-0.5
TLL1,2.1666666666666665,1.625,-0.5416666666666665
ARIH1,3.1666666666666665,2.625,-0.5416666666666665
FIP1L1,2.1666666666666665,1.625,-0.5416666666666665
PANK2,2.6666666666666665,2.125,-0.5416666666666665
LYRM7,2.1666666666666665,1.625,-0.5416666666666665
MIAT,2.1666666666666665,1.625,-0.5416666666666665
RAB7B,0.6666666666666666,0.125,-0.5416666666666666
LINC01278,0.6666666666666666,0.125,-0.5416666666666666
PON2,0.6666666666666666,0.125,-0.5416666666666666
TMEM91,0.6666666666666666,0.125,-0.5416666666666666
FBXL19-AS1,0.6666666666666666,0.125,-0.5416666666666666
ACOT11,0.6666666666666666,0.125,-0.5416666666666666
ENSG00000288695,0.6666666666666666,0.125,-0.5416666666666666
CYSLTR1,0.6666666666666666,0.125,-0.5416666666666666
LINC01415,0.6666666666666666,0.125,-0.5416666666666666
VLDLR,0.6666666666666666,0.125,-0.5416666666666666
C22orf23,0.6666666666666666,0.125,-0.5416666666666666
RGL1,0.6666666666666666,0.125,-0.5416666666666666
H4C3,0.6666666666666666,0.125,-0.5416666666666666
FAM13C,0.6666666666666666,0.125,-0.5416666666666666
SCAPER,0.6666666666666666,0.125,-0.5416666666666666
FAM149B1,0.6666666666666666,0.125,-0.5416666666666666
FOSL1,0.6666666666666666,0.125,-0.5416666666666666
NFKB2,0.6666666666666666,0.125,-0.5416666666666666
RABGAP1,0.6666666666666666,0.125,-0.5416666666666666
SENP8,0.6666666666666666,0.125,-0.5416666666666666
LIPA,0.6666666666666666,0.125,-0.5416666666666666
CCDC194,0.6666666666666666,0.125,-0.5416666666666666
TMCO1,0.6666666666666666,0.125,-0.5416666666666666
MRM2,0.6666666666666666,0.125,-0.5416666666666666
PRIM1,0.6666666666666666,0.125,-0.5416666666666666
RIMOC1,0.6666666666666666,0.125,-0.5416666666666666
KCNN2,0.6666666666666666,0.125,-0.5416666666666666
KCNMB1,0.6666666666666666,0.125,-0.5416666666666666
MRGPRF,0.6666666666666666,0.125,-0.5416666666666666
CCN3,0.6666666666666666,0.125,-0.5416666666666666
SMCR5,0.6666666666666666,0.125,-0.5416666666666666
RCSD1,0.6666666666666666,0.125,-0.5416666666666666
SCART1,0.6666666666666666,0.125,-0.5416666666666666
TNIP1,0.6666666666666666,0.125,-0.5416666666666666
SCD5,0.6666666666666666,0.125,-0.5416666666666666
NRIP3,0.6666666666666666,0.125,-0.5416666666666666
ACOT8,0.6666666666666666,0.125,-0.5416666666666666
ACVRL1,0.6666666666666666,0.125,-0.5416666666666666
YRDC,0.6666666666666666,0.125,-0.5416666666666666
ZKSCAN3,0.6666666666666666,0.125,-0.5416666666666666
IGLJ2,0.6666666666666666,0.125,-0.5416666666666666
ACVR2B,0.6666666666666666,0.125,-0.5416666666666666
BRMS1,0.6666666666666666,0.125,-0.5416666666666666
SLC25A29,0.6666666666666666,0.125,-0.5416666666666666
ENSG00000280035,0.6666666666666666,0.125,-0.5416666666666666
NUDT22,0.6666666666666666,0.125,-0.5416666666666666
CASP8AP2,0.6666666666666666,0.125,-0.5416666666666666
TTPAL,0.6666666666666666,0.125,-0.5416666666666666
TAPT1,0.6666666666666666,0.125,-0.5416666666666666
ACTBP9,0.6666666666666666,0.125,-0.5416666666666666
MEAF6,0.6666666666666666,0.125,-0.5416666666666666
ENSG00000284762,0.6666666666666666,0.125,-0.5416666666666666
RAD17P2,0.6666666666666666,0.125,-0.5416666666666666
FGF7,0.6666666666666666,0.125,-0.5416666666666666
MOCS2,0.6666666666666666,0.125,-0.5416666666666666
ITSN2,0.6666666666666666,0.125,-0.5416666666666666
ACSL3-AS1,0.6666666666666666,0.125,-0.5416666666666666
RPL23AP2,0.6666666666666666,0.125,-0.5416666666666666
C15orf40,0.6666666666666666,0.125,-0.5416666666666666
DELEC1,0.6666666666666666,0.125,-0.5416666666666666
ENSG00000262967,0.6666666666666666,0.125,-0.5416666666666666
UEVLD,0.6666666666666666,0.125,-0.5416666666666666
TUFM,0.6666666666666666,0.125,-0.5416666666666666
ITGB8,0.6666666666666666,0.125,-0.5416666666666666
SEZ6L2,0.6666666666666666,0.125,-0.5416666666666666
RTL10,0.6666666666666666,0.125,-0.5416666666666666
ACTR1A,0.6666666666666666,0.125,-0.5416666666666666
C11orf80,0.6666666666666666,0.125,-0.5416666666666666
ZNF584,0.6666666666666666,0.125,-0.5416666666666666
TAOK2,0.6666666666666666,0.125,-0.5416666666666666
PLPP7,0.6666666666666666,0.125,-0.5416666666666666
HINT1P1,0.6666666666666666,0.125,-0.5416666666666666
RWDD4P1,0.6666666666666666,0.125,-0.5416666666666666
LINC00938,0.6666666666666666,0.125,-0.5416666666666666
SCAMP2,0.6666666666666666,0.125,-0.5416666666666666
CBY1,0.6666666666666666,0.125,-0.5416666666666666
CADPS2,0.6666666666666666,0.125,-0.5416666666666666
ENSG00000279981,0.6666666666666666,0.125,-0.5416666666666666
FMO2,0.6666666666666666,0.125,-0.5416666666666666
ENSG00000260257,0.6666666666666666,0.125,-0.5416666666666666
ENSG00000260417,0.6666666666666666,0.125,-0.5416666666666666
COL6A5,0.6666666666666666,0.125,-0.5416666666666666
AIF1L,0.6666666666666666,0.125,-0.5416666666666666
SMG9,0.6666666666666666,0.125,-0.5416666666666666
ENSG00000230751,0.6666666666666666,0.125,-0.5416666666666666
CLDN12,0.6666666666666666,0.125,-0.5416666666666666
ENSG00000287979,0.6666666666666666,0.125,-0.5416666666666666
SRPK1,0.6666666666666666,0.125,-0.5416666666666666
SPP1,0.6666666666666666,0.125,-0.5416666666666666
ZNF772,0.6666666666666666,0.125,-0.5416666666666666
GPATCH4,0.6666666666666666,0.125,-0.5416666666666666
MEDAG,0.6666666666666666,0.125,-0.5416666666666666
IBA57,0.6666666666666666,0.125,-0.5416666666666666
LYRM4,0.6666666666666666,0.125,-0.5416666666666666
PIGF,0.6666666666666666,0.125,-0.5416666666666666
CES4A,0.6666666666666666,0.125,-0.5416666666666666
TPGS2,0.6666666666666666,0.125,-0.5416666666666666
SHOX2,0.6666666666666666,0.125,-0.5416666666666666
ENSG00000279232,0.6666666666666666,0.125,-0.5416666666666666
ZNF284,0.6666666666666666,0.125,-0.5416666666666666
ENSG00000269958,0.6666666666666666,0.125,-0.5416666666666666
ENSG00000269693,0.6666666666666666,0.125,-0.5416666666666666
WDR44,0.6666666666666666,0.125,-0.5416666666666666
ENSG00000269506,0.6666666666666666,0.125,-0.5416666666666666
MYL12A,0.6666666666666666,0.125,-0.5416666666666666
WSB2,0.6666666666666666,0.125,-0.5416666666666666
TCEA3,0.6666666666666666,0.125,-0.5416666666666666
PDIA3,0.6666666666666666,0.125,-0.5416666666666666
LTN1,0.6666666666666666,0.125,-0.5416666666666666
PUM1,0.6666666666666666,0.125,-0.5416666666666666
ENSG00000271943,0.6666666666666666,0.125,-0.5416666666666666
LTBP3,0.6666666666666666,0.125,-0.5416666666666666
AMFR,0.6666666666666666,0.125,-0.5416666666666666
CRIP1P3,0.6666666666666666,0.125,-0.5416666666666666
CDIN1,0.6666666666666666,0.125,-0.5416666666666666
B3GNT3,0.6666666666666666,0.125,-0.5416666666666666
RAVER1,0.6666666666666666,0.125,-0.5416666666666666
HEATR5A,0.6666666666666666,0.125,-0.5416666666666666
ENSG00000283696,0.6666666666666666,0.125,-0.5416666666666666
RHOU,0.6666666666666666,0.125,-0.5416666666666666
ENSG00000270110,0.6666666666666666,0.125,-0.5416666666666666
SLC7A8,0.6666666666666666,0.125,-0.5416666666666666
PICK1,0.6666666666666666,0.125,-0.5416666666666666
ENSG00000243423,0.6666666666666666,0.125,-0.5416666666666666
ENSG00000228170,0.6666666666666666,0.125,-0.5416666666666666
HSD17B7,0.6666666666666666,0.125,-0.5416666666666666
SOBP,0.6666666666666666,0.125,-0.5416666666666666
ENSG00000291077,0.6666666666666666,0.125,-0.5416666666666666
WDR70,0.6666666666666666,0.125,-0.5416666666666666
MT1X,0.6666666666666666,0.125,-0.5416666666666666
SCO2,0.6666666666666666,0.125,-0.5416666666666666
WDR77,0.6666666666666666,0.125,-0.5416666666666666
RNPS1,0.6666666666666666,0.125,-0.5416666666666666
UBA3,0.6666666666666666,0.125,-0.5416666666666666
ZNF678,0.6666666666666666,0.125,-0.5416666666666666
ZNF318,0.6666666666666666,0.125,-0.5416666666666666
ENSG00000282980,0.6666666666666666,0.125,-0.5416666666666666
RPS6,0.6666666666666666,0.125,-0.5416666666666666
SCRN3,0.6666666666666666,0.125,-0.5416666666666666
WDR5,0.6666666666666666,0.125,-0.5416666666666666
RNU5D-1,0.6666666666666666,0.125,-0.5416666666666666
ENSG00000291228,0.6666666666666666,0.125,-0.5416666666666666
MAILR,0.6666666666666666,0.125,-0.5416666666666666
MS4A2,0.6666666666666666,0.125,-0.5416666666666666
GLYR1,0.6666666666666666,0.125,-0.5416666666666666
SOWAHCP2,0.6666666666666666,0.125,-0.5416666666666666
MS4A14,0.6666666666666666,0.125,-0.5416666666666666
ENSG00000273218,0.6666666666666666,0.125,-0.5416666666666666
PEX1,0.6666666666666666,0.125,-0.5416666666666666
SLC66A1L,0.6666666666666666,0.125,-0.5416666666666666
ACP1,0.6666666666666666,0.125,-0.5416666666666666
PRSS53,0.6666666666666666,0.125,-0.5416666666666666
TICAM1,0.6666666666666666,0.125,-0.5416666666666666
ENSG00000272033,0.6666666666666666,0.125,-0.5416666666666666
DMPK,0.6666666666666666,0.125,-0.5416666666666666
PCGF6,0.6666666666666666,0.125,-0.5416666666666666
HDAC6,0.6666666666666666,0.125,-0.5416666666666666
DLGAP5,0.6666666666666666,0.125,-0.5416666666666666
NARF-IT1,0.6666666666666666,0.125,-0.5416666666666666
MFSD6,0.6666666666666666,0.125,-0.5416666666666666
SUPT16H,0.6666666666666666,0.125,-0.5416666666666666
RNF139-DT,0.6666666666666666,0.125,-0.5416666666666666
UBE2S,0.6666666666666666,0.125,-0.5416666666666666
GAS2L3,0.6666666666666666,0.125,-0.5416666666666666
NBEA,0.6666666666666666,0.125,-0.5416666666666666
UQCRHL,0.6666666666666666,0.125,-0.5416666666666666
ACYP2,0.6666666666666666,0.125,-0.5416666666666666
ENSG00000255856,0.6666666666666666,0.125,-0.5416666666666666
CD274,0.6666666666666666,0.125,-0.5416666666666666
CD200,0.6666666666666666,0.125,-0.5416666666666666
HIC2,0.6666666666666666,0.125,-0.5416666666666666
RPAIN,0.6666666666666666,0.125,-0.5416666666666666
LHX6,0.6666666666666666,0.125,-0.5416666666666666
PCAT1,0.6666666666666666,0.125,-0.5416666666666666
NANOS1,0.6666666666666666,0.125,-0.5416666666666666
NCK2,0.6666666666666666,0.125,-0.5416666666666666
SUGT1P4-STRA6LP-CCDC180,0.6666666666666666,0.125,-0.5416666666666666
ENSG00000279696,0.6666666666666666,0.125,-0.5416666666666666
BICD2,0.6666666666666666,0.125,-0.5416666666666666
PDE4B,0.6666666666666666,0.125,-0.5416666666666666
ZNF454,0.6666666666666666,0.125,-0.5416666666666666
PCYOX1,0.6666666666666666,0.125,-0.5416666666666666
VPS35L,0.6666666666666666,0.125,-0.5416666666666666
XPO4,0.6666666666666666,0.125,-0.5416666666666666
XPA,0.6666666666666666,0.125,-0.5416666666666666
TOPBP1,0.6666666666666666,0.125,-0.5416666666666666
SECISBP2L,0.6666666666666666,0.125,-0.5416666666666666
ENSG00000286207,0.6666666666666666,0.125,-0.5416666666666666
UBE2J2,0.6666666666666666,0.125,-0.5416666666666666
N4BP2L1,0.6666666666666666,0.125,-0.5416666666666666
VPS50,0.6666666666666666,0.125,-0.5416666666666666
LARGE1,0.6666666666666666,0.125,-0.5416666666666666
GEMIN4,0.6666666666666666,0.125,-0.5416666666666666
PAPOLA,1.1666666666666667,0.625,-0.5416666666666667
ZNF37A,1.1666666666666667,0.625,-0.5416666666666667
STAG2,1.6666666666666667,1.125,-0.5416666666666667
KPNA1,1.1666666666666667,0.625,-0.5416666666666667
BICD1,1.1666666666666667,0.625,-0.5416666666666667
ENSG00000289003,1.1666666666666667,0.625,-0.5416666666666667
KPNA3,1.1666666666666667,0.625,-0.5416666666666667
PHC3,1.6666666666666667,1.125,-0.5416666666666667
PHF20L1,1.1666666666666667,0.625,-0.5416666666666667
STAG1,1.1666666666666667,0.625,-0.5416666666666667
LIAS,1.1666666666666667,0.625,-0.5416666666666667
LHFPL5,1.6666666666666667,1.125,-0.5416666666666667
ENSG00000288948,1.1666666666666667,0.625,-0.5416666666666667
RUNX1T1,1.1666666666666667,0.625,-0.5416666666666667
APTX,1.1666666666666667,0.625,-0.5416666666666667
SMIM12,1.1666666666666667,0.625,-0.5416666666666667
ABL1,1.1666666666666667,0.625,-0.5416666666666667
RPL17P1,1.1666666666666667,0.625,-0.5416666666666667
ZNF493,1.1666666666666667,0.625,-0.5416666666666667
BMPR1A,1.6666666666666667,1.125,-0.5416666666666667
COL6A2,1.1666666666666667,0.625,-0.5416666666666667
B4GALT4,1.1666666666666667,0.625,-0.5416666666666667
KLF3-AS1,1.1666666666666667,0.625,-0.5416666666666667
ENSG00000279289,1.1666666666666667,0.625,-0.5416666666666667
LASP1,1.1666666666666667,0.625,-0.5416666666666667
ENSG00000274898,1.1666666666666667,0.625,-0.5416666666666667
NXN,1.1666666666666667,0.625,-0.5416666666666667
BRD3,1.1666666666666667,0.625,-0.5416666666666667
CLDN5,1.1666666666666667,0.625,-0.5416666666666667
ATP6V1E2,1.1666666666666667,0.625,-0.5416666666666667
ENSG00000279453,1.1666666666666667,0.625,-0.5416666666666667
ENSG00000266371,1.6666666666666667,1.125,-0.5416666666666667
KDM7A,1.1666666666666667,0.625,-0.5416666666666667
ZNF395,1.1666666666666667,0.625,-0.5416666666666667
ARL4A,1.1666666666666667,0.625,-0.5416666666666667
ZNF562,1.6666666666666667,1.125,-0.5416666666666667
NACA2,1.1666666666666667,0.625,-0.5416666666666667
MMRN2,1.1666666666666667,0.625,-0.5416666666666667
CASP10,1.6666666666666667,1.125,-0.5416666666666667
MYH10,1.1666666666666667,0.625,-0.5416666666666667
TTC7B,1.1666666666666667,0.625,-0.5416666666666667
TBC1D5,1.1666666666666667,0.625,-0.5416666666666667
GHITM,1.1666666666666667,0.625,-0.5416666666666667
RIGI,1.6666666666666667,1.125,-0.5416666666666667
FMO1,1.1666666666666667,0.625,-0.5416666666666667
MYOF,1.6666666666666667,1.125,-0.5416666666666667
TKT,1.1666666666666667,0.625,-0.5416666666666667
CTSH,1.6666666666666667,1.125,-0.5416666666666667
CYB5B,1.1666666666666667,0.625,-0.5416666666666667
C5orf22,1.1666666666666667,0.625,-0.5416666666666667
COMT,1.1666666666666667,0.625,-0.5416666666666667
GAS8,1.1666666666666667,0.625,-0.5416666666666667
NIPA1,1.1666666666666667,0.625,-0.5416666666666667
FBXL4,1.1666666666666667,0.625,-0.5416666666666667
GDAP1,1.1666666666666667,0.625,-0.5416666666666667
PRRC1,1.1666666666666667,0.625,-0.5416666666666667
SREK1IP1,1.1666666666666667,0.625,-0.5416666666666667
SEPTIN7,1.6666666666666667,1.125,-0.5416666666666667
GRIPAP1,1.1666666666666667,0.625,-0.5416666666666667
TSC2,1.1666666666666667,0.625,-0.5416666666666667
SP140L,1.8333333333333333,1.25,-0.5833333333333333
RPL7AP44,1.3333333333333333,0.75,-0.5833333333333333
B4GALT5,1.3333333333333333,0.75,-0.5833333333333333
LYRM2,1.3333333333333333,0.75,-0.5833333333333333
SENP5,1.3333333333333333,0.75,-0.5833333333333333
CRTC3,1.3333333333333333,0.75,-0.5833333333333333
PAFAH1B2,1.3333333333333333,0.75,-0.5833333333333333
TSC22D1,1.3333333333333333,0.75,-0.5833333333333333
EME2,1.3333333333333333,0.75,-0.5833333333333333
SLC39A11,1.3333333333333333,0.75,-0.5833333333333333
OSGEP,1.8333333333333333,1.25,-0.5833333333333333
MARCHF7,1.8333333333333333,1.25,-0.5833333333333333
BANP,1.3333333333333333,0.75,-0.5833333333333333
ENSG00000269825,1.3333333333333333,0.75,-0.5833333333333333
PLXDC1,1.3333333333333333,0.75,-0.5833333333333333
RAB23,1.3333333333333333,0.75,-0.5833333333333333
ZNF224,1.8333333333333333,1.25,-0.5833333333333333
TRIM52,1.3333333333333333,0.75,-0.5833333333333333
ZNF738,1.8333333333333333,1.25,-0.5833333333333333
PIK3C3,1.3333333333333333,0.75,-0.5833333333333333
YARS1,1.3333333333333333,0.75,-0.5833333333333333
PRRX1,1.3333333333333333,0.75,-0.5833333333333333
WDR73,1.8333333333333333,1.25,-0.5833333333333333
AP5M1,1.3333333333333333,0.75,-0.5833333333333333
ABCA6,1.8333333333333333,1.25,-0.5833333333333333
MSH6,1.8333333333333333,1.25,-0.5833333333333333
ALG10B,1.8333333333333333,1.25,-0.5833333333333333
IPO9,1.3333333333333333,0.75,-0.5833333333333333
EXOSC8,1.8333333333333333,1.25,-0.5833333333333333
LCORL,1.3333333333333333,0.75,-0.5833333333333333
ENSG00000273870,1.8333333333333333,1.25,-0.5833333333333333
MANEA,1.3333333333333333,0.75,-0.5833333333333333
NOL9,1.8333333333333333,1.25,-0.5833333333333333
RAPGEF3,1.3333333333333333,0.75,-0.5833333333333333
GPR78,1.3333333333333333,0.75,-0.5833333333333333
PLAC4,1.8333333333333333,1.25,-0.5833333333333333
CCPG1,1.3333333333333333,0.75,-0.5833333333333333
LGI4,0.8333333333333334,0.25,-0.5833333333333334
NACA3P,0.8333333333333334,0.25,-0.5833333333333334
RP9,0.8333333333333334,0.25,-0.5833333333333334
TMEM248,0.8333333333333334,0.25,-0.5833333333333334
LPIN1,0.8333333333333334,0.25,-0.5833333333333334
MGAT4A,0.8333333333333334,0.25,-0.5833333333333334
ENSG00000254363,0.8333333333333334,0.25,-0.5833333333333334
ZNF624,0.8333333333333334,0.25,-0.5833333333333334
CPNE5,0.8333333333333334,0.25,-0.5833333333333334
ZNF84,0.8333333333333334,0.25,-0.5833333333333334
CD2AP,0.8333333333333334,0.25,-0.5833333333333334
TBX2,0.8333333333333334,0.25,-0.5833333333333334
AGL,0.8333333333333334,0.25,-0.5833333333333334
HDAC7,0.8333333333333334,0.25,-0.5833333333333334
IFT27,0.8333333333333334,0.25,-0.5833333333333334
DLEU2L,0.8333333333333334,0.25,-0.5833333333333334
MRPS10,0.8333333333333334,0.25,-0.5833333333333334
ERRFI1-DT,0.8333333333333334,0.25,-0.5833333333333334
LINC01359,0.8333333333333334,0.25,-0.5833333333333334
TMEM237,0.8333333333333334,0.25,-0.5833333333333334
RASA4B,0.8333333333333334,0.25,-0.5833333333333334
ENSG00000290450,0.8333333333333334,0.25,-0.5833333333333334
DROSHA,0.8333333333333334,0.25,-0.5833333333333334
ENSG00000228302,0.8333333333333334,0.25,-0.5833333333333334
MTOR,0.8333333333333334,0.25,-0.5833333333333334
RNF220,0.8333333333333334,0.25,-0.5833333333333334
HERC6,0.8333333333333334,0.25,-0.5833333333333334
VPS13A,0.8333333333333334,0.25,-0.5833333333333334
VN1R83P,0.8333333333333334,0.25,-0.5833333333333334
ZSWIM8,0.8333333333333334,0.25,-0.5833333333333334
ENSG00000290921,0.8333333333333334,0.25,-0.5833333333333334
MTHFD1,0.8333333333333334,0.25,-0.5833333333333334
CRYZ,0.8333333333333334,0.25,-0.5833333333333334
RASSF8,0.8333333333333334,0.25,-0.5833333333333334
DOK5,0.8333333333333334,0.25,-0.5833333333333334
ENSG00000248100,0.8333333333333334,0.25,-0.5833333333333334
GOPC,0.8333333333333334,0.25,-0.5833333333333334
TYW3,0.8333333333333334,0.25,-0.5833333333333334
SDC3,0.8333333333333334,0.25,-0.5833333333333334
REEP3,0.8333333333333334,0.25,-0.5833333333333334
PRNCR1,0.8333333333333334,0.25,-0.5833333333333334
SAR1A,0.8333333333333334,0.25,-0.5833333333333334
XPC-AS1,0.8333333333333334,0.25,-0.5833333333333334
TOR1B,0.8333333333333334,0.25,-0.5833333333333334
CLPP,0.8333333333333334,0.25,-0.5833333333333334
PDGFA,0.8333333333333334,0.25,-0.5833333333333334
DNAJC3,0.8333333333333334,0.25,-0.5833333333333334
SLC12A9,0.8333333333333334,0.25,-0.5833333333333334
ICMT,0.8333333333333334,0.25,-0.5833333333333334
XAB2,0.8333333333333334,0.25,-0.5833333333333334
A4GALT,0.8333333333333334,0.25,-0.5833333333333334
TIGAR,0.8333333333333334,0.25,-0.5833333333333334
ENSG00000269934,0.8333333333333334,0.25,-0.5833333333333334
RPS2P28,0.8333333333333334,0.25,-0.5833333333333334
LZIC,0.8333333333333334,0.25,-0.5833333333333334
WRAP73,0.8333333333333334,0.25,-0.5833333333333334
IDS,0.8333333333333334,0.25,-0.5833333333333334
HARS1,0.8333333333333334,0.25,-0.5833333333333334
RAD50,0.8333333333333334,0.25,-0.5833333333333334
DACT3,0.8333333333333334,0.25,-0.5833333333333334
CARF,0.8333333333333334,0.25,-0.5833333333333334
SLC2A5,0.8333333333333334,0.25,-0.5833333333333334
DCLRE1C,0.8333333333333334,0.25,-0.5833333333333334
GTDC1,0.8333333333333334,0.25,-0.5833333333333334
HMGXB3,0.8333333333333334,0.25,-0.5833333333333334
RUVBL2,0.8333333333333334,0.25,-0.5833333333333334
SFI1,0.8333333333333334,0.25,-0.5833333333333334
PPTC7,0.8333333333333334,0.25,-0.5833333333333334
ARC,0.8333333333333334,0.25,-0.5833333333333334
NCK1-DT,0.8333333333333334,0.25,-0.5833333333333334
CC2D2B,0.8333333333333334,0.25,-0.5833333333333334
FNBP4,0.8333333333333334,0.25,-0.5833333333333334
ENSG00000278133,0.8333333333333334,0.25,-0.5833333333333334
SLC35C1,0.8333333333333334,0.25,-0.5833333333333334
RAB29,0.8333333333333334,0.25,-0.5833333333333334
RBM34,0.8333333333333334,0.25,-0.5833333333333334
ZBTB47,0.8333333333333334,0.25,-0.5833333333333334
VAMP3,0.8333333333333334,0.25,-0.5833333333333334
ENSG00000284554,0.8333333333333334,0.25,-0.5833333333333334
COMMD5,0.8333333333333334,0.25,-0.5833333333333334
POMK,0.8333333333333334,0.25,-0.5833333333333334
IRF3,0.8333333333333334,0.25,-0.5833333333333334
POLR2E,0.8333333333333334,0.25,-0.5833333333333334
RUNDC1,0.8333333333333334,0.25,-0.5833333333333334
GUF1,0.8333333333333334,0.25,-0.5833333333333334
ENSG00000279738,0.8333333333333334,0.25,-0.5833333333333334
MMP1,0.8333333333333334,0.25,-0.5833333333333334
PPA2,0.8333333333333334,0.25,-0.5833333333333334
EIF2S1,0.8333333333333334,0.25,-0.5833333333333334
SMCR8,0.8333333333333334,0.25,-0.5833333333333334
RABIF,0.8333333333333334,0.25,-0.5833333333333334
TBC1D20,0.8333333333333334,0.25,-0.5833333333333334
ENSG00000279608,0.8333333333333334,0.25,-0.5833333333333334
GTF2H5,0.8333333333333334,0.25,-0.5833333333333334
MOB3C,0.8333333333333334,0.25,-0.5833333333333334
DELE1,0.8333333333333334,0.25,-0.5833333333333334
RXRA,0.8333333333333334,0.25,-0.5833333333333334
TPT1P4,0.8333333333333334,0.25,-0.5833333333333334
SRD5A3,0.8333333333333334,0.25,-0.5833333333333334
MGME1,0.8333333333333334,0.25,-0.5833333333333334
ANKMY2,0.8333333333333334,0.25,-0.5833333333333334
ENSG00000283782,0.8333333333333334,0.25,-0.5833333333333334
KCTD13,0.8333333333333334,0.25,-0.5833333333333334
CHM,0.8333333333333334,0.25,-0.5833333333333334
ENSG00000286159,0.8333333333333334,0.25,-0.5833333333333334
ENSG00000289586,0.8333333333333334,0.25,-0.5833333333333334
TGFBR1,0.8333333333333334,0.25,-0.5833333333333334
TLE1,0.8333333333333334,0.25,-0.5833333333333334
F3,0.8333333333333334,0.25,-0.5833333333333334
ABCC4,0.8333333333333334,0.25,-0.5833333333333334
LINC00324,0.8333333333333334,0.25,-0.5833333333333334
LMTK2,0.8333333333333334,0.25,-0.5833333333333334
FADS1,0.8333333333333334,0.25,-0.5833333333333334
ANKRD16,0.8333333333333334,0.25,-0.5833333333333334
FUT11,0.8333333333333334,0.25,-0.5833333333333334
PTP4A2,0.8333333333333334,0.25,-0.5833333333333334
CYP19A1,0.8333333333333334,0.25,-0.5833333333333334
NCLN,0.8333333333333334,0.25,-0.5833333333333334
STN1,0.8333333333333334,0.25,-0.5833333333333334
ENSG00000232176,0.8333333333333334,0.25,-0.5833333333333334
RPS13P2,0.8333333333333334,0.25,-0.5833333333333334
LINC02977,0.8333333333333334,0.25,-0.5833333333333334
HACD2,0.8333333333333334,0.25,-0.5833333333333334
ENSG00000241489,0.8333333333333334,0.25,-0.5833333333333334
ENSG00000254780,2.3333333333333335,1.75,-0.5833333333333335
HSPH1,2.3333333333333335,1.75,-0.5833333333333335
SERINC5,2.3333333333333335,1.75,-0.5833333333333335
TFRC,2.3333333333333335,1.75,-0.5833333333333335
CD59,2.3333333333333335,1.75,-0.5833333333333335
ENSG00000276850,1.0,0.375,-0.625
ENSG00000271778,1.0,0.375,-0.625
ADCYAP1R1,1.0,0.375,-0.625
ENSG00000280138,3.5,2.875,-0.625
PRR11,1.0,0.375,-0.625
ENSG00000280248,1.0,0.375,-0.625
POC1B-AS1,1.0,0.375,-0.625
ZNF44,1.5,0.875,-0.625
POLK,2.0,1.375,-0.625
ZNF677,1.0,0.375,-0.625
AFTPH,1.0,0.375,-0.625
ZNF681,1.0,0.375,-0.625
RAB11A,1.0,0.375,-0.625
AAGAB,1.0,0.375,-0.625
RFLNB,1.0,0.375,-0.625
PRDM15,1.0,0.375,-0.625
RIPOR2,1.5,0.875,-0.625
ARHGAP12,1.0,0.375,-0.625
PXN,1.0,0.375,-0.625
TMEM129,1.0,0.375,-0.625
ALPK2,1.0,0.375,-0.625
PLCG1-AS1,1.0,0.375,-0.625
RHOH,1.5,0.875,-0.625
TEFM,1.0,0.375,-0.625
PPP1R3E,1.0,0.375,-0.625
ENSG00000288096,1.0,0.375,-0.625
TLR4,1.5,0.875,-0.625
ENSG00000273599,1.0,0.375,-0.625
NFATC2,1.5,0.875,-0.625
LEO1,1.0,0.375,-0.625
RPL32P32,1.0,0.375,-0.625
NIN,4.0,3.375,-0.625
SRPK2,1.0,0.375,-0.625
FHIP2B,1.0,0.375,-0.625
HSBP1,1.0,0.375,-0.625
ZC2HC1A,1.0,0.375,-0.625
SLC7A6OS,1.0,0.375,-0.625
USP24,1.0,0.375,-0.625
RPL36P3,1.0,0.375,-0.625
IFNGR1,1.0,0.375,-0.625
NPR3,1.5,0.875,-0.625
TSEN2,1.0,0.375,-0.625
FBLN7,1.0,0.375,-0.625
C3orf70,1.0,0.375,-0.625
CXCL8,1.0,0.375,-0.625
STK32A,1.0,0.375,-0.625
NSFL1C,1.0,0.375,-0.625
UPF2,1.0,0.375,-0.625
LMBRD2,1.0,0.375,-0.625
TMEM70,1.5,0.875,-0.625
TXNP1,1.5,0.875,-0.625
ZFP90,1.0,0.375,-0.625
DOCK10,1.5,0.875,-0.625
EMBP1,1.5,0.875,-0.625
STEAP4,1.0,0.375,-0.625
SLC35C2,1.0,0.375,-0.625
ORAI2,1.0,0.375,-0.625
P2RX4,1.0,0.375,-0.625
ENSG00000264853,1.0,0.375,-0.625
CBX7,1.0,0.375,-0.625
FPGT,1.0,0.375,-0.625
KIF3A,1.0,0.375,-0.625
COX20,1.0,0.375,-0.625
MLX,1.0,0.375,-0.625
CLCA2,1.0,0.375,-0.625
GPR157,1.5,0.875,-0.625
GPD2,1.0,0.375,-0.625
CHD8,1.0,0.375,-0.625
GYG1,1.0,0.375,-0.625
KTN1,2.5,1.875,-0.625
TRG-AS1,2.0,1.375,-0.625
MTHFR,2.0,1.375,-0.625
CLEC1A,1.0,0.375,-0.625
CDS2,1.0,0.375,-0.625
GLRX3,1.0,0.375,-0.625
HAS1,1.0,0.375,-0.625
MGAT5,1.0,0.375,-0.625
SMU1,1.0,0.375,-0.625
GGT5,1.0,0.375,-0.625
XG,1.0,0.375,-0.625
NACA4P,1.0,0.375,-0.625
HGSNAT,1.0,0.375,-0.625
GBP3,1.0,0.375,-0.625
CD302,1.5,0.875,-0.625
NCOR1,1.5,0.875,-0.625
ENSG00000257176,1.0,0.375,-0.625
DUBR,1.0,0.375,-0.625
CCL22,1.0,0.375,-0.625
CCDC25,1.0,0.375,-0.625
CCDC24,1.0,0.375,-0.625
ELP1,1.5,0.875,-0.625
C9orf85,1.0,0.375,-0.625
PDE12,1.0,0.375,-0.625
PEAK1,1.0,0.375,-0.625
BORCS8,1.0,0.375,-0.625
ZNF300P1,1.0,0.375,-0.625
ROBO4,1.0,0.375,-0.625
BPIFB9P,1.0,0.375,-0.625
IRGQ,1.0,0.375,-0.625
KDM4C,2.0,1.375,-0.625
EZR,1.0,0.375,-0.625
EIF2AK4,1.0,0.375,-0.625
PGPEP1,1.5,0.875,-0.625
EBLN3P,1.0,0.375,-0.625
DCTN4,1.0,0.375,-0.625
ENSG00000267745,1.0,0.375,-0.625
SLC17A9,1.0,0.375,-0.625
JAGN1,1.0,0.375,-0.625
STK38L,1.0,0.375,-0.625
ENSG00000268401,1.0,0.375,-0.625
LINC00937,1.5,0.875,-0.625
RPSA,2.1666666666666665,1.5,-0.6666666666666665
DDX3X,2.1666666666666665,1.5,-0.6666666666666665
ETFDH,2.6666666666666665,2.0,-0.6666666666666665
PPIG,2.1666666666666665,1.5,-0.6666666666666665
WDR91,2.1666666666666665,1.5,-0.6666666666666665
CEP89,2.1666666666666665,1.5,-0.6666666666666665
UGGT1,2.1666666666666665,1.5,-0.6666666666666665
PHLDB1,2.1666666666666665,1.5,-0.6666666666666665
STAT1,2.1666666666666665,1.5,-0.6666666666666665
LGALS8,3.1666666666666665,2.5,-0.6666666666666665
CLTCL1,0.6666666666666666,0.0,-0.6666666666666666
HEYL,0.6666666666666666,0.0,-0.6666666666666666
COLQ,0.6666666666666666,0.0,-0.6666666666666666
DSG3,0.6666666666666666,0.0,-0.6666666666666666
SGCE,0.6666666666666666,0.0,-0.6666666666666666
SFTA1P,0.6666666666666666,0.0,-0.6666666666666666
DNALI1,0.6666666666666666,0.0,-0.6666666666666666
DEPDC7,0.6666666666666666,0.0,-0.6666666666666666
SATB2,0.6666666666666666,0.0,-0.6666666666666666
HMG20A,0.6666666666666666,0.0,-0.6666666666666666
HHAT,0.6666666666666666,0.0,-0.6666666666666666
ENSG00000274993,0.6666666666666666,0.0,-0.6666666666666666
EDA2R,0.6666666666666666,0.0,-0.6666666666666666
LINC00707,0.6666666666666666,0.0,-0.6666666666666666
HK2,0.6666666666666666,0.0,-0.6666666666666666
HIP1,0.6666666666666666,0.0,-0.6666666666666666
ENSG00000232031,0.6666666666666666,0.0,-0.6666666666666666
A1BG,0.6666666666666666,0.0,-0.6666666666666666
ENSG00000233044,0.6666666666666666,0.0,-0.6666666666666666
ELOVL2,0.6666666666666666,0.0,-0.6666666666666666
AGFG2,0.6666666666666666,0.0,-0.6666666666666666
TRIAP1,0.6666666666666666,0.0,-0.6666666666666666
RTL5,0.6666666666666666,0.0,-0.6666666666666666
RTL8B,0.6666666666666666,0.0,-0.6666666666666666
CKAP2L,0.6666666666666666,0.0,-0.6666666666666666
ENSG00000285979,0.6666666666666666,0.0,-0.6666666666666666
THUMPD3,0.6666666666666666,0.0,-0.6666666666666666
ENSG00000236773,0.6666666666666666,0.0,-0.6666666666666666
GXYLT2,0.6666666666666666,0.0,-0.6666666666666666
ABCA11P,0.6666666666666666,0.0,-0.6666666666666666
ENSG00000278576,0.6666666666666666,0.0,-0.6666666666666666
ENSG00000236064,0.6666666666666666,0.0,-0.6666666666666666
ENSG00000285901,0.6666666666666666,0.0,-0.6666666666666666
S100A11P1,0.6666666666666666,0.0,-0.6666666666666666
ENSG00000285857,0.6666666666666666,0.0,-0.6666666666666666
ENSG00000279086,0.6666666666666666,0.0,-0.6666666666666666
ENSG00000279377,0.6666666666666666,0.0,-0.6666666666666666
ENSG00000285840,0.6666666666666666,0.0,-0.6666666666666666
CLEC2B,0.6666666666666666,0.0,-0.6666666666666666
PTGIR,0.6666666666666666,0.0,-0.6666666666666666
LIN9,0.6666666666666666,0.0,-0.6666666666666666
HMGN1P38,0.6666666666666666,0.0,-0.6666666666666666
KCTD7,0.6666666666666666,0.0,-0.6666666666666666
ENSG00000278177,0.6666666666666666,0.0,-0.6666666666666666
ENSG00000234500,0.6666666666666666,0.0,-0.6666666666666666
ENSG00000285730,0.6666666666666666,0.0,-0.6666666666666666
CLIC1P1,0.6666666666666666,0.0,-0.6666666666666666
ABCB8,0.6666666666666666,0.0,-0.6666666666666666
ENSG00000230325,0.6666666666666666,0.0,-0.6666666666666666
MCFD2P1,0.6666666666666666,0.0,-0.6666666666666666
ENSG00000230805,0.6666666666666666,0.0,-0.6666666666666666
SNORD13D,0.6666666666666666,0.0,-0.6666666666666666
SLC25A35,0.6666666666666666,0.0,-0.6666666666666666
LINC01352,0.6666666666666666,0.0,-0.6666666666666666
LRP3,0.6666666666666666,0.0,-0.6666666666666666
IGBP1P5,0.6666666666666666,0.0,-0.6666666666666666
EGFL6,0.6666666666666666,0.0,-0.6666666666666666
R3HCC1,0.6666666666666666,0.0,-0.6666666666666666
ENSG00000278716,0.6666666666666666,0.0,-0.6666666666666666
TSHR,0.6666666666666666,0.0,-0.6666666666666666
TK2,0.6666666666666666,0.0,-0.6666666666666666
IGHV5-10-1,0.6666666666666666,0.0,-0.6666666666666666
LNCAROD,0.6666666666666666,0.0,-0.6666666666666666
TTTY14,0.6666666666666666,0.0,-0.6666666666666666
LIPI,0.6666666666666666,0.0,-0.6666666666666666
CYCSP24,0.6666666666666666,0.0,-0.6666666666666666
LINC02918,0.6666666666666666,0.0,-0.6666666666666666
ENPP2,0.6666666666666666,0.0,-0.6666666666666666
LINC02340,0.6666666666666666,0.0,-0.6666666666666666
SERPINB13,0.6666666666666666,0.0,-0.6666666666666666
LINC01772,0.6666666666666666,0.0,-0.6666666666666666
SEPTIN7P1,0.6666666666666666,0.0,-0.6666666666666666
IMP3,0.6666666666666666,0.0,-0.6666666666666666
LINC02257,0.6666666666666666,0.0,-0.6666666666666666
DCK,0.6666666666666666,0.0,-0.6666666666666666
ENSG00000276524,0.6666666666666666,0.0,-0.6666666666666666
LINC02223,0.6666666666666666,0.0,-0.6666666666666666
ACTG1P14,0.6666666666666666,0.0,-0.6666666666666666
EFHB,0.6666666666666666,0.0,-0.6666666666666666
SEC13P1,0.6666666666666666,0.0,-0.6666666666666666
SLC5A6,0.6666666666666666,0.0,-0.6666666666666666
ENSG00000228292,0.6666666666666666,0.0,-0.6666666666666666
RBM45,0.6666666666666666,0.0,-0.6666666666666666
ADORA3,0.6666666666666666,0.0,-0.6666666666666666
ENSG00000230732,0.6666666666666666,0.0,-0.6666666666666666
DENND10,0.6666666666666666,0.0,-0.6666666666666666
DCAF6,0.6666666666666666,0.0,-0.6666666666666666
ENSG00000283991,0.6666666666666666,0.0,-0.6666666666666666
LINC00882,0.6666666666666666,0.0,-0.6666666666666666
MARCHF10-DT,0.6666666666666666,0.0,-0.6666666666666666
KIF2C,0.6666666666666666,0.0,-0.6666666666666666
SCMH1,0.6666666666666666,0.0,-0.6666666666666666
CRY2,0.6666666666666666,0.0,-0.6666666666666666
HS3ST3A1,0.6666666666666666,0.0,-0.6666666666666666
ENSG00000275964,0.6666666666666666,0.0,-0.6666666666666666
ENSG00000277022,0.6666666666666666,0.0,-0.6666666666666666
SKP2,0.6666666666666666,0.0,-0.6666666666666666
DDX19A,0.6666666666666666,0.0,-0.6666666666666666
CSRP1-AS1,0.6666666666666666,0.0,-0.6666666666666666
ADAMTSL2,0.6666666666666666,0.0,-0.6666666666666666
MAN1A1,0.6666666666666666,0.0,-0.6666666666666666
CSTF2T,0.6666666666666666,0.0,-0.6666666666666666
TRMT5,0.6666666666666666,0.0,-0.6666666666666666
EEF1E1,0.6666666666666666,0.0,-0.6666666666666666
EFCAB7,0.6666666666666666,0.0,-0.6666666666666666
ENSG00000280355,0.6666666666666666,0.0,-0.6666666666666666
HYLS1,0.6666666666666666,0.0,-0.6666666666666666
LINC01081,0.6666666666666666,0.0,-0.6666666666666666
AJAP1,0.6666666666666666,0.0,-0.6666666666666666
ZNF343,0.6666666666666666,0.0,-0.6666666666666666
GSTP1,0.6666666666666666,0.0,-0.6666666666666666
STRA6,0.6666666666666666,0.0,-0.6666666666666666
OR10J2P,0.6666666666666666,0.0,-0.6666666666666666
OR1J2,0.6666666666666666,0.0,-0.6666666666666666
P2RY2,0.6666666666666666,0.0,-0.6666666666666666
FAM171A1,0.6666666666666666,0.0,-0.6666666666666666
ZKSCAN2-DT,0.6666666666666666,0.0,-0.6666666666666666
FAM161A,0.6666666666666666,0.0,-0.6666666666666666
FAM135A,0.6666666666666666,0.0,-0.6666666666666666
RPL13AP25,0.6666666666666666,0.0,-0.6666666666666666
ENSG00000265845,0.6666666666666666,0.0,-0.6666666666666666
RNASE2CP,0.6666666666666666,0.0,-0.6666666666666666
FAM104A,0.6666666666666666,0.0,-0.6666666666666666
SIAH1,0.6666666666666666,0.0,-0.6666666666666666
PLCL2,0.6666666666666666,0.0,-0.6666666666666666
ENSG00000289412,0.6666666666666666,0.0,-0.6666666666666666
FADD,0.6666666666666666,0.0,-0.6666666666666666
BVES,0.6666666666666666,0.0,-0.6666666666666666
ENSG00000272420,0.6666666666666666,0.0,-0.6666666666666666
FAM225B,0.6666666666666666,0.0,-0.6666666666666666
POLR1F,0.6666666666666666,0.0,-0.6666666666666666
UBAP1,0.6666666666666666,0.0,-0.6666666666666666
C8orf76,0.6666666666666666,0.0,-0.6666666666666666
FASTKD2,0.6666666666666666,0.0,-0.6666666666666666
NSD3,0.6666666666666666,0.0,-0.6666666666666666
ENSG00000288957,0.6666666666666666,0.0,-0.6666666666666666
STAC,0.6666666666666666,0.0,-0.6666666666666666
RN7SL393P,0.6666666666666666,0.0,-0.6666666666666666
FAM237B,0.6666666666666666,0.0,-0.6666666666666666
NUDT1,0.6666666666666666,0.0,-0.6666666666666666
ENSG00000261770,0.6666666666666666,0.0,-0.6666666666666666
C1orf226,0.6666666666666666,0.0,-0.6666666666666666
FAM87B,0.6666666666666666,0.0,-0.6666666666666666
TARS2,0.6666666666666666,0.0,-0.6666666666666666
NUP205,0.6666666666666666,0.0,-0.6666666666666666
ARL14EP,0.6666666666666666,0.0,-0.6666666666666666
BORCS7-ASMT,0.6666666666666666,0.0,-0.6666666666666666
MOSMO,0.6666666666666666,0.0,-0.6666666666666666
BNIPL,0.6666666666666666,0.0,-0.6666666666666666
ENSG00000290073,0.6666666666666666,0.0,-0.6666666666666666
ENSG00000270048,0.6666666666666666,0.0,-0.6666666666666666
RNU6-1098P,0.6666666666666666,0.0,-0.6666666666666666
PENK-AS1,0.6666666666666666,0.0,-0.6666666666666666
ENSG00000291285,0.6666666666666666,0.0,-0.6666666666666666
PEX10,0.6666666666666666,0.0,-0.6666666666666666
PEX14,0.6666666666666666,0.0,-0.6666666666666666
PIAS4,0.6666666666666666,0.0,-0.6666666666666666
ZNF287,0.6666666666666666,0.0,-0.6666666666666666
SYF2P2,0.6666666666666666,0.0,-0.6666666666666666
ATP5MC2P4,0.6666666666666666,0.0,-0.6666666666666666
ATP5MC1P8,0.6666666666666666,0.0,-0.6666666666666666
DOCK9-DT,0.6666666666666666,0.0,-0.6666666666666666
ENSG00000291132,0.6666666666666666,0.0,-0.6666666666666666
ENSG00000291096,0.6666666666666666,0.0,-0.6666666666666666
ZNF260,0.6666666666666666,0.0,-0.6666666666666666
EPHA3,0.6666666666666666,0.0,-0.6666666666666666
SUMO2P21,0.6666666666666666,0.0,-0.6666666666666666
PCDHB12,0.6666666666666666,0.0,-0.6666666666666666
PAPPA-AS1,0.6666666666666666,0.0,-0.6666666666666666
ENSG00000289616,0.6666666666666666,0.0,-0.6666666666666666
BIRC5,0.6666666666666666,0.0,-0.6666666666666666
RPAP3-DT,0.6666666666666666,0.0,-0.6666666666666666
EVA1CP2,0.6666666666666666,0.0,-0.6666666666666666
ENSG00000267505,0.6666666666666666,0.0,-0.6666666666666666
KRT17P1,0.6666666666666666,0.0,-0.6666666666666666
AS3MT,0.6666666666666666,0.0,-0.6666666666666666
ENSG00000272103,0.6666666666666666,0.0,-0.6666666666666666
PCNP,0.6666666666666666,0.0,-0.6666666666666666
PCSK1,0.6666666666666666,0.0,-0.6666666666666666
ENSG00000271980,0.6666666666666666,0.0,-0.6666666666666666
BANF1,0.6666666666666666,0.0,-0.6666666666666666
ENSG00000289983,0.6666666666666666,0.0,-0.6666666666666666
NPTXR,0.6666666666666666,0.0,-0.6666666666666666
RPL35P6,0.6666666666666666,0.0,-0.6666666666666666
SSUH2,0.6666666666666666,0.0,-0.6666666666666666
SPIN3,0.6666666666666666,0.0,-0.6666666666666666
ALG1L1P,0.6666666666666666,0.0,-0.6666666666666666
PROK2,0.6666666666666666,0.0,-0.6666666666666666
ALG9,0.6666666666666666,0.0,-0.6666666666666666
RPS3AP5,0.6666666666666666,0.0,-0.6666666666666666
WNT9A,0.6666666666666666,0.0,-0.6666666666666666
ALLC,0.6666666666666666,0.0,-0.6666666666666666
TIMP1,0.6666666666666666,0.0,-0.6666666666666666
TPCN1,0.6666666666666666,0.0,-0.6666666666666666
MYL6P1,0.6666666666666666,0.0,-0.6666666666666666
GJB2,0.6666666666666666,0.0,-0.6666666666666666
ENSG00000253270,0.6666666666666666,0.0,-0.6666666666666666
RARS1,0.6666666666666666,0.0,-0.6666666666666666
ENSG00000254536,0.6666666666666666,0.0,-0.6666666666666666
ZNF646,0.6666666666666666,0.0,-0.6666666666666666
CD83,0.6666666666666666,0.0,-0.6666666666666666
LDB2,0.6666666666666666,0.0,-0.6666666666666666
MTIF2,0.6666666666666666,0.0,-0.6666666666666666
GNAI2P1,0.6666666666666666,0.0,-0.6666666666666666
SNTB1,0.6666666666666666,0.0,-0.6666666666666666
ENSG00000239920,0.6666666666666666,0.0,-0.6666666666666666
CHRDL2,0.6666666666666666,0.0,-0.6666666666666666
AKR1B1,0.6666666666666666,0.0,-0.6666666666666666
GPX8,0.6666666666666666,0.0,-0.6666666666666666
ALAD,0.6666666666666666,0.0,-0.6666666666666666
RS1,0.6666666666666666,0.0,-0.6666666666666666
GPN1,0.6666666666666666,0.0,-0.6666666666666666
CENPJ,0.6666666666666666,0.0,-0.6666666666666666
SNX24,0.6666666666666666,0.0,-0.6666666666666666
ENSG00000244464,0.6666666666666666,0.0,-0.6666666666666666
ZNF687,0.6666666666666666,0.0,-0.6666666666666666
WDR5B,0.6666666666666666,0.0,-0.6666666666666666
ZNF354A,0.6666666666666666,0.0,-0.6666666666666666
ENSG00000286458,0.6666666666666666,0.0,-0.6666666666666666
NAPB,0.6666666666666666,0.0,-0.6666666666666666
ENSG00000256973,0.6666666666666666,0.0,-0.6666666666666666
RN7SKP55,0.6666666666666666,0.0,-0.6666666666666666
RPL41,0.6666666666666666,0.0,-0.6666666666666666
PPP6C,0.6666666666666666,0.0,-0.6666666666666666
CBX4,0.6666666666666666,0.0,-0.6666666666666666
NINL,0.6666666666666666,0.0,-0.6666666666666666
ENSG00000288032,0.6666666666666666,0.0,-0.6666666666666666
PPP2R2C,0.6666666666666666,0.0,-0.6666666666666666
FHAD1-AS1,0.6666666666666666,0.0,-0.6666666666666666
CARD19,0.6666666666666666,0.0,-0.6666666666666666
NGEF,0.6666666666666666,0.0,-0.6666666666666666
TMSB4XP8,0.6666666666666666,0.0,-0.6666666666666666
ENSG00000261019,0.6666666666666666,0.0,-0.6666666666666666
ENSG00000261051,0.6666666666666666,0.0,-0.6666666666666666
CAPN3,0.6666666666666666,0.0,-0.6666666666666666
ENSG00000261177,0.6666666666666666,0.0,-0.6666666666666666
CAPG,0.6666666666666666,0.0,-0.6666666666666666
ENSG00000260361,0.6666666666666666,0.0,-0.6666666666666666
SRP14,0.6666666666666666,0.0,-0.6666666666666666
PRELID1P1,0.6666666666666666,0.0,-0.6666666666666666
NFE2L3,0.6666666666666666,0.0,-0.6666666666666666
ENSG00000257042,0.6666666666666666,0.0,-0.6666666666666666
ENSG00000287277,0.6666666666666666,0.0,-0.6666666666666666
NCSTN,0.6666666666666666,0.0,-0.6666666666666666
NDUFA3P1,0.6666666666666666,0.0,-0.6666666666666666
TNK1,0.6666666666666666,0.0,-0.6666666666666666
FZD10,0.6666666666666666,0.0,-0.6666666666666666
ZNF606,0.6666666666666666,0.0,-0.6666666666666666
SORCS2,0.6666666666666666,0.0,-0.6666666666666666
ENSG00000258515,0.6666666666666666,0.0,-0.6666666666666666
CCDC200,0.6666666666666666,0.0,-0.6666666666666666
PRDX1P1,0.6666666666666666,0.0,-0.6666666666666666
TNFSF11,0.6666666666666666,0.0,-0.6666666666666666
FTH1P20,0.6666666666666666,0.0,-0.6666666666666666
KLRG1,0.6666666666666666,0.0,-0.6666666666666666
DMWD,1.1666666666666667,0.5,-0.6666666666666667
TXNL1,1.1666666666666667,0.5,-0.6666666666666667
TPT1P14,1.6666666666666667,1.0,-0.6666666666666667
DDHD2,1.1666666666666667,0.5,-0.6666666666666667
CEP57,1.6666666666666667,1.0,-0.6666666666666667
ATP5F1CP1,1.1666666666666667,0.5,-0.6666666666666667
ENSG00000267633,1.6666666666666667,1.0,-0.6666666666666667
TMEM38B,1.1666666666666667,0.5,-0.6666666666666667
ZFP91,1.1666666666666667,0.5,-0.6666666666666667
ZCCHC9,1.1666666666666667,0.5,-0.6666666666666667
CDC25B,1.1666666666666667,0.5,-0.6666666666666667
ENSG00000251354,1.1666666666666667,0.5,-0.6666666666666667
VEGFD,1.1666666666666667,0.5,-0.6666666666666667
CYTH1,1.1666666666666667,0.5,-0.6666666666666667
AGFG1,1.6666666666666667,1.0,-0.6666666666666667
COX10-DT,1.1666666666666667,0.5,-0.6666666666666667
ENSG00000230074,1.1666666666666667,0.5,-0.6666666666666667
TM2D3,1.1666666666666667,0.5,-0.6666666666666667
ENSG00000276007,1.1666666666666667,0.5,-0.6666666666666667
ADAR,1.6666666666666667,1.0,-0.6666666666666667
CWF19L2,1.1666666666666667,0.5,-0.6666666666666667
EPM2A-DT,1.1666666666666667,0.5,-0.6666666666666667
KANTR,1.1666666666666667,0.5,-0.6666666666666667
SLC6A6,1.1666666666666667,0.5,-0.6666666666666667
NOTCH2,1.6666666666666667,1.0,-0.6666666666666667
MBNL1-AS1,1.1666666666666667,0.5,-0.6666666666666667
MBTPS1,1.1666666666666667,0.5,-0.6666666666666667
GABRE,1.1666666666666667,0.5,-0.6666666666666667
NPC1,1.1666666666666667,0.5,-0.6666666666666667
MEIS1,1.1666666666666667,0.5,-0.6666666666666667
JDP2,1.1666666666666667,0.5,-0.6666666666666667
EXT2,1.1666666666666667,0.5,-0.6666666666666667
RFK,1.1666666666666667,0.5,-0.6666666666666667
ENSG00000286864,1.1666666666666667,0.5,-0.6666666666666667
SCLY,1.1666666666666667,0.5,-0.6666666666666667
GPR180,1.1666666666666667,0.5,-0.6666666666666667
GRAMD1A,1.1666666666666667,0.5,-0.6666666666666667
NID2,1.1666666666666667,0.5,-0.6666666666666667
IPP,1.1666666666666667,0.5,-0.6666666666666667
GRSF1,1.1666666666666667,0.5,-0.6666666666666667
IL32,1.1666666666666667,0.5,-0.6666666666666667
N6AMT1,1.1666666666666667,0.5,-0.6666666666666667
GTF2A2,1.1666666666666667,0.5,-0.6666666666666667
STYXL1,1.1666666666666667,0.5,-0.6666666666666667
ENSG00000279652,1.6666666666666667,1.0,-0.6666666666666667
RPL30,1.6666666666666667,1.0,-0.6666666666666667
SPAG9,1.6666666666666667,1.0,-0.6666666666666667
QSOX1,1.1666666666666667,0.5,-0.6666666666666667
LAMC1,1.1666666666666667,0.5,-0.6666666666666667
SPEF2,1.1666666666666667,0.5,-0.6666666666666667
RAB3GAP2,1.1666666666666667,0.5,-0.6666666666666667
KLHL8,1.1666666666666667,0.5,-0.6666666666666667
P3H1,1.6666666666666667,1.0,-0.6666666666666667
PDLIM1,1.1666666666666667,0.5,-0.6666666666666667
PCNT,1.1666666666666667,0.5,-0.6666666666666667
KLC1,1.1666666666666667,0.5,-0.6666666666666667
PARP11,1.1666666666666667,0.5,-0.6666666666666667
PIKFYVE,1.8333333333333333,1.125,-0.7083333333333333
PGAM5,1.3333333333333333,0.625,-0.7083333333333333
SNHG7,1.3333333333333333,0.625,-0.7083333333333333
NOPCHAP1,1.3333333333333333,0.625,-0.7083333333333333
CASP4,1.3333333333333333,0.625,-0.7083333333333333
YES1,1.3333333333333333,0.625,-0.7083333333333333
EPHA4,1.8333333333333333,1.125,-0.7083333333333333
BRCA2,1.3333333333333333,0.625,-0.7083333333333333
ZHX3,1.3333333333333333,0.625,-0.7083333333333333
STXBP3,1.3333333333333333,0.625,-0.7083333333333333
NUDT6,1.3333333333333333,0.625,-0.7083333333333333
NUCB1,1.8333333333333333,1.125,-0.7083333333333333
CCDC82,1.3333333333333333,0.625,-0.7083333333333333
RBAK,1.3333333333333333,0.625,-0.7083333333333333
CCSER2,1.3333333333333333,0.625,-0.7083333333333333
INTS11,1.3333333333333333,0.625,-0.7083333333333333
UBE3B,1.3333333333333333,0.625,-0.7083333333333333
UBE2F-SCLY,1.3333333333333333,0.625,-0.7083333333333333
DPYSL2,1.3333333333333333,0.625,-0.7083333333333333
SERAC1,1.3333333333333333,0.625,-0.7083333333333333
SNX19,1.8333333333333333,1.125,-0.7083333333333333
SEC31A,1.3333333333333333,0.625,-0.7083333333333333
LRCH1,1.3333333333333333,0.625,-0.7083333333333333
LRIG1,1.3333333333333333,0.625,-0.7083333333333333
DYM,1.3333333333333333,0.625,-0.7083333333333333
CRLF3,1.3333333333333333,0.625,-0.7083333333333333
GASK1B,1.3333333333333333,0.625,-0.7083333333333333
MARCHF1,1.3333333333333333,0.625,-0.7083333333333333
GART,1.3333333333333333,0.625,-0.7083333333333333
COA1,1.3333333333333333,0.625,-0.7083333333333333
TULP4,1.3333333333333333,0.625,-0.7083333333333333
CLCN7,1.8333333333333333,1.125,-0.7083333333333333
CLASP2,1.3333333333333333,0.625,-0.7083333333333333
RTTN,1.3333333333333333,0.625,-0.7083333333333333
RTN4,1.3333333333333333,0.625,-0.7083333333333333
FGFR1,1.3333333333333333,0.625,-0.7083333333333333
CENATAC,1.3333333333333333,0.625,-0.7083333333333333
RSF1,1.3333333333333333,0.625,-0.7083333333333333
NMRK1,1.3333333333333333,0.625,-0.7083333333333333
ENSG00000275734,1.3333333333333333,0.625,-0.7083333333333333
RBM25,1.3333333333333333,0.625,-0.7083333333333333
RASSF8-AS1,1.3333333333333333,0.625,-0.7083333333333333
RCBTB1,1.8333333333333333,1.125,-0.7083333333333333
ALPK1,1.3333333333333333,0.625,-0.7083333333333333
RAC1,1.3333333333333333,0.625,-0.7083333333333333
NFKBIA,0.8333333333333334,0.125,-0.7083333333333334
NEU3,0.8333333333333334,0.125,-0.7083333333333334
CCDC40,0.8333333333333334,0.125,-0.7083333333333334
HSPA5P1,0.8333333333333334,0.125,-0.7083333333333334
RPRD1A,0.8333333333333334,0.125,-0.7083333333333334
ENSG00000273711,0.8333333333333334,0.125,-0.7083333333333334
RPS19P1,0.8333333333333334,0.125,-0.7083333333333334
HUWE1,0.8333333333333334,0.125,-0.7083333333333334
RPS20P21,0.8333333333333334,0.125,-0.7083333333333334
CDC23,0.8333333333333334,0.125,-0.7083333333333334
CDK2AP1,0.8333333333333334,0.125,-0.7083333333333334
SSX2IP,0.8333333333333334,0.125,-0.7083333333333334
RPS3AP12,0.8333333333333334,0.125,-0.7083333333333334
AHCYL2,0.8333333333333334,0.125,-0.7083333333333334
RPS7P10,0.8333333333333334,0.125,-0.7083333333333334
FGD2,0.8333333333333334,0.125,-0.7083333333333334
CEP76,0.8333333333333334,0.125,-0.7083333333333334
FHDC1,0.8333333333333334,0.125,-0.7083333333333334
ENSG00000283156,0.8333333333333334,0.125,-0.7083333333333334
RPL6P10,0.8333333333333334,0.125,-0.7083333333333334
NHLRC3,0.8333333333333334,0.125,-0.7083333333333334
NRF1,0.8333333333333334,0.125,-0.7083333333333334
PACC1,0.8333333333333334,0.125,-0.7083333333333334
TRMT44,0.8333333333333334,0.125,-0.7083333333333334
RPL17P50,0.8333333333333334,0.125,-0.7083333333333334
OSCP1,0.8333333333333334,0.125,-0.7083333333333334
OR51E2,0.8333333333333334,0.125,-0.7083333333333334
PRMT3,0.8333333333333334,0.125,-0.7083333333333334
C2CD2L,0.8333333333333334,0.125,-0.7083333333333334
RPL34P18,0.8333333333333334,0.125,-0.7083333333333334
ZCWPW1,0.8333333333333334,0.125,-0.7083333333333334
WDPCP,0.8333333333333334,0.125,-0.7083333333333334
SLC35D2,0.8333333333333334,0.125,-0.7083333333333334
ELK3,0.8333333333333334,0.125,-0.7083333333333334
NPHP1,0.8333333333333334,0.125,-0.7083333333333334
PRMT9,0.8333333333333334,0.125,-0.7083333333333334
NPAT,0.8333333333333334,0.125,-0.7083333333333334
RHOF,0.8333333333333334,0.125,-0.7083333333333334
H2AC6,0.8333333333333334,0.125,-0.7083333333333334
PRSS12,0.8333333333333334,0.125,-0.7083333333333334
ENSG00000280353,0.8333333333333334,0.125,-0.7083333333333334
ENSG00000227885,0.8333333333333334,0.125,-0.7083333333333334
CHSY1,0.8333333333333334,0.125,-0.7083333333333334
LINC01465,0.8333333333333334,0.125,-0.7083333333333334
SEMA4C,0.8333333333333334,0.125,-0.7083333333333334
SPATA1,0.8333333333333334,0.125,-0.7083333333333334
LINC02693,0.8333333333333334,0.125,-0.7083333333333334
TICAM2-AS1,0.8333333333333334,0.125,-0.7083333333333334
ZSCAN12,0.8333333333333334,0.125,-0.7083333333333334
UHRF2,0.8333333333333334,0.125,-0.7083333333333334
SIPA1L2,0.8333333333333334,0.125,-0.7083333333333334
UBA5,0.8333333333333334,0.125,-0.7083333333333334
ENSG00000250644,0.8333333333333334,0.125,-0.7083333333333334
LPAR3,0.8333333333333334,0.125,-0.7083333333333334
GLRX2,0.8333333333333334,0.125,-0.7083333333333334
DNLZ,0.8333333333333334,0.125,-0.7083333333333334
LINC00921,0.8333333333333334,0.125,-0.7083333333333334
LARP1B,0.8333333333333334,0.125,-0.7083333333333334
SORT1,0.8333333333333334,0.125,-0.7083333333333334
DFFB,0.8333333333333334,0.125,-0.7083333333333334
GMPPA,0.8333333333333334,0.125,-0.7083333333333334
DIS3,0.8333333333333334,0.125,-0.7083333333333334
KIAA1614,0.8333333333333334,0.125,-0.7083333333333334
SEC24A,0.8333333333333334,0.125,-0.7083333333333334
TUBE1,0.8333333333333334,0.125,-0.7083333333333334
SAXO1,0.8333333333333334,0.125,-0.7083333333333334
TRMU,0.8333333333333334,0.125,-0.7083333333333334
ITGA9-AS1,0.8333333333333334,0.125,-0.7083333333333334
CLDN14-AS1,0.8333333333333334,0.125,-0.7083333333333334
GPC4,0.8333333333333334,0.125,-0.7083333333333334
SNX13,0.8333333333333334,0.125,-0.7083333333333334
AEN,0.8333333333333334,0.125,-0.7083333333333334
MEF2D,0.8333333333333334,0.125,-0.7083333333333334
JMJD1C,0.8333333333333334,0.125,-0.7083333333333334
SBDSP1,0.8333333333333334,0.125,-0.7083333333333334
ZNF92,0.8333333333333334,0.125,-0.7083333333333334
COQ4,0.8333333333333334,0.125,-0.7083333333333334
VAMP4,0.8333333333333334,0.125,-0.7083333333333334
ENSG00000256028,0.8333333333333334,0.125,-0.7083333333333334
ENSG00000255438,0.8333333333333334,0.125,-0.7083333333333334
CREBZF,0.8333333333333334,0.125,-0.7083333333333334
QRSL1,0.8333333333333334,0.125,-0.7083333333333334
GBE1,0.8333333333333334,0.125,-0.7083333333333334
CTSL,0.8333333333333334,0.125,-0.7083333333333334
EPS8,0.8333333333333334,0.125,-0.7083333333333334
NAXE,0.8333333333333334,0.125,-0.7083333333333334
ENSG00000269688,0.8333333333333334,0.125,-0.7083333333333334
ENSG00000288669,0.8333333333333334,0.125,-0.7083333333333334
ARL4D,0.8333333333333334,0.125,-0.7083333333333334
ZNF419,0.8333333333333334,0.125,-0.7083333333333334
PAPPA,0.8333333333333334,0.125,-0.7083333333333334
TAPBPL,0.8333333333333334,0.125,-0.7083333333333334
HTATSF1P2,0.8333333333333334,0.125,-0.7083333333333334
BIVM-ERCC5,0.8333333333333334,0.125,-0.7083333333333334
ARFIP1,0.8333333333333334,0.125,-0.7083333333333334
ENSG00000288752,0.8333333333333334,0.125,-0.7083333333333334
RPL10P15,0.8333333333333334,0.125,-0.7083333333333334
RND1,0.8333333333333334,0.125,-0.7083333333333334
ENSG00000206567,0.8333333333333334,0.125,-0.7083333333333334
RNF41,0.8333333333333334,0.125,-0.7083333333333334
ATP6V0D1-DT,0.8333333333333334,0.125,-0.7083333333333334
TSEN15,0.8333333333333334,0.125,-0.7083333333333334
PLK3,0.8333333333333334,0.125,-0.7083333333333334
ARL10,0.8333333333333334,0.125,-0.7083333333333334
PCDH17,0.8333333333333334,0.125,-0.7083333333333334
TCP1,0.8333333333333334,0.125,-0.7083333333333334
BNIP3L,0.8333333333333334,0.125,-0.7083333333333334
TECPR1,0.8333333333333334,0.125,-0.7083333333333334
ATP8B2,0.8333333333333334,0.125,-0.7083333333333334
ENSG00000291186,0.8333333333333334,0.125,-0.7083333333333334
TBC1D19,0.8333333333333334,0.125,-0.7083333333333334
ENSG00000286153,0.8333333333333334,0.125,-0.7083333333333334
ZNF451,0.8333333333333334,0.125,-0.7083333333333334
ENSG00000288079,0.8333333333333334,0.125,-0.7083333333333334
ENSG00000273891,0.8333333333333334,0.125,-0.7083333333333334
BNIP3,0.8333333333333334,0.125,-0.7083333333333334
ENSG00000289701,0.8333333333333334,0.125,-0.7083333333333334
PIGV,0.8333333333333334,0.125,-0.7083333333333334
SEPTIN2,2.3333333333333335,1.625,-0.7083333333333335
NUP88,2.3333333333333335,1.625,-0.7083333333333335
RORA,2.3333333333333335,1.625,-0.7083333333333335
SVIL,2.8333333333333335,2.125,-0.7083333333333335
TRDMT1,3.3333333333333335,2.625,-0.7083333333333335
IFT46,1.0,0.25,-0.75
TUBB6,1.0,0.25,-0.75
MS4A4A,1.0,0.25,-0.75
ENSG00000255206,1.0,0.25,-0.75
MTA3,1.0,0.25,-0.75
ITGA2-AS1,1.0,0.25,-0.75
SMC2,1.0,0.25,-0.75
PFN4,1.0,0.25,-0.75
PLCB1,1.5,0.75,-0.75
SYT11,1.0,0.25,-0.75
MTFMT,1.0,0.25,-0.75
CENPN,1.0,0.25,-0.75
TLK1,1.0,0.25,-0.75
CELF2-AS2,1.0,0.25,-0.75
MAP3K7,1.0,0.25,-0.75
RPS4XP17,1.0,0.25,-0.75
ENSG00000290977,1.0,0.25,-0.75
GBGT1,1.0,0.25,-0.75
CSGALNACT1,1.5,0.75,-0.75
FBXO25,2.5,1.75,-0.75
PEG3,1.5,0.75,-0.75
PSTK,1.0,0.25,-0.75
CHD1,1.0,0.25,-0.75
CIBAR1,1.0,0.25,-0.75
REEP5,1.5,0.75,-0.75
CMKLR1,1.0,0.25,-0.75
MIOS,1.0,0.25,-0.75
MFSD14B,1.0,0.25,-0.75
KDM4A-AS1,1.0,0.25,-0.75
ATAD2B,1.0,0.25,-0.75
VPS13C,2.0,1.25,-0.75
SNX16,1.0,0.25,-0.75
CNIH4,1.0,0.25,-0.75
RELCH,1.5,0.75,-0.75
SLC15A4,1.0,0.25,-0.75
SAMSN1,1.0,0.25,-0.75
RETREG1-AS1,1.0,0.25,-0.75
MCM3AP-AS1,1.0,0.25,-0.75
SPRTN,1.0,0.25,-0.75
ARNT,1.5,0.75,-0.75
RYR3,1.0,0.25,-0.75
FOXJ3,1.5,0.75,-0.75
MIR3945HG,1.5,0.75,-0.75
ENSG00000289758,1.0,0.25,-0.75
FOSB,1.0,0.25,-0.75
CLCN6,1.0,0.25,-0.75
CR1,1.0,0.25,-0.75
AGGF1,1.0,0.25,-0.75
AGPS,1.0,0.25,-0.75
FNBP1,1.5,0.75,-0.75
WARS1,1.0,0.25,-0.75
ENSG00000237982,1.0,0.25,-0.75
PHACTR4,2.0,1.25,-0.75
PTGES2,1.0,0.25,-0.75
FMNL3,1.0,0.25,-0.75
SLC25A24,1.0,0.25,-0.75
CHPT1,1.0,0.25,-0.75
ST3GAL2,1.0,0.25,-0.75
ENSG00000254332,1.0,0.25,-0.75
ARHGAP42,1.0,0.25,-0.75
GLRX,1.5,0.75,-0.75
PRMT7,1.5,0.75,-0.75
BIRC6,1.0,0.25,-0.75
SF3A3,1.0,0.25,-0.75
PAXIP1-AS2,2.5,1.75,-0.75
SNX6,1.0,0.25,-0.75
POLI,1.0,0.25,-0.75
ENSG00000250848,1.0,0.25,-0.75
PLXNB2,1.0,0.25,-0.75
EXT1,1.0,0.25,-0.75
KRT16P6,1.0,0.25,-0.75
ENSG00000284747,1.0,0.25,-0.75
ZNF586,1.5,0.75,-0.75
ICA1L,1.5,0.75,-0.75
FAF2,1.0,0.25,-0.75
ZCCHC2,1.5,0.75,-0.75
POLR2M,1.0,0.25,-0.75
SNF8,1.5,0.75,-0.75
C2CD2,2.0,1.25,-0.75
PRMT2,1.0,0.25,-0.75
ANAPC16,1.5,0.75,-0.75
NUFIP2,1.0,0.25,-0.75
TRPS1,1.5,0.75,-0.75
TTC23,1.0,0.25,-0.75
LIMK1,1.0,0.25,-0.75
AP3S2,1.0,0.25,-0.75
DNAH14,1.0,0.25,-0.75
HIF1AN,1.0,0.25,-0.75
SUMF2,1.0,0.25,-0.75
ENSG00000286145,1.0,0.25,-0.75
LGR4,1.5,0.75,-0.75
ENSG00000268746,1.0,0.25,-0.75
PDPN,1.0,0.25,-0.75
ABCB9,1.0,0.25,-0.75
PCGF3,1.5,0.75,-0.75
CASP7,1.0,0.25,-0.75
ILK,1.0,0.25,-0.75
HMCN1,1.0,0.25,-0.75
TSPAN14,2.5,1.75,-0.75
CCNT2,1.0,0.25,-0.75
NDST2,1.0,0.25,-0.75
STAMBP,1.0,0.25,-0.75
FAR2,1.0,0.25,-0.75
INKA2,1.5,0.75,-0.75
ALDH1A2,2.0,1.25,-0.75
SMAD4,3.0,2.25,-0.75
CTTN,1.0,0.25,-0.75
GSN,1.0,0.25,-0.75
ENSG00000261553,1.0,0.25,-0.75
FBLIM1,1.0,0.25,-0.75
SYNJ2,1.0,0.25,-0.75
LPIN2,1.0,0.25,-0.75
GUSBP11,1.0,0.25,-0.75
TXNDC15,1.0,0.25,-0.75
RBM39,2.0,1.25,-0.75
HELLPAR,1.5,0.75,-0.75
GZMB,1.0,0.25,-0.75
CCDC102B,1.0,0.25,-0.75
GFPT2,1.5,0.75,-0.75
CCDC103,1.0,0.25,-0.75
STIM2,1.5,0.75,-0.75
BBS4,1.0,0.25,-0.75
BAZ1A,1.5,0.75,-0.75
RPL7L1,2.5,1.75,-0.75
PCYOX1L,1.0,0.25,-0.75
SPATA7,1.0,0.25,-0.75
HSPA2,1.0,0.25,-0.75
ARSB,1.0,0.25,-0.75
LINC00847,2.1666666666666665,1.375,-0.7916666666666665
TNS1,2.6666666666666665,1.875,-0.7916666666666665
VCAN,2.1666666666666665,1.375,-0.7916666666666665
PALM2AKAP2,2.1666666666666665,1.375,-0.7916666666666665
ATP11A,2.6666666666666665,1.875,-0.7916666666666665
AKAP12,2.1666666666666665,1.375,-0.7916666666666665
PARM1,2.1666666666666665,1.375,-0.7916666666666665
SMG1,2.6666666666666665,1.875,-0.7916666666666665
SATB1,1.1666666666666667,0.375,-0.7916666666666667
RBM3,1.6666666666666667,0.875,-0.7916666666666667
ELAVL1,1.1666666666666667,0.375,-0.7916666666666667
FADS3,1.1666666666666667,0.375,-0.7916666666666667
BCL7A,1.1666666666666667,0.375,-0.7916666666666667
SERINC3,1.1666666666666667,0.375,-0.7916666666666667
SMIM14,1.1666666666666667,0.375,-0.7916666666666667
POC1B-GALNT4,1.1666666666666667,0.375,-0.7916666666666667
DCBLD1,1.1666666666666667,0.375,-0.7916666666666667
SEPTIN1,1.1666666666666667,0.375,-0.7916666666666667
ANTXR1,1.6666666666666667,0.875,-0.7916666666666667
PLXNA4,1.6666666666666667,0.875,-0.7916666666666667
TM2D2,1.1666666666666667,0.375,-0.7916666666666667
SMIM8,1.1666666666666667,0.375,-0.7916666666666667
SEMA3D,1.1666666666666667,0.375,-0.7916666666666667
ENSG00000264546,1.1666666666666667,0.375,-0.7916666666666667
ENSG00000213172,1.6666666666666667,0.875,-0.7916666666666667
EIF5AP2,1.1666666666666667,0.375,-0.7916666666666667
SPPL2B,1.1666666666666667,0.375,-0.7916666666666667
BCORP1,1.1666666666666667,0.375,-0.7916666666666667
DDI2,1.1666666666666667,0.375,-0.7916666666666667
ENSG00000288640,1.1666666666666667,0.375,-0.7916666666666667
IKZF2,1.6666666666666667,0.875,-0.7916666666666667
RPL14,1.6666666666666667,0.875,-0.7916666666666667
BRD8,1.1666666666666667,0.375,-0.7916666666666667
ZNF101,1.1666666666666667,0.375,-0.7916666666666667
EPDR1,1.1666666666666667,0.375,-0.7916666666666667
ENGASE,1.1666666666666667,0.375,-0.7916666666666667
OGFOD1,1.6666666666666667,0.875,-0.7916666666666667
NUP43,1.1666666666666667,0.375,-0.7916666666666667
SFT2D2,1.1666666666666667,0.375,-0.7916666666666667
APOBEC3C,1.1666666666666667,0.375,-0.7916666666666667
APOL2,1.1666666666666667,0.375,-0.7916666666666667
ZNF160,1.1666666666666667,0.375,-0.7916666666666667
RARRES1,1.1666666666666667,0.375,-0.7916666666666667
RAPH1,1.6666666666666667,0.875,-0.7916666666666667
ZNF529,1.6666666666666667,0.875,-0.7916666666666667
NPEPPS,1.1666666666666667,0.375,-0.7916666666666667
SHPRH,1.1666666666666667,0.375,-0.7916666666666667
EXOC2,1.1666666666666667,0.375,-0.7916666666666667
STX18,1.1666666666666667,0.375,-0.7916666666666667
GXYLT1,1.1666666666666667,0.375,-0.7916666666666667
EIF4E3,1.1666666666666667,0.375,-0.7916666666666667
ACAD8,1.1666666666666667,0.375,-0.7916666666666667
ENSG00000261098,1.1666666666666667,0.375,-0.7916666666666667
FCF1,1.1666666666666667,0.375,-0.7916666666666667
HNRNPA2B1,1.6666666666666667,0.875,-0.7916666666666667
MCL1,1.1666666666666667,0.375,-0.7916666666666667
TMEM68,1.1666666666666667,0.375,-0.7916666666666667
ZNF597,1.1666666666666667,0.375,-0.7916666666666667
GALNT4,1.1666666666666667,0.375,-0.7916666666666667
WDR11,1.6666666666666667,0.875,-0.7916666666666667
PTGR3,1.6666666666666667,0.875,-0.7916666666666667
TRIP12,1.6666666666666667,0.875,-0.7916666666666667
PHLDA3,1.1666666666666667,0.375,-0.7916666666666667
ZNF766,1.1666666666666667,0.375,-0.7916666666666667
UVRAG,1.1666666666666667,0.375,-0.7916666666666667
METTL3,1.6666666666666667,0.875,-0.7916666666666667
ADGRD1,1.6666666666666667,0.875,-0.7916666666666667
METTL2B,1.6666666666666667,0.875,-0.7916666666666667
MAPK14,1.1666666666666667,0.375,-0.7916666666666667
GRHL1,1.1666666666666667,0.375,-0.7916666666666667
COG1,1.1666666666666667,0.375,-0.7916666666666667
ENSG00000280434,1.1666666666666667,0.375,-0.7916666666666667
GUSB,1.1666666666666667,0.375,-0.7916666666666667
DZANK1,1.1666666666666667,0.375,-0.7916666666666667
NDFIP2,1.6666666666666667,0.875,-0.7916666666666667
ENSG00000223583,1.1666666666666667,0.375,-0.7916666666666667
SEC14L1,1.1666666666666667,0.375,-0.7916666666666667
SLC2A13,1.1666666666666667,0.375,-0.7916666666666667
ZNF594-DT,1.1666666666666667,0.375,-0.7916666666666667
ZNF257,1.1666666666666667,0.375,-0.7916666666666667
ARHGEF28,1.6666666666666667,0.875,-0.7916666666666667
VEZT,1.1666666666666667,0.375,-0.7916666666666667
RESF1,1.6666666666666667,0.875,-0.7916666666666667
MAGI2,1.1666666666666667,0.375,-0.7916666666666667
PLA2G4C,1.6666666666666667,0.875,-0.7916666666666667
SBNO1,1.6666666666666667,0.875,-0.7916666666666667
COL12A1,1.6666666666666667,0.875,-0.7916666666666667
PTPN21,1.1666666666666667,0.375,-0.7916666666666667
GNL3L,5.166666666666667,4.375,-0.791666666666667
NLRP1,4.333333333333333,3.5,-0.833333333333333
ISCU,1.3333333333333333,0.5,-0.8333333333333333
HDGFL3,1.8333333333333333,1.0,-0.8333333333333333
SMARCA5,1.3333333333333333,0.5,-0.8333333333333333
IL21R,1.3333333333333333,0.5,-0.8333333333333333
SLC35E3,1.3333333333333333,0.5,-0.8333333333333333
DLG1,1.3333333333333333,0.5,-0.8333333333333333
TYW5,1.3333333333333333,0.5,-0.8333333333333333
TSC22D2,1.8333333333333333,1.0,-0.8333333333333333
DUSP16,1.3333333333333333,0.5,-0.8333333333333333
HMGB1P26,1.3333333333333333,0.5,-0.8333333333333333
MTRF1,1.3333333333333333,0.5,-0.8333333333333333
LEPROT,1.3333333333333333,0.5,-0.8333333333333333
G6PC3,1.3333333333333333,0.5,-0.8333333333333333
CMPK1,1.8333333333333333,1.0,-0.8333333333333333
ENSG00000258891,1.3333333333333333,0.5,-0.8333333333333333
MIR4435-2HG,1.8333333333333333,1.0,-0.8333333333333333
WDFY2,1.8333333333333333,1.0,-0.8333333333333333
FBXO28,1.3333333333333333,0.5,-0.8333333333333333
ENSG00000262879,1.3333333333333333,0.5,-0.8333333333333333
STARD7,1.3333333333333333,0.5,-0.8333333333333333
FAM20A,1.3333333333333333,0.5,-0.8333333333333333
RPL37AP1,1.3333333333333333,0.5,-0.8333333333333333
ZBTB8OSP2,1.3333333333333333,0.5,-0.8333333333333333
NPHP3,1.8333333333333333,1.0,-0.8333333333333333
C12orf73,1.8333333333333333,1.0,-0.8333333333333333
OSBPL10,1.3333333333333333,0.5,-0.8333333333333333
ZNF347,1.3333333333333333,0.5,-0.8333333333333333
PLLP,1.8333333333333333,1.0,-0.8333333333333333
TMEM106B,1.3333333333333333,0.5,-0.8333333333333333
ZNF559,1.8333333333333333,1.0,-0.8333333333333333
ANKFY1,1.3333333333333333,0.5,-0.8333333333333333
ANK3,1.3333333333333333,0.5,-0.8333333333333333
ZNF626,1.3333333333333333,0.5,-0.8333333333333333
PRSS23,1.3333333333333333,0.5,-0.8333333333333333
TFB1M,1.3333333333333333,0.5,-0.8333333333333333
ACSL3,1.8333333333333333,1.0,-0.8333333333333333
ENSG00000258168,1.3333333333333333,0.5,-0.8333333333333333
SMAD6,1.3333333333333333,0.5,-0.8333333333333333
UFD1,1.3333333333333333,0.5,-0.8333333333333333
ENSG00000253204,1.8333333333333333,1.0,-0.8333333333333333
ENSG00000256195,1.3333333333333333,0.5,-0.8333333333333333
LMF2,1.3333333333333333,0.5,-0.8333333333333333
CYCS,1.8333333333333333,1.0,-0.8333333333333333
DCBLD2,1.8333333333333333,1.0,-0.8333333333333333
LNX1,1.3333333333333333,0.5,-0.8333333333333333
PRKAG1,0.8333333333333334,0.0,-0.8333333333333334
ENSG00000226899,0.8333333333333334,0.0,-0.8333333333333334
PPP2R5A,0.8333333333333334,0.0,-0.8333333333333334
DDX1,0.8333333333333334,0.0,-0.8333333333333334
POGLUT3,0.8333333333333334,0.0,-0.8333333333333334
POGLUT2,0.8333333333333334,0.0,-0.8333333333333334
MDH1,0.8333333333333334,0.0,-0.8333333333333334
SERPINE1,0.8333333333333334,0.0,-0.8333333333333334
LINC01252,0.8333333333333334,0.0,-0.8333333333333334
LINC01962,0.8333333333333334,0.0,-0.8333333333333334
DCP1B,0.8333333333333334,0.0,-0.8333333333333334
ZNF321P,0.8333333333333334,0.0,-0.8333333333333334
RNU4-47P,0.8333333333333334,0.0,-0.8333333333333334
IFT81,0.8333333333333334,0.0,-0.8333333333333334
IGHV4-4,0.8333333333333334,0.0,-0.8333333333333334
PDE4DIPP2,0.8333333333333334,0.0,-0.8333333333333334
ZNF233,0.8333333333333334,0.0,-0.8333333333333334
ENSG00000225300,0.8333333333333334,0.0,-0.8333333333333334
ENSG00000227218,0.8333333333333334,0.0,-0.8333333333333334
BCAM,0.8333333333333334,0.0,-0.8333333333333334
DDX3P2,0.8333333333333334,0.0,-0.8333333333333334
RAC1P3,0.8333333333333334,0.0,-0.8333333333333334
ENSG00000230001,0.8333333333333334,0.0,-0.8333333333333334
ENSG00000229271,0.8333333333333334,0.0,-0.8333333333333334
SFT2D3,0.8333333333333334,0.0,-0.8333333333333334
HOTAIR,0.8333333333333334,0.0,-0.8333333333333334
ENSG00000228343,0.8333333333333334,0.0,-0.8333333333333334
SLF2,0.8333333333333334,0.0,-0.8333333333333334
RAB3B,0.8333333333333334,0.0,-0.8333333333333334
ZNF8-DT,0.8333333333333334,0.0,-0.8333333333333334
PTK7,0.8333333333333334,0.0,-0.8333333333333334
LINC00942,0.8333333333333334,0.0,-0.8333333333333334
PTCHD4,0.8333333333333334,0.0,-0.8333333333333334
PRSS48,0.8333333333333334,0.0,-0.8333333333333334
PRSS23-AS1,0.8333333333333334,0.0,-0.8333333333333334
HSPA4,0.8333333333333334,0.0,-0.8333333333333334
LAPTM4BP2,0.8333333333333334,0.0,-0.8333333333333334
PRR14L,0.8333333333333334,0.0,-0.8333333333333334
HSPA8P1,0.8333333333333334,0.0,-0.8333333333333334
PRKCG,0.8333333333333334,0.0,-0.8333333333333334
ENSG00000213488,0.8333333333333334,0.0,-0.8333333333333334
LINC02157,0.8333333333333334,0.0,-0.8333333333333334
BNIP3P1,0.8333333333333334,0.0,-0.8333333333333334
NCAPG,0.8333333333333334,0.0,-0.8333333333333334
RPS20P14,0.8333333333333334,0.0,-0.8333333333333334
RPS26P20,0.8333333333333334,0.0,-0.8333333333333334
MYL6P3,0.8333333333333334,0.0,-0.8333333333333334
WT1,0.8333333333333334,0.0,-0.8333333333333334
TUBAP11,0.8333333333333334,0.0,-0.8333333333333334
CDKL5,0.8333333333333334,0.0,-0.8333333333333334
MSX2,0.8333333333333334,0.0,-0.8333333333333334
MSR1,0.8333333333333334,0.0,-0.8333333333333334
CETP,0.8333333333333334,0.0,-0.8333333333333334
WDR18,0.8333333333333334,0.0,-0.8333333333333334
SLC12A2-DT,0.8333333333333334,0.0,-0.8333333333333334
MPRIP-AS1,0.8333333333333334,0.0,-0.8333333333333334
RTN2,0.8333333333333334,0.0,-0.8333333333333334
SEC13,0.8333333333333334,0.0,-0.8333333333333334
SLC25A15,0.8333333333333334,0.0,-0.8333333333333334
SCARF2,0.8333333333333334,0.0,-0.8333333333333334
MFF-DT,0.8333333333333334,0.0,-0.8333333333333334
CD300LB,0.8333333333333334,0.0,-0.8333333333333334
TTLL5,0.8333333333333334,0.0,-0.8333333333333334
ENSG00000183308,0.8333333333333334,0.0,-0.8333333333333334
RPS10P7,0.8333333333333334,0.0,-0.8333333333333334
SCAF4,0.8333333333333334,0.0,-0.8333333333333334
OR51E1,0.8333333333333334,0.0,-0.8333333333333334
NSMCE4A,0.8333333333333334,0.0,-0.8333333333333334
DAAM2-AS1,0.8333333333333334,0.0,-0.8333333333333334
CACNB3,0.8333333333333334,0.0,-0.8333333333333334
CAD,0.8333333333333334,0.0,-0.8333333333333334
NPAS3,0.8333333333333334,0.0,-0.8333333333333334
EIPR1,0.8333333333333334,0.0,-0.8333333333333334
KLC1-AS1,0.8333333333333334,0.0,-0.8333333333333334
NOL11,0.8333333333333334,0.0,-0.8333333333333334
NHEJ1,0.8333333333333334,0.0,-0.8333333333333334
LIPG,0.8333333333333334,0.0,-0.8333333333333334
UBL4A,0.8333333333333334,0.0,-0.8333333333333334
CCDC68,0.8333333333333334,0.0,-0.8333333333333334
RPL9P16,0.8333333333333334,0.0,-0.8333333333333334
RPL9P28,0.8333333333333334,0.0,-0.8333333333333334
NDUFV2,0.8333333333333334,0.0,-0.8333333333333334
CCDC30,0.8333333333333334,0.0,-0.8333333333333334
ENSG00000279059,0.8333333333333334,0.0,-0.8333333333333334
ENSG00000230615,0.8333333333333334,0.0,-0.8333333333333334
GPR146,0.8333333333333334,0.0,-0.8333333333333334
GRIP2,0.8333333333333334,0.0,-0.8333333333333334
TMEM176A,0.8333333333333334,0.0,-0.8333333333333334
TMEM14EP,0.8333333333333334,0.0,-0.8333333333333334
ENSG00000289697,0.8333333333333334,0.0,-0.8333333333333334
TANGO6,0.8333333333333334,0.0,-0.8333333333333334
ENSG00000289222,0.8333333333333334,0.0,-0.8333333333333334
ENSG00000289138,0.8333333333333334,0.0,-0.8333333333333334
ENSG00000288953,0.8333333333333334,0.0,-0.8333333333333334
TBCK,0.8333333333333334,0.0,-0.8333333333333334
ENSG00000286502,0.8333333333333334,0.0,-0.8333333333333334
TM4SF20,0.8333333333333334,0.0,-0.8333333333333334
ENSG00000283563,0.8333333333333334,0.0,-0.8333333333333334
ENSG00000283175,0.8333333333333334,0.0,-0.8333333333333334
ENSG00000280135,0.8333333333333334,0.0,-0.8333333333333334
TLCD5,0.8333333333333334,0.0,-0.8333333333333334
ENSG00000240950,0.8333333333333334,0.0,-0.8333333333333334
SNX11,0.8333333333333334,0.0,-0.8333333333333334
SMO,0.8333333333333334,0.0,-0.8333333333333334
ENSG00000243705,0.8333333333333334,0.0,-0.8333333333333334
GEMIN2,0.8333333333333334,0.0,-0.8333333333333334
GLRX3P2,0.8333333333333334,0.0,-0.8333333333333334
GASK1B-AS1,0.8333333333333334,0.0,-0.8333333333333334
GALNT5,0.8333333333333334,0.0,-0.8333333333333334
FZD2,0.8333333333333334,0.0,-0.8333333333333334
GMPR2,0.8333333333333334,0.0,-0.8333333333333334
ENSG00000257607,0.8333333333333334,0.0,-0.8333333333333334
FTH1P16,0.8333333333333334,0.0,-0.8333333333333334
FRMD6,0.8333333333333334,0.0,-0.8333333333333334
ENSG00000259672,0.8333333333333334,0.0,-0.8333333333333334
ENSG00000260244,0.8333333333333334,0.0,-0.8333333333333334
GOLPH3L,0.8333333333333334,0.0,-0.8333333333333334
FBXL3,0.8333333333333334,0.0,-0.8333333333333334
TRABD2B,0.8333333333333334,0.0,-0.8333333333333334
FAM86HP,0.8333333333333334,0.0,-0.8333333333333334
ENSG00000280077,0.8333333333333334,0.0,-0.8333333333333334
GLDC,0.8333333333333334,0.0,-0.8333333333333334
ENSG00000230718,0.8333333333333334,0.0,-0.8333333333333334
TIPIN,0.8333333333333334,0.0,-0.8333333333333334
HSPG2,2.3333333333333335,1.5,-0.8333333333333335
CNTNAP3,2.8333333333333335,2.0,-0.8333333333333335
NCOR2,2.3333333333333335,1.5,-0.8333333333333335
LATS1,2.3333333333333335,1.5,-0.8333333333333335
LINC00174,2.3333333333333335,1.5,-0.8333333333333335
GLUL,2.8333333333333335,2.0,-0.8333333333333335
NFATC3,1.0,0.125,-0.875
FAAP100,1.0,0.125,-0.875
NMD3,1.0,0.125,-0.875
DYNC1LI2,1.0,0.125,-0.875
STK4,2.0,1.125,-0.875
FAM187A,1.0,0.125,-0.875
ADAM28,1.0,0.125,-0.875
CA5B,1.5,0.625,-0.875
FAM220A,1.0,0.125,-0.875
NEDD9,2.5,1.625,-0.875
KIF13A,2.0,1.125,-0.875
ZSCAN30,1.0,0.125,-0.875
CCDC86,1.0,0.125,-0.875
TYMS,1.0,0.125,-0.875
DSTYK,1.5,0.625,-0.875
NDST1,1.5,0.625,-0.875
SIRT5,1.0,0.125,-0.875
STX8,1.0,0.125,-0.875
C1orf131,1.0,0.125,-0.875
ETFRF1,1.0,0.125,-0.875
EDIL3-DT,1.0,0.125,-0.875
ATL1,2.5,1.625,-0.875
ZPR1,1.5,0.625,-0.875
ELMOD2,1.0,0.125,-0.875
TTC39C,1.5,0.625,-0.875
ELF3-AS1,1.0,0.125,-0.875
ENSG00000236680,1.0,0.125,-0.875
ATXN7L3B,1.5,0.625,-0.875
PDE3A,1.5,0.625,-0.875
PDC-AS1,1.0,0.125,-0.875
BBIP1,1.5,0.625,-0.875
RBM43,1.5,0.625,-0.875
ENSG00000291177,1.0,0.125,-0.875
TTLL7,1.0,0.125,-0.875
ZNF121,1.0,0.125,-0.875
PACRGL,1.5,0.625,-0.875
SNRPD3,1.5,0.625,-0.875
BSDC1,1.5,0.625,-0.875
FARP2,1.5,0.625,-0.875
NALF1,1.0,0.125,-0.875
ENSG00000244192,1.0,0.125,-0.875
NBPF8,1.0,0.125,-0.875
RARRES2,1.0,0.125,-0.875
VGLL3,1.5,0.625,-0.875
MEF2C-AS1,1.0,0.125,-0.875
COL5A2,1.0,0.125,-0.875
MCTP1,2.0,1.125,-0.875
SPOCK1,1.5,0.625,-0.875
A2ML1,1.0,0.125,-0.875
GARIN1A,1.0,0.125,-0.875
ENSG00000255730,1.0,0.125,-0.875
SPICE1,1.0,0.125,-0.875
SCP2,1.0,0.125,-0.875
DDX42,1.5,0.625,-0.875
ENSG00000254428,1.0,0.125,-0.875
UROS,1.0,0.125,-0.875
GLMP,1.0,0.125,-0.875
GEMIN7-AS1,1.0,0.125,-0.875
LINC02614,1.0,0.125,-0.875
FUT8,1.0,0.125,-0.875
METTL6,1.5,0.625,-0.875
SAGSIN1,1.0,0.125,-0.875
TMTC3,1.5,0.625,-0.875
TMEM138,1.0,0.125,-0.875
CDCP1,1.0,0.125,-0.875
FBXO22,1.5,0.625,-0.875
MXI1,1.0,0.125,-0.875
CENPC,2.0,1.125,-0.875
RPS6P16,1.0,0.125,-0.875
CEP44,1.0,0.125,-0.875
MSL2,1.5,0.625,-0.875
DLEU1,1.0,0.125,-0.875
CERKL,1.0,0.125,-0.875
CFI,1.5,0.625,-0.875
SOAT1,1.5,0.625,-0.875
CHPF,1.0,0.125,-0.875
FMNL1-DT,1.5,0.625,-0.875
AARS2,1.0,0.125,-0.875
TNFRSF10B,1.0,0.125,-0.875
ZNF354B,1.0,0.125,-0.875
NUP62,1.5,0.625,-0.875
AGPAT4,1.5,0.625,-0.875
ZNF785,1.0,0.125,-0.875
ANKRD18EP,1.0,0.125,-0.875
AFG3L1P,1.0,0.125,-0.875
ENSG00000286125,1.5,0.625,-0.875
THG1L,1.0,0.125,-0.875
ANKRD36B,1.5,0.625,-0.875
SMYD3-AS1,1.0,0.125,-0.875
ENSG00000273729,1.0,0.125,-0.875
AP1G1,1.5,0.625,-0.875
AQR,2.0,1.125,-0.875
RN7SKP23,1.0,0.125,-0.875
TBC1D16,2.0,1.125,-0.875
ZNF765,1.5,0.625,-0.875
PP7080,1.0,0.125,-0.875
PPIL2,2.0,1.125,-0.875
ZNF555,1.0,0.125,-0.875
ENSG00000285994,1.0,0.125,-0.875
ZNF709,1.0,0.125,-0.875
ENSG00000225339,1.0,0.125,-0.875
PRPF40A,1.0,0.125,-0.875
ALG6,1.0,0.125,-0.875
RCN2,1.0,0.125,-0.875
ADAM10,1.5,0.625,-0.875
HTR7P1,1.0,0.125,-0.875
RASGRP3,2.1666666666666665,1.25,-0.9166666666666665
PLEK,2.1666666666666665,1.25,-0.9166666666666665
SH3PXD2A,2.1666666666666665,1.25,-0.9166666666666665
GGCX,3.1666666666666665,2.25,-0.9166666666666665
CLCC1,3.6666666666666665,2.75,-0.9166666666666665
FAM110A,2.1666666666666665,1.25,-0.9166666666666665
ACER3,3.1666666666666665,2.25,-0.9166666666666665
TTC21B,3.1666666666666665,2.25,-0.9166666666666665
RARS2,3.6666666666666665,2.75,-0.9166666666666665
ZNF714,2.1666666666666665,1.25,-0.9166666666666665
OPHN1,2.1666666666666665,1.25,-0.9166666666666665
ENSG00000279133,2.1666666666666665,1.25,-0.9166666666666665
GMDS-DT,2.1666666666666665,1.25,-0.9166666666666665
MRPS22,2.1666666666666665,1.25,-0.9166666666666665
VPS8,1.1666666666666667,0.25,-0.9166666666666667
IFIT5,1.1666666666666667,0.25,-0.9166666666666667
POGZ,1.6666666666666667,0.75,-0.9166666666666667
DISC1,1.1666666666666667,0.25,-0.9166666666666667
ENSG00000276115,1.1666666666666667,0.25,-0.9166666666666667
COG5,1.6666666666666667,0.75,-0.9166666666666667
RBM12B,1.1666666666666667,0.25,-0.9166666666666667
APBB1IP,1.1666666666666667,0.25,-0.9166666666666667
HIBCH,1.1666666666666667,0.25,-0.9166666666666667
KAT6B,1.6666666666666667,0.75,-0.9166666666666667
NOX4,1.1666666666666667,0.25,-0.9166666666666667
TXNL4A,1.1666666666666667,0.25,-0.9166666666666667
ENSG00000259453,1.1666666666666667,0.25,-0.9166666666666667
HP1BP3,1.6666666666666667,0.75,-0.9166666666666667
CEP135,1.1666666666666667,0.25,-0.9166666666666667
RAB2A,1.1666666666666667,0.25,-0.9166666666666667
L3HYPDH,1.1666666666666667,0.25,-0.9166666666666667
SLC39A13,1.1666666666666667,0.25,-0.9166666666666667
DOK6,1.1666666666666667,0.25,-0.9166666666666667
AMPD3,1.1666666666666667,0.25,-0.9166666666666667
ENSG00000260816,1.6666666666666667,0.75,-0.9166666666666667
MRPL35,1.1666666666666667,0.25,-0.9166666666666667
CD209,1.1666666666666667,0.25,-0.9166666666666667
GPATCH1,1.1666666666666667,0.25,-0.9166666666666667
MIR4458HG,1.1666666666666667,0.25,-0.9166666666666667
ENSG00000286071,1.1666666666666667,0.25,-0.9166666666666667
CCZ1,1.1666666666666667,0.25,-0.9166666666666667
PRSS22,1.1666666666666667,0.25,-0.9166666666666667
KLF3,1.1666666666666667,0.25,-0.9166666666666667
AKT1,1.1666666666666667,0.25,-0.9166666666666667
NDUFV2P1,1.1666666666666667,0.25,-0.9166666666666667
SLFN5,1.6666666666666667,0.75,-0.9166666666666667
ZSCAN21,1.1666666666666667,0.25,-0.9166666666666667
TCTN3,1.1666666666666667,0.25,-0.9166666666666667
SPPL3,1.6666666666666667,0.75,-0.9166666666666667
ZC3H18,1.1666666666666667,0.25,-0.9166666666666667
ENSG00000280219,1.1666666666666667,0.25,-0.9166666666666667
CREBBP,1.1666666666666667,0.25,-0.9166666666666667
ZNF143,1.1666666666666667,0.25,-0.9166666666666667
PBRM1,1.1666666666666667,0.25,-0.9166666666666667
SWAP70,1.6666666666666667,0.75,-0.9166666666666667
BBS2,1.1666666666666667,0.25,-0.9166666666666667
LUC7L3,1.1666666666666667,0.25,-0.9166666666666667
INCENP,1.1666666666666667,0.25,-0.9166666666666667
BAG2,1.6666666666666667,0.75,-0.9166666666666667
PDCD11,1.1666666666666667,0.25,-0.9166666666666667
LRRK2,1.1666666666666667,0.25,-0.9166666666666667
PDXDC2P-NPIPB14P,1.1666666666666667,0.25,-0.9166666666666667
ENSG00000289238,1.1666666666666667,0.25,-0.9166666666666667
RNF141,1.6666666666666667,0.75,-0.9166666666666667
LRRC57,1.6666666666666667,0.75,-0.9166666666666667
PER3,1.6666666666666667,0.75,-0.9166666666666667
GLT8D1,1.1666666666666667,0.25,-0.9166666666666667
PUS3,1.1666666666666667,0.25,-0.9166666666666667
LRP6,1.1666666666666667,0.25,-0.9166666666666667
LINC01504,1.6666666666666667,0.75,-0.9166666666666667
IL15,1.1666666666666667,0.25,-0.9166666666666667
ZNF33B,1.1666666666666667,0.25,-0.9166666666666667
PHF21A,1.6666666666666667,0.75,-0.9166666666666667
ENSG00000290025,1.1666666666666667,0.25,-0.9166666666666667
EMC10,1.1666666666666667,0.25,-0.9166666666666667
ENTPD4,1.6666666666666667,0.75,-0.9166666666666667
HIVEP3,1.1666666666666667,0.25,-0.9166666666666667
OPA1,1.6666666666666667,0.75,-0.9166666666666667
ZMAT3,1.6666666666666667,0.75,-0.9166666666666667
MEF2C,1.1666666666666667,0.25,-0.9166666666666667
HSBP1L1,1.1666666666666667,0.25,-0.9166666666666667
ENSG00000249624,1.6666666666666667,0.75,-0.9166666666666667
NUTM2A-AS1,1.6666666666666667,0.75,-0.9166666666666667
ENSG00000225399,1.1666666666666667,0.25,-0.9166666666666667
ADAM12,1.1666666666666667,0.25,-0.9166666666666667
TIFA,1.1666666666666667,0.25,-0.9166666666666667
ITGA2,1.6666666666666667,0.75,-0.9166666666666667
ZNF107,1.1666666666666667,0.25,-0.9166666666666667
CPM,1.1666666666666667,0.25,-0.9166666666666667
ERCC5,1.1666666666666667,0.25,-0.9166666666666667
SLC25A37,1.6666666666666667,0.75,-0.9166666666666667
RPS6KB2,1.1666666666666667,0.25,-0.9166666666666667
RPL12P38,1.1666666666666667,0.25,-0.9166666666666667
TMEM218,1.1666666666666667,0.25,-0.9166666666666667
ARHGEF2,1.1666666666666667,0.25,-0.9166666666666667
CLNK,1.3333333333333333,0.375,-0.9583333333333333
DNAJC15,1.3333333333333333,0.375,-0.9583333333333333
CENPP,1.8333333333333333,0.875,-0.9583333333333333
TNS3,1.3333333333333333,0.375,-0.9583333333333333
PRORSD1P,1.3333333333333333,0.375,-0.9583333333333333
RAI14,1.3333333333333333,0.375,-0.9583333333333333
CYRIB,1.8333333333333333,0.875,-0.9583333333333333
SFXN1,1.8333333333333333,0.875,-0.9583333333333333
ADAMTS17,1.3333333333333333,0.375,-0.9583333333333333
RGMB,1.3333333333333333,0.375,-0.9583333333333333
DCUN1D4,1.3333333333333333,0.375,-0.9583333333333333
CRIPT,1.3333333333333333,0.375,-0.9583333333333333
TGOLN2,1.3333333333333333,0.375,-0.9583333333333333
SRP14P2,1.3333333333333333,0.375,-0.9583333333333333
HEATR3,1.3333333333333333,0.375,-0.9583333333333333
ENSG00000285245,1.3333333333333333,0.375,-0.9583333333333333
LRRC37B,1.3333333333333333,0.375,-0.9583333333333333
CTPS1,1.3333333333333333,0.375,-0.9583333333333333
ENSG00000279759,1.8333333333333333,0.875,-0.9583333333333333
DEAF1,1.8333333333333333,0.875,-0.9583333333333333
AKAP11,1.8333333333333333,0.875,-0.9583333333333333
LINC00702,1.3333333333333333,0.375,-0.9583333333333333
LINC00926,1.3333333333333333,0.375,-0.9583333333333333
GNA11,1.3333333333333333,0.375,-0.9583333333333333
RSRC1,1.3333333333333333,0.375,-0.9583333333333333
FNIP2,1.3333333333333333,0.375,-0.9583333333333333
ZNF414,1.3333333333333333,0.375,-0.9583333333333333
ZBTB38,1.3333333333333333,0.375,-0.9583333333333333
SLC35A5,1.3333333333333333,0.375,-0.9583333333333333
EMX2,1.3333333333333333,0.375,-0.9583333333333333
STARD13,1.3333333333333333,0.375,-0.9583333333333333
PREPL,1.3333333333333333,0.375,-0.9583333333333333
PLD1,1.3333333333333333,0.375,-0.9583333333333333
ZNF225-AS1,1.3333333333333333,0.375,-0.9583333333333333
ST8SIA4,1.8333333333333333,0.875,-0.9583333333333333
TBCAP1,1.8333333333333333,0.875,-0.9583333333333333
C19orf12,1.3333333333333333,0.375,-0.9583333333333333
NDUFB4P3,1.3333333333333333,0.375,-0.9583333333333333
OLFML1,1.3333333333333333,0.375,-0.9583333333333333
TSTD3,1.8333333333333333,0.875,-0.9583333333333333
CCDC127,1.3333333333333333,0.375,-0.9583333333333333
OAZ2,1.3333333333333333,0.375,-0.9583333333333333
STK17A,1.3333333333333333,0.375,-0.9583333333333333
RAD54L2,1.3333333333333333,0.375,-0.9583333333333333
ZDHHC17,1.8333333333333333,0.875,-0.9583333333333333
SSPN,1.3333333333333333,0.375,-0.9583333333333333
CBR4,1.8333333333333333,0.875,-0.9583333333333333
SNHG20,1.3333333333333333,0.375,-0.9583333333333333
ENSG00000279159,2.8333333333333335,1.875,-0.9583333333333335
BRAF,2.3333333333333335,1.375,-0.9583333333333335
NRIP1,2.3333333333333335,1.375,-0.9583333333333335
TPM3P9,2.3333333333333335,1.375,-0.9583333333333335
DOCK9,2.3333333333333335,1.375,-0.9583333333333335
ZNRF1,2.3333333333333335,1.375,-0.9583333333333335
HNRNPU,3.3333333333333335,2.375,-0.9583333333333335
PCDHGA6,1.5,0.5,-1.0
FCN1,1.0,0.0,-1.0
BCLAF1,1.0,0.0,-1.0
PCCA-DT,1.0,0.0,-1.0
ENSG00000288703,1.0,0.0,-1.0
OR2A1,1.0,0.0,-1.0
BVES-AS1,1.0,0.0,-1.0
MBOAT2,1.0,0.0,-1.0
MCPH1-DT,1.5,0.5,-1.0
ZFP41,1.0,0.0,-1.0
LINC02227,1.0,0.0,-1.0
ZRSR2,1.0,0.0,-1.0
ZNF283,1.5,0.5,-1.0
RAD21,1.5,0.5,-1.0
SEH1L,2.5,1.5,-1.0
LINC02572,1.0,0.0,-1.0
TACC1,2.0,1.0,-1.0
LINC02610,1.0,0.0,-1.0
RAD23B,1.0,0.0,-1.0
LINC03033,1.0,0.0,-1.0
ENSG00000289293,1.0,0.0,-1.0
ATP1B1P1,1.0,0.0,-1.0
CYCSP1,1.0,0.0,-1.0
PITX1,1.0,0.0,-1.0
CYBC1,1.5,0.5,-1.0
PWWP3A,1.5,0.5,-1.0
PDP2,1.0,0.0,-1.0
RNU1-11P,1.0,0.0,-1.0
ENSG00000253917,1.0,0.0,-1.0
GBP7,1.0,0.0,-1.0
GBP6,1.0,0.0,-1.0
TAB2,1.0,0.0,-1.0
SYTL4,1.0,0.0,-1.0
RER1,1.0,0.0,-1.0
PER1,1.0,0.0,-1.0
ADPGK,1.0,0.0,-1.0
RNU6-22P,1.0,0.0,-1.0
RPL23AP44,1.0,0.0,-1.0
AGTRAP,1.0,0.0,-1.0
VASH2,1.0,0.0,-1.0
MRTFA-AS1,1.0,0.0,-1.0
RTEL1-TNFRSF6B,1.0,0.0,-1.0
NDUFA4P1,1.0,0.0,-1.0
ALDH18A1,1.0,0.0,-1.0
ANKRD36,1.0,0.0,-1.0
MRPL19,2.5,1.5,-1.0
ALDH7A1,2.0,1.0,-1.0
RIC8A,1.0,0.0,-1.0
ASL,1.0,0.0,-1.0
ENSG00000260488,1.0,0.0,-1.0
AMZ1,1.5,0.5,-1.0
PRR5L,1.0,0.0,-1.0
RPL23P2,1.0,0.0,-1.0
ENSG00000284687,1.0,0.0,-1.0
MST1P2,1.0,0.0,-1.0
NAA60,1.5,0.5,-1.0
CEP85L,2.0,1.0,-1.0
FHAD1,1.0,0.0,-1.0
ST6GALNAC5,1.0,0.0,-1.0
MTCYBP4,1.0,0.0,-1.0
ENSG00000278909,1.0,0.0,-1.0
RPS2P4,1.0,0.0,-1.0
ENSG00000261079,1.0,0.0,-1.0
TMC7,1.0,0.0,-1.0
PPP5D1P,1.0,0.0,-1.0
MMS22L,1.5,0.5,-1.0
YWHAZP6,1.0,0.0,-1.0
ENSG00000273090,1.0,0.0,-1.0
RBMS2,1.5,0.5,-1.0
FECH,1.5,0.5,-1.0
ENSG00000257531,1.0,0.0,-1.0
RPL35AP21,1.0,0.0,-1.0
RPL35AP23,1.5,0.5,-1.0
MEGF10,1.0,0.0,-1.0
NR2F2,1.5,0.5,-1.0
RPL35AP7,1.0,0.0,-1.0
CMBL,1.0,0.0,-1.0
ZNF528,1.0,0.0,-1.0
ZC3H7A,1.5,0.5,-1.0
TMEM37,1.0,0.0,-1.0
RPL37P6,2.0,1.0,-1.0
CARS2,2.0,1.0,-1.0
TNFRSF6B,1.0,0.0,-1.0
CLN5,2.0,1.0,-1.0
RN7SKP93,1.0,0.0,-1.0
RPL5P22,1.0,0.0,-1.0
ENSG00000264668,1.0,0.0,-1.0
CCDC180,1.0,0.0,-1.0
NAP1L4P3,1.0,0.0,-1.0
CRISPLD2,2.0,1.0,-1.0
E2F5,1.0,0.0,-1.0
SLC22A15,1.0,0.0,-1.0
SHISAL1,1.0,0.0,-1.0
KLHL12,1.0,0.0,-1.0
HFE,1.0,0.0,-1.0
GSPT1,2.5,1.5,-1.0
EEF2KMT,1.0,0.0,-1.0
EBF2,1.5,0.5,-1.0
ENSG00000232063,1.0,0.0,-1.0
LGI2,1.0,0.0,-1.0
ENSG00000242858,1.0,0.0,-1.0
LEMD2,1.0,0.0,-1.0
TTLL3,2.5,1.5,-1.0
HMGN1P36,1.0,0.0,-1.0
IL19,1.0,0.0,-1.0
KCNJ5,1.0,0.0,-1.0
ENSG00000187229,1.0,0.0,-1.0
DKK3,1.5,0.5,-1.0
ENSG00000237234,1.5,0.5,-1.0
TRMT1L,1.0,0.0,-1.0
KRT13,1.0,0.0,-1.0
SLC13A4,1.0,0.0,-1.0
HMGB1P4,1.0,0.0,-1.0
LARP7,1.0,0.0,-1.0
ENSG00000234718,1.0,0.0,-1.0
SLC25A43,1.0,0.0,-1.0
IGLC7,1.0,0.0,-1.0
ENSG00000240401,1.5,0.5,-1.0
ENSG00000244593,1.5,0.5,-1.0
KRBOX5,1.0,0.0,-1.0
TYK2,1.0,0.0,-1.0
ENOX1,1.0,0.0,-1.0
ENSG00000234589,1.0,0.0,-1.0
SF3A1,1.0,0.0,-1.0
ENSG00000213963,2.6666666666666665,1.625,-1.0416666666666665
ERC1,2.1666666666666665,1.125,-1.0416666666666665
ZNF518B,2.1666666666666665,1.125,-1.0416666666666665
DSC2,2.6666666666666665,1.625,-1.0416666666666665
TAF2,2.1666666666666665,1.125,-1.0416666666666665
DDX55,2.1666666666666665,1.125,-1.0416666666666665
USP53,2.1666666666666665,1.125,-1.0416666666666665
SUPT7L,1.1666666666666667,0.125,-1.0416666666666667
CALHM5,1.1666666666666667,0.125,-1.0416666666666667
CRLF1,1.1666666666666667,0.125,-1.0416666666666667
ALDH1L2,1.1666666666666667,0.125,-1.0416666666666667
CIT,1.1666666666666667,0.125,-1.0416666666666667
C21orf91,1.6666666666666667,0.625,-1.0416666666666667
THSD4,1.1666666666666667,0.125,-1.0416666666666667
TLR6,1.1666666666666667,0.125,-1.0416666666666667
SLC3A1,1.1666666666666667,0.125,-1.0416666666666667
PEDS1,1.1666666666666667,0.125,-1.0416666666666667
SLC9A3,1.1666666666666667,0.125,-1.0416666666666667
RAB30,1.1666666666666667,0.125,-1.0416666666666667
GALNT7-DT,1.1666666666666667,0.125,-1.0416666666666667
PUS10,1.1666666666666667,0.125,-1.0416666666666667
ZMIZ2,1.6666666666666667,0.625,-1.0416666666666667
ENSG00000225885,1.1666666666666667,0.125,-1.0416666666666667
TPR,1.1666666666666667,0.125,-1.0416666666666667
IRF2BPL,1.1666666666666667,0.125,-1.0416666666666667
IDH1,1.1666666666666667,0.125,-1.0416666666666667
ADAMTSL1,1.1666666666666667,0.125,-1.0416666666666667
RFNG,1.1666666666666667,0.125,-1.0416666666666667
SGTB,1.6666666666666667,0.625,-1.0416666666666667
CBX5,1.6666666666666667,0.625,-1.0416666666666667
RPL4P4,1.6666666666666667,0.625,-1.0416666666666667
ENSG00000268575,1.1666666666666667,0.125,-1.0416666666666667
ARSA,1.1666666666666667,0.125,-1.0416666666666667
METTL14,1.1666666666666667,0.125,-1.0416666666666667
FTLP2,1.1666666666666667,0.125,-1.0416666666666667
CMC1,1.1666666666666667,0.125,-1.0416666666666667
TNFSF12,1.1666666666666667,0.125,-1.0416666666666667
LIMA1,1.6666666666666667,0.625,-1.0416666666666667
MAN2B1,1.6666666666666667,0.625,-1.0416666666666667
PITPNC1,1.1666666666666667,0.125,-1.0416666666666667
SUGT1P3,1.1666666666666667,0.125,-1.0416666666666667
PHB1P3,1.6666666666666667,0.625,-1.0416666666666667
FAM114A1,1.6666666666666667,0.625,-1.0416666666666667
NEXN-AS1,1.1666666666666667,0.125,-1.0416666666666667
PAWR,1.1666666666666667,0.125,-1.0416666666666667
ADNP2,1.1666666666666667,0.125,-1.0416666666666667
MAN1A2,1.1666666666666667,0.125,-1.0416666666666667
PELP1,1.1666666666666667,0.125,-1.0416666666666667
DNAJC2,1.1666666666666667,0.125,-1.0416666666666667
SMARCA4,1.1666666666666667,0.125,-1.0416666666666667
EIF4E2,1.1666666666666667,0.125,-1.0416666666666667
ZNF221,1.1666666666666667,0.125,-1.0416666666666667
CUEDC1,1.6666666666666667,0.625,-1.0416666666666667
BMPR1B,1.1666666666666667,0.125,-1.0416666666666667
HMGN4,1.1666666666666667,0.125,-1.0416666666666667
RAD52,1.1666666666666667,0.125,-1.0416666666666667
WIPI1,1.1666666666666667,0.125,-1.0416666666666667
TSPAN11,1.1666666666666667,0.125,-1.0416666666666667
NADK,1.1666666666666667,0.125,-1.0416666666666667
ENSG00000287134,1.1666666666666667,0.125,-1.0416666666666667
MTARC1,1.1666666666666667,0.125,-1.0416666666666667
OGFRL1,1.6666666666666667,0.625,-1.0416666666666667
RPL10P16,1.1666666666666667,0.125,-1.0416666666666667
ZNF213,1.1666666666666667,0.125,-1.0416666666666667
ENSG00000214719,1.1666666666666667,0.125,-1.0416666666666667
MTG2,1.1666666666666667,0.125,-1.0416666666666667
ENSG00000229595,1.6666666666666667,0.625,-1.0416666666666667
GPAM,1.1666666666666667,0.125,-1.0416666666666667
CTSK,1.1666666666666667,0.125,-1.0416666666666667
SSTR2,1.1666666666666667,0.125,-1.0416666666666667
SP3,1.6666666666666667,0.625,-1.0416666666666667
CDCA7L,1.1666666666666667,0.125,-1.0416666666666667
RAB8A,1.1666666666666667,0.125,-1.0416666666666667
CTNNAL1,1.1666666666666667,0.125,-1.0416666666666667
OMA1,1.1666666666666667,0.125,-1.0416666666666667
MRAS,1.1666666666666667,0.125,-1.0416666666666667
PRND,1.6666666666666667,0.625,-1.0416666666666667
CDK18,1.1666666666666667,0.125,-1.0416666666666667
RN7SKP292,1.1666666666666667,0.125,-1.0416666666666667
BMS1P1,1.1666666666666667,0.125,-1.0416666666666667
SENP6,1.6666666666666667,0.625,-1.0416666666666667
DNAJA4,1.1666666666666667,0.125,-1.0416666666666667
NDFIP1,1.1666666666666667,0.125,-1.0416666666666667
ENSG00000278963,1.1666666666666667,0.125,-1.0416666666666667
LRRC47,1.1666666666666667,0.125,-1.0416666666666667
DPY19L3,1.1666666666666667,0.125,-1.0416666666666667
ENSG00000280200,1.3333333333333333,0.25,-1.0833333333333333
ZFAS1,1.3333333333333333,0.25,-1.0833333333333333
CNTNAP3B,1.3333333333333333,0.25,-1.0833333333333333
SLC5A4-AS1,1.3333333333333333,0.25,-1.0833333333333333
N4BP2L2-IT2,1.3333333333333333,0.25,-1.0833333333333333
PCTP,1.3333333333333333,0.25,-1.0833333333333333
TBCD,1.8333333333333333,0.75,-1.0833333333333333
ERCC8,1.8333333333333333,0.75,-1.0833333333333333
MFSD13A,1.8333333333333333,0.75,-1.0833333333333333
SH3RF1,1.3333333333333333,0.25,-1.0833333333333333
RPL5P17,1.3333333333333333,0.25,-1.0833333333333333
STARD13-AS,1.3333333333333333,0.25,-1.0833333333333333
ENSG00000285331,1.3333333333333333,0.25,-1.0833333333333333
ZNF443,1.3333333333333333,0.25,-1.0833333333333333
AK2,1.8333333333333333,0.75,-1.0833333333333333
PKP3,1.3333333333333333,0.25,-1.0833333333333333
PKM,1.3333333333333333,0.25,-1.0833333333333333
NEMP2,1.3333333333333333,0.25,-1.0833333333333333
CD226,1.8333333333333333,0.75,-1.0833333333333333
DNAJC21,1.8333333333333333,0.75,-1.0833333333333333
ROR2,1.3333333333333333,0.25,-1.0833333333333333
CFAP298-TCP10L,1.3333333333333333,0.25,-1.0833333333333333
ENSG00000280339,1.3333333333333333,0.25,-1.0833333333333333
IER2,1.3333333333333333,0.25,-1.0833333333333333
NDUFB9,1.3333333333333333,0.25,-1.0833333333333333
PRKAR1A,1.8333333333333333,0.75,-1.0833333333333333
GORAB,1.3333333333333333,0.25,-1.0833333333333333
DNMBP,1.3333333333333333,0.25,-1.0833333333333333
ZNF280D,1.8333333333333333,0.75,-1.0833333333333333
CNPPD1,1.3333333333333333,0.25,-1.0833333333333333
THUMPD1,1.3333333333333333,0.25,-1.0833333333333333
THUMPD3-AS1,1.3333333333333333,0.25,-1.0833333333333333
LINC00683,1.3333333333333333,0.25,-1.0833333333333333
TMEM161B-DT,1.3333333333333333,0.25,-1.0833333333333333
ENTPD5,1.3333333333333333,0.25,-1.0833333333333333
TREM1,1.3333333333333333,0.25,-1.0833333333333333
SCIN,1.3333333333333333,0.25,-1.0833333333333333
NMT1,1.3333333333333333,0.25,-1.0833333333333333
LINC02987,1.3333333333333333,0.25,-1.0833333333333333
EPPK1,1.3333333333333333,0.25,-1.0833333333333333
BMPR2,1.8333333333333333,0.75,-1.0833333333333333
THOC5,1.3333333333333333,0.25,-1.0833333333333333
PGM3,1.3333333333333333,0.25,-1.0833333333333333
EPG5,1.3333333333333333,0.25,-1.0833333333333333
ACACB,1.3333333333333333,0.25,-1.0833333333333333
GBP2,1.3333333333333333,0.25,-1.0833333333333333
SURF6,1.3333333333333333,0.25,-1.0833333333333333
PURB,1.3333333333333333,0.25,-1.0833333333333333
ENSG00000257225,1.3333333333333333,0.25,-1.0833333333333333
NR4A1,1.3333333333333333,0.25,-1.0833333333333333
SCYL3,1.3333333333333333,0.25,-1.0833333333333333
PARP9,1.3333333333333333,0.25,-1.0833333333333333
PRDM2,3.3333333333333335,2.25,-1.0833333333333335
CSNK2A1,2.3333333333333335,1.25,-1.0833333333333335
MXRA7,2.3333333333333335,1.25,-1.0833333333333335
PDE7A,2.3333333333333335,1.25,-1.0833333333333335
PHYKPL,2.3333333333333335,1.25,-1.0833333333333335
PGAP6,1.5,0.375,-1.125
RNF152,2.0,0.875,-1.125
PODXL,1.5,0.375,-1.125
PGF,1.5,0.375,-1.125
AGO2,3.5,2.375,-1.125
ETV5,1.5,0.375,-1.125
TOMM40,1.5,0.375,-1.125
RSKR,1.5,0.375,-1.125
ANKRD12,2.5,1.375,-1.125
DSP,2.0,0.875,-1.125
CCDC50,1.5,0.375,-1.125
TNFAIP8L1,1.5,0.375,-1.125
NUDT21,1.5,0.375,-1.125
PRKAR2A,2.0,0.875,-1.125
LINC01013,1.5,0.375,-1.125
OLR1,1.5,0.375,-1.125
SETDB2,2.0,0.875,-1.125
MANEA-DT,1.5,0.375,-1.125
FNDC1,3.0,1.875,-1.125
HLCS,1.5,0.375,-1.125
ASPA,1.5,0.375,-1.125
ZNF544,1.5,0.375,-1.125
PPWD1,1.5,0.375,-1.125
ENSG00000279198,1.5,0.375,-1.125
EIF4A3,2.0,0.875,-1.125
FAM151B-DT,1.5,0.375,-1.125
GALNS,1.5,0.375,-1.125
COG8,1.5,0.375,-1.125
PIAS1,2.0,0.875,-1.125
RBM26-AS1,1.5,0.375,-1.125
FTX,4.5,3.375,-1.125
FBLN1,1.5,0.375,-1.125
METTL2A,1.5,0.375,-1.125
SAMD5,1.5,0.375,-1.125
SMAD3,2.0,0.875,-1.125
ZNF557,2.0,0.875,-1.125
SP110,3.0,1.875,-1.125
KMT5B,1.5,0.375,-1.125
NABP1,2.0,0.875,-1.125
PHIP,2.0,0.875,-1.125
KRT6A,1.5,0.375,-1.125
PCSK5,2.0,0.875,-1.125
FRMD4B,2.1666666666666665,1.0,-1.1666666666666665
SPTLC2,2.1666666666666665,1.0,-1.1666666666666665
PLXND1,2.6666666666666665,1.5,-1.1666666666666665
ADCY4,2.1666666666666665,1.0,-1.1666666666666665
ZNF568,2.1666666666666665,1.0,-1.1666666666666665
KLHL42,2.1666666666666665,1.0,-1.1666666666666665
PSD3,2.6666666666666665,1.5,-1.1666666666666665
NARS2,2.1666666666666665,1.0,-1.1666666666666665
CD46,3.1666666666666665,2.0,-1.1666666666666665
TUBGCP2,2.1666666666666665,1.0,-1.1666666666666665
UBAP2,2.1666666666666665,1.0,-1.1666666666666665
CASP14,2.1666666666666665,1.0,-1.1666666666666665
COL6A3,3.1666666666666665,2.0,-1.1666666666666665
MARK1,2.1666666666666665,1.0,-1.1666666666666665
POR,1.1666666666666667,0.0,-1.1666666666666667
POLR3D,1.1666666666666667,0.0,-1.1666666666666667
RPS11P7,1.1666666666666667,0.0,-1.1666666666666667
TCTA,1.1666666666666667,0.0,-1.1666666666666667
MYL6P2,1.1666666666666667,0.0,-1.1666666666666667
ENSG00000176593,1.6666666666666667,0.5,-1.1666666666666667
LINC00987,1.6666666666666667,0.5,-1.1666666666666667
EDDM13,1.1666666666666667,0.0,-1.1666666666666667
GIN1,1.1666666666666667,0.0,-1.1666666666666667
LINC02393,1.1666666666666667,0.0,-1.1666666666666667
ZNF573,1.1666666666666667,0.0,-1.1666666666666667
PPIP5K2,1.1666666666666667,0.0,-1.1666666666666667
USHBP1,1.1666666666666667,0.0,-1.1666666666666667
SOX4,1.1666666666666667,0.0,-1.1666666666666667
ANKRD26,1.6666666666666667,0.5,-1.1666666666666667
GEMIN7,1.1666666666666667,0.0,-1.1666666666666667
EIF1P3,1.1666666666666667,0.0,-1.1666666666666667
JRK,1.1666666666666667,0.0,-1.1666666666666667
ENSG00000241255,1.6666666666666667,0.5,-1.1666666666666667
ZNF605,1.1666666666666667,0.0,-1.1666666666666667
LINC01422,1.1666666666666667,0.0,-1.1666666666666667
HBS1L,1.6666666666666667,0.5,-1.1666666666666667
GPC6,1.1666666666666667,0.0,-1.1666666666666667
NUP153,1.1666666666666667,0.0,-1.1666666666666667
FKBP14,1.1666666666666667,0.0,-1.1666666666666667
PGGT1B,1.6666666666666667,0.5,-1.1666666666666667
PRKAR2B,1.1666666666666667,0.0,-1.1666666666666667
LINC02888,1.1666666666666667,0.0,-1.1666666666666667
WDR33,1.6666666666666667,0.5,-1.1666666666666667
CDYL2,1.1666666666666667,0.0,-1.1666666666666667
ENSG00000290854,1.1666666666666667,0.0,-1.1666666666666667
JAG1,1.6666666666666667,0.5,-1.1666666666666667
BRD4,1.1666666666666667,0.0,-1.1666666666666667
ADARB1,1.6666666666666667,0.5,-1.1666666666666667
ENSG00000244055,1.1666666666666667,0.0,-1.1666666666666667
RPL37,1.6666666666666667,0.5,-1.1666666666666667
KIF3C,1.1666666666666667,0.0,-1.1666666666666667
MAPKAP1,1.1666666666666667,0.0,-1.1666666666666667
EHD2,1.6666666666666667,0.5,-1.1666666666666667
BGN,1.1666666666666667,0.0,-1.1666666666666667
RPL19P5,1.6666666666666667,0.5,-1.1666666666666667
RPA1,1.6666666666666667,0.5,-1.1666666666666667
SVIL-AS1,1.6666666666666667,0.5,-1.1666666666666667
FAM162A,1.1666666666666667,0.0,-1.1666666666666667
ENSG00000281468,1.1666666666666667,0.0,-1.1666666666666667
ENSG00000255197,1.1666666666666667,0.0,-1.1666666666666667
CPXM2,1.1666666666666667,0.0,-1.1666666666666667
R3HDM1,1.6666666666666667,0.5,-1.1666666666666667
QARS1,1.1666666666666667,0.0,-1.1666666666666667
THBS3,1.1666666666666667,0.0,-1.1666666666666667
GMPSP1,1.1666666666666667,0.0,-1.1666666666666667
MKX,1.1666666666666667,0.0,-1.1666666666666667
MBD5,1.1666666666666667,0.0,-1.1666666666666667
COL7A1,1.1666666666666667,0.0,-1.1666666666666667
H2BC6,1.1666666666666667,0.0,-1.1666666666666667
MED13L,1.6666666666666667,0.5,-1.1666666666666667
ZC3H14,1.6666666666666667,0.5,-1.1666666666666667
SGO2,1.1666666666666667,0.0,-1.1666666666666667
TSHZ2,1.6666666666666667,0.5,-1.1666666666666667
ENSG00000276672,1.1666666666666667,0.0,-1.1666666666666667
CINP,1.6666666666666667,0.5,-1.1666666666666667
PLBD2,1.6666666666666667,0.5,-1.1666666666666667
ADGRA3,1.1666666666666667,0.0,-1.1666666666666667
AFDN,1.6666666666666667,0.5,-1.1666666666666667
ENSG00000275834,1.1666666666666667,0.0,-1.1666666666666667
C1orf112,1.1666666666666667,0.0,-1.1666666666666667
CALCOCO2,1.6666666666666667,0.5,-1.1666666666666667
SPON1,1.1666666666666667,0.0,-1.1666666666666667
ENSG00000255836,1.3333333333333333,0.125,-1.2083333333333333
ENSG00000197815,1.3333333333333333,0.125,-1.2083333333333333
TTC28-AS1,1.3333333333333333,0.125,-1.2083333333333333
SAMM50,1.8333333333333333,0.625,-1.2083333333333333
NHLRC2,1.8333333333333333,0.625,-1.2083333333333333
PARP6,1.8333333333333333,0.625,-1.2083333333333333
ENSG00000213939,1.3333333333333333,0.125,-1.2083333333333333
VEPH1,1.3333333333333333,0.125,-1.2083333333333333
SPATA13,1.8333333333333333,0.625,-1.2083333333333333
GLB1,1.3333333333333333,0.125,-1.2083333333333333
MCCC2,1.8333333333333333,0.625,-1.2083333333333333
ANXA2P2,1.3333333333333333,0.125,-1.2083333333333333
PXDN,1.3333333333333333,0.125,-1.2083333333333333
HNRNPDL,1.8333333333333333,0.625,-1.2083333333333333
SMPD4,1.3333333333333333,0.125,-1.2083333333333333
LIMS2,1.3333333333333333,0.125,-1.2083333333333333
BIVM,1.3333333333333333,0.125,-1.2083333333333333
RNF213-AS1,1.3333333333333333,0.125,-1.2083333333333333
EIF4A1P10,1.3333333333333333,0.125,-1.2083333333333333
C8orf48,1.3333333333333333,0.125,-1.2083333333333333
PROSER3,1.8333333333333333,0.625,-1.2083333333333333
ASB14,1.3333333333333333,0.125,-1.2083333333333333
ABCD3,1.3333333333333333,0.125,-1.2083333333333333
PRXL2A,1.8333333333333333,0.625,-1.2083333333333333
ELOCP2,1.3333333333333333,0.125,-1.2083333333333333
PGK1,1.3333333333333333,0.125,-1.2083333333333333
DDX18,1.3333333333333333,0.125,-1.2083333333333333
SPECC1,1.8333333333333333,0.625,-1.2083333333333333
NCAPG2,1.3333333333333333,0.125,-1.2083333333333333
ENSG00000224905,1.3333333333333333,0.125,-1.2083333333333333
MRPL50,1.8333333333333333,0.625,-1.2083333333333333
NOVA2,1.3333333333333333,0.125,-1.2083333333333333
ENTR1,1.8333333333333333,0.625,-1.2083333333333333
SYMPK,1.8333333333333333,0.625,-1.2083333333333333
GBP1,1.3333333333333333,0.125,-1.2083333333333333
MRPL10,1.3333333333333333,0.125,-1.2083333333333333
TBC1D8,1.3333333333333333,0.125,-1.2083333333333333
ETFBKMT,1.3333333333333333,0.125,-1.2083333333333333
SLC39A8,1.8333333333333333,0.625,-1.2083333333333333
ENSG00000288725,1.3333333333333333,0.125,-1.2083333333333333
MID1,1.3333333333333333,0.125,-1.2083333333333333
CCDC65,1.3333333333333333,0.125,-1.2083333333333333
ENSG00000289865,1.3333333333333333,0.125,-1.2083333333333333
ACVR1,1.8333333333333333,0.625,-1.2083333333333333
SNX18,1.3333333333333333,0.125,-1.2083333333333333
PANK2-AS1,1.3333333333333333,0.125,-1.2083333333333333
NF2,1.3333333333333333,0.125,-1.2083333333333333
BLZF2P,1.3333333333333333,0.125,-1.2083333333333333
DSTN,1.3333333333333333,0.125,-1.2083333333333333
MTERF4,1.8333333333333333,0.625,-1.2083333333333333
SLC25A3,2.3333333333333335,1.125,-1.2083333333333335
ZNF195,2.3333333333333335,1.125,-1.2083333333333335
MAPKBP1,2.3333333333333335,1.125,-1.2083333333333335
PCGF3-AS1,2.3333333333333335,1.125,-1.2083333333333335
ZNF805,2.8333333333333335,1.625,-1.2083333333333335
SYNPO2,3.3333333333333335,2.125,-1.2083333333333335
TAF10,2.0,0.75,-1.25
C8orf44,1.5,0.25,-1.25
ZNF346,1.5,0.25,-1.25
EVC,1.5,0.25,-1.25
PDS5A,1.5,0.25,-1.25
ATG4B,1.5,0.25,-1.25
SIK3,2.0,0.75,-1.25
SLC33A1,1.5,0.25,-1.25
ENSG00000242814,1.5,0.25,-1.25
FAH,2.0,0.75,-1.25
TMEM165,2.5,1.25,-1.25
NIPSNAP2,1.5,0.25,-1.25
DTWD1,2.0,0.75,-1.25
DBT,2.0,0.75,-1.25
CLPB,1.5,0.25,-1.25
ACTBP11,1.5,0.25,-1.25
SNX5,3.0,1.75,-1.25
LINC00511,2.0,0.75,-1.25
MAVS,3.5,2.25,-1.25
RCOR3,1.5,0.25,-1.25
CRBN,2.0,0.75,-1.25
RPL21P132,2.0,0.75,-1.25
HIGD1AP1,2.0,0.75,-1.25
ZMYND11,1.5,0.25,-1.25
ENSG00000219470,2.0,0.75,-1.25
MAP2K5,1.5,0.25,-1.25
PRKCH-AS1,1.5,0.25,-1.25
SACS,2.0,0.75,-1.25
TENM3,1.5,0.25,-1.25
ENSG00000285664,1.5,0.25,-1.25
CHKB-DT,1.5,0.25,-1.25
SMPD3,1.5,0.25,-1.25
SPRY4,2.0,0.75,-1.25
AKAP9,4.0,2.75,-1.25
CNP,1.5,0.25,-1.25
ZZEF1,3.5,2.25,-1.25
HECW2,1.5,0.25,-1.25
MFGE8,3.0,1.75,-1.25
TRIM56,3.0,1.75,-1.25
ENSG00000258926,1.5,0.25,-1.25
MFF,1.5,0.25,-1.25
ENTPD3-AS1,1.5,0.25,-1.25
HS3ST3B1,2.0,0.75,-1.25
SRD5A1,1.5,0.25,-1.25
GUCY1A1,2.5,1.25,-1.25
SUMF1,1.5,0.25,-1.25
ZFP64,1.5,0.25,-1.25
DICER1,2.1666666666666665,0.875,-1.2916666666666665
RNF213,2.6666666666666665,1.375,-1.2916666666666665
SPTBN1,2.1666666666666665,0.875,-1.2916666666666665
ITPR2,2.6666666666666665,1.375,-1.2916666666666665
KLF8,2.6666666666666665,1.375,-1.2916666666666665
PHACTR1,2.6666666666666665,1.375,-1.2916666666666665
HMGB1P40,2.1666666666666665,0.875,-1.2916666666666665
ACSF3,1.6666666666666667,0.375,-1.2916666666666667
PDZD2,1.6666666666666667,0.375,-1.2916666666666667
TNFRSF19,1.6666666666666667,0.375,-1.2916666666666667
ZNF24,1.6666666666666667,0.375,-1.2916666666666667
GCNT1,1.6666666666666667,0.375,-1.2916666666666667
DDX60L,1.6666666666666667,0.375,-1.2916666666666667
ADGRL2,1.6666666666666667,0.375,-1.2916666666666667
NR2F2-AS1,1.6666666666666667,0.375,-1.2916666666666667
XRCC5,1.6666666666666667,0.375,-1.2916666666666667
ZNF558,1.6666666666666667,0.375,-1.2916666666666667
ENSG00000235605,1.6666666666666667,0.375,-1.2916666666666667
CRIP1P2,1.6666666666666667,0.375,-1.2916666666666667
CSMD2,1.6666666666666667,0.375,-1.2916666666666667
RPL7AP8,1.6666666666666667,0.375,-1.2916666666666667
DEK,1.6666666666666667,0.375,-1.2916666666666667
SLC11A2,1.3333333333333333,0.0,-1.3333333333333333
ENSG00000236510,1.3333333333333333,0.0,-1.3333333333333333
RPL36AP28,1.3333333333333333,0.0,-1.3333333333333333
LINC02395,1.3333333333333333,0.0,-1.3333333333333333
ENSG00000253284,1.3333333333333333,0.0,-1.3333333333333333
PTGFR,1.3333333333333333,0.0,-1.3333333333333333
EIF4EBP2,1.8333333333333333,0.5,-1.3333333333333333
CDHR3,1.3333333333333333,0.0,-1.3333333333333333
CWC27,1.8333333333333333,0.5,-1.3333333333333333
ERV3-1,1.8333333333333333,0.5,-1.3333333333333333
ENSG00000279549,1.8333333333333333,0.5,-1.3333333333333333
ZRANB1,1.8333333333333333,0.5,-1.3333333333333333
LINC01303,1.3333333333333333,0.0,-1.3333333333333333
RPL5P5,1.3333333333333333,0.0,-1.3333333333333333
URB2,1.3333333333333333,0.0,-1.3333333333333333
ABHD5,1.3333333333333333,0.0,-1.3333333333333333
ECE1,1.8333333333333333,0.5,-1.3333333333333333
ADGRE1,1.3333333333333333,0.0,-1.3333333333333333
HSPBAP1,1.8333333333333333,0.5,-1.3333333333333333
RAB4A-AS1,1.3333333333333333,0.0,-1.3333333333333333
KCNJ15,1.3333333333333333,0.0,-1.3333333333333333
UTP14C,1.3333333333333333,0.0,-1.3333333333333333
IL11,1.3333333333333333,0.0,-1.3333333333333333
NMI,1.3333333333333333,0.0,-1.3333333333333333
RAB33B,1.3333333333333333,0.0,-1.3333333333333333
ATP2A2,1.8333333333333333,0.5,-1.3333333333333333
ENSG00000254909,1.3333333333333333,0.0,-1.3333333333333333
RFX8,1.3333333333333333,0.0,-1.3333333333333333
POPDC3,1.3333333333333333,0.0,-1.3333333333333333
ITGA9,1.3333333333333333,0.0,-1.3333333333333333
ENSG00000213661,1.3333333333333333,0.0,-1.3333333333333333
MRPL30P1,1.3333333333333333,0.0,-1.3333333333333333
SULT1C2,1.3333333333333333,0.0,-1.3333333333333333
ENSG00000272768,1.3333333333333333,0.0,-1.3333333333333333
ENSG00000286011,1.3333333333333333,0.0,-1.3333333333333333
MRC2,1.3333333333333333,0.0,-1.3333333333333333
PRDX2P4,1.3333333333333333,0.0,-1.3333333333333333
UBASH3B,1.3333333333333333,0.0,-1.3333333333333333
GTF3C4,1.8333333333333333,0.5,-1.3333333333333333
PPP2R5E,1.8333333333333333,0.5,-1.3333333333333333
CGREF1,1.3333333333333333,0.0,-1.3333333333333333
MOCOS,1.3333333333333333,0.0,-1.3333333333333333
RN7SKP227,1.3333333333333333,0.0,-1.3333333333333333
IGHV3OR16-6,1.3333333333333333,0.0,-1.3333333333333333
AK5,1.3333333333333333,0.0,-1.3333333333333333
TPT1P1,1.3333333333333333,0.0,-1.3333333333333333
RGPD2,1.3333333333333333,0.0,-1.3333333333333333
NUB1,1.8333333333333333,0.5,-1.3333333333333333
APOBEC3F,1.8333333333333333,0.5,-1.3333333333333333
PSMB3P2,1.3333333333333333,0.0,-1.3333333333333333
RPL7L1P12,1.3333333333333333,0.0,-1.3333333333333333
KIDINS220,1.8333333333333333,0.5,-1.3333333333333333
SNHG8,1.3333333333333333,0.0,-1.3333333333333333
XPR1,2.3333333333333335,1.0,-1.3333333333333335
PLXDC2,2.8333333333333335,1.5,-1.3333333333333335
CAPZB,2.8333333333333335,1.5,-1.3333333333333335
NOM1,2.3333333333333335,1.0,-1.3333333333333335
GOLGB1,2.8333333333333335,1.5,-1.3333333333333335
EFCAB14,2.3333333333333335,1.0,-1.3333333333333335
ASAH1,2.8333333333333335,1.5,-1.3333333333333335
ZFAND2A,2.3333333333333335,1.0,-1.3333333333333335
IGHMBP2,2.3333333333333335,1.0,-1.3333333333333335
RPS29,2.3333333333333335,1.0,-1.3333333333333335
THBS2-AS1,2.3333333333333335,1.0,-1.3333333333333335
STK24,2.3333333333333335,1.0,-1.3333333333333335
SLC26A2,2.3333333333333335,1.0,-1.3333333333333335
ARPC2,2.8333333333333335,1.5,-1.3333333333333335
KRIT1,2.3333333333333335,1.0,-1.3333333333333335
CTBP2,2.0,0.625,-1.375
LINS1,2.0,0.625,-1.375
ENSG00000267199,1.5,0.125,-1.375
CFAP251,1.5,0.125,-1.375
POLR1A,2.5,1.125,-1.375
RBM33,2.0,0.625,-1.375
RIPK1,2.5,1.125,-1.375
LONP2,2.0,0.625,-1.375
NAMPT,5.0,3.625,-1.375
C17orf58,1.5,0.125,-1.375
ENSG00000273264,2.0,0.625,-1.375
POLG,1.5,0.125,-1.375
ABI2,3.0,1.625,-1.375
KRT5,2.0,0.625,-1.375
ATMIN,1.5,0.125,-1.375
MRI1,3.5,2.125,-1.375
PRKCA,1.5,0.125,-1.375
SOS1,4.0,2.625,-1.375
SAA2,1.5,0.125,-1.375
CLPX,1.5,0.125,-1.375
PJA2,1.5,0.125,-1.375
LIMCH1,2.0,0.625,-1.375
NRSN2-AS1,1.5,0.125,-1.375
ZNF701,2.0,0.625,-1.375
YLPM1,1.5,0.125,-1.375
COL8A1,1.5,0.125,-1.375
SAYSD1,1.5,0.125,-1.375
SH3TC2,1.5,0.125,-1.375
COX10,1.5,0.125,-1.375
GNAI1,2.5,1.125,-1.375
SHANK3,1.5,0.125,-1.375
CCT5,1.5,0.125,-1.375
ENSAP2,2.0,0.625,-1.375
RAB31,2.5,1.125,-1.375
LINC00862,1.5,0.125,-1.375
ALG11,1.5,0.125,-1.375
LHFPL2,2.6666666666666665,1.25,-1.4166666666666665
PSMG4,2.1666666666666665,0.75,-1.4166666666666665
ERN1,3.1666666666666665,1.75,-1.4166666666666665
SRSF10,2.1666666666666665,0.75,-1.4166666666666665
FNDC3B,2.6666666666666665,1.25,-1.4166666666666665
ZBTB37,2.1666666666666665,0.75,-1.4166666666666665
ELP2,2.1666666666666665,0.75,-1.4166666666666665
EIF2AK2,3.6666666666666665,2.25,-1.4166666666666665
TIAM2,2.1666666666666665,0.75,-1.4166666666666665
ZFYVE16,2.6666666666666665,1.25,-1.4166666666666665
RIF1,3.6666666666666665,2.25,-1.4166666666666665
MTMR2,3.1666666666666665,1.75,-1.4166666666666665
EHF,2.1666666666666665,0.75,-1.4166666666666665
CLHC1,2.1666666666666665,0.75,-1.4166666666666665
C12orf43,1.6666666666666667,0.25,-1.4166666666666667
ZNF587B,1.6666666666666667,0.25,-1.4166666666666667
IL1RAP,1.6666666666666667,0.25,-1.4166666666666667
ENSG00000250321,1.6666666666666667,0.25,-1.4166666666666667
RFX3,1.6666666666666667,0.25,-1.4166666666666667
UBE3C,1.6666666666666667,0.25,-1.4166666666666667
CHURC1,1.6666666666666667,0.25,-1.4166666666666667
ENSG00000285108,1.6666666666666667,0.25,-1.4166666666666667
REV3L,1.6666666666666667,0.25,-1.4166666666666667
TGFBI,1.6666666666666667,0.25,-1.4166666666666667
RELL1,1.6666666666666667,0.25,-1.4166666666666667
LINC00624,1.6666666666666667,0.25,-1.4166666666666667
GALK2,1.6666666666666667,0.25,-1.4166666666666667
HIF1A-AS3,1.6666666666666667,0.25,-1.4166666666666667
VAMP1,1.6666666666666667,0.25,-1.4166666666666667
VPS26A,1.6666666666666667,0.25,-1.4166666666666667
ABCD4,1.6666666666666667,0.25,-1.4166666666666667
CCBE1,1.6666666666666667,0.25,-1.4166666666666667
KIAA1328,1.6666666666666667,0.25,-1.4166666666666667
ENSG00000279439,1.8333333333333333,0.375,-1.4583333333333333
GEN1,1.8333333333333333,0.375,-1.4583333333333333
MRPS25,1.8333333333333333,0.375,-1.4583333333333333
RTCA-AS1,1.8333333333333333,0.375,-1.4583333333333333
ANKRD40,1.8333333333333333,0.375,-1.4583333333333333
NFATC4,1.8333333333333333,0.375,-1.4583333333333333
SH3YL1,1.8333333333333333,0.375,-1.4583333333333333
TCF25,1.8333333333333333,0.375,-1.4583333333333333
ZNF207,1.8333333333333333,0.375,-1.4583333333333333
UBE3D,1.8333333333333333,0.375,-1.4583333333333333
CUL4B,1.8333333333333333,0.375,-1.4583333333333333
USP34,1.8333333333333333,0.375,-1.4583333333333333
BTBD9,1.8333333333333333,0.375,-1.4583333333333333
ERGIC3,1.8333333333333333,0.375,-1.4583333333333333
MIA3,1.8333333333333333,0.375,-1.4583333333333333
SDK1,1.8333333333333333,0.375,-1.4583333333333333
PMPCA,2.3333333333333335,0.875,-1.4583333333333335
ABHD2,2.8333333333333335,1.375,-1.4583333333333335
OPA3,2.3333333333333335,0.875,-1.4583333333333335
DOCK1,2.3333333333333335,0.875,-1.4583333333333335
BNIP2,2.3333333333333335,0.875,-1.4583333333333335
NAV1,2.3333333333333335,0.875,-1.4583333333333335
PAFAH1B1,2.8333333333333335,1.375,-1.4583333333333335
ENSG00000291299,2.3333333333333335,0.875,-1.4583333333333335
GOSR2,2.3333333333333335,0.875,-1.4583333333333335
KIAA1217,2.3333333333333335,0.875,-1.4583333333333335
BHLHE40,2.3333333333333335,0.875,-1.4583333333333335
PARVA,2.8333333333333335,1.375,-1.4583333333333335
ENSG00000234985,2.3333333333333335,0.875,-1.4583333333333335
TPM4,3.3333333333333335,1.875,-1.4583333333333335
ARPIN,3.8333333333333335,2.375,-1.4583333333333335
ENSG00000230333,1.5,0.0,-1.5
ZKSCAN1,2.0,0.5,-1.5
HNRNPA1P10,1.5,0.0,-1.5
FTH1P4,2.5,1.0,-1.5
ZNF148,1.5,0.0,-1.5
UGGT2,2.0,0.5,-1.5
MEG9,1.5,0.0,-1.5
PTHLH,1.5,0.0,-1.5
COL4A1,3.5,2.0,-1.5
VEGFA,2.0,0.5,-1.5
GCC2,3.0,1.5,-1.5
ERGIC1,2.0,0.5,-1.5
RAB4A,1.5,0.0,-1.5
TMEM192,3.0,1.5,-1.5
CTSA,2.0,0.5,-1.5
LRP1,2.0,0.5,-1.5
SEC23IP,1.5,0.0,-1.5
ENSG00000283321,1.5,0.0,-1.5
ENSG00000270304,1.5,0.0,-1.5
PCNX4,3.0,1.5,-1.5
PPIAP85,1.5,0.0,-1.5
SULF1,1.5,0.0,-1.5
FBXL18,1.5,0.0,-1.5
IGLV2-18,1.5,0.0,-1.5
ZNF469,1.5,0.0,-1.5
RPLP0P9,1.5,0.0,-1.5
TMEM131,2.0,0.5,-1.5
TMEM245,2.5,1.0,-1.5
YTHDC2,2.5,1.0,-1.5
ENSG00000291081,1.5,0.0,-1.5
NFE2L2,3.0,1.5,-1.5
NIPA2,2.0,0.5,-1.5
CARD8,3.5,2.0,-1.5
CALU,2.0,0.5,-1.5
EXOC3,1.5,0.0,-1.5
ENSG00000213750,1.5,0.0,-1.5
ENTPD1-AS1,2.0,0.5,-1.5
ENSG00000286129,2.5,1.0,-1.5
WLS,1.5,0.0,-1.5
ECD,2.0,0.5,-1.5
WASHC2A,1.5,0.0,-1.5
PRPF18,2.0,0.5,-1.5
CFAP69,2.5,1.0,-1.5
ZNF611,1.5,0.0,-1.5
CEP164,1.5,0.0,-1.5
UBBP3,1.5,0.0,-1.5
CEMIP,1.5,0.0,-1.5
SNRPGP4,1.5,0.0,-1.5
KLF7,2.6666666666666665,1.125,-1.5416666666666665
TRIM13,2.1666666666666665,0.625,-1.5416666666666665
MICAL2,2.6666666666666665,1.125,-1.5416666666666665
ZNF778,2.1666666666666665,0.625,-1.5416666666666665
PPARA,2.6666666666666665,1.125,-1.5416666666666665
ZNF26,2.6666666666666665,1.125,-1.5416666666666665
ZMIZ1,2.1666666666666665,0.625,-1.5416666666666665
CPSF2,2.1666666666666665,0.625,-1.5416666666666665
CCDC7,2.1666666666666665,0.625,-1.5416666666666665
TMEM65,2.1666666666666665,0.625,-1.5416666666666665
RMND1,2.1666666666666665,0.625,-1.5416666666666665
APOL4,2.1666666666666665,0.625,-1.5416666666666665
ERAP1,2.1666666666666665,0.625,-1.5416666666666665
IGLV1-51,2.1666666666666665,0.625,-1.5416666666666665
PI15,1.6666666666666667,0.125,-1.5416666666666667
HMGXB4,1.6666666666666667,0.125,-1.5416666666666667
PSMC1,1.6666666666666667,0.125,-1.5416666666666667
ARSJ,1.6666666666666667,0.125,-1.5416666666666667
C1QTNF6,1.6666666666666667,0.125,-1.5416666666666667
WWC2,1.6666666666666667,0.125,-1.5416666666666667
MLH3,1.6666666666666667,0.125,-1.5416666666666667
COL1A1,1.6666666666666667,0.125,-1.5416666666666667
RPS26P2,1.6666666666666667,0.125,-1.5416666666666667
TMPRSS13,1.6666666666666667,0.125,-1.5416666666666667
C1RL,1.6666666666666667,0.125,-1.5416666666666667
ENSG00000260438,1.6666666666666667,0.125,-1.5416666666666667
DHX33,1.6666666666666667,0.125,-1.5416666666666667
GPALPP1,1.6666666666666667,0.125,-1.5416666666666667
NUDT3,1.6666666666666667,0.125,-1.5416666666666667
NME2P1,1.6666666666666667,0.125,-1.5416666666666667
TRAF3IP2,1.6666666666666667,0.125,-1.5416666666666667
STX16-NPEPL1,1.6666666666666667,0.125,-1.5416666666666667
LRPPRC,4.166666666666667,2.625,-1.541666666666667
ATM,6.333333333333333,4.75,-1.583333333333333
ZNF431,4.333333333333333,2.75,-1.583333333333333
DIP2B,1.8333333333333333,0.25,-1.5833333333333333
FAM3A,1.8333333333333333,0.25,-1.5833333333333333
PCSK4,1.8333333333333333,0.25,-1.5833333333333333
PLRG1,1.8333333333333333,0.25,-1.5833333333333333
FAM20C,1.8333333333333333,0.25,-1.5833333333333333
MIB1,1.8333333333333333,0.25,-1.5833333333333333
MIATNB,1.8333333333333333,0.25,-1.5833333333333333
NDUFC1,1.8333333333333333,0.25,-1.5833333333333333
SLC4A7,1.8333333333333333,0.25,-1.5833333333333333
AMOTL1,1.8333333333333333,0.25,-1.5833333333333333
UHRF1,1.8333333333333333,0.25,-1.5833333333333333
VPS45,1.8333333333333333,0.25,-1.5833333333333333
GALNT11,1.8333333333333333,0.25,-1.5833333333333333
THBS2,3.3333333333333335,1.75,-1.5833333333333335
IGKV1-16,2.3333333333333335,0.75,-1.5833333333333335
PPHLN1,2.3333333333333335,0.75,-1.5833333333333335
STRN,2.8333333333333335,1.25,-1.5833333333333335
TM9SF3,2.3333333333333335,0.75,-1.5833333333333335
CD44,2.3333333333333335,0.75,-1.5833333333333335
ZBTB25,2.3333333333333335,0.75,-1.5833333333333335
ATG2B,2.3333333333333335,0.75,-1.5833333333333335
RTRAFP2,2.8333333333333335,1.25,-1.5833333333333335
PITRM1,2.3333333333333335,0.75,-1.5833333333333335
Y_RNA,2.3333333333333335,0.75,-1.5833333333333335
SNED1,2.3333333333333335,0.75,-1.5833333333333335
USP48,2.3333333333333335,0.75,-1.5833333333333335
ERCC6,2.3333333333333335,0.75,-1.5833333333333335
BTD,2.5,0.875,-1.625
PMS2P4,2.5,0.875,-1.625
TMSB4XP4,2.5,0.875,-1.625
C7orf50,2.0,0.375,-1.625
SAP30L-AS1,2.0,0.375,-1.625
HACD4,2.5,0.875,-1.625
CCDC110,2.0,0.375,-1.625
TCF4,3.5,1.875,-1.625
FAM20B,2.5,0.875,-1.625
ARPP19,2.0,0.375,-1.625
FANCI,2.0,0.375,-1.625
PRRC2C,2.5,0.875,-1.625
RAB30-DT,2.0,0.375,-1.625
ALOX12-AS1,2.0,0.375,-1.625
GARS1-DT,3.5,1.875,-1.625
ZNF7,2.5,0.875,-1.625
RPL7AP31,2.1666666666666665,0.5,-1.6666666666666665
ZNF354C,2.1666666666666665,0.5,-1.6666666666666665
PRICKLE2,2.1666666666666665,0.5,-1.6666666666666665
MCC,2.6666666666666665,1.0,-1.6666666666666665
STARD9,3.1666666666666665,1.5,-1.6666666666666665
HYCC2,2.6666666666666665,1.0,-1.6666666666666665
CCDC66,2.6666666666666665,1.0,-1.6666666666666665
TPD52L1,2.1666666666666665,0.5,-1.6666666666666665
DLEU2,2.1666666666666665,0.5,-1.6666666666666665
CIITA,3.6666666666666665,2.0,-1.6666666666666665
TEX41,2.6666666666666665,1.0,-1.6666666666666665
SRP19,3.1666666666666665,1.5,-1.6666666666666665
EIF1B-AS1,2.1666666666666665,0.5,-1.6666666666666665
ENSG00000213174,1.6666666666666667,0.0,-1.6666666666666667
MLKL,1.6666666666666667,0.0,-1.6666666666666667
RACK1P3,1.6666666666666667,0.0,-1.6666666666666667
NUPR2,1.6666666666666667,0.0,-1.6666666666666667
IL10RB,1.6666666666666667,0.0,-1.6666666666666667
AARS1,1.6666666666666667,0.0,-1.6666666666666667
CTSD,1.6666666666666667,0.0,-1.6666666666666667
SLC12A8,1.6666666666666667,0.0,-1.6666666666666667
ZNF329,1.6666666666666667,0.0,-1.6666666666666667
ENSG00000291149,1.6666666666666667,0.0,-1.6666666666666667
ENSG00000271009,1.6666666666666667,0.0,-1.6666666666666667
ARMC1,1.6666666666666667,0.0,-1.6666666666666667
KRT6C,1.6666666666666667,0.0,-1.6666666666666667
MRPS30,1.6666666666666667,0.0,-1.6666666666666667
LINC01426,1.6666666666666667,0.0,-1.6666666666666667
RPS5P8,1.6666666666666667,0.0,-1.6666666666666667
IPO8,1.6666666666666667,0.0,-1.6666666666666667
BMP8A,1.6666666666666667,0.0,-1.6666666666666667
CTSC,4.666666666666667,3.0,-1.666666666666667
ENSG00000279789,1.8333333333333333,0.125,-1.7083333333333333
ENSG00000228205,1.8333333333333333,0.125,-1.7083333333333333
TRAF6,1.8333333333333333,0.125,-1.7083333333333333
COG3,1.8333333333333333,0.125,-1.7083333333333333
CROCCP3,1.8333333333333333,0.125,-1.7083333333333333
CYP7B1,1.8333333333333333,0.125,-1.7083333333333333
LINC00944,1.8333333333333333,0.125,-1.7083333333333333
PDPR,1.8333333333333333,0.125,-1.7083333333333333
ERMP1,1.8333333333333333,0.125,-1.7083333333333333
STXBP4,2.3333333333333335,0.625,-1.7083333333333335
NDUFA10,2.3333333333333335,0.625,-1.7083333333333335
PLCG2,3.8333333333333335,2.125,-1.7083333333333335
NARF,2.8333333333333335,1.125,-1.7083333333333335
INTS6,3.3333333333333335,1.625,-1.7083333333333335
ATP8B1-AS1,2.3333333333333335,0.625,-1.7083333333333335
PIGN,2.3333333333333335,0.625,-1.7083333333333335
GLE1,2.3333333333333335,0.625,-1.7083333333333335
VPS4A,2.0,0.25,-1.75
HEG1,2.0,0.25,-1.75
BPHL,2.0,0.25,-1.75
MTHFSD,2.0,0.25,-1.75
USP14,2.0,0.25,-1.75
SMYD4,2.0,0.25,-1.75
GABPB2,2.5,0.75,-1.75
MTR,3.5,1.75,-1.75
FBXL20,2.5,0.75,-1.75
POLR1B,2.0,0.25,-1.75
ENSG00000291159,3.0,1.25,-1.75
SBF2,3.5,1.75,-1.75
CEP68,2.5,0.75,-1.75
ENSG00000249780,2.5,0.75,-1.75
PRICKLE1,2.5,0.75,-1.75
ZDHHC24,2.1666666666666665,0.375,-1.7916666666666665
DAPK3,2.1666666666666665,0.375,-1.7916666666666665
NRP2,2.1666666666666665,0.375,-1.7916666666666665
FAM86JP,2.6666666666666665,0.875,-1.7916666666666665
CUL4A,2.1666666666666665,0.375,-1.7916666666666665
MAF,2.6666666666666665,0.875,-1.7916666666666665
HIVEP1,2.6666666666666665,0.875,-1.7916666666666665
ATP9B,3.1666666666666665,1.375,-1.7916666666666665
ZNF708,2.1666666666666665,0.375,-1.7916666666666665
PLEKHG1,2.6666666666666665,0.875,-1.7916666666666665
SERP1,2.1666666666666665,0.375,-1.7916666666666665
CNIH1,2.1666666666666665,0.375,-1.7916666666666665
INPP5B,2.1666666666666665,0.375,-1.7916666666666665
CUX1,2.6666666666666665,0.875,-1.7916666666666665
SACM1L,5.666666666666667,3.875,-1.791666666666667
FAS,4.166666666666667,2.375,-1.791666666666667
CACNA1C,1.8333333333333333,0.0,-1.8333333333333333
BBS12,1.8333333333333333,0.0,-1.8333333333333333
P3H3,1.8333333333333333,0.0,-1.8333333333333333
RPL36A,1.8333333333333333,0.0,-1.8333333333333333
APBB3,1.8333333333333333,0.0,-1.8333333333333333
TTL,1.8333333333333333,0.0,-1.8333333333333333
COL11A1,1.8333333333333333,0.0,-1.8333333333333333
ENSG00000278893,1.8333333333333333,0.0,-1.8333333333333333
PARP14,2.3333333333333335,0.5,-1.8333333333333335
RAB33B-AS1,2.3333333333333335,0.5,-1.8333333333333335
YIPF4,2.8333333333333335,1.0,-1.8333333333333335
ARHGAP29,2.3333333333333335,0.5,-1.8333333333333335
SRGAP1,3.8333333333333335,2.0,-1.8333333333333335
DOCK7,2.3333333333333335,0.5,-1.8333333333333335
ENSG00000279110,3.3333333333333335,1.5,-1.8333333333333335
UGDH,2.3333333333333335,0.5,-1.8333333333333335
ITGB6,2.3333333333333335,0.5,-1.8333333333333335
MON2,3.0,1.125,-1.875
ZBTB20-AS5,3.0,1.125,-1.875
PTGR2,2.0,0.125,-1.875
SEC61A1,2.0,0.125,-1.875
ZDHHC8,2.0,0.125,-1.875
PDXK,3.0,1.125,-1.875
FHL2,2.0,0.125,-1.875
L3MBTL3,2.0,0.125,-1.875
ETFA,2.0,0.125,-1.875
SLC22A23,2.0,0.125,-1.875
ANXA2R-OT1,2.0,0.125,-1.875
LDLRAD4,3.5,1.625,-1.875
FAUP1,2.5,0.625,-1.875
RPL36AP40,2.0,0.125,-1.875
ACTBP2,2.0,0.125,-1.875
MYSM1,8.166666666666666,6.25,-1.916666666666666
PTK2,2.1666666666666665,0.25,-1.9166666666666665
RPS27P27,2.1666666666666665,0.25,-1.9166666666666665
UBR3,2.1666666666666665,0.25,-1.9166666666666665
RPS23P1,2.1666666666666665,0.25,-1.9166666666666665
RBPJ,2.6666666666666665,0.75,-1.9166666666666665
ANXA2R-AS1,2.1666666666666665,0.25,-1.9166666666666665
HYOU1,2.1666666666666665,0.25,-1.9166666666666665
TPM1,2.1666666666666665,0.25,-1.9166666666666665
SNX9,3.1666666666666665,1.25,-1.9166666666666665
CDK13,4.166666666666667,2.25,-1.916666666666667
ARL6IP6,3.3333333333333335,1.375,-1.9583333333333335
MAP4K4,2.3333333333333335,0.375,-1.9583333333333335
NRDE2,2.3333333333333335,0.375,-1.9583333333333335
DLGAP1-AS1,2.3333333333333335,0.375,-1.9583333333333335
MSC-AS1,2.3333333333333335,0.375,-1.9583333333333335
MRS2,2.3333333333333335,0.375,-1.9583333333333335
EFHC1,2.3333333333333335,0.375,-1.9583333333333335
COLEC12,2.8333333333333335,0.875,-1.9583333333333335
WIPF2,2.3333333333333335,0.375,-1.9583333333333335
RNF115,2.8333333333333335,0.875,-1.9583333333333335
NSD1,2.5,0.5,-2.0
TRIM66,2.5,0.5,-2.0
IGKV1D-13,2.0,0.0,-2.0
XIAP,3.0,1.0,-2.0
WNK1,3.5,1.5,-2.0
RENO1,2.0,0.0,-2.0
IL36RN,2.0,0.0,-2.0
HADHAP2,2.0,0.0,-2.0
SNAP25,2.5,0.5,-2.0
TNRC18,3.0,1.0,-2.0
ENSG00000278600,2.5,0.5,-2.0
INSR,3.0,1.0,-2.0
MASP1,2.0,0.0,-2.0
NUP214,2.1666666666666665,0.125,-2.0416666666666665
PTPA,2.6666666666666665,0.625,-2.0416666666666665
ENSG00000239809,2.1666666666666665,0.125,-2.0416666666666665
TMEM161B,2.6666666666666665,0.625,-2.0416666666666665
DENND2B,2.1666666666666665,0.125,-2.0416666666666665
UBE2NL,2.1666666666666665,0.125,-2.0416666666666665
RSPH3,2.1666666666666665,0.125,-2.0416666666666665
SERPINH1,2.1666666666666665,0.125,-2.0416666666666665
MAN2B2,2.1666666666666665,0.125,-2.0416666666666665
PLCB4,2.6666666666666665,0.625,-2.0416666666666665
WNT2,2.1666666666666665,0.125,-2.0416666666666665
PTPRG,2.1666666666666665,0.125,-2.0416666666666665
SP100,5.666666666666667,3.625,-2.041666666666667
RREB1,4.166666666666667,2.125,-2.041666666666667
PYGO1,2.3333333333333335,0.25,-2.0833333333333335
MYO1D,2.3333333333333335,0.25,-2.0833333333333335
ASPM,2.3333333333333335,0.25,-2.0833333333333335
NBAS,2.3333333333333335,0.25,-2.0833333333333335
PLA2R1,3.3333333333333335,1.25,-2.0833333333333335
ENTPD1,2.8333333333333335,0.75,-2.0833333333333335
RAF1,3.8333333333333335,1.75,-2.0833333333333335
RASSF4,2.3333333333333335,0.25,-2.0833333333333335
LOXL2,2.5,0.375,-2.125
FAM118A,3.0,0.875,-2.125
PCSK7,5.5,3.375,-2.125
HSP90AA2P,3.0,0.875,-2.125
COPB2,3.0,0.875,-2.125
IL1R1,2.5,0.375,-2.125
STAG3L5P-PVRIG2P-PILRB,2.5,0.375,-2.125
RPRD2,2.5,0.375,-2.125
ADAMTS5,3.0,0.875,-2.125
S1PR3,2.5,0.375,-2.125
MIRLET7IHG,2.5,0.375,-2.125
ENSG00000243155,2.1666666666666665,0.0,-2.1666666666666665
MTRFR,2.6666666666666665,0.5,-2.1666666666666665
ENSG00000291006,2.6666666666666665,0.5,-2.1666666666666665
ROCK2,3.1666666666666665,1.0,-2.1666666666666665
SIX4,2.1666666666666665,0.0,-2.1666666666666665
PCA3,2.1666666666666665,0.0,-2.1666666666666665
RPL32P31,2.6666666666666665,0.5,-2.1666666666666665
ENSG00000285796,2.1666666666666665,0.0,-2.1666666666666665
RPS27AP2,2.6666666666666665,0.5,-2.1666666666666665
LINC00472,3.1666666666666665,1.0,-2.1666666666666665
FERMT1,2.6666666666666665,0.5,-2.1666666666666665
BRWD1,3.1666666666666665,1.0,-2.1666666666666665
HERC4,2.6666666666666665,0.5,-2.1666666666666665
SCO1,3.6666666666666665,1.5,-2.1666666666666665
IGHV3OR16-10,2.1666666666666665,0.0,-2.1666666666666665
ADAMTS14,2.1666666666666665,0.0,-2.1666666666666665
SUGT1,4.666666666666667,2.5,-2.166666666666667
PIGT,4.333333333333333,2.125,-2.208333333333333
TRNT1,4.333333333333333,2.125,-2.208333333333333
RPL23AP75,2.3333333333333335,0.125,-2.2083333333333335
PTS,2.3333333333333335,0.125,-2.2083333333333335
DUS4L,2.3333333333333335,0.125,-2.2083333333333335
HDAC9,2.8333333333333335,0.625,-2.2083333333333335
ETS2,2.3333333333333335,0.125,-2.2083333333333335
ENSG00000224864,2.3333333333333335,0.125,-2.2083333333333335
NPAS2,2.3333333333333335,0.125,-2.2083333333333335
TAB3,2.3333333333333335,0.125,-2.2083333333333335
ST7L,2.8333333333333335,0.625,-2.2083333333333335
RPL13,2.3333333333333335,0.125,-2.2083333333333335
TRAF3IP2-AS1,2.3333333333333335,0.125,-2.2083333333333335
COL5A1,2.8333333333333335,0.625,-2.2083333333333335
PLEKHG4B,2.3333333333333335,0.125,-2.2083333333333335
SOCS5,2.3333333333333335,0.125,-2.2083333333333335
USP45,3.0,0.75,-2.25
ZNF697,2.5,0.25,-2.25
CHORDC1,3.5,1.25,-2.25
COL5A3,2.5,0.25,-2.25
DGKH,4.0,1.75,-2.25
ASPH,4.0,1.75,-2.25
ZNF500,2.5,0.25,-2.25
MPHOSPH9,2.5,0.25,-2.25
ENSG00000273329,2.5,0.25,-2.25
GLI3,2.5,0.25,-2.25
GOLGA3,3.5,1.25,-2.25
IST1,2.5,0.25,-2.25
KALRN,3.0,0.75,-2.25
MYH9,3.6666666666666665,1.375,-2.2916666666666665
THAP5,2.6666666666666665,0.375,-2.2916666666666665
TRAM2,2.6666666666666665,0.375,-2.2916666666666665
NKTR,3.6666666666666665,1.375,-2.2916666666666665
NCBP3,3.6666666666666665,1.375,-2.2916666666666665
SEMA5A,2.6666666666666665,0.375,-2.2916666666666665
LRRK1,3.1666666666666665,0.875,-2.2916666666666665
RASSF2,2.6666666666666665,0.375,-2.2916666666666665
H2AZ2,4.833333333333333,2.5,-2.333333333333333
LAPTM4BP1,2.3333333333333335,0.0,-2.3333333333333335
RETREG1,2.8333333333333335,0.5,-2.3333333333333335
TRPM7,2.3333333333333335,0.0,-2.3333333333333335
ENSG00000279712,2.3333333333333335,0.0,-2.3333333333333335
RPS27AP19,2.3333333333333335,0.0,-2.3333333333333335
ENSG00000280385,2.3333333333333335,0.0,-2.3333333333333335
COL1A2,3.0,0.625,-2.375
ANAPC5,3.0,0.625,-2.375
RMDN1,2.5,0.125,-2.375
IGKV3-15,3.0,0.625,-2.375
HSP90B1,4.5,2.125,-2.375
TRMT10B,2.5,0.125,-2.375
LINC02240,2.6666666666666665,0.25,-2.4166666666666665
FCGR2A,2.6666666666666665,0.25,-2.4166666666666665
MAGI2-AS3,3.1666666666666665,0.75,-2.4166666666666665
KHDC1-AS1,2.6666666666666665,0.25,-2.4166666666666665
GFM1,3.6666666666666665,1.25,-2.4166666666666665
IGLV2-23,2.6666666666666665,0.25,-2.4166666666666665
ENSG00000285653,2.6666666666666665,0.25,-2.4166666666666665
EML1,2.6666666666666665,0.25,-2.4166666666666665
ENSG00000214144,3.6666666666666665,1.25,-2.4166666666666665
ZNF90,2.6666666666666665,0.25,-2.4166666666666665
ENSG00000267383,2.6666666666666665,0.25,-2.4166666666666665
RBM26,4.166666666666667,1.75,-2.416666666666667
FLNB,5.833333333333333,3.375,-2.458333333333333
ATE1,4.333333333333333,1.875,-2.458333333333333
CDH3,2.8333333333333335,0.375,-2.4583333333333335
FANCL,3.3333333333333335,0.875,-2.4583333333333335
H2AC25,3.8333333333333335,1.375,-2.4583333333333335
BRI3P1,3.3333333333333335,0.875,-2.4583333333333335
ZNF117,3.3333333333333335,0.875,-2.4583333333333335
HPS4,2.8333333333333335,0.375,-2.4583333333333335
GBP4,3.8333333333333335,1.375,-2.4583333333333335
PILRB,2.5,0.0,-2.5
IFNAR1,3.0,0.5,-2.5
ZNF320,3.0,0.5,-2.5
CAST,3.5,1.0,-2.5
ATP5MC1P7,2.5,0.0,-2.5
DGKI,2.5,0.0,-2.5
ENSG00000267787,3.5,1.0,-2.5
ZNF891,3.0,0.5,-2.5
CRELD2,2.6666666666666665,0.125,-2.5416666666666665
ADAMTS12,2.6666666666666665,0.125,-2.5416666666666665
MYO18A,3.1666666666666665,0.625,-2.5416666666666665
FBXO7,2.6666666666666665,0.125,-2.5416666666666665
LIMD1-AS1,2.6666666666666665,0.125,-2.5416666666666665
MCPH1,5.166666666666667,2.625,-2.541666666666667
Metazoa_SRP,4.833333333333333,2.25,-2.583333333333333
PALMD,5.333333333333333,2.75,-2.583333333333333
FLRT2,3.3333333333333335,0.75,-2.5833333333333335
AP3B1,3.3333333333333335,0.75,-2.5833333333333335
SGIP1,2.8333333333333335,0.25,-2.5833333333333335
TRPA1,2.8333333333333335,0.25,-2.5833333333333335
PDE5A,2.8333333333333335,0.25,-2.5833333333333335
RNF24,3.8333333333333335,1.25,-2.5833333333333335
ZNF213-AS1,3.5,0.875,-2.625
USP8,3.0,0.375,-2.625
ENSG00000223402,2.6666666666666665,0.0,-2.6666666666666665
RPS4XP19,2.6666666666666665,0.0,-2.6666666666666665
RACK1P1,2.6666666666666665,0.0,-2.6666666666666665
SPPL2A,6.666666666666667,4.0,-2.666666666666667
EPB41,3.3333333333333335,0.625,-2.7083333333333335
PAX8-AS1,3.3333333333333335,0.625,-2.7083333333333335
AFAP1-AS1,3.3333333333333335,0.625,-2.7083333333333335
MRTFB,5.0,2.25,-2.75
CFH,3.0,0.25,-2.75
ZDHHC21,3.5,0.75,-2.75
PIAS2,3.0,0.25,-2.75
GLG1,3.5,0.75,-2.75
SH3PXD2B,3.1666666666666665,0.375,-2.7916666666666665
FAT4,3.1666666666666665,0.375,-2.7916666666666665
ARHGEF12,4.166666666666667,1.375,-2.791666666666667
PEX26,4.666666666666667,1.875,-2.791666666666667
PTPN14,6.666666666666667,3.875,-2.791666666666667
PRKG1,4.333333333333333,1.5,-2.833333333333333
ENSG00000218472,2.8333333333333335,0.0,-2.8333333333333335
ASXL2,2.8333333333333335,0.0,-2.8333333333333335
ATP5MGP2,2.8333333333333335,0.0,-2.8333333333333335
ERLEC1,3.0,0.125,-2.875
ENSG00000287855,3.0,0.125,-2.875
ENSG00000285517,3.0,0.125,-2.875
KRAS,3.5,0.625,-2.875
SCIMP,3.1666666666666665,0.25,-2.9166666666666665
PBX1,3.1666666666666665,0.25,-2.9166666666666665
NFIA,6.666666666666667,3.75,-2.916666666666667
CARMN,4.166666666666667,1.25,-2.916666666666667
CHD2,4.333333333333333,1.375,-2.958333333333333
SLC16A1-AS1,3.8333333333333335,0.875,-2.9583333333333335
CIPC,3.3333333333333335,0.375,-2.9583333333333335
BCKDHB,3.3333333333333335,0.375,-2.9583333333333335
RPS2P1,3.3333333333333335,0.375,-2.9583333333333335
NDUFV3,4.5,1.5,-3.0
RPS20P12,3.0,0.0,-3.0
HSP90AA5P,3.0,0.0,-3.0
ENSG00000232622,3.0,0.0,-3.0
MUC3A,3.6666666666666665,0.625,-3.0416666666666665
ZNF506,4.166666666666667,1.125,-3.041666666666667
LAMB1,4.333333333333333,1.25,-3.083333333333333
IGLV3-1,4.0,0.875,-3.125
PRUNE2,3.1666666666666665,0.0,-3.1666666666666665
IGKV4-1,6.666666666666667,3.5,-3.166666666666667
SLC7A2,4.333333333333333,1.125,-3.208333333333333
LAMA4,4.333333333333333,1.125,-3.208333333333333
ZNF814,3.8333333333333335,0.625,-3.2083333333333335
IGLV3-19,8.333333333333334,5.125,-3.208333333333334
ARMH4,3.5,0.25,-3.25
SLC37A3,3.6666666666666665,0.375,-3.2916666666666665
ENSG00000291202,3.6666666666666665,0.375,-3.2916666666666665
LINC00667,5.666666666666667,2.375,-3.291666666666667
PLOD2,4.666666666666667,1.375,-3.291666666666667
FAM98A,3.8333333333333335,0.5,-3.3333333333333335
IGHV1OR15-2,3.3333333333333335,0.0,-3.3333333333333335
AVL9,3.8333333333333335,0.5,-3.3333333333333335
IGLV1-47,3.3333333333333335,0.0,-3.3333333333333335
CAPZA1,3.5,0.125,-3.375
ERICH1,4.0,0.625,-3.375
SYNE1,5.5,2.125,-3.375
WDR12,3.6666666666666665,0.25,-3.4166666666666665
NPLOC4,6.666666666666667,3.25,-3.416666666666667
RBM28,4.333333333333333,0.875,-3.458333333333333
CLIP1,4.833333333333333,1.375,-3.458333333333333
UBA6,4.0,0.5,-3.5
GPATCH2L,4.5,1.0,-3.5
BCAT1,5.0,1.5,-3.5
ODF2L,4.5,1.0,-3.5
IGKV1-8,3.5,0.0,-3.5
CDC42BPA,4.666666666666667,1.125,-3.541666666666667
CTSB,6.833333333333333,3.25,-3.583333333333333
IGKV1-9,4.333333333333333,0.75,-3.583333333333333
PDK3,3.8333333333333335,0.25,-3.5833333333333335
KLHL5,3.8333333333333335,0.25,-3.5833333333333335
LINC00662,4.5,0.875,-3.625
GJC1,4.666666666666667,1.0,-3.666666666666667
MFSD4B,5.166666666666667,1.5,-3.666666666666667
PDLIM3,4.333333333333333,0.625,-3.708333333333333
ANGPT2,4.833333333333333,1.125,-3.708333333333333
ADAMTS2,4.333333333333333,0.625,-3.708333333333333
MEAK7,4.0,0.25,-3.75
MEG8,7.5,3.75,-3.75
ITGA11,4.333333333333333,0.5,-3.833333333333333
ALS2,3.8333333333333335,0.0,-3.8333333333333335
CASC15,4.5,0.625,-3.875
ZNF587,5.166666666666667,1.25,-3.916666666666667
ATP7A,4.166666666666667,0.25,-3.916666666666667
PMM2,5.333333333333333,1.375,-3.958333333333333
ENSG00000268362,5.166666666666667,1.125,-4.041666666666667
VPS53,7.166666666666667,3.125,-4.041666666666667
FAM177A1,4.333333333333333,0.25,-4.083333333333333
CCDC88A,5.166666666666667,1.0,-4.166666666666667
NUP58,4.333333333333333,0.125,-4.208333333333333
SNX14,7.666666666666667,3.375,-4.291666666666667
PDE10A,4.666666666666667,0.375,-4.291666666666667
ENSG00000260483,4.333333333333333,0.0,-4.333333333333333
IGKV1-27,4.333333333333333,0.0,-4.333333333333333
STEAP2,5.0,0.625,-4.375
SLC35F5,5.0,0.625,-4.375
MIR99AHG,5.333333333333333,0.875,-4.458333333333333
ATP6V0D2,4.5,0.0,-4.5
FN1,5.166666666666667,0.625,-4.541666666666667
AFAP1,5.333333333333333,0.75,-4.583333333333333
CDH11,4.833333333333333,0.25,-4.583333333333333
COL4A2,6.666666666666667,2.0,-4.666666666666667
IGKV3-20,4.666666666666667,0.0,-4.666666666666667
N4BP2L2,6.0,1.25,-4.75
SPG7,9.166666666666666,4.375,-4.791666666666666
RPL23AP77,4.833333333333333,0.0,-4.833333333333333
FARP1,6.5,1.625,-4.875
LSM8,5.333333333333333,0.375,-4.958333333333333
IGHV3-33,5.0,0.0,-5.0
MARK3,8.166666666666666,3.125,-5.041666666666666
ITGA1,6.666666666666667,1.625,-5.041666666666667
GLIS3,6.0,0.875,-5.125
LRRC15,5.166666666666667,0.0,-5.166666666666667
ENOSF1,7.666666666666667,2.375,-5.291666666666667
KCNQ1OT1,8.833333333333334,3.375,-5.458333333333334
ARHGAP28,5.666666666666667,0.125,-5.541666666666667
SMAD2,7.333333333333333,1.75,-5.583333333333333
MEG3,7.0,1.0,-6.0
ENSG00000291136,7.333333333333333,1.25,-6.083333333333333
IGKV3-11,6.5,0.25,-6.25
ENSG00000291203,7.166666666666667,0.75,-6.416666666666667
IGLV3-21,11.166666666666666,4.5,-6.666666666666666
MYO5A,8.166666666666666,1.0,-7.166666666666666
IGLV3-10,7.166666666666667,0.0,-7.166666666666667
IGLV2-8,7.666666666666667,0.375,-7.291666666666667
PLEKHA5,8.166666666666666,0.5,-7.666666666666666
IGLV2-11,8.5,0.625,-7.875
GABPB1-AS1,10.666666666666666,2.375,-8.291666666666666
